date,away_team,away_pt,home_team,home_pt,away_open_sp,away_open_line,away_fduel_sp,away_fduel_line,away_bmgm_sp,away_bmgm_line,away_czr_sp,away_czr_line,away_dking_sp,away_dking_line,away_rivers_sp,away_rivers_line,away_vinsider_sp,away_vinsider_line,home_open_sp,home_open_line,home_fduel_sp,home_fduel_line,home_bmgm_sp,home_bmgm_line,home_czr_sp,home_czr_line,home_dking_sp,home_dking_line,home_rivers_sp,home_rivers_line,home_vinsider_sp,home_vinsider_line
Tue Oct 18 2022,Philadelphia 76ers,117,Boston Celtics,126,+4,-110,+3,-112,+3.5,-115,+3,-110,+3,-115,+3,-109,+3,-112,-4,-110,-3,-108,-3.5,-105,-3,-110,-3,-105,-3,-112,-3,-108
Tue Oct 18 2022,Los Angeles Lakers,109,Golden State Warriors,123,+6,-110,+7.5,-112,+7.5,-110,+7.5,-110,+7.5,-110,+7.5,-112,+7.5,-112,-6,-110,-7.5,-108,-7.5,-110,-7.5,-110,-7.5,-110,-7.5,-109,-7.5,-108
Wed Oct 19 2022,Orlando Magic,109,Detroit Pistons,113,+4.5,-112,+3.5,-106,+3.5,-110,+3.5,-110,+4,-115,+3.5,-108,+3.5,-106,-4.5,-108,-3.5,-114,-3.5,-110,-3.5,-110,-4,-105,-3.5,-113,-3.5,-114
Wed Oct 19 2022,Washington Wizards,114,Indiana Pacers,107,-2.5,-110,-2.5,-114,-2.5,-110,-2.5,-110,-2.5,-110,-2.5,-110,-2.5,-114,+2.5,-110,+2.5,-106,+2.5,-110,+2.5,-110,+2.5,-110,+2.5,-110,+2.5,-106
Wed Oct 19 2022,Houston Rockets,107,Atlanta Hawks,117,+9.5,-110,+10.5,-110,+10.5,-115,+10,-110,+10.5,-110,+10.5,-113,+10.5,-110,-9.5,-110,-10.5,-110,-10.5,-105,-10,-110,-10.5,-110,-10.5,-108,-10.5,-110
Wed Oct 19 2022,New Orleans Pelicans,130,Brooklyn Nets,108,+3,-110,+3,-110,+2.5,-105,+3,-110,+3,-110,+3,-113,+3,-110,-3,-110,-3,-110,-2.5,-115,-3,-110,-3,-110,-3,-107,-3,-110
Wed Oct 19 2022,New York Knicks,112,Memphis Grizzlies,115,+7,-114,+4.5,-108,+4.5,-105,+4.5,-110,+4.5,-110,+4.5,-108,+4.5,-108,-7,-106,-4.5,-112,-4.5,-115,-4.5,-110,-4.5,-110,-4.5,-113,-4.5,-112
Wed Oct 19 2022,Chicago Bulls,116,Miami Heat,108,+6,-110,+7.5,-110,+7.5,-110,+7.5,-110,+7.5,-110,+7.5,-108,+7.5,-110,-6,-110,-7.5,-110,-7.5,-110,-7.5,-110,-7.5,-110,-7.5,-113,-7.5,-110
Wed Oct 19 2022,Cleveland Cavaliers,105,Toronto Raptors,108,+3,-110,+3,-114,+2.5,-110,+2.5,-110,+2.5,-110,+2.5,-110,+3,-114,-3,-110,-3,-106,-2.5,-110,-2.5,-110,-2.5,-110,-2.5,-110,-3,-106
Wed Oct 19 2022,Oklahoma City Thunder,108,Minnesota Timberwolves,115,+12,-112,+11,-106,+10.5,-110,+11,-110,+11,-105,+11,-112,+11,-106,-12,-110,-11,-114,-10.5,-110,-11,-110,-11,-115,-11,-109,-11,-114
Wed Oct 19 2022,Charlotte Hornets,129,San Antonio Spurs,102,-2.5,-110,-1,-110,-1.5,even,-1,-110,-1,-105,-1,-108,-1,-110,+2.5,-110,+1,-110,+1.5,-120,+1,-110,+1,-115,+1,-113,+1,-110
Wed Oct 19 2022,Denver Nuggets,102,Utah Jazz,123,-8,-110,-7,-108,-6.5,-115,-7,-110,-6.5,-115,-7,-113,-7,-108,+8,-110,+7,-112,+6.5,-105,+7,-110,+6.5,-105,+7,-108,+7,-112
Wed Oct 19 2022,Dallas Mavericks,105,Phoenix Suns,107,+5,-110,+3.5,-106,+4.5,-110,+4,-110,+4,-110,+4,-108,+3.5,-106,-5,-110,-3.5,-114,-4.5,-110,-4,-110,-4,-110,-4,-113,-3.5,-114
Wed Oct 19 2022,Portland Trail Blazers,115,Sacramento Kings,108,+1.5,-110,+3.5,-110,+3.5,-115,+3,-110,+3,-105,+3,-108,+3.5,-110,-1.5,-110,-3.5,-110,-3.5,-105,-3,-110,-3,-115,-3,-113,-3.5,-110
Thu Oct 20 2022,Milwaukee Bucks,90,Philadelphia 76ers,88,+3.5,-114,+4,-110,+4.5,-115,+4,-110,+4,-105,+4,-109,+4,-110,-3.5,-106,-4,-110,-4.5,-105,-4,-110,-4,-115,-4,-112,-4,-110
Thu Oct 20 2022,Los Angeles Clippers,103,Los Angeles Lakers,97,-4.5,-112,-5,-110,-4.5,-110,-5,-110,-5,-110,-5,-109,-5,-110,+4.5,-108,+5,-110,+4.5,-110,+5,-110,+5,-110,+5,-112,+5,-110
Fri Oct 21 2022,New Orleans Pelicans,124,Charlotte Hornets,112,-5.5,-112,-7,-108,-6.5,-110,-7,-110,-7,-110,-7,-108,-7,-108,+5.5,-110,+7,-112,+6.5,-110,+7,-110,+7,-110,+7,-113,+7,-112
Fri Oct 21 2022,San Antonio Spurs,137,Indiana Pacers,134,+3,-106,+1.5,-110,+1.5,-110,+2,-110,+1.5,-110,+1,-110,+1.5,-110,-3,-114,-1.5,-110,-1.5,-110,-2,-110,-1.5,-110,-1,-110,-1.5,-110
Fri Oct 21 2022,Chicago Bulls,100,Washington Wizards,102,+1.5,-110,+1.5,-110,+2.5,-115,+2,-110,+1.5,-105,+2.5,-110,+1.5,-110,-1.5,-110,-1.5,-110,-2.5,-105,-2,-110,-1.5,-115,-2.5,-110,-1.5,-110
Fri Oct 21 2022,Orlando Magic,98,Atlanta Hawks,108,+8.5,-110,+9.5,-114,+9.5,-115,+9,-110,+8.5,-105,+9,-107,+9.5,-114,-8.5,-110,-9.5,-106,-9.5,-105,-9,-110,-8.5,-115,-9,-114,-9.5,-106
Fri Oct 21 2022,Toronto Raptors,105,Brooklyn Nets,109,+3,-110,+2.5,-110,+2.5,-110,+2.5,-110,+2.5,-110,+3,-112,+2.5,-110,-3,-110,-2.5,-110,-2.5,-110,-2.5,-110,-2.5,-110,-3,-109,-2.5,-110
Fri Oct 21 2022,Boston Celtics,111,Miami Heat,104,-2,-110,-1.5,-114,-2.5,-105,-2.5,-110,-2,-115,-2.5,-110,-1.5,-114,+2,-110,+1.5,-106,+2.5,-115,+2.5,-110,+2,-105,+2.5,-110,+1.5,-106
Fri Oct 21 2022,Detroit Pistons,106,New York Knicks,130,+6.5,-110,+7.5,-114,+7.5,-115,+7,-110,+7,-105,+7,-108,+7.5,-114,-6.5,-110,-7.5,-106,-7.5,-105,-7,-110,-7,-115,-7,-113,-7.5,-106
Fri Oct 21 2022,Memphis Grizzlies,129,Houston Rockets,122,-5,-112,-7,-108,-6.5,-115,-7,-110,-7,-115,-7,-112,-7,-108,+5,-108,+7,-112,+6.5,-105,+7,-110,+7,-105,+7,-109,+7,-112
Fri Oct 21 2022,Utah Jazz,132,Minnesota Timberwolves,126,+8,-106,+8,-110,+7.5,-105,+8,-110,+8,-110,+8,-112,+8,-110,-8,-114,-8,-110,-7.5,-115,-8,-110,-8,-110,-8,-109,-8,-110
Fri Oct 21 2022,Denver Nuggets,128,Golden State Warriors,123,+5.5,-108,+5.5,-110,+5.5,-110,+5.5,-110,+5,even,+5.5,-108,+5.5,-110,-5.5,-112,-5.5,-110,-5.5,-110,-5.5,-110,-5,-120,-5.5,-113,-5.5,-110
Fri Oct 21 2022,Phoenix Suns,111,Portland Trail Blazers,113,-3.5,-114,-5,-115,-5.5,-105,-5,-110,-5,-115,-5.5,-108,-5,-115,+3.5,-106,+5,-105,+5.5,-115,+5,-110,+5,-105,+5.5,-113,+5,-105
Sat Oct 22 2022,San Antonio Spurs,114,Philadelphia 76ers,105,+13,-110,+13.5,-110,+13.5,-110,+13.5,-110,+13.5,-110,+13.5,-110,+13.5,-110,-13,-110,-13.5,-110,-13.5,-110,-13.5,-110,-13.5,-110,-13.5,-110,-13.5,-110
Sat Oct 22 2022,Detroit Pistons,115,Indiana Pacers,124,-1,-110,+1,-115,+1.5,-120,PK,-110,+1,-110,+0.5,-112,+1,-115,+1,-110,-1,-105,-1.5,even,PK,-110,-1,-110,-0.5,-109,-1,-105
Sat Oct 22 2022,Boston Celtics,126,Orlando Magic,120,-7.5,-110,-9,-106,-8.5,-110,-8.5,-110,-8.5,-115,-8.5,-113,-9,-106,+7.5,-110,+9,-114,+8.5,-110,+8.5,-110,+8.5,-105,+8.5,-108,+9,-114
Sat Oct 22 2022,Cleveland Cavaliers,128,Chicago Bulls,96,-1.5,-110,-1,-110,-1.5,-115,-1.5,-110,-1.5,-110,-1.5,-113,-1,-110,+1.5,-110,+1,-110,+1.5,-105,+1.5,-110,+1.5,-110,+1.5,-108,+1,-110
Sat Oct 22 2022,Toronto Raptors,109,Miami Heat,112,+2.5,-110,+3,-108,+3.5,-110,+3.5,-110,+3.5,-105,+3.5,-113,+3,-108,-2.5,-110,-3,-112,-3.5,-110,-3.5,-110,-3.5,-115,-3.5,-108,-3,-112
Sat Oct 22 2022,Houston Rockets,105,Milwaukee Bucks,125,+13,-110,+13,-110,+13.5,-110,+13.5,-110,+13.5,-110,+13,-109,+13,-110,-13,-110,-13,-110,-13.5,-110,-13.5,-110,-13.5,-110,-13,-112,-13,-110
Sat Oct 22 2022,Memphis Grizzlies,96,Dallas Mavericks,137,+5,-110,+6,-114,+5.5,-110,+5.5,-110,+5.5,-110,+5.5,-112,+6,-112,-5,-110,-6,-106,-5.5,-110,-5.5,-110,-5.5,-110,-5.5,-109,-6,-108
Sat Oct 22 2022,Oklahoma City Thunder,117,Denver Nuggets,122,+8,-108,+8.5,-106,+9.5,-120,+9,-110,+9,-110,+8.5,-114,+8.5,-106,-8,-112,-8.5,-114,-9.5,even,-9,-110,-9,-110,-8.5,-107,-8.5,-114
Sat Oct 22 2022,Los Angeles Clippers,111,Sacramento Kings,109,-2.5,-112,-2.5,-110,-2.5,-110,-2.5,-110,-2.5,-110,-2,-109,-2.5,-110,+2.5,-108,+2.5,-110,+2.5,-110,+2.5,-110,+2.5,-110,+2,-112,+2.5,-110
Sun Oct 23 2022,Portland Trail Blazers,106,Los Angeles Lakers,104,+3.5,-110,+4,-108,+4.5,-115,+4,-110,+4,-110,+4,-110,+4,-108,-3.5,-110,-4,-112,-4.5,-105,-4,-110,-4,-110,-4,-110,-4,-112
Sun Oct 23 2022,Charlotte Hornets,126,Atlanta Hawks,109,+10.5,-110,+10,-114,+9.5,-105,+9.5,-110,+9.5,-110,+10,-110,+10,-114,-10.5,-110,-10,-106,-9.5,-115,-9.5,-110,-9.5,-110,-10,-110,-10,-106
Sun Oct 23 2022,Washington Wizards,107,Cleveland Cavaliers,117,+3.5,-110,+3.5,-110,+3.5,-110,+3.5,-110,+3.5,-110,+3.5,-107,+3.5,-110,-3.5,-110,-3.5,-110,-3.5,-110,-3.5,-110,-3.5,-110,-3.5,-114,-3.5,-110
Sun Oct 23 2022,Utah Jazz,122,New Orleans Pelicans,121,+7.5,-110,+8.5,-112,+8.5,-115,+8,-110,+8.5,-110,+8.5,-112,+8.5,-114,-7.5,-110,-8.5,-108,-8.5,-105,-8,-110,-8.5,-110,-8.5,-109,-8.5,-106
Sun Oct 23 2022,Minnesota Timberwolves,116,Oklahoma City Thunder,106,-7.5,-110,-9.5,-110,-9.5,-115,-10,-110,-9.5,-115,-9.5,-112,-9.5,-110,+7.5,-110,+9.5,-110,+9.5,-105,+10,-110,+9.5,-105,+9.5,-109,+9.5,-110
Sun Oct 23 2022,Sacramento Kings,125,Golden State Warriors,130,+9.5,-110,+10,-110,+9.5,-105,+10,-110,+10,-105,+10,-112,+10,-110,-9.5,-110,-10,-110,-9.5,-115,-10,-110,-10,-115,-10,-109,-10,-110
Sun Oct 23 2022,Phoenix Suns,112,Los Angeles Clippers,95,+2,-110,-1,-106,+1.5,-120,-1,-110,-1,-115,-1,-112,-1,-106,-2,-110,+1,-114,-1.5,even,+1,-110,+1,-105,+1,-109,+1,-114
Mon Oct 24 2022,Indiana Pacers,106,Philadelphia 76ers,120,+12,-110,+12.5,-110,+12.5,-110,+12.5,-110,+12,-105,+12.5,-110,+12.5,-110,-12,-110,-12.5,-110,-12.5,-110,-12.5,-110,-12,-115,-12.5,-110,-12.5,-110
Mon Oct 24 2022,Toronto Raptors,98,Miami Heat,90,+3.5,-110,+3.5,-106,+3.5,-110,+3.5,-110,+3.5,-110,+4,-113,+3.5,-106,-3.5,-110,-3.5,-114,-3.5,-110,-3.5,-110,-3.5,-110,-4,-108,-3.5,-114
Mon Oct 24 2022,Orlando Magic,102,New York Knicks,115,+7,-110,+7.5,-112,+7.5,-110,+7.5,-110,+7.5,-110,+7.5,-107,+7.5,-112,-7,-110,-7.5,-108,-7.5,-110,-7.5,-110,-7.5,-110,-7.5,-114,-7.5,-108
Mon Oct 24 2022,Boston Celtics,102,Chicago Bulls,120,-4.5,-108,-5,-110,-5.5,-115,-5.5,-110,-5.5,-110,-5.5,-114,-5,-110,+4.5,-112,+5,-110,+5.5,-105,+5.5,-110,+5.5,-110,+5.5,-107,+5,-110
Mon Oct 24 2022,Utah Jazz,108,Houston Rockets,114,+1,-110,-2.5,-110,-2.5,-110,-2,-110,-2.5,-110,-2.5,-112,-2.5,-110,-1,-110,+2.5,-110,+2.5,-110,+2,-110,+2.5,-110,+2.5,-109,+2.5,-110
Mon Oct 24 2022,Brooklyn Nets,124,Memphis Grizzlies,134,+2,-110,+1.5,-112,+1.5,-115,+1,-110,+1.5,-110,+1.5,-110,+1.5,-112,-2,-110,-1.5,-108,-1.5,-105,-1,-110,-1.5,-110,-1.5,-110,-1.5,-108
Mon Oct 24 2022,San Antonio Spurs,115,Minnesota Timberwolves,106,+10,-112,+9,-110,+8.5,-110,+8.5,-110,+8.5,-110,+8.5,-110,+9,-110,-10,-108,-9,-110,-8.5,-110,-8.5,-110,-8.5,-110,-8.5,-110,-9,-110
Mon Oct 24 2022,Denver Nuggets,110,Portland Trail Blazers,135,-3.5,-110,-5,-110,-4.5,-115,-5,-110,-5,-110,-5,-110,-5,-110,+3.5,-110,+5,-110,+4.5,-105,+5,-110,+5,-110,+5,-110,+5,-110
Tue Oct 25 2022,Detroit Pistons,99,Washington Wizards,120,+5,-110,+5.5,-114,+5.5,-110,+5.5,-110,+5.5,-110,+6,-112,+5.5,-114,-5,-110,-5.5,-106,-5.5,-110,-5.5,-110,-5.5,-110,-6,-108,-5.5,-106
Tue Oct 25 2022,Dallas Mavericks,111,New Orleans Pelicans,113,-3,-110,-5.5,-112,-5.5,-115,-5,-110,-5,-110,-5.5,-109,-5.5,-112,+3,-110,+5.5,-108,+5.5,-105,+5,-110,+5,-110,+5.5,-112,+5.5,-108
Tue Oct 25 2022,Los Angeles Clippers,94,Oklahoma City Thunder,108,-10,-110,-5.5,-108,-5.5,-110,-5,-110,-5.5,-110,-5.5,-110,-5.5,-108,+10,-110,+5.5,-112,+5.5,-110,+5,-110,+5.5,-110,+5.5,-110,+5.5,-112
Tue Oct 25 2022,Golden State Warriors,105,Phoenix Suns,134,+3,-112,+1.5,-112,+1.5,-105,+1.5,-110,+1.5,-110,+2,-113,+1.5,-112,-3,-108,-1.5,-108,-1.5,-115,-1.5,-110,-1.5,-110,-2,-108,-1.5,-108
Wed Oct 26 2022,Orlando Magic,92,Cleveland Cavaliers,103,+7.5,-110,+9,-110,+8.5,-110,+9,-110,+9,-110,+9,-112,+9,-110,-7.5,-110,-9,-110,-8.5,-110,-9,-110,-9,-110,-9,-109,-9,-110
Wed Oct 26 2022,Atlanta Hawks,118,Detroit Pistons,113,-7,-110,-7.5,-110,-7.5,-115,-7.5,-110,-7.5,-110,-8,-107,-7.5,-110,+7,-110,+7.5,-110,+7.5,-105,+7.5,-110,+7.5,-110,+8,-114,+7.5,-110
Wed Oct 26 2022,Brooklyn Nets,99,Milwaukee Bucks,110,+4,-110,+3,-108,+3.5,-115,+3,-110,+3,-110,+3,-108,+3,-108,-4,-110,-3,-112,-3.5,-105,-3,-110,-3,-110,-3,-113,-3,-112
Wed Oct 26 2022,Charlotte Hornets,131,New York Knicks,134,+7.5,-110,+7.5,-110,+7.5,-110,+7.5,-110,+7.5,-105,+7.5,-110,+7.5,-110,-7.5,-110,-7.5,-110,-7.5,-110,-7.5,-110,-7.5,-115,-7.5,-110,-7.5,-110
Wed Oct 26 2022,Philadelphia 76ers,109,Toronto Raptors,119,-1,-108,-1.5,-108,-1.5,even,PK,-110,+1,-115,-1,-112,-1.5,-108,+1,-112,+1.5,-112,+1.5,-120,PK,-110,-1,-105,+1,-109,+1.5,-112
Wed Oct 26 2022,Indiana Pacers,109,Chicago Bulls,124,+8,-110,+7,-110,+7.5,-115,+7,-110,+7,-110,+7,-110,+7,-110,-8,-110,-7,-110,-7.5,-105,-7,-110,-7,-110,-7,-110,-7,-110
Wed Oct 26 2022,San Antonio Spurs,122,Minnesota Timberwolves,134,+8,-110,+10,-110,+9.5,-115,+9.5,-110,+9.5,-110,+9.5,-112,+10,-110,-8,-110,-10,-110,-9.5,-105,-9.5,-110,-9.5,-110,-9.5,-109,-10,-110
Wed Oct 26 2022,Houston Rockets,101,Utah Jazz,109,+5.5,-110,+8,-108,+8.5,-110,+8.5,-110,+8,-105,+8,-110,+8,-108,-5.5,-110,-8,-112,-8.5,-110,-8.5,-110,-8,-115,-8,-110,-8,-112
Wed Oct 26 2022,Los Angeles Lakers,99,Denver Nuggets,110,+6.5,-108,+5,-110,+5.5,-115,+5,-110,+5,-110,+5,-109,+5,-110,-6.5,-112,-5,-110,-5.5,-105,-5,-110,-5,-110,-5,-112,-5,-110
Wed Oct 26 2022,Miami Heat,119,Portland Trail Blazers,98,+1,-110,-2.5,-114,-2.5,-115,-3,-110,-2.5,-110,-2,-113,-2.5,-114,-1,-110,+2.5,-108,+2.5,-105,+3,-110,+2.5,-110,+2,-108,+2.5,-108
Thu Oct 27 2022,Dallas Mavericks,129,Brooklyn Nets,125,-1.5,-112,-3,-108,-2.5,-115,-2.5,-110,-2.5,-115,-3,-112,-3,-108,+1.5,-108,+3,-112,+2.5,-105,+2.5,-110,+2.5,-105,+3,-109,+3,-112
Thu Oct 27 2022,Los Angeles Clippers,110,Oklahoma City Thunder,118,-7,-110,-7,-108,-7.5,-105,-7,-110,-7,-110,-7,-113,-7,-108,+7,-110,+7,-112,+7.5,-115,+7,-110,+7,-110,+7,-108,+7,-112
Thu Oct 27 2022,Miami Heat,110,Golden State Warriors,123,+7,-106,+6,-110,+5.5,-110,+5.5,-115,+5.5,-110,+6,-108,+6,-110,-7,-114,-6,-110,-5.5,-110,-5.5,-105,-5.5,-110,-6,-113,-6,-110
Thu Oct 27 2022,Memphis Grizzlies,125,Sacramento Kings,110,-3.5,-110,-2.5,-110,-2.5,-115,-3,-110,-2.5,-110,-3,-108,-2.5,-110,+3.5,-110,+2.5,-110,+2.5,-105,+3,-110,+2.5,-110,+3,-113,+2.5,-110
Fri Oct 28 2022,Atlanta Hawks,136,Detroit Pistons,112,-6.5,-110,-5.5,-110,-6.5,-105,-6,-110,-5.5,-110,-6,-113,-6,-106,+6.5,-110,+5.5,-110,+6.5,-115,+6,-110,+5.5,-110,+6,-108,+6,-114
Fri Oct 28 2022,Charlotte Hornets,93,Orlando Magic,113,-2.5,-110,-1.5,-110,-1.5,-110,-2,-110,-1.5,-110,-1.5,-112,-1.5,-110,+2.5,-110,+1.5,-110,+1.5,-110,+2,-110,+1.5,-110,+1.5,-109,+1.5,-110
Fri Oct 28 2022,Cleveland Cavaliers,132,Boston Celtics,123,+5.5,-110,+6.5,-106,+6.5,-105,+7,-110,+6.5,even,+7,-109,+6.5,-106,-5.5,-110,-6.5,-114,-6.5,-115,-7,-110,-6.5,-120,-7,-112,-6.5,-114
Fri Oct 28 2022,Philadelphia 76ers,112,Toronto Raptors,90,+1.5,-110,+4.5,-110,+3.5,-105,+3.5,-110,+4,-110,+4,-108,+4.5,-110,-1.5,-110,-4.5,-110,-3.5,-115,-3.5,-110,-4,-110,-4,-113,-4.5,-110
Fri Oct 28 2022,Indiana Pacers,127,Washington Wizards,117,+6.5,-110,+5,-110,+4.5,-105,+4.5,-110,+4.5,-105,+5,-109,+5,-110,-6.5,-110,-5,-110,-4.5,-115,-4.5,-110,-4.5,-115,-5,-112,-5,-110
Fri Oct 28 2022,New York Knicks,108,Milwaukee Bucks,119,+7,-110,+6.5,-114,+6.5,-120,+6,-110,+6,-110,+6.5,-113,+6.5,-114,-7,-110,-6.5,-106,-6.5,even,-6,-110,-6,-110,-6.5,-108,-6.5,-106
Fri Oct 28 2022,Los Angeles Lakers,102,Minnesota Timberwolves,111,+7,-110,+8,-108,+7.5,-105,+8.5,-110,+8,-110,+8,-109,+8,-108,-7,-110,-8,-112,-7.5,-115,-8.5,-110,-8,-110,-8,-112,-8,-112
Fri Oct 28 2022,Chicago Bulls,124,San Antonio Spurs,129,-4.5,-106,-4,-110,-4.5,-105,-4,-110,-4,-115,-4,-113,-4,-110,+4.5,-114,+4,-110,+4.5,-115,+4,-110,+4,-105,+4,-108,+4,-110
Fri Oct 28 2022,Utah Jazz,101,Denver Nuggets,117,+8,-110,+7.5,-110,+7.5,-110,+7.5,-110,+7.5,-110,+8,-110,+7.5,-110,-8,-110,-7.5,-110,-7.5,-110,-7.5,-110,-7.5,-110,-8,-110,-7.5,-110
Fri Oct 28 2022,New Orleans Pelicans,111,Phoenix Suns,124,+6,-110,+8.5,-110,+8.5,-115,+8,-110,+8,-110,+8,-108,+8.5,-110,-6,-110,-8.5,-110,-8.5,-105,-8,-110,-8,-110,-8,-113,-8.5,-110
Fri Oct 28 2022,Houston Rockets,111,Portland Trail Blazers,125,+5,-112,+4,-108,+4.5,-115,+4,-110,+4,-105,+4.5,-113,+4,-108,-5,-108,-4,-112,-4.5,-105,-4,-110,-4,-115,-4.5,-108,-4,-112
Sat Oct 29 2022,Miami Heat,113,Sacramento Kings,119,N/A,-4,-108,-3.5,-115,-4,-110,-4,-110,-4,-109,-4,-108,N/A,+4,-112,+3.5,-105,+4,-110,+4,-110,+4,-112,+4,-112,,
Sat Oct 29 2022,Golden State Warriors,113,Charlotte Hornets,120,N/A,-10,-106,-10.5,-105,-10,-110,-10,-115,-10,-114,-10,-106,N/A,+10,-114,+10.5,-115,+10,-110,+10,-105,+10,-107,+10,-114,,
Sat Oct 29 2022,Indiana Pacers,125,Brooklyn Nets,116,N/A,+11.5,-110,+10.5,-105,+11,-110,+11,-110,+11,-109,+11.5,-110,N/A,-11.5,-110,-10.5,-115,-11,-110,-11,-110,-11,-112,-11.5,-110,,
Sat Oct 29 2022,Philadelphia 76ers,114,Chicago Bulls,109,N/A,-2.5,-110,-2.5,-110,-2.5,-110,-2.5,-110,-3,-109,-2.5,-110,N/A,+2.5,-110,+2.5,-110,+2.5,-110,+2.5,-110,+3,-112,+2.5,-110,,
Sat Oct 29 2022,Atlanta Hawks,115,Milwaukee Bucks,123,N/A,+5.5,-110,+5.5,-110,+5.5,-110,+5.5,-110,+6.5,-113,+5.5,-110,N/A,-5.5,-110,-5.5,-110,-5.5,-110,-5.5,-110,-6.5,-108,-5.5,-110,,
Sat Oct 29 2022,Oklahoma City Thunder,117,Dallas Mavericks,111,N/A,+10.5,-110,+10.5,-115,+10.5,-110,+10.5,-110,+10,-110,+10.5,-110,N/A,-10.5,-110,-10.5,-105,-10.5,-110,-10.5,-110,-10,-110,-10.5,-110,,
Sat Oct 29 2022,Memphis Grizzlies,123,Utah Jazz,124,N/A,-3.5,-110,-3.5,-110,-3,-110,-3.5,-110,-3.5,-109,-3.5,-110,N/A,+3.5,-110,+3.5,-110,+3,-110,+3.5,-110,+3.5,-112,+3.5,-110,,
Sun Oct 30 2022,New Orleans Pelicans,112,Los Angeles Clippers,91,+3.5,-110,+2,-112,+2.5,-115,+2,-110,+2,-110,+2.5,-112,+2,-112,-3.5,-110,-2,-108,-2.5,-105,-2,-110,-2,-110,-2.5,-109,-2,-108
Sun Oct 30 2022,Washington Wizards,94,Boston Celtics,112,+8.5,-110,+9.5,-110,+9.5,-110,+9.5,-110,+9.5,-105,+9.5,-112,+9.5,-110,-8.5,-110,-9.5,-110,-9.5,-110,-9.5,-110,-9.5,-115,-9.5,-109,-9.5,-110
Sun Oct 30 2022,New York Knicks,108,Cleveland Cavaliers,121,+4.5,-112,+3.5,-110,+3.5,-105,+3.5,-110,+3.5,-105,+4,-112,+3.5,-110,-4.5,-108,-3.5,-110,-3.5,-115,-3.5,-110,-3.5,-115,-4,-109,-3.5,-110
Sun Oct 30 2022,Golden State Warriors,114,Detroit Pistons,128,-8.5,-110,-7.5,-106,-7.5,-110,-7.5,-110,-7.5,-110,-7.5,-110,-7.5,-106,+8.5,-110,+7.5,-114,+7.5,-110,+7.5,-110,+7.5,-110,+7.5,-110,+7.5,-114
Sun Oct 30 2022,Minnesota Timberwolves,98,San Antonio Spurs,107,-6,-108,-7,-106,-5.5,-115,-6,-110,-6,-115,-6,-112,-7,-106,+6,-112,+7,-114,+5.5,-105,+6,-110,+6,-105,+6,-109,+7,-114
Sun Oct 30 2022,Orlando Magic,105,Dallas Mavericks,114,+10,-110,+9,-110,+9.5,-115,+9,-110,+9,-110,+9,-109,+9,-110,-10,-110,-9,-110,-9.5,-105,-9,-110,-9,-110,-9,-112,-9,-110
Sun Oct 30 2022,Houston Rockets,109,Phoenix Suns,124,+12,-110,+13,-110,+12.5,-110,+12.5,-110,+12.5,-105,+12.5,-109,+13,-110,-12,-110,-13,-110,-12.5,-110,-12.5,-110,-12.5,-115,-12.5,-112,-13,-110
Sun Oct 30 2022,Denver Nuggets,110,Los Angeles Lakers,121,-3.5,-110,-2.5,-110,-2.5,-110,-2.5,-110,-2.5,-110,-2,-113,-2.5,-110,+3.5,-110,+2.5,-110,+2.5,-110,+2.5,-110,+2.5,-110,+2,-108,+2.5,-110
Mon Oct 31 2022,Sacramento Kings,115,Charlotte Hornets,108,-1,-110,-3.5,-112,-3.5,-105,-3.5,-110,-3.5,-110,-4,-110,-3.5,-112,+1,-110,+3.5,-108,+3.5,-115,+3.5,-110,+3.5,-110,+4,-110,+3.5,-108
Mon Oct 31 2022,Philadelphia 76ers,118,Washington Wizards,111,-5,-106,-3,-108,-2.5,-110,-2.5,-110,-2.5,-115,-3,-108,-3,-108,+5,-114,+3,-112,+2.5,-110,+2.5,-110,+2.5,-105,+3,-113,+3,-112
Mon Oct 31 2022,Indiana Pacers,109,Brooklyn Nets,116,+8,-110,+8,-110,+7.5,-110,+8,-110,+8,-110,+7.5,-108,+8,-110,-8,-110,-8,-110,-7.5,-110,-8,-110,-8,-110,-7.5,-113,-8,-110
Mon Oct 31 2022,Atlanta Hawks,109,Toronto Raptors,139,+4,-106,+2,-110,+2.5,-115,+2,-110,+2,-105,+2,-113,+2,-110,-4,-114,-2,-110,-2.5,-105,-2,-110,-2,-115,-2,-108,-2,-110
Mon Oct 31 2022,Detroit Pistons,108,Milwaukee Bucks,110,+13,-110,+13.5,-110,+13.5,-115,+13.5,-110,+13.5,-110,+13.5,-112,+13.5,-110,-13,-110,-13.5,-110,-13.5,-105,-13.5,-110,-13.5,-110,-13.5,-109,-13.5,-110
Mon Oct 31 2022,Memphis Grizzlies,105,Utah Jazz,121,-3.5,-110,-3,-110,-2.5,-110,-2.5,-110,-3,-110,-3,-109,-2.5,-112,+3.5,-110,+3,-110,+2.5,-110,+2.5,-110,+3,-110,+3,-112,+2.5,-108
Mon Oct 31 2022,Houston Rockets,93,Los Angeles Clippers,95,+9.5,-110,+8.5,-110,+8.5,-105,+8.5,-110,+8.5,-110,+8.5,-110,+8.5,-110,-9.5,-110,-8.5,-110,-8.5,-115,-8.5,-110,-8.5,-110,-8.5,-110,-8.5,-110
Tue Nov 1 2022,Chicago Bulls,108,Brooklyn Nets,99,+2.5,-112,+2,-108,+1.5,-105,+2,-110,+2,-105,+2,-112,+2,-108,-2.5,-108,-2,-112,-1.5,-115,-2,-110,-2,-115,-2,-109,-2,-112
Tue Nov 1 2022,Golden State Warriors,109,Miami Heat,116,+0.5,-110,+1,-110,+1.5,-115,+1,-110,+1,-105,+1.5,-113,+1,-110,-0.5,-110,-1,-110,-1.5,-105,-1,-110,-1,-115,-1.5,-108,-1,-110
Tue Nov 1 2022,Orlando Magic,108,Oklahoma City Thunder,116,+3,-110,+3,-108,+3.5,-115,+3,-110,+3.5,-110,+3,-109,+3,-108,-3,-110,-3,-112,-3.5,-105,-3,-110,-3.5,-110,-3,-112,-3,-112
Tue Nov 1 2022,Minnesota Timberwolves,107,Phoenix Suns,116,+5,-110,+4,-110,+3.5,-105,+4,-110,+4,-105,+4,-109,+4,-110,-5,-110,-4,-110,-3.5,-115,-4,-110,-4,-115,-4,-112,-4,-110
Wed Nov 2 2022,Washington Wizards,121,Philadelphia 76ers,111,+8,-108,+5.5,-112,+5.5,-110,+6,-110,+5.5,-110,+5.5,-109,+5.5,-112,-8,-112,-5.5,-108,-5.5,-110,-6,-110,-5.5,-110,-5.5,-112,-5.5,-108
Wed Nov 2 2022,Boston Celtics,113,Cleveland Cavaliers,114,-2,-108,-1.5,-110,-1.5,-110,-1.5,-110,-1.5,-115,-2,-109,-1.5,-110,+2,-112,+1.5,-110,+1.5,-110,+1.5,-110,+1.5,-105,+2,-112,+1.5,-110
Wed Nov 2 2022,Sacramento Kings,107,Miami Heat,110,+7,-108,+4.5,-112,+4.5,-110,+4.5,-110,+5,-110,+4.5,-113,+4.5,-112,-7,-112,-4.5,-108,-4.5,-110,-4.5,-110,-5,-110,-4.5,-108,-4.5,-108
Wed Nov 2 2022,Atlanta Hawks,112,New York Knicks,99,+2,-110,+2.5,-112,+2.5,-115,+2.5,-110,+2.5,-110,+2.5,-110,+2.5,-112,-2,-110,-2.5,-108,-2.5,-105,-2.5,-110,-2.5,-110,-2.5,-110,-2.5,-108
Wed Nov 2 2022,Charlotte Hornets,88,Chicago Bulls,106,+6,-110,+6.5,-110,+5.5,-110,+6,-110,+6,-110,+6.5,-114,+6.5,-110,-6,-110,-6.5,-110,-5.5,-110,-6,-110,-6,-110,-6.5,-107,-6.5,-110
Wed Nov 2 2022,Los Angeles Clippers,109,Houston Rockets,101,-5,-110,-6,-110,-5.5,-115,-6,-110,-6,-110,-6,-107,-6,-110,+5,-110,+6,-110,+5.5,-105,+6,-110,+6,-110,+6,-114,+6,-110
Wed Nov 2 2022,Detroit Pistons,91,Milwaukee Bucks,116,+11.5,-110,+11.5,-110,+11.5,-110,+11.5,-110,+11.5,-110,+11,-112,+11.5,-110,-11.5,-110,-11.5,-110,-11.5,-110,-11.5,-110,-11.5,-110,-11,-109,-11.5,-110
Wed Nov 2 2022,Toronto Raptors,143,San Antonio Spurs,100,-8,-110,-6.5,-110,-6.5,-115,-6.5,-110,-6.5,-110,-7,-114,-6.5,-110,+8,-110,+6.5,-110,+6.5,-105,+6.5,-110,+6.5,-110,+7,-107,+6.5,-110
Wed Nov 2 2022,Utah Jazz,100,Dallas Mavericks,103,+6,-110,+6.5,-108,+6.5,-110,+6.5,-110,+6.5,-105,+6.5,-108,+6.5,-108,-6,-110,-6.5,-112,-6.5,-110,-6.5,-110,-6.5,-115,-6.5,-113,-6.5,-112
Wed Nov 2 2022,Memphis Grizzlies,111,Portland Trail Blazers,106,-3.5,-110,-5.5,-110,-5.5,-105,-5,-110,-5,-110,-5.5,-109,-5.5,-110,+3.5,-110,+5.5,-110,+5.5,-115,+5,-110,+5,-110,+5.5,-112,+5.5,-110
Wed Nov 2 2022,New Orleans Pelicans,117,Los Angeles Lakers,120,-3,-110,-2.5,-106,-2.5,-110,-2.5,-110,-2.5,-110,-3,-110,-2.5,-106,+3,-110,+2.5,-114,+2.5,-110,+2.5,-110,+2.5,-110,+3,-110,+2.5,-114
Thu Nov 3 2022,Golden State Warriors,129,Orlando Magic,130,-8,-110,-9.5,-110,-9.5,-110,-9.5,-110,-9,-115,-9.5,-110,-9.5,-110,+8,-110,+9.5,-110,+9.5,-110,+9.5,-110,+9,-105,+9.5,-110,+9.5,-110
Thu Nov 3 2022,Denver Nuggets,122,Oklahoma City Thunder,110,-6,-110,-6.5,-112,-6.5,-110,-6.5,-110,-6,-115,-6.5,-110,-6.5,-112,+6,-110,+6.5,-110,+6.5,-110,+6.5,-110,+6,-105,+6.5,-110,+6.5,-110
Fri Nov 4 2022,Cleveland Cavaliers,112,Detroit Pistons,88,-7.5,-110,-4,-108,-3.5,-115,-4,-110,-4,-110,-3.5,-112,-4,-108,+7.5,-110,+4,-112,+3.5,-105,+4,-110,+4,-110,+3.5,-109,+4,-112
Fri Nov 4 2022,Miami Heat,99,Indiana Pacers,101,-4.5,-112,-3,-114,-3.5,-110,-3.5,-110,-3,-110,-3,-109,-3,-114,+4.5,-108,+3,-108,+3.5,-110,+3.5,-110,+3,-110,+3,-112,+3,-108
Fri Nov 4 2022,New York Knicks,106,Philadelphia 76ers,104,+3,-110,+1.5,-110,+1.5,-110,+1,even,+1,-110,+2,-110,+1.5,-110,-3,-110,-1.5,-110,-1.5,-110,-1,-120,-1,-110,-2,-110,-1.5,-110
Fri Nov 4 2022,Brooklyn Nets,128,Washington Wizards,86,-1.5,-110,+3,-106,+2.5,-105,+3,-110,+3,-110,+3,-108,+3,-106,+1.5,-110,-3,-114,-2.5,-115,-3,-110,-3,-110,-3,-113,-3,-114
Fri Nov 4 2022,Chicago Bulls,119,Boston Celtics,123,+7.5,-112,+7.5,-112,+7.5,-115,+7,-110,+7.5,-115,+7,-110,+7.5,-112,-7.5,-108,-7.5,-108,-7.5,-105,-7,-110,-7.5,-105,-7,-110,-7.5,-108
Fri Nov 4 2022,Charlotte Hornets,99,Memphis Grizzlies,130,+11.5,-110,+11.5,-110,+11.5,-115,+11,-110,+11.5,-110,+11,-113,+11.5,-110,-11.5,-110,-11.5,-110,-11.5,-105,-11,-110,-11.5,-110,-11,-108,-11.5,-110
Fri Nov 4 2022,Los Angeles Clippers,113,San Antonio Spurs,106,-3.5,-106,-3.5,-112,-3.5,-115,-3.5,-110,-3.5,-115,-3.5,-110,-3.5,-112,+3.5,-114,+3.5,-108,+3.5,-105,+3.5,-110,+3.5,-105,+3.5,-110,+3.5,-108
Fri Nov 4 2022,Toronto Raptors,110,Dallas Mavericks,111,+4,-110,+4,-110,+4.5,-115,+4,-110,+4,-110,+4.5,-114,+4,-110,-4,-110,-4,-110,-4.5,-105,-4,-110,-4,-110,-4.5,-107,-4,-110
Fri Nov 4 2022,Golden State Warriors,105,New Orleans Pelicans,114,+4,-110,+10.5,-110,+10.5,-110,+10.5,-110,+10.5,-110,+10.5,-109,+11,-108,-4,-110,-10.5,-110,-10.5,-110,-10.5,-110,-10.5,-110,-10.5,-112,-11,-112
Fri Nov 4 2022,Milwaukee Bucks,115,Minnesota Timberwolves,102,-3,-110,-2.5,-108,-1.5,-115,-2,-110,-2,-110,-2.5,-108,-2.5,-108,+3,-110,+2.5,-112,+1.5,-105,+2,-110,+2,-110,+2.5,-113,+2.5,-112
Fri Nov 4 2022,Portland Trail Blazers,108,Phoenix Suns,106,+10,-110,+12,-108,+12.5,-115,+12,-110,+12,-105,+12,-110,+12,-108,-10,-110,-12,-112,-12.5,-105,-12,-110,-12,-115,-12,-110,-12,-112
Fri Nov 4 2022,Utah Jazz,130,Los Angeles Lakers,116,+2,-110,+3.5,-112,+3.5,-105,+3.5,-110,+4,-110,+4,-113,+3.5,-112,-2,-110,-3.5,-108,-3.5,-115,-3.5,-110,-4,-110,-4,-108,-3.5,-108
Sat Nov 5 2022,Sacramento Kings,126,Orlando Magic,123,-1.5,-112,-4.5,-110,-4.5,-110,-4.5,-110,-4.5,-110,-4.5,-109,-4.5,-110,+1.5,-108,+4.5,-110,+4.5,-110,+4.5,-110,+4.5,-110,+4.5,-112,+4.5,-110
Sat Nov 5 2022,Brooklyn Nets,98,Charlotte Hornets,94,-5.5,-110,-4,-110,-3.5,-110,-3.5,-110,-3.5,-110,-4,-109,-4,-110,+5.5,-110,+4,-110,+3.5,-110,+3.5,-110,+3.5,-110,+4,-112,+4,-110
Sat Nov 5 2022,New Orleans Pelicans,121,Atlanta Hawks,124,+2.5,-110,+1.5,-108,+2.5,-115,+2,-110,+1.5,-110,+2.5,-114,+1.5,-108,-2.5,-110,-1.5,-112,-2.5,-105,-2,-110,-1.5,-110,-2.5,-107,-1.5,-112
Sat Nov 5 2022,Boston Celtics,133,New York Knicks,118,-4.5,-110,-4,-106,-4.5,-105,-4,-110,-4,-115,-4,-113,-4,-106,+4.5,-110,+4,-114,+4.5,-115,+4,-110,+4,-105,+4,-108,+4,-114
Sat Nov 5 2022,Oklahoma City Thunder,94,Milwaukee Bucks,108,+7.5,-108,+5.5,-108,+5.5,-110,+5.5,-110,+5,-105,+5.5,-113,+5.5,-108,-7.5,-112,-5.5,-112,-5.5,-110,-5.5,-110,-5,-115,-5.5,-108,-5.5,-112
Sat Nov 5 2022,Houston Rockets,117,Minnesota Timberwolves,129,+8,-110,+7.5,-110,+7.5,-110,+8,-110,+8,-115,+8,-114,+7.5,-110,-8,-110,-7.5,-110,-7.5,-110,-8,-110,-8,-105,-8,-107,-7.5,-110
Sat Nov 5 2022,San Antonio Spurs,101,Denver Nuggets,126,+10.5,-110,+12,-110,+11.5,-110,+11.5,-110,+11.5,-110,+11.5,-112,+12,-110,-10.5,-110,-12,-110,-11.5,-110,-11.5,-110,-11.5,-110,-11.5,-109,-12,-110
Sat Nov 5 2022,Portland Trail Blazers,82,Phoenix Suns,102,+10,-110,+11.5,-110,+11.5,-110,+12,-110,+11,-110,+11,-109,+11.5,-110,-10,-110,-11.5,-110,-11.5,-110,-12,-110,-11,-110,-11,-112,-11.5,-110
Sun Nov 6 2022,Cleveland Cavaliers,114,Los Angeles Lakers,100,-1.5,-110,-5.5,-108,-5.5,-115,-5.5,-110,-5,-115,-5.5,-108,-5.5,-108,+1.5,-110,+5.5,-112,+5.5,-105,+5.5,-110,+5,-105,+5.5,-112,+5.5,-112
Sun Nov 6 2022,Washington Wizards,97,Memphis Grizzlies,103,+8,-110,+9.5,-110,+9.5,-110,+9.5,-110,+9.5,-115,+9.5,-110,+9.5,-110,-8,-110,-9.5,-110,-9.5,-110,-9.5,-110,-9.5,-105,-9.5,-110,-9.5,-110
Sun Nov 6 2022,Chicago Bulls,104,Toronto Raptors,113,+1.5,-110,+4,-108,+3.5,-105,+4,-110,+4,-105,+4,-113,+4,-108,-1.5,-110,-4,-112,-3.5,-115,-4,-110,-4,-115,-4,-108,-4,-112
Sun Nov 6 2022,Utah Jazz,110,Los Angeles Clippers,102,+4.5,-110,+3.5,-106,+3.5,-105,+4,-110,+3.5,-105,+3.5,-109,+3.5,-106,-4.5,-110,-3.5,-114,-3.5,-115,-4,-110,-3.5,-115,-3.5,-112,-3.5,-114
Mon Nov 7 2022,Washington Wizards,108,Charlotte Hornets,100,+2,-110,+2,-112,+1.5,-105,+2,-110,+2,-110,+2,-109,+2,-112,-2,-110,-2,-108,-1.5,-115,-2,-110,-2,-110,-2,-112,-2,-108
Mon Nov 7 2022,Houston Rockets,134,Orlando Magic,127,+5,-110,+4.5,-108,+4.5,-105,+5,-110,+5,-115,+5,-108,+4.5,-108,-5,-110,-4.5,-112,-4.5,-115,-5,-110,-5,-105,-5,-113,-4.5,-112
Mon Nov 7 2022,Oklahoma City Thunder,103,Detroit Pistons,112,+2,-108,-2,-110,-1.5,-115,-1.5,-110,-2,-105,-2,-110,-2,-110,-2,-112,+2,-110,+1.5,-105,+1.5,-110,+2,-115,+2,-110,+2,-110
Mon Nov 7 2022,New Orleans Pelicans,122,Indiana Pacers,129,-6,-110,-5,-112,-5.5,-105,-5,-110,-5,-115,-5.5,-107,-5,-112,+6,-110,+5,-108,+5.5,-115,+5,-110,+5,-105,+5.5,-114,+5,-108
Mon Nov 7 2022,Phoenix Suns,88,Philadelphia 76ers,100,-2,-110,-1,-112,-1.5,-110,-1,-110,-1,-110,-1,-113,-1,-112,+2,-110,+1,-108,+1.5,-110,+1,-110,+1,-110,+1,-108,+1,-108
Mon Nov 7 2022,Milwaukee Bucks,98,Atlanta Hawks,117,-2.5,-110,-5.5,-112,-5.5,-110,-5.5,-110,-5.5,-110,-5.5,-109,-5.5,-108,+2.5,-110,+5.5,-108,+5.5,-110,+5.5,-110,+5.5,-110,+5.5,-112,+5.5,-112
Mon Nov 7 2022,Portland Trail Blazers,110,Miami Heat,107,+7.5,-110,+5,-110,+5.5,-110,+5,-110,+5,-110,+5.5,-113,+5,-110,-7.5,-110,-5,-110,-5.5,-110,-5,-110,-5,-110,-5.5,-108,-5,-110
Mon Nov 7 2022,Toronto Raptors,97,Chicago Bulls,111,+4.5,-110,+2,-108,+2.5,-105,+2,-110,+2.5,-110,+2.5,-112,+2,-108,-4.5,-110,-2,-112,-2.5,-115,-2,-110,-2.5,-110,-2.5,-109,-2,-112
Mon Nov 7 2022,Boston Celtics,109,Memphis Grizzlies,106,-1.5,-110,-4,-110,-3.5,-110,-3.5,-110,-3.5,-115,-3.5,-113,-4,-110,+1.5,-110,+4,-110,+3.5,-110,+3.5,-110,+3.5,-105,+3.5,-108,+4,-110
Mon Nov 7 2022,New York Knicks,120,Minnesota Timberwolves,107,+4.5,-108,+3,-110,+2.5,-110,+2.5,-110,+2.5,-105,+3,-110,+3,-110,-4.5,-112,-3,-110,-2.5,-110,-2.5,-110,-2.5,-115,-3,-110,-3,-110
Mon Nov 7 2022,Denver Nuggets,115,San Antonio Spurs,109,-7.5,-110,-7.5,-110,-7.5,-115,-8,-110,-7.5,-110,-8,-110,-8,-110,+7.5,-110,+7.5,-110,+7.5,-105,+8,-110,+7.5,-110,+8,-110,+8,-110
Mon Nov 7 2022,Brooklyn Nets,94,Dallas Mavericks,96,+6,-110,+6,-110,+5.5,-105,+6,-110,+6,-110,+6,-110,+6,-110,-6,-110,-6,-110,-5.5,-115,-6,-110,-6,-110,-6,-110,-6,-110
Mon Nov 7 2022,Sacramento Kings,113,Golden State Warriors,116,+10.5,-110,+8,-110,+7.5,-105,+8,-110,+8,-110,+8,-109,+8,-110,-10.5,-110,-8,-110,-7.5,-115,-8,-110,-8,-110,-8,-112,-8,-110
Mon Nov 7 2022,Los Angeles Lakers,116,Utah Jazz,139,+2,-112,+7,-110,+6.5,-110,+7,-110,+7,-115,+7,-108,+7,-110,-2,-108,-7,-110,-6.5,-110,-7,-110,-7,-105,-7,-113,-7,-110
Mon Nov 7 2022,Cleveland Cavaliers,117,Los Angeles Clippers,119,+1,-110,-4,-110,-3.5,-115,-4,-110,-4,-110,-4,-113,-4,-110,-1,-110,+4,-110,+3.5,-105,+4,-110,+4,-110,+4,-108,+4,-110
Wed Nov 9 2022,Dallas Mavericks,87,Orlando Magic,94,-7,-110,-8.5,-110,-8.5,-110,-8,-110,-8.5,-110,-8.5,-109,-8.5,-110,+7,-110,+8.5,-110,+8.5,-110,+8,-110,+8.5,-110,+8.5,-112,+8.5,-110
Wed Nov 9 2022,Portland Trail Blazers,105,Charlotte Hornets,95,-4.5,-110,-1.5,-112,-1.5,-115,-2,-110,-2,-105,-1.5,-110,-1.5,-112,+4.5,-110,+1.5,-108,+1.5,-105,+2,-110,+2,-115,+1.5,-110,+1.5,-108
Wed Nov 9 2022,Denver Nuggets,122,Indiana Pacers,119,-6,-110,-5,-110,-5.5,-110,-5,-110,-4.5,-115,-5,-112,-5,-110,+6,-110,+5,-110,+5.5,-110,+5,-110,+4.5,-105,+5,-109,+5,-110
Wed Nov 9 2022,Utah Jazz,125,Atlanta Hawks,119,+3.5,-110,+4.5,-112,+4.5,-110,+4.5,-110,+4.5,-110,+4.5,-109,+4.5,-112,-3.5,-110,-4.5,-108,-4.5,-110,-4.5,-110,-4.5,-110,-4.5,-112,-4.5,-108
Wed Nov 9 2022,Detroit Pistons,112,Boston Celtics,128,+12,-110,+13,-110,+13.5,-115,+13.5,-110,+13,-110,+13.5,-113,+13,-110,-12,-110,-13,-110,-13.5,-105,-13.5,-110,-13,-110,-13.5,-108,-13,-110
Wed Nov 9 2022,New York Knicks,85,Brooklyn Nets,112,+2.5,-110,+3,-108,+3.5,-115,+3,-110,+3.5,-115,+3.5,-109,+3,-108,-2.5,-110,-3,-112,-3.5,-105,-3,-110,-3.5,-105,-3.5,-112,-3,-112
Wed Nov 9 2022,Houston Rockets,109,Toronto Raptors,116,+9,-110,+10,-106,+9.5,-105,+10,-110,+10,-105,+10,-110,+10,-106,-9,-110,-10,-114,-9.5,-115,-10,-110,-10,-115,-10,-110,-10,-114
Wed Nov 9 2022,New Orleans Pelicans,115,Chicago Bulls,111,-1.5,-110,-2,-112,-1.5,-115,-2,-110,-2,-110,-1.5,-112,-2,-112,+1.5,-110,+2,-108,+1.5,-105,+2,-110,+2,-110,+1.5,-109,+2,-108
Wed Nov 9 2022,Phoenix Suns,129,Minnesota Timberwolves,117,-2,-112,+1.5,-110,+1.5,-110,+2,-110,+2,-110,+1.5,-108,+1.5,-110,+2,-108,-1.5,-110,-1.5,-110,-2,-110,-2,-110,-1.5,-113,-1.5,-110
Wed Nov 9 2022,Milwaukee Bucks,136,Oklahoma City Thunder,132,-7.5,-112,-1,-110,-1.5,-105,-1,-110,-1,-110,-1,-110,-1,-110,+7.5,-108,+1,-110,+1.5,-115,+1,-110,+1,-110,+1,-110,+1,-110
Wed Nov 9 2022,Memphis Grizzlies,124,San Antonio Spurs,122,-6.5,-110,-5.5,-110,-5.5,-110,-5,-110,-6,-110,-6,-108,-5.5,-110,+6.5,-110,+5.5,-110,+5.5,-110,+5,-110,+6,-110,+6,-113,+5.5,-110
Wed Nov 9 2022,Los Angeles Lakers,101,Los Angeles Clippers,114,+4.5,-110,+3.5,-112,+3.5,-115,+3,-110,+3,-110,+3.5,-114,+3.5,-112,-4.5,-110,-3.5,-108,-3.5,-105,-3,-110,-3,-110,-3.5,-107,-3.5,-108
Wed Nov 9 2022,Cleveland Cavaliers,120,Sacramento Kings,127,-5,-110,-4.5,-110,-4.5,-105,-4.5,-110,-4,-115,-4,-113,-4.5,-110,+5,-110,+4.5,-110,+4.5,-115,+4.5,-110,+4,-105,+4,-107,+4.5,-110
Thu Nov 10 2022,Dallas Mavericks,105,Washington Wizards,113,-3,-110,-6,-110,-5.5,-115,-6,-110,-6,-110,-6,-107,-6,-110,+3,-110,+6,-110,+5.5,-105,+6,-110,+6,-110,+6,-114,+6,-110
Thu Nov 10 2022,Philadelphia 76ers,95,Atlanta Hawks,104,+1.5,-110,+1,-108,+1.5,-115,+1,-110,+1,-105,+1,-110,+1,-108,-1.5,-110,-1,-112,-1.5,-105,-1,-110,-1,-115,-1,-110,-1,-112
Thu Nov 10 2022,Charlotte Hornets,112,Miami Heat,117,+10,-108,+10.5,-108,+10.5,-110,+11,-110,+11,-110,+11,-110,+10.5,-108,-10,-112,-10.5,-112,-10.5,-110,-11,-110,-11,-110,-11,-110,-10.5,-112
Thu Nov 10 2022,Portland Trail Blazers,106,New Orleans Pelicans,95,+7,-110,+10,-114,+8.5,-105,+10,-110,+10,-110,+9,-110,+10,-114,-7,-110,-10,-106,-8.5,-115,-10,-110,-10,-110,-9,-110,-10,-106
Fri Nov 11 2022,Denver Nuggets,112,Boston Celtics,131,+5.5,-114,+4,-110,+4.5,-110,+4,-110,+4,-105,+4,-113,+4,-110,-5.5,-106,-4,-110,-4.5,-110,-4,-110,-4,-115,-4,-108,-4,-110
Fri Nov 11 2022,Phoenix Suns,97,Orlando Magic,114,-7,-112,-7.5,-108,-7.5,-110,-7.5,-110,-7.5,-110,-7.5,-109,-7.5,-108,+7,-108,+7.5,-112,+7.5,-110,+7.5,-110,+7.5,-110,+7.5,-112,+7.5,-112
Fri Nov 11 2022,Detroit Pistons,112,New York Knicks,121,+7.5,-110,+9.5,-110,+9.5,-110,+9,-110,+9.5,-110,+9.5,-115,+9.5,-110,-7.5,-110,-9.5,-110,-9.5,-110,-9,-110,-9.5,-110,-9.5,-106,-9.5,-110
Fri Nov 11 2022,Toronto Raptors,113,Oklahoma City Thunder,132,-4.5,-114,-5.5,-108,-4.5,-115,-5.5,-110,-5,-115,-5,-113,-5.5,-108,+4.5,-106,+5.5,-112,+4.5,-105,+5.5,-110,+5,-105,+5,-108,+5.5,-112
Fri Nov 11 2022,Milwaukee Bucks,93,San Antonio Spurs,111,-5,-110,+2,-106,+1.5,-105,+1.5,-110,+1.5,-110,+2,-110,+2,-106,+5,-110,-2,-114,-1.5,-115,-1.5,-110,-1.5,-110,-2,-110,-2,-114
Fri Nov 11 2022,Minnesota Timberwolves,103,Memphis Grizzlies,114,+5,-110,+4.5,-110,+4.5,-115,+4,-110,+4,-105,+4,-108,+4.5,-110,-5,-110,-4.5,-110,-4.5,-105,-4,-110,-4,-115,-4,-113,-4.5,-110
Fri Nov 11 2022,Cleveland Cavaliers,101,Golden State Warriors,106,+2,-110,+3,-110,+2.5,-110,+3,-105,+3,-105,+2.5,-110,+3,-110,-2,-110,-3,-112,-2.5,-110,-3,-115,-3,-115,-2.5,-110,-3,-112
Fri Nov 11 2022,Sacramento Kings,120,Los Angeles Lakers,114,-2,-110,-4.5,-110,-3.5,-110,-4,-105,-3.5,-115,-3.5,-112,-4.5,-110,+2,-110,+4.5,-110,+3.5,-110,+4,-115,+3.5,-105,+3.5,-109,+4.5,-110
Sat Nov 12 2022,Brooklyn Nets,110,Los Angeles Clippers,95,+2,-110,+1.5,-110,+1.5,-110,+1.5,-110,+1.5,-110,+2,-113,+1.5,-110,-2,-110,-1.5,-110,-1.5,-110,-1.5,-110,-1.5,-110,-2,-108,-1.5,-110
Sat Nov 12 2022,Utah Jazz,112,Washington Wizards,121,-3.5,-114,-4,-110,-3.5,-115,-4.5,-110,-4.5,-105,-4,-114,-4,-110,+3.5,-106,+4,-110,+3.5,-105,+4.5,-110,+4.5,-115,+4,-107,+4,-110
Sat Nov 12 2022,Boston Celtics,117,Detroit Pistons,108,-9.5,-114,-9,-110,-8.5,-115,-9,-110,-8.5,-110,-8,-110,-9,-110,+9.5,-106,+9,-110,+8.5,-105,+9,-110,+8.5,-110,+8,-110,+9,-110
Sat Nov 12 2022,Toronto Raptors,104,Indiana Pacers,118,-1,-110,+2.5,-112,+2.5,-110,+2.5,-110,+3,-105,+2.5,-110,+2.5,-112,+1,-110,-2.5,-108,-2.5,-110,-2.5,-110,-3,-115,-2.5,-110,-2.5,-108
Sat Nov 12 2022,Atlanta Hawks,109,Philadelphia 76ers,121,+3.5,-106,+2.5,-110,+2.5,-105,+3,-110,+3,-105,+3,-108,+2.5,-110,-3.5,-114,-2.5,-110,-2.5,-115,-3,-110,-3,-115,-3,-113,-2.5,-110
Sat Nov 12 2022,Charlotte Hornets,115,Miami Heat,132,+10,-110,+8,-108,+8.5,-115,+8,-110,+8,-110,+8,-109,+8,-108,-10,-110,-8,-112,-8.5,-105,-8,-110,-8,-110,-8,-112,-8,-112
Sat Nov 12 2022,Portland Trail Blazers,112,Dallas Mavericks,117,+5,-110,+7,-112,+6.5,-115,+6.5,-110,+6.5,-110,+6.5,-112,+7,-112,-5,-110,-7,-108,-6.5,-105,-6.5,-110,-6.5,-110,-6.5,-109,-7,-108
Sat Nov 12 2022,Houston Rockets,106,New Orleans Pelicans,119,+10.5,-110,+10.5,-110,+10.5,-110,+11,-110,+10.5,-115,+10.5,-110,+10.5,-110,-10.5,-110,-10.5,-110,-10.5,-110,-11,-110,-10.5,-105,-10.5,-110,-10.5,-110
Sun Nov 13 2022,Oklahoma City Thunder,145,New York Knicks,135,+5.5,-112,+5,-106,+5.5,-120,+5.5,-105,+5.5,-110,+5,-108,+5,-106,-5.5,-108,-5,-114,-5.5,even,-5.5,-115,-5.5,-110,-5,-113,-5,-114
Sun Nov 13 2022,Minnesota Timberwolves,129,Cleveland Cavaliers,124,+5.5,-110,+1,-108,+1.5,-115,+1,-110,+1,-110,+2,-113,+1,-108,-5.5,-110,-1,-112,-1.5,-105,-1,-110,-1,-110,-2,-108,-1,-112
Sun Nov 13 2022,Memphis Grizzlies,92,Washington Wizards,102,-1.5,-110,+1.5,-110,+1.5,-110,+1.5,-110,+2,-115,+2,-109,+1.5,-110,+1.5,-110,-1.5,-110,-1.5,-110,-1.5,-110,-2,-105,-2,-112,-1.5,-110
Sun Nov 13 2022,Utah Jazz,98,Philadelphia 76ers,105,+3.5,-108,+3.5,-108,+3.5,-110,+3.5,-110,+3.5,-105,+4,-108,+3.5,-108,-3.5,-112,-3.5,-112,-3.5,-110,-3.5,-110,-3.5,-115,-4,-113,-3.5,-112
Sun Nov 13 2022,Denver Nuggets,126,Chicago Bulls,103,-1.5,-110,-1.5,-112,-1.5,-110,-1.5,-110,-1.5,-110,-2,-109,-1.5,-112,+1.5,-110,+1.5,-108,+1.5,-110,+1.5,-110,+1.5,-110,+2,-112,+1.5,-108
Sun Nov 13 2022,Golden State Warriors,115,Sacramento Kings,122,-4,-110,-4,-112,-4.5,-110,-4.5,-110,-4,-110,-4,-112,-4,-112,+4,-110,+4,-108,+4.5,-110,+4.5,-110,+4,-110,+4,-109,+4,-108
Sun Nov 13 2022,Brooklyn Nets,103,Los Angeles Lakers,116,-2.5,-110,-5,-108,-4.5,-115,-5,-110,-5,-110,-5,-109,-5,-110,+2.5,-110,+5,-112,+4.5,-105,+5,-110,+5,-110,+5,-112,+5,-110
Mon Nov 14 2022,Toronto Raptors,115,Detroit Pistons,111,-4,-112,-4.5,-106,-4.5,-110,-4,-110,-4.5,-110,-5,-108,-4.5,-106,+4,-108,+4.5,-114,+4.5,-110,+4,-110,+4.5,-110,+5,-113,+4.5,-114
Mon Nov 14 2022,Charlotte Hornets,112,Orlando Magic,105,+1.5,-110,-1.5,-110,-1.5,-105,-2,-110,-1.5,-110,-1.5,-108,-1.5,-110,-1.5,-110,+1.5,-110,+1.5,-115,+2,-110,+1.5,-110,+1.5,-113,+1.5,-110
Mon Nov 14 2022,Oklahoma City Thunder,122,Boston Celtics,126,+11,-110,+11.5,-110,+11.5,-105,+12,-110,+11.5,-105,+12,-109,+11.5,-110,-11,-110,-11.5,-110,-11.5,-115,-12,-110,-11.5,-115,-12,-112,-11.5,-110
Mon Nov 14 2022,Phoenix Suns,112,Miami Heat,113,+1.5,-110,+2.5,-110,+2.5,-110,+2.5,-110,+2.5,-110,+2.5,-109,+2.5,-110,-1.5,-110,-2.5,-110,-2.5,-110,-2.5,-110,-2.5,-110,-2.5,-112,-2.5,-110
Mon Nov 14 2022,Los Angeles Clippers,122,Houston Rockets,106,-5.5,-110,-5,-112,-5.5,-105,-5,-110,-5,-110,-5,-108,-5,-112,+5.5,-110,+5,-108,+5.5,-115,+5,-110,+5,-110,+5,-113,+5,-108
Mon Nov 14 2022,Atlanta Hawks,121,Milwaukee Bucks,106,+4,-110,+4,-115,+3.5,-105,+4,-110,+4,-110,+4,-108,+4,-115,-4,-110,-4,-105,-3.5,-115,-4,-110,-4,-110,-4,-113,-4,-105
Mon Nov 14 2022,San Antonio Spurs,95,Golden State Warriors,132,+8,-112,+9,-112,+8.5,-110,+9,-110,+9,-110,+8.5,-113,+9,-112,-8,-108,-9,-108,-8.5,-110,-9,-110,-9,-110,-8.5,-108,-9,-108
Tue Nov 15 2022,Memphis Grizzlies,102,New Orleans Pelicans,113,+1.5,-108,+1.5,-110,+1.5,-110,+2,-110,+1.5,-110,+1.5,-110,+1.5,-110,-1.5,-112,-1.5,-110,-1.5,-110,-2,-110,-1.5,-110,-1.5,-110,-1.5,-110
Tue Nov 15 2022,Los Angeles Clippers,101,Dallas Mavericks,103,+6.5,-108,+6.5,-108,+6.5,-110,+6.5,-110,+6.5,-110,+6.5,-108,+6.5,-108,-6.5,-112,-6.5,-112,-6.5,-110,-6.5,-110,-6.5,-110,-6.5,-112,-6.5,-112
Tue Nov 15 2022,New York Knicks,118,Utah Jazz,111,+4,-110,+4,-106,+4.5,-110,+4,-110,+4,-110,+5,-114,+4,-106,-4,-110,-4,-114,-4.5,-110,-4,-110,-4,-110,-5,-107,-4,-114
Tue Nov 15 2022,San Antonio Spurs,110,Portland Trail Blazers,117,+7.5,-114,+8.5,-112,+8.5,-110,+8,-110,+8.5,-110,+8.5,-113,+8.5,-112,-7.5,-106,-8.5,-108,-8.5,-110,-8,-110,-8.5,-110,-8.5,-108,-8.5,-108
Tue Nov 15 2022,Brooklyn Nets,121,Sacramento Kings,153,+1.5,-106,+1.5,-112,+1.5,-110,+2,-110,+2,-115,+1.5,-109,+1.5,-112,-1.5,-114,-1.5,-108,-1.5,-110,-2,-110,-2,-105,-1.5,-112,-1.5,-108
Wed Nov 16 2022,Indiana Pacers,125,Charlotte Hornets,113,N/A,-1,-110,+1.5,-120,-1,-105,-1,-105,-1,-110,N/A,+1,-110,-1.5,even,+1,-115,+1,-115,+1,-110,,,,,,
Wed Nov 16 2022,Minnesota Timberwolves,126,Orlando Magic,108,N/A,-8,-110,-7.5,-115,-8.5,-110,-8,-110,-8,-110,N/A,+8,-110,+7.5,-105,+8.5,-110,+8,-110,+8,-110,,,,,,
Wed Nov 16 2022,Oklahoma City Thunder,121,Washington Wizards,120,N/A,+5,-110,+5.5,-115,+5,-110,+5,-110,+5,-110,N/A,-5,-110,-5.5,-105,-5,-110,-5,-110,-5,-110,,,,,,
Wed Nov 16 2022,Boston Celtics,126,Atlanta Hawks,101,N/A,-1,-110,-1.5,-105,PK,-110,PK,-110,-1,-110,N/A,+1,-110,+1.5,-115,PK,-110,PK,-110,+1,-110,,,,,,
Wed Nov 16 2022,Miami Heat,104,Toronto Raptors,112,N/A,+3,-112,+2.5,-105,+3,-110,+3,-110,+3,-112,N/A,-3,-108,-2.5,-115,-3,-110,-3,-110,-3,-108,,,,,,
Wed Nov 16 2022,Cleveland Cavaliers,98,Milwaukee Bucks,113,N/A,+2.5,-112,+1.5,-110,+2,-110,+2,-110,+2.5,-112,N/A,-2.5,-108,-1.5,-110,-2,-110,-2,-110,-2.5,-108,,,,,,
Wed Nov 16 2022,Chicago Bulls,110,New Orleans Pelicans,124,N/A,+2,-108,+1.5,-110,+1.5,-110,+1.5,-110,+2,-108,N/A,-2,-112,-1.5,-110,-1.5,-110,-1.5,-110,-2,-112,,,,,,
Wed Nov 16 2022,Houston Rockets,101,Dallas Mavericks,92,N/A,+6.5,-110,+6.5,-110,+6.5,-110,+6.5,-105,+6.5,-110,N/A,-6.5,-110,-6.5,-110,-6.5,-110,-6.5,-115,-6.5,-110,,,,,,
Wed Nov 16 2022,New York Knicks,106,Denver Nuggets,103,N/A,+2,-110,+2.5,-115,+2,-110,+2,-110,+2,-110,N/A,-2,-110,-2.5,-105,-2,-110,-2,-110,-2,-110,,,,,,
Wed Nov 16 2022,Golden State Warriors,119,Phoenix Suns,130,N/A,-2.5,-110,-2.5,-110,-2.5,-110,-2,-110,-2.5,-110,N/A,+2.5,-110,+2.5,-110,+2.5,-110,+2,-110,+2.5,-110,,,,,,
Thu Nov 17 2022,Brooklyn Nets,109,Portland Trail Blazers,107,+2.5,-110,+3,-108,+2.5,-110,+3,-110,+3,-110,+3,-114,+3,-108,-2.5,-110,-3,-112,-2.5,-110,-3,-110,-3,-110,-3,-107,-3,-112
Thu Nov 17 2022,San Antonio Spurs,112,Sacramento Kings,130,+7,-110,+7,-110,+7.5,-110,+7,-110,+7,-110,+7,-109,+7,-110,-7,-110,-7,-110,-7.5,-110,-7,-110,-7,-110,-7,-112,-7,-110
Thu Nov 17 2022,Detroit Pistons,91,Los Angeles Clippers,96,+9,-110,+10.5,-112,+10.5,-105,+11,-110,+10.5,-110,+10.5,-112,+10.5,-112,-9,-110,-10.5,-108,-10.5,-115,-11,-110,-10.5,-110,-10.5,-109,-10.5,-108
Fri Nov 18 2022,Miami Heat,106,Washington Wizards,107,-1.5,-110,+8,-110,+7.5,-110,+7.5,-110,+7.5,-110,+7.5,-109,+8,-110,+1.5,-110,-8,-110,-7.5,-110,-7.5,-110,-7.5,-110,-7.5,-112,-8,-110
Fri Nov 18 2022,Charlotte Hornets,122,Cleveland Cavaliers,132,+9.5,-110,+10,-110,+9.5,-110,+9.5,-110,+10,-110,+10,-110,+10,-110,-9.5,-110,-10,-110,-9.5,-110,-9.5,-110,-10,-110,-10,-110,-10,-110
Fri Nov 18 2022,Milwaukee Bucks,102,Philadelphia 76ers,110,+2,-110,-1,-108,-1.5,-110,-1,-110,-1,-110,-1,-109,-1,-108,-2,-110,+1,-112,+1.5,-110,+1,-110,+1,-110,+1,-112,+1,-112
Fri Nov 18 2022,Orlando Magic,108,Chicago Bulls,107,+9,-110,+8.5,-108,+8.5,-110,+8.5,-110,+8.5,-110,+8,-106,+8.5,-108,-9,-110,-8.5,-112,-8.5,-110,-8.5,-110,-8.5,-110,-8,-115,-8.5,-112
Fri Nov 18 2022,Indiana Pacers,99,Houston Rockets,91,-4,-110,-6,-108,-5.5,-115,-5.5,-110,-6,-110,-5,-114,-6,-108,+4,-110,+6,-112,+5.5,-105,+5.5,-110,+6,-110,+5,-107,+6,-112
Fri Nov 18 2022,Oklahoma City Thunder,110,Memphis Grizzlies,121,+6.5,-110,+6.5,-110,+6.5,-110,+6.5,-110,+6.5,-110,+6.5,-110,+6.5,-110,-6.5,-110,-6.5,-110,-6.5,-110,-6.5,-110,-6.5,-110,-6.5,-110,-6.5,-110
Fri Nov 18 2022,Denver Nuggets,99,Dallas Mavericks,127,+7,-110,+10,-112,+10.5,-115,+10,-110,+10,-110,+9.5,-108,+10,-112,-7,-110,-10,-108,-10.5,-105,-10,-110,-10,-110,-9.5,-113,-10,-108
Fri Nov 18 2022,Boston Celtics,117,New Orleans Pelicans,109,-3,-110,-3,-112,-3.5,-110,-3,-110,-3.5,-110,-3.5,-107,-3,-112,+3,-110,+3,-108,+3.5,-110,+3,-110,+3.5,-110,+3.5,-114,+3,-108
Fri Nov 18 2022,Phoenix Suns,133,Utah Jazz,134,-1.5,-110,+0.5,-110,-1.5,even,-1,-110,-1,-105,+1,-113,+0.5,-110,+1.5,-110,-0.5,-110,+1.5,-120,+1,-110,+1,-115,-1,-108,-0.5,-110
Fri Nov 18 2022,New York Knicks,101,Golden State Warriors,111,+7,-110,+7.5,-110,+7.5,-110,+7.5,-110,+7.5,-110,+7.5,-110,+7.5,-110,-7,-110,-7.5,-112,-7.5,-110,-7.5,-110,-7.5,-110,-7.5,-110,-7.5,-112
Fri Nov 18 2022,Detroit Pistons,121,Los Angeles Lakers,128,+7,-112,+6.5,-108,+6.5,-110,+6.5,-110,+6.5,-115,+6.5,-110,+6.5,-108,-7,-108,-6.5,-112,-6.5,-110,-6.5,-110,-6.5,-105,-6.5,-110,-6.5,-112
Sat Nov 19 2022,Toronto Raptors,122,Atlanta Hawks,124,+5.5,-106,+5.5,-106,+5.5,-110,+5.5,-110,+5.5,-105,+5.5,-109,+5.5,-106,-5.5,-114,-5.5,-114,-5.5,-110,-5.5,-110,-5.5,-115,-5.5,-112,-5.5,-114
Sat Nov 19 2022,Orlando Magic,113,Indiana Pacers,114,+6,-110,+7.5,-106,+7.5,-110,+7.5,-110,+7.5,-110,+7.5,-113,+7.5,-106,-6,-110,-7.5,-114,-7.5,-110,-7.5,-110,-7.5,-110,-7.5,-108,-7.5,-114
Sat Nov 19 2022,Minnesota Timberwolves,112,Philadelphia 76ers,109,-0.5,-110,-3.5,-110,-3.5,-110,-3.5,-110,-4,-105,-3.5,-109,-3.5,-110,+0.5,-110,+3.5,-110,+3.5,-110,+3.5,-110,+4,-115,+3.5,-112,+3.5,-110
Sat Nov 19 2022,Utah Jazz,118,Portland Trail Blazers,113,+4,-110,+4,-108,+4.5,-115,+4,-110,+4,-105,+4,-110,+4,-108,-4,-110,-4,-112,-4.5,-105,-4,-110,-4,-115,-4,-110,-4,-112
Sat Nov 19 2022,San Antonio Spurs,97,Los Angeles Clippers,119,+9,-110,+9,-112,+8.5,-105,+9,-110,+8.5,-115,+8.5,-113,+9,-112,-9,-110,-9,-108,-8.5,-115,-9,-110,-8.5,-105,-8.5,-108,-9,-108
Sun Nov 20 2022,New York Knicks,95,Phoenix Suns,116,+6.5,-110,+6,-108,+6.5,-115,+5.5,-110,+6,-115,+6,-113,+6,-108,-6.5,-110,-6,-112,-6.5,-105,-5.5,-110,-6,-105,-6,-108,-6,-112
Sun Nov 20 2022,Detroit Pistons,129,Sacramento Kings,137,+9,-110,+10.5,-108,+10.5,-115,+10.5,-110,+10.5,-105,+10.5,-112,+10.5,-108,-9,-110,-10.5,-112,-10.5,-105,-10.5,-110,-10.5,-115,-10.5,-109,-10.5,-112
Sun Nov 20 2022,Charlotte Hornets,102,Washington Wizards,106,+6,-110,+5,-114,+4.5,-105,+4.5,-110,+4.5,-105,+5,-109,+5,-114,-6,-110,-5,-106,-4.5,-115,-4.5,-110,-4.5,-115,-5,-112,-5,-106
Sun Nov 20 2022,Memphis Grizzlies,115,Brooklyn Nets,127,+8,-110,+7.5,-110,+7.5,-110,+7.5,-110,+7.5,-110,+7.5,-109,+7.5,-110,-8,-110,-7.5,-110,-7.5,-110,-7.5,-110,-7.5,-110,-7.5,-112,-7.5,-110
Sun Nov 20 2022,Miami Heat,87,Cleveland Cavaliers,113,+9.5,-110,+7.5,-114,+7.5,-110,+7,-110,+7.5,-115,+7.5,-110,+7,-108,-9.5,-110,-7.5,-106,-7.5,-110,-7,-110,-7.5,-105,-7.5,-110,-7,-112
Sun Nov 20 2022,Golden State Warriors,127,Houston Rockets,120,-9.5,-110,-10.5,-110,-10.5,-115,-10.5,-110,-10.5,-110,-10.5,-109,-10.5,-110,+9.5,-110,+10.5,-110,+10.5,-105,+10.5,-110,+10.5,-110,+10.5,-112,+10.5,-110
Sun Nov 20 2022,Denver Nuggets,98,Dallas Mavericks,97,+10,-112,+10.5,-110,+10.5,-115,+10.5,-110,+10,-105,+10.5,-110,+10.5,-110,-10,-108,-10.5,-110,-10.5,-105,-10.5,-110,-10,-115,-10.5,-110,-10.5,-110
Sun Nov 20 2022,San Antonio Spurs,92,Los Angeles Lakers,123,+7,-110,+6.5,-110,+6.5,-110,+6,-110,+6.5,-115,+6.5,-112,+6.5,-110,-7,-110,-6.5,-110,-6.5,-110,-6,-110,-6.5,-105,-6.5,-109,-6.5,-110
Mon Nov 21 2022,Atlanta Hawks,102,Cleveland Cavaliers,114,+2.5,-110,+3.5,-110,+3.5,-115,+3.5,-110,+3.5,-110,+3.5,-110,-2.5,-110,-3.5,-110,-3.5,-105,-3.5,-110,-3.5,-110,-3.5,-110,,,,
Mon Nov 21 2022,Orlando Magic,102,Indiana Pacers,123,N/A,+7,-110,+7.5,-115,+7,-110,+7,-105,+7,-110,N/A,-7,-110,-7.5,-105,-7,-110,-7,-115,-7,-110,,,,,,
Mon Nov 21 2022,Boston Celtics,107,Chicago Bulls,121,N/A,-5.5,-108,-5.5,-115,-5.5,-110,-5.5,-110,-5.5,-108,N/A,+5.5,-112,+5.5,-105,+5.5,-110,+5.5,-110,+5.5,-112,,,,,,
Mon Nov 21 2022,Portland Trail Blazers,111,Milwaukee Bucks,119,N/A,+10,-110,+9.5,-110,+9.5,-110,+10,-115,+10,-110,N/A,-10,-110,-9.5,-110,-9.5,-110,-10,-105,-10,-110,,,,,,
Mon Nov 21 2022,Miami Heat,101,Minnesota Timberwolves,105,N/A,+8.5,-108,+8.5,-110,+8.5,-110,+8.5,-110,+8.5,-108,N/A,-8.5,-112,-8.5,-110,-8.5,-110,-8.5,-110,-8.5,-112,,,,,,
Mon Nov 21 2022,Golden State Warriors,83,New Orleans Pelicans,128,N/A,+11,-110,+10.5,-105,+11,-110,+11,-110,+11,-110,N/A,-11,-110,-10.5,-115,-11,-110,-11,-110,-11,-110,,,,,,
Mon Nov 21 2022,New York Knicks,129,Oklahoma City Thunder,119,N/A,+2,-112,+1.5,-105,+1.5,-110,+1.5,-110,+2,-112,N/A,-2,-108,-1.5,-115,-1.5,-110,-1.5,-110,-2,-108,,,,,,
Mon Nov 21 2022,Utah Jazz,114,Los Angeles Clippers,121,+3.5,-108,+2,-108,+2.5,-110,+2.5,-110,+2.5,-110,+2,-108,-3.5,-112,-2,-112,-2.5,-110,-2.5,-110,-2.5,-110,-2,-112,,,,
Tue Nov 22 2022,Brooklyn Nets,106,Philadelphia 76ers,115,-7.5,-110,-8,-108,-7.5,-115,-7.5,-110,-7.5,-110,-8,-112,-8,-108,+7.5,-110,+8,-112,+7.5,-105,+7.5,-110,+7.5,-110,+8,-109,+8,-112
Tue Nov 22 2022,Sacramento Kings,113,Memphis Grizzlies,109,+1.5,-112,+3,-110,+3.5,-115,+3,-110,+2.5,-105,+3,-109,+3,-110,-1.5,-108,-3,-110,-3.5,-105,-3,-110,-2.5,-115,-3,-112,-3,-110
Tue Nov 22 2022,Detroit Pistons,110,Denver Nuggets,108,+6.5,-110,+11.5,-110,+11.5,-110,+12,-110,+12,-110,+11.5,-112,+11.5,-110,-6.5,-110,-11.5,-110,-11.5,-110,-12,-110,-12,-110,-11.5,-109,-11.5,-110
Tue Nov 22 2022,Los Angeles Lakers,105,Phoenix Suns,115,+7.5,-110,+9.5,-110,+9.5,-105,+9.5,-110,+9.5,-110,+10,-114,+9.5,-110,-7.5,-110,-9.5,-110,-9.5,-115,-9.5,-110,-9.5,-110,-10,-107,-9.5,-110
Wed Nov 23 2022,Philadelphia 76ers,101,Charlotte Hornets,107,+3,-110,+4,-106,+4.5,-115,+4,-110,+4,-110,+4.5,-110,+4,-106,-3,-110,-4,-114,-4.5,-105,-4,-110,-4,-110,-4.5,-110,-4,-114
Wed Nov 23 2022,Portland Trail Blazers,96,Cleveland Cavaliers,114,+8.5,-110,+7,-114,+7.5,-115,+7.5,-110,+7,-110,+7.5,-112,+7,-114,-8.5,-110,-7,-106,-7.5,-105,-7.5,-110,-7,-110,-7.5,-109,-7,-106
Wed Nov 23 2022,Minnesota Timberwolves,115,Indiana Pacers,101,-1,-110,-1.5,-114,-1.5,-110,-2,-110,-2,-110,-1.5,-110,-1.5,-114,+1,-110,+1.5,-106,+1.5,-110,+2,-110,+2,-110,+1.5,-110,+1.5,-106
Wed Nov 23 2022,Sacramento Kings,106,Atlanta Hawks,115,+6,-110,+4.5,-110,+4.5,-110,+4.5,-110,+4.5,-105,+4.5,-108,+4.5,-110,-6,-110,-4.5,-110,-4.5,-110,-4.5,-110,-4.5,-115,-4.5,-113,-4.5,-110
Wed Nov 23 2022,Dallas Mavericks,112,Boston Celtics,125,+6.5,-110,+6,-114,+5.5,-105,+6,-110,+6,-115,+6,-109,+6,-114,-6.5,-110,-6,-106,-5.5,-115,-6,-110,-6,-105,-6,-112,-6,-106
Wed Nov 23 2022,Washington Wizards,105,Miami Heat,113,+3,-110,+5,-110,+5.5,-115,+5,-110,+5,-110,+5,-108,+5,-110,-3,-110,-5,-110,-5.5,-105,-5,-110,-5,-110,-5,-113,-5,-110
Wed Nov 23 2022,Brooklyn Nets,112,Toronto Raptors,98,+1.5,-110,-2.5,-110,-2.5,-115,-2.5,-110,-2.5,-110,-2.5,-112,-2.5,-110,-1.5,-110,+2.5,-112,+2.5,-105,+2.5,-110,+2.5,-110,+2.5,-109,+2.5,-112
Wed Nov 23 2022,Chicago Bulls,118,Milwaukee Bucks,113,+7.5,-114,+7.5,-110,+7.5,-115,+7,-110,+7,-105,+7,-112,+7.5,-110,-7.5,-106,-7.5,-110,-7.5,-105,-7,-110,-7,-115,-7,-109,-7.5,-110
Wed Nov 23 2022,Denver Nuggets,131,Oklahoma City Thunder,126,-2,-110,-1,-110,+1.5,-115,+1,-115,+1,-115,-1,-113,-1,-110,+2,-110,+1,-110,-1.5,-105,-1,-105,-1,-105,+1,-108,+1,-110
Wed Nov 23 2022,New Orleans Pelicans,129,San Antonio Spurs,110,-7,-108,-5.5,-110,-5.5,-105,-5.5,-110,-5.5,-105,-5.5,-112,-5.5,-110,+7,-112,+5.5,-110,+5.5,-115,+5.5,-110,+5.5,-115,+5.5,-109,+5.5,-110
Wed Nov 23 2022,Detroit Pistons,125,Utah Jazz,116,+11,-110,+11.5,-110,+11.5,-105,+12,-110,+11.5,-110,+12,-108,+11.5,-110,-11,-110,-11.5,-110,-11.5,-115,-12,-110,-11.5,-110,-12,-113,-11.5,-110
Wed Nov 23 2022,Los Angeles Clippers,107,Golden State Warriors,124,+6,-110,+10,-106,+10.5,-115,+10.5,-110,+10,-110,+10,-107,+10,-106,-6,-110,-10,-114,-10.5,-105,-10.5,-110,-10,-110,-10,-114,-10,-114
Fri Nov 25 2022,Minnesota Timberwolves,108,Charlotte Hornets,110,N/A,-6.5,-108,-6.5,-105,-7,-110,-6.5,-105,-6.5,-108,N/A,+6.5,-112,+6.5,-115,+7,-110,+6.5,-115,+6.5,-112,,,,,,
Fri Nov 25 2022,Philadelphia 76ers,107,Orlando Magic,99,N/A,+2,-114,+1.5,-115,+1.5,-110,+1.5,-110,+2,-114,N/A,-2,-106,-1.5,-105,-1.5,-110,-1.5,-110,-2,-106,,,,,,
Fri Nov 25 2022,Portland Trail Blazers,132,New York Knicks,129,N/A,+4,-108,+4.5,-115,+4,-110,+4,-110,+4,-108,N/A,-4,-112,-4.5,-105,-4,-110,-4,-110,-4,-112,,,,,,
Fri Nov 25 2022,Sacramento Kings,104,Boston Celtics,122,+8.5,-110,+7.5,-112,+7.5,-115,+7,-110,+7.5,-115,+7.5,-112,-8.5,-110,-7.5,-108,-7.5,-105,-7,-110,-7.5,-105,-7.5,-108,,,,
Fri Nov 25 2022,Atlanta Hawks,122,Houston Rockets,128,N/A,-7,-112,-7.5,-105,-7,-110,-7,-110,-7,-112,N/A,+7,-108,+7.5,-115,+7,-110,+7,-110,+7,-108,,,,,,
Fri Nov 25 2022,Brooklyn Nets,117,Indiana Pacers,128,N/A,-3.5,-114,-3.5,-110,-3.5,-110,-4,-105,-3.5,-114,N/A,+3.5,-106,+3.5,-110,+3.5,-110,+4,-115,+3.5,-106,,,,,,
Fri Nov 25 2022,New Orleans Pelicans,111,Memphis Grizzlies,132,N/A,+2.5,-110,+2.5,-110,+2.5,-110,+2.5,-115,+2.5,-110,N/A,-2.5,-110,-2.5,-110,-2.5,-110,-2.5,-105,-2.5,-110,,,,,,
Fri Nov 25 2022,Washington Wizards,107,Miami Heat,110,N/A,+3,-110,+3.5,-115,+3,-110,+3,-110,+3,-110,N/A,-3,-110,-3.5,-105,-3,-110,-3,-110,-3,-110,,,,,,
Fri Nov 25 2022,Cleveland Cavaliers,102,Milwaukee Bucks,117,+3.5,-110,+4,-110,+4.5,-110,+4,-110,+4,-110,+4,-110,-3.5,-110,-4,-110,-4.5,-110,-4,-110,-4,-110,-4,-110,,,,
Fri Nov 25 2022,Chicago Bulls,119,Oklahoma City Thunder,123,N/A,-3,-110,-3.5,-105,-3,-110,-3,-110,-3,-110,N/A,+3,-110,+3.5,-115,+3,-110,+3,-110,+3,-110,,,,,,
Fri Nov 25 2022,Los Angeles Lakers,105,San Antonio Spurs,94,N/A,-4,-110,-3.5,-110,-4,-110,-4,-110,-4,-110,N/A,+4,-110,+3.5,-110,+4,-110,+4,-110,+4,-110,,,,,,
Fri Nov 25 2022,Detroit Pistons,102,Phoenix Suns,108,N/A,+12.5,-110,+12.5,-110,+12,-110,+12,-110,+12.5,-110,N/A,-12.5,-110,-12.5,-110,-12,-110,-12,-110,-12.5,-110,,,,,,
Fri Nov 25 2022,Utah Jazz,118,Golden State Warriors,129,N/A,+8,-110,+7.5,-110,+8,-110,+8,-110,+8,-110,N/A,-8,-110,-7.5,-110,-8,-110,-8,-110,-8,-110,,,,,,
Fri Nov 25 2022,Denver Nuggets,114,Los Angeles Clippers,104,-1.5,-110,-4,-112,-4.5,-110,-4,-110,-4,-115,-4,-112,+1.5,-110,+4,-108,+4.5,-110,+4,-110,+4,-105,+4,-108,,,,
Sat Nov 26 2022,Dallas Mavericks,100,Toronto Raptors,105,-2.5,-110,-2.5,-114,-2.5,-110,-2.5,-110,-2.5,-115,-2.5,-110,-2.5,-114,+2.5,-110,+2.5,-108,+2.5,-110,+2.5,-110,+2.5,-105,+2.5,-110,+2.5,-108
Sat Nov 26 2022,Oklahoma City Thunder,105,Houston Rockets,118,-2.5,-110,-2,-110,-1.5,-115,-2,-110,-1.5,-110,-2,-113,-2,-110,+2.5,-110,+2,-110,+1.5,-105,+2,-110,+1.5,-110,+2,-108,+2,-110
Sat Nov 26 2022,Los Angeles Lakers,143,San Antonio Spurs,138,-4,-110,+1,-110,+1.5,-115,PK,-110,PK,even,+0.5,-108,+1,-110,+4,-110,-1,-110,-1.5,-105,PK,-110,PK,-120,-0.5,-113,-1,-110
Sat Nov 26 2022,Utah Jazz,112,Phoenix Suns,113,+7,-110,+6.5,-110,+5.5,-105,+6.5,-110,+6,-110,+6.5,-110,+6.5,-110,-7,-110,-6.5,-110,-5.5,-115,-6.5,-110,-6,-110,-6.5,-110,-6.5,-110
Sun Nov 27 2022,Portland Trail Blazers,97,Brooklyn Nets,111,+5.5,-110,+8,-110,+8.5,-115,+8,-110,+7.5,-110,+8,-110,+8,-110,-5.5,-110,-8,-110,-8.5,-105,-8,-110,-7.5,-110,-8,-110,-8,-110
Sun Nov 27 2022,Golden State Warriors,137,Minnesota Timberwolves,114,-1,-112,-1.5,-108,-1.5,-105,PK,-110,-1,-110,-2,-110,-1.5,-112,+1,-108,+1.5,-112,+1.5,-115,PK,-110,+1,-110,+2,-110,+1.5,-108
Sun Nov 27 2022,Indiana Pacers,100,Los Angeles Clippers,114,+1,-110,-2,-108,-2.5,-105,-2,-110,-2,-110,-2,-109,-2,-108,-1,-110,+2,-112,+2.5,-115,+2,-110,+2,-110,+2,-112,+2,-112
Sun Nov 27 2022,Miami Heat,106,Atlanta Hawks,98,+5.5,-112,+4,-114,+3.5,-105,+3.5,-110,+4,-115,+4,-109,+4,-110,-5.5,-108,-4,-106,-3.5,-115,-3.5,-110,-4,-105,-4,-112,-4,-110
Sun Nov 27 2022,Washington Wizards,121,Boston Celtics,130,+6,-110,+8,-110,+8.5,-110,+8,-110,+8,-110,+8.5,-108,+8,-110,-6,-110,-8,-110,-8.5,-110,-8,-110,-8,-110,-8.5,-113,-8,-110
Sun Nov 27 2022,Cleveland Cavaliers,102,Detroit Pistons,94,-6.5,-110,-8,-108,-7.5,-110,-7.5,-110,-8,-110,-7,-114,-8,-108,+6.5,-110,+8,-112,+7.5,-110,+7.5,-110,+8,-110,+7,-107,+8,-112
Sun Nov 27 2022,Memphis Grizzlies,127,New York Knicks,123,-4,-110,-1.5,-112,-1.5,-110,-1.5,-110,-1,-110,-2,-108,-1.5,-112,+4,-110,+1.5,-108,+1.5,-110,+1.5,-110,+1,-110,+2,-113,+1.5,-108
Sun Nov 27 2022,Philadelphia 76ers,133,Orlando Magic,103,+3,-110,-1,-112,+1.5,-120,PK,-110,+1,-115,+0.5,-110,-1,-112,-3,-110,+1,-108,-1.5,even,PK,-110,-1,-105,-0.5,-110,+1,-108
Sun Nov 27 2022,Dallas Mavericks,115,Milwaukee Bucks,124,+6,-110,+6,-110,+5.5,-110,+5.5,-110,+6,-110,+6.5,-109,+6,-110,-6,-110,-6,-110,-5.5,-110,-5.5,-110,-6,-110,-6.5,-112,-6,-110
Mon Nov 28 2022,Atlanta Hawks,101,Philadelphia 76ers,104,N/A,+2.5,-106,+3.5,-115,+2.5,-110,+3,-110,+2.5,-106,N/A,-2.5,-114,-3.5,-105,-2.5,-110,-3,-110,-2.5,-114,,,,,,
Mon Nov 28 2022,Minnesota Timberwolves,127,Washington Wizards,142,N/A,+1,-112,-1.5,even,+1,-110,+1,-115,+1,-112,N/A,-1,-108,+1.5,-120,-1,-110,-1,-105,-1,-108,,,,,,
Mon Nov 28 2022,Charlotte Hornets,105,Boston Celtics,140,+11.5,-110,+11,-110,+11.5,-115,+11,-110,+11,-110,+11,-110,-11.5,-110,-11,-110,-11.5,-105,-11,-110,-11,-110,-11,-110,,,,
Mon Nov 28 2022,Orlando Magic,102,Brooklyn Nets,109,N/A,+11.5,-110,+11.5,-110,+12,-110,+12,-110,+11.5,-110,N/A,-11.5,-110,-11.5,-110,-12,-110,-12,-110,-11.5,-110,,,,,,
Mon Nov 28 2022,Cleveland Cavaliers,88,Toronto Raptors,100,N/A,+5,-110,+4.5,-110,+5,-110,+5,-110,+5,-110,N/A,-5,-110,-4.5,-110,-5,-110,-5,-110,-5,-110,,,,,,
Mon Nov 28 2022,Oklahoma City Thunder,101,New Orleans Pelicans,105,N/A,+5,-108,+5.5,-110,+5.5,-110,+5.5,-105,+5,-108,N/A,-5,-112,-5.5,-110,-5.5,-110,-5.5,-115,-5,-112,,,,,,
Mon Nov 28 2022,Houston Rockets,113,Denver Nuggets,129,N/A,+11,-108,+11.5,-115,+11,-110,+11,-110,+11,-108,N/A,-11,-112,-11.5,-105,-11,-110,-11,-110,-11,-112,,,,,,
Mon Nov 28 2022,Chicago Bulls,114,Utah Jazz,107,N/A,+2,-110,+2.5,-115,+2,-110,+2.5,-115,+2,-110,N/A,-2,-110,-2.5,-105,-2,-110,-2.5,-105,-2,-110,,,,,,
Mon Nov 28 2022,Phoenix Suns,122,Sacramento Kings,117,N/A,-1,-110,-1.5,even,+1,-110,+1,-115,-1,-110,N/A,+1,-110,+1.5,-120,-1,-110,-1,-105,+1,-110,,,,,,
Mon Nov 28 2022,Indiana Pacers,116,Los Angeles Lakers,115,N/A,+3.5,-110,+3.5,-110,+3.5,-110,+3.5,-105,+3.5,-110,N/A,-3.5,-110,-3.5,-110,-3.5,-110,-3.5,-115,-3.5,-110,,,,,,
Tue Nov 29 2022,New York Knicks,140,Detroit Pistons,110,N/A,-4.5,-108,-3.5,-115,-4,-110,-4,-110,-4.5,-108,N/A,+4.5,-112,+3.5,-105,+4,-110,+4,-110,+4.5,-112,,,,,,
Tue Nov 29 2022,Golden State Warriors,113,Dallas Mavericks,116,N/A,+1,-108,+1.5,-115,+1,-110,+1,-110,+1,-108,N/A,-1,-112,-1.5,-105,-1,-110,-1,-110,-1,-112,,,,,,
Tue Nov 29 2022,Los Angeles Clippers,118,Portland Trail Blazers,112,+3.5,-110,+4,-108,+4.5,-115,+4,-110,+4,-110,+4,-108,-3.5,-110,-4,-112,-4.5,-105,-4,-110,-4,-110,-4,-112,,,,
Wed Nov 30 2022,Philadelphia 76ers,85,Cleveland Cavaliers,113,+4,-106,+4,-112,+3.5,-110,+4,-110,+3.5,-105,+3.5,-112,+4,-112,-4,-114,-4,-108,-3.5,-110,-4,-110,-3.5,-115,-3.5,-109,-4,-108
Wed Nov 30 2022,Atlanta Hawks,125,Orlando Magic,108,-6,-110,-6.5,-112,-6.5,-105,-7,-110,-6.5,-115,-6.5,-113,-6.5,-112,+6,-110,+6.5,-108,+6.5,-115,+7,-110,+6.5,-105,+6.5,-108,+6.5,-108
Wed Nov 30 2022,Miami Heat,121,Boston Celtics,134,+8,-110,+9.5,-110,+9.5,-110,+9.5,-110,+9.5,-110,+9.5,-110,+9.5,-110,-8,-110,-9.5,-110,-9.5,-110,-9.5,-110,-9.5,-110,-9.5,-110,-9.5,-110
Wed Nov 30 2022,Washington Wizards,107,Brooklyn Nets,113,+6,-110,+5.5,-106,+5.5,-110,+5.5,-110,+6,-115,+5.5,-109,+5.5,-106,-6,-110,-5.5,-114,-5.5,-110,-5.5,-110,-6,-105,-5.5,-112,-5.5,-114
Wed Nov 30 2022,Milwaukee Bucks,109,New York Knicks,103,-5.5,-110,-6,-110,-5.5,-115,-6,-110,-6,-110,-6,-113,-6,-110,+5.5,-110,+6,-110,+5.5,-105,+6,-110,+6,-110,+6,-108,+6,-110
Wed Nov 30 2022,Memphis Grizzlies,101,Minnesota Timberwolves,109,-3.5,-110,-3,-110,-2.5,-110,-2.5,-110,-3,-110,-3,-112,-3,-110,+3.5,-110,+3,-110,+2.5,-110,+2.5,-110,+3,-110,+3,-109,+3,-110
Wed Nov 30 2022,Toronto Raptors,108,New Orleans Pelicans,126,+1,-108,-2.5,-112,-2.5,-110,-2.5,-110,-2.5,-110,-2.5,-110,-2.5,-112,-1,-112,+2.5,-108,+2.5,-110,+2.5,-110,+2.5,-110,+2.5,-110,+2.5,-108
Wed Nov 30 2022,San Antonio Spurs,111,Oklahoma City Thunder,119,+6,-110,+3,-110,+3.5,-115,+3,-110,+3,-115,+3,-112,+3,-110,-6,-110,-3,-110,-3.5,-105,-3,-110,-3,-105,-3,-109,-3,-110
Wed Nov 30 2022,Houston Rockets,100,Denver Nuggets,120,+11.5,-110,+11,-108,+11.5,-110,+11.5,-110,+11,-110,+11,-110,+11,-108,-11.5,-110,-11,-112,-11.5,-110,-11.5,-110,-11,-110,-11,-110,-11,-112
Wed Nov 30 2022,Chicago Bulls,113,Phoenix Suns,132,+5,-110,+6,-112,+5.5,-110,+5.5,-110,+5.5,-110,+5.5,-109,+6,-112,-5,-110,-6,-108,-5.5,-110,-5.5,-110,-5.5,-110,-5.5,-112,-6,-108
Wed Nov 30 2022,Los Angeles Clippers,112,Utah Jazz,125,+6.5,-112,+7.5,-110,+7.5,-110,+8,-110,+7,-105,+7.5,-110,+7.5,-110,-6.5,-110,-7.5,-110,-7.5,-110,-8,-110,-7,-115,-7.5,-110,-7.5,-110
Wed Nov 30 2022,Indiana Pacers,114,Sacramento Kings,137,+4.5,-110,+4.5,-110,+4.5,-110,+4.5,-110,+4.5,-105,+4.5,-107,+4.5,-110,-4.5,-110,-4.5,-110,-4.5,-110,-4.5,-110,-4.5,-115,-4.5,-114,-4.5,-110
Wed Nov 30 2022,Portland Trail Blazers,109,Los Angeles Lakers,128,+5.5,-110,+6,-110,+5.5,-105,+6,-110,+6,-105,+6,-112,+6,-110,-5.5,-110,-6,-110,-5.5,-115,-6,-110,-6,-115,-6,-109,-6,-110
Thu Dec 1 2022,Dallas Mavericks,125,Detroit Pistons,131,-7,-110,-8,-110,-7.5,-115,-8.5,-110,-8,-110,-8,-109,-8,-110,+7,-110,+8,-110,+7.5,-105,+8.5,-110,+8,-110,+8,-112,+8,-110
Fri Dec 2 2022,Washington Wizards,116,Charlotte Hornets,117,-3,-110,-4,-110,-4.5,-105,-4.5,-110,-4,-110,-3.5,-114,-4,-110,+3,-110,+4,-110,+4.5,-115,+4.5,-110,+4,-110,+3.5,-107,+4,-110
Fri Dec 2 2022,Denver Nuggets,109,Atlanta Hawks,117,+1.5,-110,-5,-110,-4.5,-115,-4.5,-110,-5,-110,-5,-110,-5,-110,-1.5,-112,+5,-110,+4.5,-105,+4.5,-110,+5,-110,+5,-110,+5,-110
Fri Dec 2 2022,Miami Heat,120,Boston Celtics,116,+8.5,-110,+7,-110,+7.5,-115,+7,-110,+7,-110,+7,-112,+7,-110,-8.5,-110,-7,-110,-7.5,-105,-7,-110,-7,-110,-7,-109,-7,-110
Fri Dec 2 2022,Toronto Raptors,105,Brooklyn Nets,114,+2.5,-110,+1.5,-110,+1.5,-110,+1.5,-110,+1.5,-110,+1.5,-109,+1.5,-110,-2.5,-110,-1.5,-110,-1.5,-110,-1.5,-110,-1.5,-110,-1.5,-112,-1.5,-110
Fri Dec 2 2022,Orlando Magic,96,Cleveland Cavaliers,107,+10.5,-110,+11,-110,+10.5,-110,+11,-110,+10.5,-105,+10.5,-108,+11,-110,-10.5,-110,-11,-110,-10.5,-110,-11,-110,-10.5,-115,-10.5,-113,-11,-110
Fri Dec 2 2022,Los Angeles Lakers,133,Milwaukee Bucks,129,+8,-110,+8.5,-108,+9.5,-115,+8,-110,+8.5,-105,+8,-110,+8.5,-108,-8,-110,-8.5,-112,-9.5,-105,-8,-110,-8.5,-115,-8,-110,-8.5,-112
Fri Dec 2 2022,Philadelphia 76ers,109,Memphis Grizzlies,117,+5,-110,+4.5,-108,+4.5,-110,+4.5,-110,+4.5,-110,+5,-109,+4.5,-108,-5,-110,-4.5,-112,-4.5,-110,-4.5,-110,-4.5,-110,-5,-112,-4.5,-112
Fri Dec 2 2022,New Orleans Pelicans,117,San Antonio Spurs,99,-7,-110,-7.5,-110,-7.5,-105,-7.5,-110,-7,-110,-7,-112,-7.5,-110,+7,-110,+7.5,-110,+7.5,-115,+7.5,-110,+7,-110,+7,-109,+7.5,-110
Fri Dec 2 2022,Houston Rockets,122,Phoenix Suns,121,+12,-110,+11.5,-110,+11.5,-110,+12,-110,+11.5,-110,+11.5,-110,+11.5,-110,-12,-110,-11.5,-110,-11.5,-110,-12,-110,-11.5,-110,-11.5,-110,-11.5,-110
Fri Dec 2 2022,Indiana Pacers,119,Utah Jazz,139,+4.5,-110,+4,-110,+3.5,-110,+4,-110,+3.5,-105,+4,-108,+4,-110,-4.5,-110,-4,-110,-3.5,-110,-4,-110,-3.5,-115,-4,-113,-4,-110
Fri Dec 2 2022,Chicago Bulls,111,Golden State Warriors,119,+7,-110,+7.5,-110,+7.5,-115,+7,-110,+7,-105,+7,-113,+7.5,-110,-7,-110,-7.5,-110,-7.5,-105,-7,-110,-7,-115,-7,-108,-7.5,-110
Sat Dec 3 2022,Dallas Mavericks,121,New York Knicks,100,-1,-108,-1.5,-110,-1.5,-110,-1,-110,-1.5,-110,-1,-110,-1.5,-110,+1,-112,+1.5,-110,+1.5,-110,+1,-110,+1.5,-110,+1,-110,+1.5,-110
Sat Dec 3 2022,Sacramento Kings,123,Los Angeles Clippers,96,+1.5,-110,-4,-108,-3.5,-110,-3.5,-110,-4,-115,-3.5,-109,-4,-108,-1.5,-110,+4,-112,+3.5,-110,+3.5,-110,+4,-105,+3.5,-112,+4,-112
Sat Dec 3 2022,Milwaukee Bucks,105,Charlotte Hornets,96,-6,-110,-1.5,-114,-1.5,-110,-2,-110,-2,-105,-2,-112,-1.5,-114,+6,-110,+1.5,-106,+1.5,-110,+2,-110,+2,-115,+2,-109,+1.5,-106
Sat Dec 3 2022,Oklahoma City Thunder,135,Minnesota Timberwolves,128,+4,-108,+5,-105,+5.5,-110,+5.5,-110,+5.5,-110,+5,-112,+5,-105,-4,-112,-5,-115,-5.5,-110,-5.5,-110,-5.5,-110,-5,-109,-5,-115
Sat Dec 3 2022,Orlando Magic,108,Toronto Raptors,121,+9.5,-110,+11.5,-108,+11.5,-115,+11.5,-110,+11.5,-110,+11,-112,+11.5,-108,-9.5,-110,-11.5,-112,-11.5,-105,-11.5,-110,-11.5,-110,-11,-109,-11.5,-112
Sat Dec 3 2022,Houston Rockets,101,Golden State Warriors,120,+10.5,-110,+11.5,-110,+11.5,-115,+11.5,-110,+11.5,-110,+11,-113,+11.5,-110,-10.5,-110,-11.5,-110,-11.5,-105,-11.5,-110,-11.5,-110,-11,-108,-11.5,-110
Sat Dec 3 2022,Portland Trail Blazers,116,Utah Jazz,111,+4,-114,+5,-105,+5.5,-115,+5,-110,+5.5,-110,+5,-110,+5,-105,-4,-106,-5,-115,-5.5,-105,-5,-110,-5.5,-110,-5,-110,-5,-115
Sun Dec 4 2022,Denver Nuggets,106,New Orleans Pelicans,121,+0.5,-110,+2,-110,+1.5,-110,+2,-110,+1.5,-105,+2,-114,+2,-110,-0.5,-110,-2,-110,-1.5,-110,-2,-110,-1.5,-115,-2,-107,-2,-110
Sun Dec 4 2022,Phoenix Suns,133,San Antonio Spurs,95,-10,-108,-10,-110,-10.5,-105,-10,-110,-10,-110,-10,-109,-10,-110,+10,-112,+10,-110,+10.5,-115,+10,-110,+10,-110,+10,-112,+10,-110
Sun Dec 4 2022,Boston Celtics,103,Brooklyn Nets,92,-3,-110,-2.5,-106,-2.5,-110,-2.5,-105,-2.5,-105,-2.5,-110,-2.5,-106,+3,-110,+2.5,-114,+2.5,-110,+2.5,-115,+2.5,-115,+2.5,-110,+2.5,-114
Sun Dec 4 2022,Memphis Grizzlies,122,Detroit Pistons,112,-6.5,-106,-6.5,-114,-6.5,-115,-6.5,-110,-6.5,-110,-6.5,-109,-6.5,-114,+6.5,-114,+6.5,-106,+6.5,-105,+6.5,-110,+6.5,-110,+6.5,-112,+6.5,-106
Sun Dec 4 2022,Cleveland Cavaliers,81,New York Knicks,92,-3,-110,-3,-108,-2.5,-110,-2.5,-110,-2.5,-110,-2.5,-109,-3,-108,+3,-110,+3,-112,+2.5,-110,+2.5,-110,+2.5,-110,+2.5,-112,+3,-112
Sun Dec 4 2022,Chicago Bulls,101,Sacramento Kings,110,+2.5,-110,+3,-112,+2.5,-105,+3.5,-110,+3,-115,+3,-110,+3,-112,-2.5,-110,-3,-108,-2.5,-115,-3.5,-110,-3,-105,-3,-110,-3,-108
Sun Dec 4 2022,Los Angeles Lakers,130,Washington Wizards,119,+1.5,-110,+1.5,-112,+2.5,-115,+1.5,-110,+1,-105,+1.5,-112,+1.5,-112,-1.5,-110,-1.5,-108,-2.5,-105,-1.5,-110,-1,-115,-1.5,-109,-1.5,-108
Sun Dec 4 2022,Indiana Pacers,100,Portland Trail Blazers,116,+4,-110,+5.5,-110,+4.5,-105,+5,-110,+5,-105,+5,-110,+5.5,-110,-4,-110,-5.5,-110,-4.5,-115,-5,-110,-5,-115,-5,-110,-5.5,-110
Mon Dec 5 2022,Los Angeles Clippers,119,Charlotte Hornets,117,N/A,-6.5,-112,-6.5,-110,-6,-110,-6.5,-110,-6.5,-112,N/A,+6.5,-108,+6.5,-110,+6,-110,+6.5,-110,+6.5,-108,,,,,,
Mon Dec 5 2022,Milwaukee Bucks,109,Orlando Magic,102,-9,-110,-10.5,-112,-10.5,-110,-10.5,-110,-10.5,-110,-10.5,-112,+9,-110,+10.5,-108,+10.5,-110,+10.5,-110,+10.5,-110,+10.5,-108,,,,
Mon Dec 5 2022,Oklahoma City Thunder,121,Atlanta Hawks,114,N/A,+6.5,-110,+6.5,-115,+6.5,-110,+6.5,-110,+6.5,-110,N/A,-6.5,-110,-6.5,-105,-6.5,-110,-6.5,-110,-6.5,-110,,,,,,
Mon Dec 5 2022,Boston Celtics,116,Toronto Raptors,110,N/A,+1.5,-110,+1.5,-110,+2,-110,+1.5,-110,+1.5,-110,N/A,-1.5,-110,-1.5,-110,-2,-110,-1.5,-110,-1.5,-110,,,,,,
Mon Dec 5 2022,Philadelphia 76ers,123,Houston Rockets,132,N/A,-8,-108,-7.5,-110,-8,-110,-7.5,-115,-8,-108,N/A,+8,-112,+7.5,-110,+8,-110,+7.5,-105,+8,-112,,,,,,
Mon Dec 5 2022,Miami Heat,93,Memphis Grizzlies,101,N/A,-5.5,-106,-4.5,-120,-5,-110,-5.5,-105,-5.5,-106,N/A,+5.5,-114,+4.5,even,+5,-110,+5.5,-115,+5.5,-114,,,,,,
Mon Dec 5 2022,Phoenix Suns,111,Dallas Mavericks,130,+2.5,-110,+3.5,-112,+3.5,-115,+3,-110,+3,-105,+3.5,-112,-2.5,-110,-3.5,-108,-3.5,-105,-3,-110,-3,-115,-3.5,-108,,,,
Mon Dec 5 2022,Indiana Pacers,112,Golden State Warriors,104,N/A,+12.5,-108,+11.5,-105,+12,-110,+12.5,-110,+12.5,-108,N/A,-12.5,-112,-11.5,-115,-12,-110,-12.5,-110,-12.5,-112,,,,,,
Tue Dec 6 2022,Los Angeles Lakers,102,Cleveland Cavaliers,116,+4.5,-112,+5.5,-112,+5.5,-105,+6,-110,+6,-110,+6,-109,+5.5,-112,-4.5,-108,-5.5,-108,-5.5,-115,-6,-110,-6,-110,-6,-112,-5.5,-108
Tue Dec 6 2022,Detroit Pistons,116,Miami Heat,96,+8.5,-110,+7.5,-108,+7.5,-115,+7.5,-110,+7.5,-105,+7.5,-112,+7.5,-108,-8.5,-110,-7.5,-112,-7.5,-105,-7.5,-110,-7.5,-115,-7.5,-109,-7.5,-112
Tue Dec 6 2022,Dallas Mavericks,116,Denver Nuggets,115,+4.5,-110,+4.5,-108,+4.5,-105,+4,-110,+4,-105,+4.5,-110,+4.5,-108,-4.5,-110,-4.5,-112,-4.5,-115,-4,-110,-4,-115,-4.5,-110,-4.5,-112
Wed Dec 7 2022,Los Angeles Clippers,111,Orlando Magic,116,N/A,-6.5,-112,-6.5,-110,-6.5,-110,-6.5,-110,-6.5,-112,N/A,+6.5,-108,+6.5,-110,+6.5,-110,+6.5,-110,+6.5,-108,,,,,,
Wed Dec 7 2022,Charlotte Hornets,116,Brooklyn Nets,122,N/A,+10.5,-114,+10.5,-110,+10,-110,+10,-105,+10.5,-114,N/A,-10.5,-106,-10.5,-110,-10,-110,-10,-115,-10.5,-106,,,,,,
Wed Dec 7 2022,Atlanta Hawks,89,New York Knicks,113,N/A,+2,-110,+2.5,-110,+2.5,-110,+2,-105,+2,-110,N/A,-2,-110,-2.5,-110,-2.5,-110,-2,-115,-2,-110,,,,,,
Wed Dec 7 2022,Los Angeles Lakers,113,Toronto Raptors,126,N/A,+12.5,-114,+12.5,-110,+12.5,-110,+12,-105,+12.5,-114,N/A,-12.5,-106,-12.5,-110,-12.5,-110,-12,-115,-12.5,-106,,,,,,
Wed Dec 7 2022,Washington Wizards,111,Chicago Bulls,115,N/A,+5,-110,+5.5,-115,+5,-110,+5,-110,+5,-110,N/A,-5,-110,-5.5,-105,-5,-110,-5,-110,-5,-110,,,,,,
Wed Dec 7 2022,Oklahoma City Thunder,102,Memphis Grizzlies,123,N/A,+8.5,-110,+8.5,-115,+8.5,-115,+8.5,-110,+8.5,-110,N/A,-8.5,-110,-8.5,-105,-8.5,-105,-8.5,-110,-8.5,-110,,,,,,
Wed Dec 7 2022,Sacramento Kings,113,Milwaukee Bucks,126,N/A,+7,-112,+6.5,-110,+6.5,-110,+6.5,-110,+7,-112,N/A,-7,-108,-6.5,-110,-6.5,-110,-6.5,-110,-7,-108,,,,,,
Wed Dec 7 2022,Indiana Pacers,115,Minnesota Timberwolves,121,N/A,+4,-110,+4.5,-110,+4,-110,+4,-105,+4,-110,N/A,-4,-110,-4.5,-110,-4,-110,-4,-115,-4,-110,,,,,,
Wed Dec 7 2022,Detroit Pistons,98,New Orleans Pelicans,104,N/A,+11,-110,+10.5,-105,+11,-110,+11,-115,+11,-110,N/A,-11,-110,-10.5,-115,-11,-110,-11,-105,-11,-110,,,,,,
Wed Dec 7 2022,Golden State Warriors,123,Utah Jazz,124,N/A,+5.5,-110,+5.5,-110,+5.5,-110,+5.5,-110,+5.5,-110,N/A,-5.5,-110,-5.5,-110,-5.5,-110,-5.5,-110,-5.5,-110,,,,,,
Wed Dec 7 2022,Boston Celtics,125,Phoenix Suns,98,N/A,+2,-108,+1.5,-110,+2,-110,+2,-110,+2,-108,N/A,-2,-112,-1.5,-110,-2,-110,-2,-110,-2,-112,,,,,,
Thu Dec 8 2022,Los Angeles Clippers,110,Miami Heat,115,+4,-108,+6.5,-112,+6.5,-110,+6.5,-110,+6.5,-110,+6.5,-112,+6.5,-112,-4,-112,-6.5,-108,-6.5,-110,-6.5,-110,-6.5,-110,-6.5,-109,-6.5,-108
Thu Dec 8 2022,Houston Rockets,109,San Antonio Spurs,118,-2,-110,-2.5,-106,-1.5,-110,-2,-110,-2,-110,-1,-113,-2.5,-106,+2,-110,+2.5,-114,+1.5,-110,+2,-110,+2,-110,+1,-108,+2.5,-114
Thu Dec 8 2022,Denver Nuggets,121,Portland Trail Blazers,120,-0.5,-110,-1.5,-110,-1.5,-110,-2,-110,-1.5,-115,-2,-109,-1.5,-110,+0.5,-110,+1.5,-110,+1.5,-110,+2,-110,+1.5,-105,+2,-112,+1.5,-110
Fri Dec 9 2022,New York Knicks,121,Charlotte Hornets,102,-4,-110,-4,-110,-3.5,-115,-4,-110,-4,-110,-3,-114,-4,-110,+4,-110,+4,-110,+3.5,-105,+4,-110,+4,-110,+3,-107,+4,-110
Fri Dec 9 2022,Washington Wizards,111,Indiana Pacers,121,+5,-112,+4,-110,+4.5,-115,+4,-110,+4,-110,+4.5,-112,+4,-110,-5,-108,-4,-110,-4.5,-105,-4,-110,-4,-110,-4.5,-109,-4,-110
Fri Dec 9 2022,Toronto Raptors,109,Orlando Magic,113,-7.5,-110,-8,-110,-8.5,-110,-9,-110,-8,-110,-8.5,-107,-8,-110,+7.5,-110,+8,-110,+8.5,-110,+9,-110,+8,-110,+8.5,-114,+8,-110
Fri Dec 9 2022,Atlanta Hawks,116,Brooklyn Nets,120,+7.5,-108,+7.5,-110,+7.5,-110,+7.5,-110,+7.5,-105,+7,-107,+7.5,-110,-7.5,-112,-7.5,-110,-7.5,-110,-7.5,-110,-7.5,-115,-7,-114,-7.5,-110
Fri Dec 9 2022,Sacramento Kings,106,Cleveland Cavaliers,95,+6,-112,+3.5,-108,+3.5,-110,+3.5,-110,+3.5,-110,+3.5,-108,+3.5,-108,-6,-108,-3.5,-112,-3.5,-110,-3.5,-110,-3.5,-110,-3.5,-113,-3.5,-112
Fri Dec 9 2022,Los Angeles Lakers,122,Philadelphia 76ers,133,+3.5,-112,+5,-110,+4.5,-110,+5,-110,+5,-110,+4.5,-109,+5,-110,-3.5,-108,-5,-110,-4.5,-110,-5,-110,-5,-110,-4.5,-112,-5,-110
Fri Dec 9 2022,Detroit Pistons,103,Memphis Grizzlies,114,+10.5,-110,+10.5,-110,+10.5,-110,+11,-110,+11,-110,+11,-112,+10.5,-110,-10.5,-110,-10.5,-110,-10.5,-110,-11,-110,-11,-110,-11,-109,-10.5,-110
Fri Dec 9 2022,Phoenix Suns,117,New Orleans Pelicans,128,-1.5,-108,-1,-110,-1.5,-110,-1.5,-110,-1,-110,-1.5,-109,-1,-110,+1.5,-112,+1,-110,+1.5,-110,+1.5,-110,+1,-110,+1.5,-112,+1,-110
Fri Dec 9 2022,Minnesota Timberwolves,118,Utah Jazz,108,+2.5,-110,-0.5,-112,+1.5,-120,PK,-110,-1,-110,+0.5,-109,-0.5,-112,-2.5,-110,+0.5,-108,-1.5,even,PK,-110,+1,-110,-0.5,-112,+0.5,-108
Fri Dec 9 2022,Milwaukee Bucks,106,Dallas Mavericks,105,-1,-110,-1,-108,-1.5,-105,-1,-105,-1,-105,-1,-112,-1,-108,+1,-112,+1,-112,+1.5,-115,+1,-115,+1,-115,+1,-109,+1,-112
Sat Dec 10 2022,San Antonio Spurs,115,Miami Heat,111,+12,-110,+12,-110,+12.5,-115,+12,-110,+12,-105,+12,-113,+12,-110,-12,-110,-12,-110,-12.5,-105,-12,-110,-12,-115,-12,-108,-12,-110
Sat Dec 10 2022,Brooklyn Nets,136,Indiana Pacers,133,-3,-112,+8.5,-108,+8.5,-115,+8.5,-110,+8.5,-110,+8,-112,+8.5,-108,+3,-108,-8.5,-112,-8.5,-105,-8.5,-110,-8.5,-110,-8,-109,-8.5,-112
Sat Dec 10 2022,Los Angeles Clippers,114,Washington Wizards,107,-4,-108,-5,-110,-5.5,-110,-5,-110,-5,-105,-5,-113,-5,-110,+4,-112,+5,-110,+5.5,-110,+5,-110,+5,-115,+5,-108,+5,-110
Sat Dec 10 2022,Oklahoma City Thunder,102,Cleveland Cavaliers,110,+6.5,-112,+4.5,-108,+4.5,-110,+4.5,-110,+5,-115,+4.5,-109,+4.5,-108,-6.5,-108,-4.5,-112,-4.5,-110,-4.5,-110,-5,-105,-4.5,-112,-4.5,-112
Sat Dec 10 2022,Dallas Mavericks,115,Chicago Bulls,144,+1,-110,+5,-108,+5.5,-110,+5.5,-110,+5,-105,+5,-110,+5,-108,-1,-110,-5,-112,-5.5,-110,-5.5,-110,-5,-115,-5,-110,-5,-112
Sat Dec 10 2022,Boston Celtics,107,Golden State Warriors,123,-2,-110,-2.5,-112,-2.5,-110,-2.5,-110,-2.5,-110,-2.5,-110,-2.5,-112,+2,-110,+2.5,-108,+2.5,-110,+2.5,-110,+2.5,-110,+2.5,-110,+2.5,-108
Sat Dec 10 2022,Utah Jazz,110,Denver Nuggets,115,+6,-110,+11.5,-110,+11.5,-110,+11.5,-110,+11.5,-115,+11.5,-109,+11.5,-110,-6,-110,-11.5,-110,-11.5,-110,-11.5,-110,-11.5,-105,-11.5,-112,-11.5,-110
Sat Dec 10 2022,Minnesota Timberwolves,118,Portland Trail Blazers,124,+6,-110,+5.5,-112,+5.5,-110,+5.5,-110,+5,-110,+5.5,-112,+5.5,-112,-6,-110,-5.5,-108,-5.5,-110,-5.5,-110,-5,-110,-5.5,-109,-5.5,-108
Sun Dec 11 2022,Phoenix Suns,124,New Orleans Pelicans,129,+2,-110,+4,-112,+3.5,-105,+3.5,-110,+4,-115,+4,-112,+4,-112,-2,-110,-4,-108,-3.5,-115,-3.5,-110,-4,-105,-4,-109,-4,-108
Sun Dec 11 2022,Los Angeles Lakers,124,Detroit Pistons,117,-5,-112,-5.5,-108,-5.5,-110,-5,-110,-5,-115,-5.5,-109,-5.5,-108,+5,-108,+5.5,-112,+5.5,-110,+5,-110,+5,-105,+5.5,-112,+5.5,-112
Sun Dec 11 2022,Sacramento Kings,99,New York Knicks,112,+2,-110,+2.5,-110,+2.5,-110,+2.5,-110,+2.5,-110,+2.5,-113,+2.5,-110,-2,-110,-2.5,-110,-2.5,-110,-2.5,-110,-2.5,-110,-2.5,-108,-2.5,-110
Sun Dec 11 2022,Toronto Raptors,99,Orlando Magic,111,-6.5,-110,-7,-110,-6.5,-115,-6.5,-110,-7,-110,-6.5,-109,-7,-110,+6.5,-110,+7,-110,+6.5,-105,+6.5,-110,+7,-110,+6.5,-112,+7,-110
Sun Dec 11 2022,Charlotte Hornets,113,Philadelphia 76ers,131,+10.5,-108,+10.5,-110,+10.5,-110,+10.5,-110,+10.5,-105,+10.5,-113,+10.5,-110,-10.5,-112,-10.5,-110,-10.5,-110,-10.5,-110,-10.5,-115,-10.5,-108,-10.5,-110
Sun Dec 11 2022,Chicago Bulls,122,Atlanta Hawks,123,+3,-110,+3.5,-110,+3.5,-110,+3.5,-110,+3.5,-115,+3.5,-112,+3.5,-110,-3,-110,-3.5,-110,-3.5,-110,-3.5,-110,-3.5,-105,-3.5,-109,-3.5,-110
Sun Dec 11 2022,Milwaukee Bucks,92,Houston Rockets,97,-10,-110,-10,-110,-9.5,-115,-10,-110,-10,-110,-10,-107,-10,-110,+10,-110,+10,-110,+9.5,-105,+10,-110,+10,-110,+10,-114,+10,-110
Mon Dec 12 2022,Miami Heat,87,Indiana Pacers,82,N/A,-3.5,-110,-3.5,-110,-3.5,-110,-3.5,-110,-3.5,-110,N/A,+3.5,-110,+3.5,-110,+3.5,-110,+3.5,-110,+3.5,-110,,,,,,
Mon Dec 12 2022,Brooklyn Nets,112,Washington Wizards,100,N/A,-5.5,-108,-5.5,-110,-5.5,-110,-5.5,-110,-5.5,-108,N/A,+5.5,-112,+5.5,-110,+5.5,-110,+5.5,-110,+5.5,-112,,,,,,
Mon Dec 12 2022,Atlanta Hawks,103,Memphis Grizzlies,128,N/A,+9.5,-110,+9.5,-110,+9.5,-110,+9.5,-110,+9.5,-110,N/A,-9.5,-110,-9.5,-110,-9.5,-110,-9.5,-110,-9.5,-110,,,,,,
Mon Dec 12 2022,Oklahoma City Thunder,114,Dallas Mavericks,121,N/A,+8.5,-108,+8.5,-115,+8.5,-110,+9,-110,+8.5,-108,N/A,-8.5,-112,-8.5,-105,-8.5,-110,-9,-110,-8.5,-112,,,,,,
Mon Dec 12 2022,Cleveland Cavaliers,111,San Antonio Spurs,112,N/A,-9.5,-110,-9.5,-115,-9.5,-110,-9.5,-110,-9.5,-110,N/A,+9.5,-110,+9.5,-105,+9.5,-110,+9.5,-110,+9.5,-110,,,,,,
Mon Dec 12 2022,Minnesota Timberwolves,112,Portland Trail Blazers,133,N/A,+4,-110,+4.5,-115,+3.5,-110,+3.5,-105,+4,-110,N/A,-4,-110,-4.5,-105,-3.5,-110,-3.5,-115,-4,-110,,,,,,
Mon Dec 12 2022,Boston Celtics,93,Los Angeles Clippers,113,N/A,-4,-110,-4.5,-110,-4,-110,-4,-110,-4,-110,N/A,+4,-110,+4.5,-110,+4,-110,+4,-110,+4,-110,,,,,,
Tue Dec 13 2022,Sacramento Kings,103,Philadelphia 76ers,123,N/A,+4.5,-110,+4.5,-115,+4,-110,+4,-105,+4.5,-110,N/A,-4.5,-110,-4.5,-105,-4,-110,-4,-115,-4.5,-110,,,,,,
Tue Dec 13 2022,Golden State Warriors,111,Milwaukee Bucks,128,N/A,+3,-112,+2.5,-110,+2.5,-110,+2.5,-110,+3,-112,N/A,-3,-108,-2.5,-110,-2.5,-110,-2.5,-110,-3,-108,,,,,,
Tue Dec 13 2022,Phoenix Suns,97,Houston Rockets,111,N/A,-7,-112,-6.5,-110,-6.5,-110,-6.5,-115,-7,-112,N/A,+7,-108,+6.5,-110,+6.5,-110,+6.5,-105,+7,-108,,,,,,
Tue Dec 13 2022,New Orleans Pelicans,100,Utah Jazz,121,N/A,-2,-106,-2.5,-110,-2,-110,-2,-110,-2,-106,N/A,+2,-114,+2.5,-110,+2,-110,+2,-110,+2,-114,,,,,,
Tue Dec 13 2022,Boston Celtics,122,Los Angeles Lakers,118,N/A,-4,-112,-3.5,-115,-4,-110,-4,-110,-4,-112,N/A,+4,-108,+3.5,-105,+4,-110,+4,-110,+4,-108,,,,,,
Wed Dec 14 2022,Detroit Pistons,141,Charlotte Hornets,134,N/A,+4.5,-110,+4.5,-110,+4.5,-110,+4.5,-110,+4.5,-110,N/A,-4.5,-110,-4.5,-110,-4.5,-110,-4.5,-110,-4.5,-110,,,,,,
Wed Dec 14 2022,Golden State Warriors,119,Indiana Pacers,125,N/A,-1.5,-112,-1.5,-110,-1.5,-110,-1.5,-110,-1.5,-112,N/A,+1.5,-108,+1.5,-110,+1.5,-110,+1.5,-110,+1.5,-108,,,,,,
Wed Dec 14 2022,Atlanta Hawks,124,Orlando Magic,135,N/A,-3,-110,-2.5,-115,-3,-110,-3,-110,-3,-110,N/A,+3,-110,+2.5,-105,+3,-110,+3,-110,+3,-110,,,,,,
Wed Dec 14 2022,New York Knicks,128,Chicago Bulls,120,N/A,+3.5,-110,+3.5,-115,+3.5,-110,+3.5,-110,+3.5,-110,N/A,-3.5,-110,-3.5,-105,-3.5,-110,-3.5,-110,-3.5,-110,,,,,,
Wed Dec 14 2022,Sacramento Kings,124,Toronto Raptors,123,N/A,+5,-114,+5.5,-115,+5,-110,+5,-110,+5,-114,N/A,-5,-106,-5.5,-105,-5,-110,-5,-110,-5,-106,,,,,,
Wed Dec 14 2022,Miami Heat,110,Oklahoma City Thunder,108,N/A,-3,-106,-2.5,-110,-2.5,-110,-2.5,-115,-3,-106,N/A,+3,-114,+2.5,-110,+2.5,-110,+2.5,-105,+3,-114,,,,,,
Wed Dec 14 2022,Portland Trail Blazers,128,San Antonio Spurs,112,N/A,-7.5,-110,-7.5,-110,-7,-110,-7.5,-105,-7.5,-110,N/A,+7.5,-110,+7.5,-110,+7,-110,+7.5,-115,+7.5,-110,,,,,,
Wed Dec 14 2022,Cleveland Cavaliers,105,Dallas Mavericks,90,N/A,+2.5,-108,+2.5,-110,+2.5,-110,+2.5,-105,+2.5,-108,N/A,-2.5,-112,-2.5,-110,-2.5,-110,-2.5,-115,-2.5,-112,,,,,,
Wed Dec 14 2022,Washington Wizards,128,Denver Nuggets,141,N/A,+11.5,-110,+11.5,-110,+11.5,-110,+11.5,-115,+11.5,-110,N/A,-11.5,-110,-11.5,-110,-11.5,-110,-11.5,-105,-11.5,-110,,,,,,
Wed Dec 14 2022,Minnesota Timberwolves,88,Los Angeles Clippers,99,N/A,+7.5,-108,+7.5,-115,+7,-110,+7,-110,+7.5,-108,N/A,-7.5,-112,-7.5,-105,-7,-110,-7,-110,-7.5,-112,,,,,,
Thu Dec 15 2022,Miami Heat,111,Houston Rockets,108,N/A,-2.5,-112,-3.5,-105,-2.5,-110,-3,-105,-2.5,-112,N/A,+2.5,-108,+3.5,-115,+2.5,-110,+3,-115,+2.5,-108,,,,,,
Thu Dec 15 2022,Milwaukee Bucks,101,Memphis Grizzlies,142,N/A,+3,-106,+3.5,-110,+3.5,-110,+3,-110,+3,-106,N/A,-3,-114,-3.5,-110,-3.5,-110,-3,-110,-3,-114,,,,,,
Thu Dec 15 2022,New Orleans Pelicans,129,Utah Jazz,132,-1.5,-108,-1,-110,-1.5,-105,-1.5,-110,-1.5,-110,-1,-110,+1.5,-112,+1,-110,+1.5,-115,+1.5,-110,+1.5,-110,+1,-110,,,,
Thu Dec 15 2022,Phoenix Suns,111,Los Angeles Clippers,95,N/A,-6.5,-110,-6.5,-110,-6.5,-110,-6.5,-110,-6.5,-110,N/A,+6.5,-110,+6.5,-110,+6.5,-110,+6.5,-110,+6.5,-110,,,,,,
Fri Dec 16 2022,Atlanta Hawks,125,Charlotte Hornets,106,-1,-110,+2.5,-108,+2.5,-110,+2.5,-110,+2.5,-110,+2.5,-108,+2.5,-108,+1,-110,-2.5,-112,-2.5,-110,-2.5,-110,-2.5,-110,-2.5,-113,-2.5,-112
Fri Dec 16 2022,Sacramento Kings,122,Detroit Pistons,113,-5,-110,-6.5,-110,-6.5,-105,-6.5,-110,-6.5,-110,-6.5,-109,-6.5,-110,+5,-110,+6.5,-110,+6.5,-115,+6.5,-110,+6.5,-110,+6.5,-112,+6.5,-110
Fri Dec 16 2022,Orlando Magic,117,Boston Celtics,109,+13,-110,+13,-108,+13.5,-110,+13,-110,+13,-110,+13,-112,+13,-108,-13,-110,-13,-112,-13.5,-110,-13,-110,-13,-110,-13,-109,-13,-112
Fri Dec 16 2022,Indiana Pacers,112,Cleveland Cavaliers,118,+7.5,-108,+8,-110,+8.5,-115,+7.5,-110,+8,-110,+8,-110,+8,-110,-7.5,-112,-8,-110,-8.5,-105,-7.5,-110,-8,-110,-8,-110,-8,-110
Fri Dec 16 2022,Golden State Warriors,106,Philadelphia 76ers,118,+8,-108,+9,-110,+8.5,-110,+8.5,-110,+8.5,-110,+9,-114,+9,-110,-8,-112,-9,-110,-8.5,-110,-8.5,-110,-8.5,-110,-9,-107,-9,-110
Fri Dec 16 2022,Brooklyn Nets,119,Toronto Raptors,116,-1.5,-108,-1,-112,-1.5,-105,PK,-115,-1.5,-110,+0.5,-113,-1,-112,+1.5,-112,+1,-108,+1.5,-115,PK,-105,+1.5,-110,-0.5,-108,+1,-108
Fri Dec 16 2022,New York Knicks,114,Chicago Bulls,91,+3,-112,+3,-108,+2.5,-110,+3,-110,+3,-110,+2.5,-112,+3,-108,-3,-108,-3,-112,-2.5,-110,-3,-110,-3,-110,-2.5,-109,-3,-112
Fri Dec 16 2022,Minnesota Timberwolves,112,Oklahoma City Thunder,110,+1.5,-110,+4.5,-108,+4.5,-110,+4.5,-110,+5,-110,+4.5,-112,+4.5,-108,-1.5,-110,-4.5,-112,-4.5,-110,-4.5,-110,-5,-110,-4.5,-109,-4.5,-112
Fri Dec 16 2022,Portland Trail Blazers,110,Dallas Mavericks,130,+3.5,-108,+4,-112,+4.5,-115,+3.5,-110,+4,-110,+4.5,-114,+4,-112,-3.5,-112,-4,-108,-4.5,-105,-3.5,-110,-4,-110,-4.5,-107,-4,-108
Fri Dec 16 2022,Denver Nuggets,108,Los Angeles Lakers,126,-1.5,-110,-2,-112,-1.5,-115,-1.5,-110,-1.5,-110,-1.5,-114,-2,-112,+1.5,-110,+2,-108,+1.5,-105,+1.5,-110,+1.5,-110,+1.5,-107,+2,-108
Sat Dec 17 2022,Washington Wizards,93,Los Angeles Clippers,102,+6.5,-110,+5,-110,+5.5,-115,+5.5,-110,+5,-115,+5.5,-113,+5,-110,-6.5,-110,-5,-110,-5.5,-105,-5.5,-110,-5,-105,-5.5,-108,-5,-110
Sat Dec 17 2022,Miami Heat,111,San Antonio Spurs,101,-8,-110,-8,-110,-7.5,-115,-8,-110,-8,-105,-8,-112,-8,-110,+8,-110,+8,-110,+7.5,-105,+8,-110,+8,-115,+8,-109,+8,-110
Sat Dec 17 2022,Dallas Mavericks,99,Cleveland Cavaliers,100,+4,-108,+9,-114,+8.5,-110,+8.5,-110,+9,-115,+8.5,-109,+9,-114,-4,-112,-9,-106,-8.5,-110,-8.5,-110,-9,-105,-8.5,-112,-9,-106
Sat Dec 17 2022,Portland Trail Blazers,107,Houston Rockets,95,-4,-106,-3,-114,-3.5,-105,-3.5,-110,-3,-110,-3.5,-107,-3,-114,+4,-114,+3,-106,+3.5,-115,+3.5,-110,+3,-110,+3.5,-114,+3,-106
Sat Dec 17 2022,Utah Jazz,97,Milwaukee Bucks,123,+7,-108,+2,-108,+2.5,-115,+2,-110,+2,-105,+2.5,-113,+2,-108,-7,-112,-2,-112,-2.5,-105,-2,-110,-2,-115,-2.5,-108,-2,-112
Sat Dec 17 2022,Memphis Grizzlies,109,Oklahoma City Thunder,115,-7,-108,-11,-114,-10.5,-115,-11,-110,-11,-110,-11,-110,-11,-114,+7,-112,+11,-106,+10.5,-105,+11,-110,+11,-110,+11,-110,+11,-106
Sat Dec 17 2022,New Orleans Pelicans,114,Phoenix Suns,118,+4,-110,+3,-112,+3.5,-115,+3,-110,+3,-110,+3,-112,+3,-112,-4,-110,-3,-108,-3.5,-105,-3,-110,-3,-110,-3,-109,-3,-108
Sun Dec 18 2022,Orlando Magic,95,Boston Celtics,92,+10,-110,+11,-110,+10.5,-105,+10.5,-110,+10.5,-110,+10,-107,+11,-110,-10,-110,-11,-110,-10.5,-115,-10.5,-110,-10.5,-110,-10,-114,-11,-110
Sun Dec 18 2022,New York Knicks,109,Indiana Pacers,106,+0.5,-108,-1,-112,-1.5,even,-1,-110,+1,-115,+0.5,-108,-1,-110,-0.5,-112,+1,-110,+1.5,-120,+1,-110,-1,-105,-0.5,-113,+1,-110
Sun Dec 18 2022,Brooklyn Nets,124,Detroit Pistons,121,-7,-112,-8.5,-106,-8.5,-110,-8.5,-110,-8.5,-105,-8,-113,-8.5,-106,+7,-108,+8.5,-114,+8.5,-110,+8.5,-110,+8.5,-115,+8,-108,+8.5,-114
Sun Dec 18 2022,Golden State Warriors,126,Toronto Raptors,110,+5.5,-112,+6,-106,+6.5,-115,+6,-110,+6,-110,+6,-109,+6,-106,-5.5,-108,-6,-114,-6.5,-105,-6,-110,-6,-110,-6,-112,-6,-114
Sun Dec 18 2022,Chicago Bulls,126,Minnesota Timberwolves,150,-0.5,-110,-2,-110,-1.5,-105,-1.5,-110,-1.5,-110,-1.5,-108,-2,-110,+0.5,-110,+2,-110,+1.5,-115,+1.5,-110,+1.5,-110,+1.5,-113,+2,-110
Sun Dec 18 2022,Charlotte Hornets,115,Denver Nuggets,119,+8.5,-112,+9.5,-112,+9.5,-115,+9.5,-110,+9,-105,+9,-113,+9.5,-112,-8.5,-108,-9.5,-108,-9.5,-105,-9.5,-110,-9,-115,-9,-108,-9.5,-108
Sun Dec 18 2022,Washington Wizards,117,Los Angeles Lakers,119,+5,-110,+3,-108,+3.5,-115,+3.5,-115,+3,-110,+3,-113,+3,-108,-5,-110,-3,-112,-3.5,-105,-3.5,-105,-3,-110,-3,-108,-3,-112
Mon Dec 19 2022,Utah Jazz,99,Cleveland Cavaliers,122,+5.5,-108,+6.5,-108,+6.5,-110,+6.5,-110,+7,-110,+6.5,-108,-5.5,-112,-6.5,-112,-6.5,-110,-6.5,-110,-7,-110,-6.5,-112,,,,
Mon Dec 19 2022,Toronto Raptors,101,Philadelphia 76ers,104,+6.5,-110,+6.5,-114,+6.5,-105,+6.5,-110,+6.5,-110,+6.5,-114,-6.5,-110,-6.5,-106,-6.5,-115,-6.5,-110,-6.5,-110,-6.5,-106,,,,
Mon Dec 19 2022,Orlando Magic,125,Atlanta Hawks,126,N/A,+8.5,-106,+8.5,-115,+8.5,-110,+8.5,-110,+8.5,-106,N/A,-8.5,-114,-8.5,-105,-8.5,-110,-8.5,-110,-8.5,-114,,,,,,
Mon Dec 19 2022,San Antonio Spurs,124,Houston Rockets,105,N/A,+4.5,-110,+4.5,-110,+4.5,-110,+4.5,-110,+4.5,-110,N/A,-4.5,-110,-4.5,-110,-4.5,-110,-4.5,-110,-4.5,-110,,,,,,
Mon Dec 19 2022,Dallas Mavericks,106,Minnesota Timberwolves,116,N/A,-6,-110,-5.5,-110,-5.5,-110,-6,-105,-6,-110,N/A,+6,-110,+5.5,-110,+5.5,-110,+6,-115,+6,-110,,,,,,
Mon Dec 19 2022,Milwaukee Bucks,128,New Orleans Pelicans,119,N/A,-0.5,-110,+1.5,-115,+1,-115,-1,-110,-0.5,-110,N/A,+0.5,-110,-1.5,-105,-1,-105,+1,-110,+0.5,-110,,,,,,
Mon Dec 19 2022,Portland Trail Blazers,121,Oklahoma City Thunder,123,N/A,-4.5,-110,-4.5,-110,-4,-110,-4,-105,-4.5,-110,N/A,+4.5,-110,+4.5,-110,+4,-110,+4,-115,+4.5,-110,,,,,,
Mon Dec 19 2022,Los Angeles Lakers,104,Phoenix Suns,130,N/A,+11.5,-110,+11.5,-115,+11.5,-110,+11,-105,+11.5,-110,N/A,-11.5,-110,-11.5,-105,-11.5,-110,-11,-115,-11.5,-110,,,,,,
Mon Dec 19 2022,Charlotte Hornets,125,Sacramento Kings,119,+9,-106,+10,-106,+10.5,-115,+10,-110,+10,-110,+10,-106,-9,-114,-10,-114,-10.5,-105,-10,-110,-10,-110,-10,-114,,,,
Tue Dec 20 2022,Utah Jazz,126,Detroit Pistons,111,-3,-110,-2.5,-112,-2.5,-110,-2.5,-110,-2.5,-110,-2.5,-108,-2.5,-112,+3,-110,+2.5,-108,+2.5,-110,+2.5,-110,+2.5,-110,+2.5,-113,+2.5,-108
Tue Dec 20 2022,Chicago Bulls,113,Miami Heat,103,+5,-108,+1.5,-110,+1.5,-110,+1.5,-110,+1,-105,+1.5,-109,+1.5,-110,-5,-112,-1.5,-110,-1.5,-110,-1.5,-110,-1,-115,-1.5,-112,-1.5,-110
Tue Dec 20 2022,Golden State Warriors,94,New York Knicks,132,+4.5,-110,+6,-110,+6.5,-115,+6,-110,+6.5,-115,+6,-112,+6,-110,-4.5,-110,-6,-110,-6.5,-105,-6,-110,-6.5,-105,-6,-109,-6,-110
Tue Dec 20 2022,Washington Wizards,113,Phoenix Suns,110,+8,-110,+7.5,-112,+7.5,-115,+7,-110,+7,-110,+7.5,-114,+7.5,-112,-8,-110,-7.5,-108,-7.5,-105,-7,-110,-7,-110,-7.5,-106,-7.5,-108
Tue Dec 20 2022,Memphis Grizzlies,91,Denver Nuggets,105,-1,-112,-1,-112,-1.5,-110,-1.5,-110,-1,-115,-1,-109,-1,-112,+1,-108,+1,-108,+1.5,-110,+1.5,-110,+1,-105,+1,-112,+1,-108
Wed Dec 21 2022,Milwaukee Bucks,106,Cleveland Cavaliers,114,+2,-110,+2.5,-110,+2.5,-110,+2.5,-110,+2.5,-110,+2.5,-110,-2,-110,-2.5,-110,-2.5,-110,-2.5,-110,-2.5,-110,-2.5,-110,,,,
Wed Dec 21 2022,Detroit Pistons,93,Philadelphia 76ers,113,N/A,+12,-112,+12.5,-115,+12,-110,+12,-115,+12,-112,N/A,-12,-108,-12.5,-105,-12,-110,-12,-105,-12,-108,,,,,,
Wed Dec 21 2022,Chicago Bulls,110,Atlanta Hawks,108,N/A,+5,-110,+5.5,-115,+5,-110,+5,-110,+5,-110,N/A,-5,-110,-5.5,-105,-5,-110,-5,-110,-5,-110,,,,,,
Wed Dec 21 2022,Indiana Pacers,117,Boston Celtics,112,+10,-110,+9.5,-110,+9.5,-110,+9,-110,+9.5,-110,+9.5,-110,-10,-110,-9.5,-110,-9.5,-110,-9,-110,-9.5,-110,-9.5,-110,,,,
Wed Dec 21 2022,Golden State Warriors,113,Brooklyn Nets,143,N/A,+10.5,-110,+10.5,-110,+10.5,-110,+10.5,-110,+10.5,-110,N/A,-10.5,-110,-10.5,-110,-10.5,-110,-10.5,-110,-10.5,-110,,,,,,
Wed Dec 21 2022,Toronto Raptors,113,New York Knicks,106,N/A,+2,-110,+1.5,-105,+2,-110,+2,-110,+2,-110,N/A,-2,-110,-1.5,-115,-2,-110,-2,-110,-2,-110,,,,,,
Wed Dec 21 2022,Orlando Magic,116,Houston Rockets,110,N/A,+1,-110,+1.5,-115,+1,-110,+1,-110,+1,-110,N/A,-1,-110,-1.5,-105,-1,-110,-1,-110,-1,-110,,,,,,
Wed Dec 21 2022,Dallas Mavericks,104,Minnesota Timberwolves,99,N/A,-2.5,-110,-2.5,-110,-2,-110,-2,-115,-2.5,-110,N/A,+2.5,-110,+2.5,-110,+2,-110,+2,-105,+2.5,-110,,,,,,
Wed Dec 21 2022,Portland Trail Blazers,98,Oklahoma City Thunder,101,N/A,-4,-110,-3.5,-110,-4,-110,-3.5,-110,-4,-110,N/A,+4,-110,+3.5,-110,+4,-110,+3.5,-110,+4,-110,,,,,,
Wed Dec 21 2022,Los Angeles Lakers,120,Sacramento Kings,134,N/A,+8,-106,+8.5,-115,+8,-110,+8,-110,+8,-106,N/A,-8,-114,-8.5,-105,-8,-110,-8,-110,-8,-114,,,,,,
Wed Dec 21 2022,Charlotte Hornets,105,Los Angeles Clippers,126,N/A,+9,-110,+9.5,-115,+9,-110,+9,-110,+9,-110,N/A,-9,-110,-9.5,-105,-9,-110,-9,-110,-9,-110,,,,,,
Thu Dec 22 2022,San Antonio Spurs,117,New Orleans Pelicans,126,N/A,+8.5,-110,+8.5,-110,+8.5,-110,+8.5,-110,+8.5,-110,N/A,-8.5,-110,-8.5,-110,-8.5,-110,-8.5,-110,-8.5,-110,,,,,,
Thu Dec 22 2022,Washington Wizards,112,Utah Jazz,120,N/A,+7,-110,+6.5,-105,+7,-110,+7.5,-115,+7,-110,N/A,-7,-110,-6.5,-115,-7,-110,-7.5,-105,-7,-110,,,,,,
Fri Dec 23 2022,San Antonio Spurs,113,Orlando Magic,133,N/A,+6,-110,+6.5,-115,+6,-110,+6,-110,+6,-110,N/A,-6,-110,-6.5,-105,-6,-110,-6,-110,-6,-110,,,,,,
Fri Dec 23 2022,Los Angeles Clippers,114,Philadelphia 76ers,119,+4,-110,+3.5,-106,+3.5,-110,+3.5,-115,+3.5,-110,+3.5,-106,-4,-110,-3.5,-114,-3.5,-110,-3.5,-105,-3.5,-110,-3.5,-114,,,,
Fri Dec 23 2022,Detroit Pistons,105,Atlanta Hawks,130,N/A,+9.5,-112,+9.5,-110,+9.5,-110,+9.5,-110,+9.5,-112,N/A,-9.5,-108,-9.5,-110,-9.5,-110,-9.5,-110,-9.5,-108,,,,,,
Fri Dec 23 2022,Minnesota Timberwolves,109,Boston Celtics,121,N/A,+9.5,-110,+9.5,-110,+9.5,-110,+9.5,-110,+9.5,-110,N/A,-9.5,-110,-9.5,-110,-9.5,-110,-9.5,-110,-9.5,-110,,,,,,
Fri Dec 23 2022,Milwaukee Bucks,100,Brooklyn Nets,118,+1,-108,+2.5,-114,+2.5,-110,+2.5,-110,+2,-110,+2.5,-114,-1,-112,-2.5,-106,-2.5,-110,-2.5,-110,-2,-110,-2.5,-106,,,,
Fri Dec 23 2022,Toronto Raptors,118,Cleveland Cavaliers,107,N/A,+4.5,-110,+4.5,-110,+4.5,-110,+4.5,-110,+4.5,-110,N/A,-4.5,-110,-4.5,-110,-4.5,-110,-4.5,-110,-4.5,-110,,,,,,
Fri Dec 23 2022,Chicago Bulls,118,New York Knicks,117,N/A,+6,-110,+5.5,-105,+6,-110,+6,-115,+6,-110,N/A,-6,-110,-5.5,-115,-6,-110,-6,-105,-6,-110,,,,,,
Fri Dec 23 2022,Dallas Mavericks,112,Houston Rockets,106,N/A,-7,-108,-7.5,-105,-7,-110,-7,-110,-7,-108,N/A,+7,-112,+7.5,-115,+7,-110,+7,-110,+7,-112,,,,,,
Fri Dec 23 2022,Indiana Pacers,111,Miami Heat,108,N/A,+6,-114,+6.5,-115,+6,-110,+6.5,-115,+6,-114,N/A,-6,-106,-6.5,-105,-6,-110,-6.5,-105,-6,-106,,,,,,
Fri Dec 23 2022,New Orleans Pelicans,128,Oklahoma City Thunder,125,N/A,+2,-110,+1.5,-110,+1.5,-110,+1.5,-105,+2,-110,N/A,-2,-110,-1.5,-110,-1.5,-110,-1.5,-115,-2,-110,,,,,,
Fri Dec 23 2022,Portland Trail Blazers,107,Denver Nuggets,120,N/A,+6,-114,+5.5,-115,+5.5,-110,+5.5,-110,+6,-114,N/A,-6,-106,-5.5,-105,-5.5,-110,-5.5,-110,-6,-106,,,,,,
Fri Dec 23 2022,Memphis Grizzlies,125,Phoenix Suns,100,N/A,-3,-108,-2.5,-110,-3,-110,-3,-105,-3,-108,N/A,+3,-112,+2.5,-110,+3,-110,+3,-115,+3,-112,,,,,,
Fri Dec 23 2022,Washington Wizards,125,Sacramento Kings,111,N/A,+7.5,-110,+7.5,-110,+7.5,-110,+7.5,-110,+7.5,-110,N/A,-7.5,-110,-7.5,-110,-7.5,-110,-7.5,-110,-7.5,-110,,,,,,
Fri Dec 23 2022,Charlotte Hornets,134,Los Angeles Lakers,130,N/A,+3,-110,+2.5,-110,+3,-110,+2.5,-110,+3,-110,N/A,-3,-110,-2.5,-110,-3,-110,-2.5,-110,-3,-110,,,,,,
Sun Dec 25 2022,Philadelphia 76ers,119,New York Knicks,112,-1.5,-108,-2,-110,-2.5,-105,-2,-110,-2,-112,-2,-110,+1.5,-112,+2,-110,+2.5,-115,+2,-110,+2,-109,+2,-110,,,,
Sun Dec 25 2022,Los Angeles Lakers,115,Dallas Mavericks,124,+8,-110,+7.5,-110,+7.5,-110,+7.5,-110,+7.5,-109,+7.5,-110,-8,-110,-7.5,-110,-7.5,-110,-7.5,-110,-7.5,-112,-7.5,-110,,,,
Sun Dec 25 2022,Milwaukee Bucks,118,Boston Celtics,139,+3,-108,+5.5,-110,+5.5,-110,+5.5,-110,+5.5,-112,+5.5,-110,-3,-112,-5.5,-110,-5.5,-110,-5.5,-110,-5.5,-109,-5.5,-110,,,,
Sun Dec 25 2022,Memphis Grizzlies,109,Golden State Warriors,123,-4.5,-110,-7,-110,-6.5,-115,-7,-110,-7.5,-112,-7,-110,+4.5,-110,+7,-110,+6.5,-105,+7,-110,+7.5,-109,+7,-110,,,,
Sun Dec 25 2022,Phoenix Suns,125,Denver Nuggets,128,+2,-108,+4,-110,+3.5,-105,+4,-110,+4,-113,+4,-110,-2,-112,-4,-110,-3.5,-115,-4,-110,-4,-108,-4,-110,,,,
Mon Dec 26 2022,Brooklyn Nets,125,Cleveland Cavaliers,117,+2,-110,+2,-108,+2.5,-115,+2,-110,+2,-110,+2,-110,+2,-108,-2,-110,-2,-112,-2.5,-105,-2,-110,-2,-110,-2,-110,-2,-112
Mon Dec 26 2022,Los Angeles Clippers,142,Detroit Pistons,131,-4.5,-110,-6,-108,-5.5,-115,-5.5,-110,-5.5,-115,-5.5,-110,-6,-108,+4.5,-110,+6,-112,+5.5,-105,+5.5,-110,+5.5,-105,+5.5,-110,+6,-112
Mon Dec 26 2022,Minnesota Timberwolves,110,Miami Heat,113,+5,-110,+1,-112,-1.5,even,PK,-110,-1,-105,+0.5,-109,+1,-112,-5,-110,-1,-108,+1.5,-120,PK,-110,+1,-115,-0.5,-112,-1,-108
Mon Dec 26 2022,Houston Rockets,133,Chicago Bulls,118,+8,-106,+7,-112,+7.5,-115,+7,-110,+7,-115,+7,-112,+7,-112,-8,-114,-7,-108,-7.5,-105,-7,-110,-7,-105,-7,-109,-7,-108
Mon Dec 26 2022,Indiana Pacers,93,New Orleans Pelicans,113,+6.5,-110,+1.5,-108,+1.5,-105,+2,-110,+1.5,-110,+2,-109,+1.5,-108,-6.5,-110,-1.5,-112,-1.5,-115,-2,-110,-1.5,-110,-2,-112,-1.5,-112
Mon Dec 26 2022,Utah Jazz,122,San Antonio Spurs,126,-5.5,-110,-5,-106,-4.5,-115,-5,-110,-4.5,-110,-4.5,-113,-4.5,-112,+5.5,-110,+5,-114,+4.5,-105,+5,-110,+4.5,-110,+4.5,-108,+4.5,-108
Mon Dec 26 2022,Charlotte Hornets,113,Portland Trail Blazers,124,+6,-110,+6,-114,+5.5,-110,+5.5,-110,+5.5,-110,+5,-110,+6,-114,-6,-110,-6,-106,-5.5,-110,-5.5,-110,-5.5,-110,-5,-110,-6,-106
Tue Dec 27 2022,Los Angeles Lakers,129,Orlando Magic,110,N/A,+3,-110,+3.5,-115,+3.5,-110,+3,-115,+3,-110,N/A,-3,-110,-3.5,-105,-3.5,-110,-3,-105,-3,-110,,,,,,
Tue Dec 27 2022,Philadelphia 76ers,111,Washington Wizards,116,N/A,-5,-106,-4.5,-115,-4.5,-110,-4.5,-110,-5,-106,N/A,+5,-114,+4.5,-105,+4.5,-110,+4.5,-110,+5,-114,,,,,,
Tue Dec 27 2022,Houston Rockets,102,Boston Celtics,126,N/A,+15,-110,+15.5,-110,+15,-110,+15,-110,+15,-110,N/A,-15,-110,-15.5,-110,-15,-110,-15,-110,-15,-110,,,,,,
Tue Dec 27 2022,Atlanta Hawks,114,Indiana Pacers,129,N/A,-2,-110,-1.5,-110,-1.5,-110,-1.5,-110,-2,-110,N/A,+2,-110,+1.5,-110,+1.5,-110,+1.5,-110,+2,-110,,,,,,
Tue Dec 27 2022,Los Angeles Clippers,124,Toronto Raptors,113,N/A,+3.5,-108,+3.5,-105,+4,-110,+3.5,-105,+3.5,-108,N/A,-3.5,-112,-3.5,-115,-4,-110,-3.5,-115,-3.5,-112,,,,,,
Tue Dec 27 2022,Phoenix Suns,125,Memphis Grizzlies,108,N/A,+7.5,-108,+8.5,-115,+8,-110,+8,-115,+7.5,-108,N/A,-7.5,-112,-8.5,-105,-8,-110,-8,-105,-7.5,-112,,,,,,
Tue Dec 27 2022,San Antonio Spurs,114,Oklahoma City Thunder,130,N/A,+6.5,-108,+6.5,-105,+7,-110,+7,-110,+6.5,-108,N/A,-6.5,-112,-6.5,-115,-7,-110,-7,-110,-6.5,-112,,,,,,
Tue Dec 27 2022,New York Knicks,121,Dallas Mavericks,126,N/A,+5.5,-106,+5.5,-110,+5.5,-110,+5.5,-110,+5.5,-106,N/A,-5.5,-114,-5.5,-110,-5.5,-110,-5.5,-110,-5.5,-114,,,,,,
Tue Dec 27 2022,Charlotte Hornets,105,Golden State Warriors,110,N/A,+5.5,-110,+5.5,-115,+5,-110,+5.5,-115,+5.5,-110,N/A,-5.5,-110,-5.5,-105,-5,-110,-5.5,-105,-5.5,-110,,,,,,
Tue Dec 27 2022,Denver Nuggets,113,Sacramento Kings,106,N/A,-3.5,-110,-3.5,-105,-3,-110,-3,-110,-3.5,-110,N/A,+3.5,-110,+3.5,-115,+3,-110,+3,-110,+3.5,-110,,,,,,
Wed Dec 28 2022,Orlando Magic,101,Detroit Pistons,121,-1.5,-110,-1,-110,-1.5,-105,-1,-110,-1,-110,-1,-109,-1,-110,+1.5,-110,+1,-110,+1.5,-115,+1,-110,+1,-110,+1,-112,+1,-110
Wed Dec 28 2022,Phoenix Suns,102,Washington Wizards,127,-1,-112,-2.5,-110,-2.5,-105,-2.5,-110,-2,-110,-2.5,-110,-2.5,-110,+1,-110,+2.5,-110,+2.5,-115,+2.5,-110,+2,-110,+2.5,-110,+2.5,-110
Wed Dec 28 2022,Brooklyn Nets,108,Atlanta Hawks,107,-5,-110,-7.5,-108,-7.5,-110,-7.5,-110,-8,-105,-7.5,-113,-7.5,-108,+5,-110,+7.5,-112,+7.5,-110,+7.5,-110,+8,-115,+7.5,-108,+7.5,-112
Wed Dec 28 2022,Los Angeles Lakers,98,Miami Heat,112,+6.5,-112,+9,-112,+8.5,-105,+9,-110,+9,-115,+9,-110,+9,-112,-6.5,-108,-9,-108,-8.5,-115,-9,-110,-9,-105,-9,-110,-9,-108
Wed Dec 28 2022,Milwaukee Bucks,113,Chicago Bulls,119,-4.5,-112,-2.5,-112,-2.5,-110,-2.5,-110,-3,-110,-2.5,-109,-2.5,-112,+4.5,-108,+2.5,-108,+2.5,-110,+2.5,-110,+3,-110,+2.5,-112,+2.5,-108
Wed Dec 28 2022,Minnesota Timberwolves,118,New Orleans Pelicans,119,+6.5,-108,+6.5,-112,+6.5,-110,+6.5,-110,+6.5,-115,+6.5,-113,+6.5,-112,-6.5,-112,-6.5,-108,-6.5,-110,-6.5,-110,-6.5,-105,-6.5,-108,-6.5,-108
Wed Dec 28 2022,Utah Jazz,107,Golden State Warriors,112,-2,-110,-4.5,-110,-4.5,-110,-4.5,-110,-4,-110,-4,-113,-4.5,-110,+2,-110,+4.5,-110,+4.5,-110,+4.5,-110,+4,-110,+4,-108,+4.5,-110
Wed Dec 28 2022,Denver Nuggets,126,Sacramento Kings,127,-3.5,-110,+3,-108,+3.5,-110,+3,-110,+3,-110,+2.5,-109,+3,-108,+3.5,-110,-3,-112,-3.5,-110,-3,-110,-3,-110,-2.5,-112,-3,-112
Thu Dec 29 2022,Oklahoma City Thunder,113,Charlotte Hornets,121,+1.5,-112,+2.5,-108,+2.5,-110,+2.5,-110,+2.5,-115,+2.5,-108,+2.5,-108,-1.5,-110,-2.5,-112,-2.5,-110,-2.5,-110,-2.5,-105,-2.5,-113,-2.5,-112
Thu Dec 29 2022,Cleveland Cavaliers,126,Indiana Pacers,135,-5.5,-110,-4,-112,-3.5,-115,-4,-110,-4,-110,-4,-112,-4,-112,+5.5,-110,+4,-108,+3.5,-105,+4,-110,+4,-110,+4,-109,+4,-108
Thu Dec 29 2022,Los Angeles Clippers,110,Boston Celtics,116,+6,-106,+6.5,-108,+6.5,-105,+7,-110,+6.5,-105,+6.5,-107,+6.5,-108,-6,-114,-6.5,-112,-6.5,-115,-7,-110,-6.5,-115,-6.5,-114,-6.5,-112
Thu Dec 29 2022,Memphis Grizzlies,119,Toronto Raptors,106,-1.5,-110,-4,-114,-4.5,-105,-4,-110,-4,-105,-4.5,-112,-4,-114,+1.5,-110,+4,-106,+4.5,-115,+4,-110,+4,-115,+4.5,-109,+4,-106
Thu Dec 29 2022,New York Knicks,115,San Antonio Spurs,122,-4.5,-108,-4.5,-112,-4.5,-110,-4.5,-110,-4.5,-115,-4.5,-110,-4.5,-112,+4.5,-112,+4.5,-108,+4.5,-110,+4.5,-110,+4.5,-105,+4.5,-110,+4.5,-108
Thu Dec 29 2022,Houston Rockets,114,Dallas Mavericks,129,+11,-110,+10,-110,+10.5,-115,+10,-110,+10,-115,+10,-110,+10,-110,-11,-110,-10,-110,-10.5,-105,-10,-110,-10,-105,-10,-110,-10,-110
Fri Dec 30 2022,Washington Wizards,119,Orlando Magic,100,+1.5,-108,-4.5,-110,-4.5,-110,-4.5,-110,-4.5,-110,-4.5,-108,-4.5,-110,-1.5,-112,+4.5,-110,+4.5,-110,+4.5,-110,+4.5,-110,+4.5,-113,+4.5,-110
Fri Dec 30 2022,Los Angeles Lakers,130,Atlanta Hawks,121,+7,-110,+6,-110,+5.5,-105,+6,-110,+6.5,-110,+6,-110,+6,-110,-7,-110,-6,-110,-5.5,-115,-6,-110,-6.5,-110,-6,-110,-6,-110
Fri Dec 30 2022,Phoenix Suns,104,Toronto Raptors,113,+2,-112,+2,-112,+2.5,-110,+2,-110,+2,-110,+2,-110,+2,-112,-2,-108,-2,-108,-2.5,-110,-2,-110,-2,-110,-2,-110,-2,-108
Fri Dec 30 2022,Detroit Pistons,118,Chicago Bulls,132,+7.5,-110,+7.5,-112,+7.5,-110,+7.5,-110,+7.5,-115,+7,-109,+7.5,-112,-7.5,-110,-7.5,-108,-7.5,-110,-7.5,-110,-7.5,-105,-7,-112,-7.5,-108
Fri Dec 30 2022,Minnesota Timberwolves,114,Milwaukee Bucks,123,+5,-110,+7.5,-108,+7.5,-110,+7.5,-110,+7.5,-110,+7.5,-110,+7.5,-108,-5,-110,-7.5,-112,-7.5,-110,-7.5,-110,-7.5,-110,-7.5,-110,-7.5,-112
Fri Dec 30 2022,Philadelphia 76ers,116,New Orleans Pelicans,127,+2,-112,-1,-112,-1.5,-105,-1,-110,-1.5,-110,+0.5,-112,-1,-112,-2,-108,+1,-108,+1.5,-115,+1,-110,+1.5,-110,-0.5,-109,+1,-108
Fri Dec 30 2022,Miami Heat,119,Denver Nuggets,124,+4,-110,+4,-110,+4.5,-115,+4,-110,+4,-105,+4,-107,+4,-110,-4,-110,-4,-110,-4.5,-105,-4,-110,-4,-115,-4,-114,-4,-110
Fri Dec 30 2022,Portland Trail Blazers,112,Golden State Warriors,118,-2.5,-108,+1,-112,-1.5,-105,-1,-110,-1,-110,-1.5,-108,+1,-112,+2.5,-112,-1,-108,+1.5,-115,+1,-110,+1,-110,+1.5,-113,-1,-108
Fri Dec 30 2022,Utah Jazz,125,Sacramento Kings,126,+3,-110,+3.5,-110,+3.5,-115,+3,-110,+3.5,-110,+3,-110,+3.5,-110,-3,-110,-3.5,-110,-3.5,-105,-3,-110,-3.5,-110,-3,-110,-3.5,-110
Sat Dec 31 2022,Los Angeles Clippers,130,Indiana Pacers,131,-3.5,-110,-3,-108,-2.5,-110,-2.5,-110,-2.5,-110,-2.5,-112,-3,-108,+3.5,-110,+3,-112,+2.5,-110,+2.5,-110,+2.5,-110,+2.5,-109,+3,-112
Sat Dec 31 2022,Cleveland Cavaliers,103,Chicago Bulls,102,-4,-110,-1.5,-108,-1.5,even,-1,-110,-1.5,-110,+0.5,-110,-1.5,-110,+4,-110,+1.5,-112,+1.5,-120,+1,-110,+1.5,-110,-0.5,-110,+1.5,-110
Sat Dec 31 2022,Brooklyn Nets,123,Charlotte Hornets,106,-7,-110,-6.5,-110,-6.5,-110,-6.5,-110,-6.5,-105,-6.5,-108,-6.5,-110,+7,-110,+6.5,-110,+6.5,-110,+6.5,-110,+6.5,-115,+6.5,-113,+6.5,-110
Sat Dec 31 2022,New York Knicks,108,Houston Rockets,88,-4.5,-110,-3.5,-112,-3.5,-110,-4,-110,-4,-110,-3.5,-110,-3.5,-108,+4.5,-110,+3.5,-108,+3.5,-110,+4,-110,+4,-110,+3.5,-110,+3.5,-112
Sat Dec 31 2022,Dallas Mavericks,126,San Antonio Spurs,125,-7.5,-110,-7.5,-108,-7.5,-110,-7.5,-110,-7,-115,-7,-114,-7.5,-108,+7.5,-110,+7.5,-112,+7.5,-110,+7.5,-110,+7,-105,+7,-107,+7.5,-112
Sat Dec 31 2022,New Orleans Pelicans,101,Memphis Grizzlies,116,+6,-108,+6.5,-110,+6.5,-110,+6.5,-110,+6.5,-115,+6,-108,+6.5,-110,-6,-112,-6.5,-110,-6.5,-110,-6.5,-110,-6.5,-105,-6,-113,-6.5,-110
Sat Dec 31 2022,Detroit Pistons,116,Minnesota Timberwolves,104,+8,-110,+7,-110,+7.5,-110,+7.5,-110,+7.5,-115,+7,-109,+7,-110,-8,-110,-7,-110,-7.5,-110,-7.5,-110,-7.5,-105,-7,-112,-7,-110
Sat Dec 31 2022,Philadelphia 76ers,115,Oklahoma City Thunder,96,-4.5,-110,-2.5,-110,-2.5,-110,-2.5,-110,-2.5,-110,-3,-107,-2.5,-110,+4.5,-110,+2.5,-110,+2.5,-110,+2.5,-110,+2.5,-110,+3,-114,+2.5,-110
Sat Dec 31 2022,Miami Heat,126,Utah Jazz,123,+3,-110,+4,-110,+4.5,-110,+4,-110,+4.5,-115,+4.5,-109,+4,-110,-3,-110,-4,-110,-4.5,-110,-4,-110,-4.5,-105,-4.5,-112,-4,-110
Sun Jan 1 2023,Boston Celtics,111,Denver Nuggets,123,-1,-110,-4,-108,-3.5,-110,-3.5,-110,-3.5,-110,-3.5,-110,-4,-108,+1,-110,+4,-112,+3.5,-110,+3.5,-110,+3.5,-110,+3.5,-110,+4,-112
Sun Jan 1 2023,Sacramento Kings,108,Memphis Grizzlies,118,+4.5,-110,+4,-110,+4.5,-110,+4,-110,+3.5,-105,+4,-110,+4,-110,-4.5,-110,-4,-110,-4.5,-110,-4,-110,-3.5,-115,-4,-110,-4,-110
Sun Jan 1 2023,Washington Wizards,118,Milwaukee Bucks,95,+9,-110,+2.5,-110,+2.5,-110,+2.5,-110,+2.5,-110,+2.5,-113,+2.5,-110,-9,-110,-2.5,-110,-2.5,-110,-2.5,-110,-2.5,-110,-2.5,-108,-2.5,-110
Mon Jan 2 2023,Phoenix Suns,83,New York Knicks,102,+1,-108,+2.5,-106,+2.5,-110,+3,-110,+2.5,-105,+2.5,-114,+2.5,-106,-1,-112,-2.5,-114,-2.5,-110,-3,-110,-2.5,-115,-2.5,-107,-2.5,-114
Mon Jan 2 2023,Los Angeles Lakers,121,Charlotte Hornets,115,-1,-110,+2,-112,+2.5,-115,+2,-110,+2,-115,+1.5,-108,+2,-112,+1,-110,-2,-108,-2.5,-105,-2,-110,-2,-105,-1.5,-113,-2,-108
Mon Jan 2 2023,Chicago Bulls,134,Cleveland Cavaliers,145,+3.5,-110,+4,-114,+3.5,-110,+4,-110,+4,-110,+4,-114,+4,-114,-3.5,-110,-4,-108,-3.5,-110,-4,-110,-4,-110,-4,-107,-4,-108
Mon Jan 2 2023,Toronto Raptors,114,Indiana Pacers,122,+2.5,-110,-2,-108,-1.5,-115,-2,-110,-1.5,-110,-1.5,-113,-2,-108,-2.5,-110,+2,-112,+1.5,-105,+2,-110,+1.5,-110,+1.5,-108,+2,-112
Mon Jan 2 2023,New Orleans Pelicans,111,Philadelphia 76ers,120,+4.5,-112,+5,-106,+5.5,-115,+5,-110,+5,-110,+5.5,-112,+5,-108,-4.5,-108,-5,-114,-5.5,-105,-5,-110,-5,-110,-5.5,-109,-5,-112
Mon Jan 2 2023,San Antonio Spurs,103,Brooklyn Nets,139,+13.5,-110,+12,-110,+12.5,-115,+11.5,-110,+12,-115,+12,-112,+12,-110,-13.5,-110,-12,-110,-12.5,-105,-11.5,-110,-12,-105,-12,-109,-12,-110
Mon Jan 2 2023,Dallas Mavericks,111,Houston Rockets,106,-7.5,-110,-7.5,-106,-7.5,-110,-7.5,-110,-7,-110,-7.5,-110,-7.5,-106,+7.5,-110,+7.5,-114,+7.5,-110,+7.5,-110,+7,-110,+7.5,-110,+7.5,-114
Mon Jan 2 2023,Denver Nuggets,111,Minnesota Timberwolves,124,-3,-110,-4.5,-112,-3.5,-115,-4.5,-110,-4,-110,-4,-109,-4.5,-112,+3,-110,+4.5,-108,+3.5,-105,+4.5,-110,+4,-110,+4,-112,+4.5,-108
Mon Jan 2 2023,Atlanta Hawks,141,Golden State Warriors,143,+2.5,-106,+1.5,-112,+1.5,-110,+1.5,-110,+1.5,-110,+1.5,-108,+1.5,-110,-2.5,-114,-1.5,-108,-1.5,-110,-1.5,-110,-1.5,-110,-1.5,-113,-1.5,-110
Mon Jan 2 2023,Detroit Pistons,106,Portland Trail Blazers,135,+9.5,-110,+9.5,-110,+9.5,-110,+10,-110,+9,-105,+9.5,-108,+9.5,-110,-9.5,-110,-9.5,-110,-9.5,-110,-10,-110,-9,-115,-9.5,-113,-9.5,-110
Mon Jan 2 2023,Miami Heat,110,Los Angeles Clippers,100,+5,-110,-0.5,-110,-1.5,even,-1,-110,-1,-110,-1.5,-107,-0.5,-110,-5,-110,+0.5,-110,+1.5,-120,+1,-110,+1,-110,+1.5,-113,+0.5,-110
Tue Jan 3 2023,Washington Wizards,113,Milwaukee Bucks,123,+8.5,-108,+7.5,-108,+7.5,-110,+7.5,-110,+7.5,-115,+7,-112,+7.5,-108,-8.5,-112,-7.5,-112,-7.5,-110,-7.5,-110,-7.5,-105,-7,-109,-7.5,-112
Tue Jan 3 2023,Boston Celtics,117,Oklahoma City Thunder,150,-8.5,-110,-12,-110,-11.5,-110,-11,-110,-11,-110,-11.5,-109,-12,-110,+8.5,-110,+12,-110,+11.5,-110,+11,-110,+11,-110,+11.5,-112,+12,-110
Tue Jan 3 2023,Sacramento Kings,117,Utah Jazz,115,+2,-110,+3,-110,+3.5,-115,+3,-110,+3,-105,+3.5,-114,+3,-110,-2,-110,-3,-110,-3.5,-105,-3,-110,-3,-115,-3.5,-107,-3,-110
Wed Jan 4 2023,Memphis Grizzlies,131,Charlotte Hornets,107,-6.5,-112,-7,-112,-7.5,-110,-7.5,-110,-7.5,-110,-7,-110,-7,-112,+6.5,-108,+7,-108,+7.5,-110,+7.5,-110,+7.5,-110,+7,-110,+7,-108
Wed Jan 4 2023,Phoenix Suns,88,Cleveland Cavaliers,90,+5,-110,+5,-110,+5.5,-115,+5.5,-110,+5.5,-115,+5,-107,+5,-110,-5,-110,-5,-110,-5.5,-105,-5.5,-110,-5.5,-105,-5,-114,-5,-110
Wed Jan 4 2023,Oklahoma City Thunder,115,Orlando Magic,126,+2,-110,-1.5,-108,-1.5,-110,-1,-110,-1,-110,-1.5,-109,-1.5,-108,-2,-110,+1.5,-112,+1.5,-110,+1,-110,+1,-110,+1.5,-112,+1.5,-112
Wed Jan 4 2023,Indiana Pacers,126,Philadelphia 76ers,129,+7.5,-106,+5,-110,+5.5,-115,+5,-110,+5,-110,+5,-110,+5,-110,-7.5,-114,-5,-110,-5.5,-105,-5,-110,-5,-110,-5,-110,-5,-110
Wed Jan 4 2023,San Antonio Spurs,114,New York Knicks,117,+9,-110,+10,-110,+10.5,-115,+10,-110,+10.5,-110,+10,-110,+10,-110,-9,-110,-10,-110,-10.5,-105,-10,-110,-10.5,-110,-10,-110,-10,-110
Wed Jan 4 2023,Milwaukee Bucks,104,Toronto Raptors,101,-2,-114,+5.5,-112,+5.5,-115,+5.5,-110,+5.5,-110,+5.5,-113,+5.5,-112,+2,-106,-5.5,-108,-5.5,-105,-5.5,-110,-5.5,-110,-5.5,-108,-5.5,-108
Wed Jan 4 2023,Brooklyn Nets,112,Chicago Bulls,121,-4.5,-110,-5.5,-106,-4.5,-115,-5,-110,-5,-105,-5,-109,-5.5,-106,+4.5,-110,+5.5,-114,+4.5,-105,+5,-110,+5,-115,+5,-112,+5.5,-114
Wed Jan 4 2023,Portland Trail Blazers,106,Minnesota Timberwolves,113,-1,-110,-2,-110,-1.5,-105,-1,-110,-1.5,-110,-1,-113,-2,-110,+1,-110,+2,-110,+1.5,-115,+1,-110,+1.5,-110,+1,-108,+2,-110
Wed Jan 4 2023,Houston Rockets,108,New Orleans Pelicans,119,+8,-110,+7,-108,+7.5,-115,+7.5,-110,+7,-105,+7,-107,+7,-108,-8,-110,-7,-112,-7.5,-105,-7.5,-110,-7,-115,-7,-114,-7,-112
Wed Jan 4 2023,Detroit Pistons,122,Golden State Warriors,119,+6.5,-110,+7,-110,+7.5,-115,+7,-110,+6.5,-105,+6.5,-110,+7,-110,-6.5,-110,-7,-110,-7.5,-105,-7,-110,-6.5,-115,-6.5,-110,-7,-110
Wed Jan 4 2023,Miami Heat,109,Los Angeles Lakers,112,-3.5,-112,-8.5,-112,-8.5,-110,-8.5,-110,-9,-105,-8.5,-109,-8.5,-112,+3.5,-108,+8.5,-108,+8.5,-110,+8.5,-110,+9,-115,+8.5,-112,+8.5,-108
Wed Jan 4 2023,Atlanta Hawks,120,Sacramento Kings,117,+1,-108,+2,-110,+1.5,-110,+1.5,-110,+2,-115,+1,-109,+2,-110,-1,-112,-2,-110,-1.5,-110,-1.5,-110,-2,-105,-1,-112,-2,-110
Thu Jan 5 2023,Memphis Grizzlies,123,Orlando Magic,115,-5.5,-110,-7,-110,-6.5,-110,-6.5,-110,-6.5,-110,-6.5,-112,-7,-110,+5.5,-110,+7,-110,+6.5,-110,+6.5,-110,+6.5,-110,+6.5,-109,+7,-110
Thu Jan 5 2023,Boston Celtics,124,Dallas Mavericks,95,-2,-112,-3,-110,-2.5,-115,-3,-110,-3,-110,-3,-113,-3,-110,+2,-108,+3,-110,+2.5,-105,+3,-110,+3,-110,+3,-108,+3,-110
Thu Jan 5 2023,Utah Jazz,131,Houston Rockets,114,-5.5,-110,-7,-110,-6.5,-115,-7,-110,-7,-110,-7,-110,-7,-110,+5.5,-110,+7,-110,+6.5,-105,+7,-110,+7,-110,+7,-110,+7,-110
Thu Jan 5 2023,Los Angeles Clippers,91,Denver Nuggets,122,+5,-110,+4.5,-110,+4.5,-110,+4.5,-110,+4.5,-110,+4.5,-109,+4.5,-110,-5,-110,-4.5,-110,-4.5,-110,-4.5,-110,-4.5,-110,-4.5,-112,-4.5,-110
Fri Jan 6 2023,Portland Trail Blazers,99,Indiana Pacers,108,+1.5,-110,+1.5,-112,+1.5,-110,+1,-110,+1,-110,+1.5,-110,+1.5,-112,-1.5,-110,-1.5,-108,-1.5,-110,-1,-110,-1,-110,-1.5,-110,-1.5,-108
Fri Jan 6 2023,Chicago Bulls,126,Philadelphia 76ers,112,+4,-108,+5,-108,+5.5,-115,+5,-110,+5,-105,+5,-113,+5,-108,-4,-112,-5,-112,-5.5,-105,-5,-110,-5,-115,-5,-108,-5,-112
Fri Jan 6 2023,Brooklyn Nets,108,New Orleans Pelicans,102,-5,-110,-5,-108,-4.5,-110,-4.5,-110,-4.5,-115,-4.5,-112,-5,-108,+5,-112,+5,-112,+4.5,-110,+4.5,-110,+4.5,-105,+4.5,-109,+5,-112
Fri Jan 6 2023,New York Knicks,112,Toronto Raptors,108,+3.5,-114,+4,-106,+3.5,-105,+3.5,-110,+4,-110,+3.5,-108,+4,-106,-3.5,-106,-4,-114,-3.5,-115,-3.5,-110,-4,-110,-3.5,-113,-4,-114
Fri Jan 6 2023,Charlotte Hornets,138,Milwaukee Bucks,109,+10.5,-110,+10,-106,+10.5,-115,+10,-110,+10,-110,+10,-113,+10,-106,-10.5,-110,-10,-114,-10.5,-105,-10,-110,-10,-110,-10,-108,-10,-114
Fri Jan 6 2023,Washington Wizards,110,Oklahoma City Thunder,127,+2,-110,-1,-110,-1.5,even,+1,-110,-1,-110,+1,-113,-1,-110,-2,-110,+1,-110,+1.5,-120,-1,-110,+1,-110,-1,-108,+1,-110
Fri Jan 6 2023,Detroit Pistons,109,San Antonio Spurs,121,+1,-110,+1.5,-110,+1.5,-110,+2,-110,+1.5,-110,+1.5,-113,+1.5,-110,-1,-110,-1.5,-110,-1.5,-110,-2,-110,-1.5,-110,-1.5,-108,-1.5,-110
Fri Jan 6 2023,Cleveland Cavaliers,108,Denver Nuggets,121,+4.5,-108,+5.5,-114,+5.5,-115,+5,-110,+4.5,-105,+5,-108,+5.5,-114,-4.5,-112,-5.5,-106,-5.5,-105,-5,-110,-4.5,-115,-5,-113,-5.5,-106
Fri Jan 6 2023,Los Angeles Clippers,115,Minnesota Timberwolves,128,+3,-112,+5.5,-108,+5.5,-110,+5.5,-110,+6,-115,+5.5,-112,+5.5,-108,-3,-108,-5.5,-112,-5.5,-110,-5.5,-110,-6,-105,-5.5,-109,-5.5,-112
Fri Jan 6 2023,Miami Heat,104,Phoenix Suns,96,-1,-110,-1,-112,+1.5,-120,-1,-110,-1,-110,+0.5,-110,-1,-112,+1,-110,+1,-108,-1.5,even,+1,-110,+1,-110,-0.5,-110,+1,-108
Fri Jan 6 2023,Atlanta Hawks,114,Los Angeles Lakers,130,-1,-108,-3,-108,-2.5,-115,-2.5,-110,-3,-110,-2.5,-109,-3,-108,+1,-112,+3,-112,+2.5,-105,+2.5,-110,+3,-110,+2.5,-112,+3,-112
Sat Jan 7 2023,Boston Celtics,121,San Antonio Spurs,116,-12.5,-110,-15,-110,-14.5,-115,-15,-110,-15.5,-110,-15,-112,-15,-110,+12.5,-110,+15,-110,+14.5,-105,+15,-110,+15.5,-110,+15,-109,+15,-110
Sat Jan 7 2023,Utah Jazz,118,Chicago Bulls,126,+1.5,-110,-3,-110,-2.5,-105,-2.5,-110,-2.5,-115,-2.5,-108,-3,-110,-1.5,-110,+3,-110,+2.5,-115,+2.5,-110,+2.5,-105,+2.5,-113,+3,-110
Sat Jan 7 2023,New Orleans Pelicans,117,Dallas Mavericks,127,+7,-106,+9,-110,+9.5,-115,+9,-110,+9,-110,+9,-113,+9,-110,-7,-114,-9,-110,-9.5,-105,-9,-110,-9,-110,-9,-108,-9,-110
Sat Jan 7 2023,Orlando Magic,115,Golden State Warriors,101,+6.5,-110,+6.5,-110,+6.5,-110,+7,-110,+6.5,-110,+6.5,-114,+6.5,-110,-6.5,-110,-6.5,-110,-6.5,-110,-7,-110,-6.5,-110,-6.5,-107,-6.5,-110
Sat Jan 7 2023,Los Angeles Lakers,136,Sacramento Kings,134,+8.5,-110,+7.5,-110,+7.5,-110,+8,-110,+7.5,-105,+7.5,-113,+7.5,-110,-8.5,-110,-7.5,-110,-7.5,-110,-8,-110,-7.5,-115,-7.5,-108,-7.5,-110
Sun Jan 8 2023,Philadelphia 76ers,123,Detroit Pistons,111,-5.5,-110,-5.5,-110,-5.5,-115,-6,-110,-5.5,-110,-5.5,-112,-5.5,-110,+5.5,-110,+5.5,-110,+5.5,-105,+6,-110,+5.5,-110,+5.5,-109,+5.5,-110
Sun Jan 8 2023,Portland Trail Blazers,105,Toronto Raptors,117,+2.5,-110,+3,-110,+3.5,-115,+3,-110,+3,-105,+3,-109,+3,-110,-2.5,-110,-3,-110,-3.5,-105,-3,-110,-3,-115,-3,-112,-3,-110
Sun Jan 8 2023,Charlotte Hornets,111,Indiana Pacers,116,+6,-108,+5.5,-110,+5.5,-110,+5,-110,+5,-105,+5,-110,+5.5,-110,-6,-112,-5.5,-110,-5.5,-110,-5,-110,-5,-115,-5,-110,-5.5,-110
Sun Jan 8 2023,Utah Jazz,118,Memphis Grizzlies,123,+9,-110,+5.5,-110,+5.5,-115,+5.5,-110,+5.5,-110,+5.5,-109,+5.5,-110,-9,-110,-5.5,-110,-5.5,-105,-5.5,-110,-5.5,-110,-5.5,-112,-5.5,-110
Sun Jan 8 2023,Brooklyn Nets,102,Miami Heat,101,-3.5,-110,-2.5,-110,-2.5,-105,-2,-110,-1.5,-110,-2.5,-113,-2.5,-110,+3.5,-110,+2.5,-110,+2.5,-115,+2,-110,+1.5,-110,+2.5,-108,+2.5,-110
Sun Jan 8 2023,Minnesota Timberwolves,104,Houston Rockets,96,-3.5,-114,-4,-110,-3.5,-110,-3.5,-110,-3.5,-110,-3.5,-112,-4,-110,+3.5,-106,+4,-110,+3.5,-110,+3.5,-110,+3.5,-110,+3.5,-109,+4,-110
Sun Jan 8 2023,Dallas Mavericks,109,Oklahoma City Thunder,120,-2,-110,+4.5,-112,+4.5,-115,+4,-110,+4,-105,+4,-108,+4.5,-112,+2,-110,-4.5,-108,-4.5,-105,-4,-110,-4,-115,-4,-113,-4.5,-108
Sun Jan 8 2023,Cleveland Cavaliers,112,Phoenix Suns,98,-3.5,-110,-6.5,-110,-5.5,-115,-6,-110,-6,-110,-6,-109,-6.5,-110,+3.5,-110,+6.5,-110,+5.5,-105,+6,-110,+6,-110,+6,-112,+6.5,-110
Sun Jan 8 2023,Atlanta Hawks,112,Los Angeles Clippers,108,+4.5,-108,+2.5,-114,+2.5,-110,+2.5,-110,+2.5,-115,+2.5,-110,+2.5,-114,-4.5,-112,-2.5,-106,-2.5,-110,-2.5,-110,-2.5,-105,-2.5,-110,-2.5,-106
Mon Jan 9 2023,New Orleans Pelicans,132,Washington Wizards,112,N/A,+1.5,-110,+1.5,-110,+1.5,-110,+1.5,-110,+1.5,-110,N/A,-1.5,-110,-1.5,-110,-1.5,-110,-1.5,-110,-1.5,-110,,,,,,
Mon Jan 9 2023,Chicago Bulls,99,Boston Celtics,107,N/A,+9,-108,+9.5,-110,+9,-110,+9,-110,+9,-108,N/A,-9,-112,-9.5,-110,-9,-110,-9,-110,-9,-112,,,,,,
Mon Jan 9 2023,Milwaukee Bucks,111,New York Knicks,107,N/A,-0.5,-110,+1.5,-120,PK,-110,+1,-115,-0.5,-110,N/A,+0.5,-110,-1.5,even,PK,-110,-1,-105,+0.5,-110,,,,,,
Mon Jan 9 2023,San Antonio Spurs,113,Memphis Grizzlies,121,N/A,+11,-108,+11.5,-115,+11,-110,+10.5,-110,+11,-108,N/A,-11,-112,-11.5,-105,-11,-110,-10.5,-110,-11,-112,,,,,,
Mon Jan 9 2023,Los Angeles Lakers,109,Denver Nuggets,122,N/A,+13,-110,+13.5,-115,+13,-110,+13,-105,+13,-110,N/A,-13,-110,-13.5,-105,-13,-110,-13,-115,-13,-110,,,,,,
Mon Jan 9 2023,Orlando Magic,111,Sacramento Kings,136,N/A,+6.5,-112,+6.5,-105,+7,-110,+6.5,-110,+6.5,-112,N/A,-6.5,-108,-6.5,-115,-7,-110,-6.5,-110,-6.5,-108,,,,,,
Tue Jan 10 2023,Detroit Pistons,116,Philadelphia 76ers,147,+9.5,-110,+15,-110,+15.5,-115,+15,-110,+15,-110,+14.5,-113,+15,-110,-9.5,-110,-15,-110,-15.5,-105,-15,-110,-15,-110,-14.5,-108,-15,-110
Tue Jan 10 2023,Oklahoma City Thunder,111,Miami Heat,112,+4.5,-110,+1.5,-110,+1.5,-110,+1.5,-110,+1.5,-110,+2,-110,+1.5,-110,-4.5,-110,-1.5,-110,-1.5,-110,-1.5,-110,-1.5,-110,-2,-110,-1.5,-110
Tue Jan 10 2023,Charlotte Hornets,120,Toronto Raptors,132,+7.5,-108,+8,-114,+7.5,-110,+7.5,-110,+8,-115,+7.5,-110,+8,-114,-7.5,-112,-8,-106,-7.5,-110,-7.5,-110,-8,-105,-7.5,-110,-8,-106
Tue Jan 10 2023,Cleveland Cavaliers,114,Utah Jazz,116,-3.5,-112,-2.5,-112,-2.5,-110,-2.5,-110,-2.5,-110,-2.5,-110,-2.5,-112,+3.5,-108,+2.5,-108,+2.5,-110,+2.5,-110,+2.5,-110,+2.5,-110,+2.5,-108
Tue Jan 10 2023,Phoenix Suns,125,Golden State Warriors,113,+9,-110,+12.5,-110,+12.5,-115,+12,-110,+12,-110,+12.5,-108,+12.5,-110,-9,-110,-12.5,-110,-12.5,-105,-12,-110,-12,-110,-12.5,-113,-12.5,-110
Tue Jan 10 2023,Orlando Magic,109,Portland Trail Blazers,106,+7.5,-110,+9,-112,+8.5,-110,+8.5,-110,+9,-115,+9,-113,+9,-112,-7.5,-110,-9,-108,-8.5,-110,-8.5,-110,-9,-105,-9,-108,-9,-108
Tue Jan 10 2023,Dallas Mavericks,101,Los Angeles Clippers,113,+4,-110,+1,-112,+1.5,-115,+1.5,-110,-1,even,+0.5,-112,+1,-112,-4,-110,-1,-108,-1.5,-105,-1.5,-110,+1,-120,-0.5,-108,-1,-108
Wed Jan 11 2023,Minnesota Timberwolves,118,Detroit Pistons,135,N/A,-6.5,-110,-6.5,-115,-6.5,-110,-6,-115,-6.5,-110,N/A,+6.5,-110,+6.5,-105,+6.5,-110,+6,-105,+6.5,-110,,,,,,
Wed Jan 11 2023,Chicago Bulls,97,Washington Wizards,100,N/A,-1.5,-114,-1.5,-110,-1.5,-110,-1,-115,-1.5,-114,N/A,+1.5,-106,+1.5,-110,+1.5,-110,+1,-105,+1.5,-106,,,,,,
Wed Jan 11 2023,Milwaukee Bucks,114,Atlanta Hawks,105,N/A,-4.5,-112,-4.5,-110,-4,-110,-4,-110,-4.5,-112,N/A,+4.5,-108,+4.5,-110,+4,-110,+4,-110,+4.5,-108,,,,,,
Wed Jan 11 2023,New Orleans Pelicans,114,Boston Celtics,125,+10,-108,+9.5,-110,+9.5,-115,+9,-110,+9.5,-115,+9.5,-110,-10,-112,-9.5,-110,-9.5,-105,-9,-110,-9.5,-105,-9.5,-110,,,,
Wed Jan 11 2023,Indiana Pacers,113,New York Knicks,119,N/A,+5,-110,+4.5,-105,+5,-110,+5,-110,+5,-110,N/A,-5,-110,-4.5,-115,-5,-110,-5,-110,-5,-110,,,,,,
Wed Jan 11 2023,San Antonio Spurs,129,Memphis Grizzlies,135,N/A,+13.5,-110,+13.5,-115,+13,-110,+13.5,-115,+13.5,-110,N/A,-13.5,-110,-13.5,-105,-13,-110,-13.5,-105,-13.5,-110,,,,,,
Wed Jan 11 2023,Phoenix Suns,97,Denver Nuggets,126,N/A,+14.5,-112,+14.5,-115,+14,-110,+14.5,-110,+14.5,-112,N/A,-14.5,-108,-14.5,-105,-14,-110,-14.5,-110,-14.5,-108,,,,,,
Wed Jan 11 2023,Houston Rockets,115,Sacramento Kings,135,N/A,+9,-110,+9.5,-115,+9,-115,+9,-110,+9,-110,N/A,-9,-110,-9.5,-105,-9,-105,-9,-110,-9,-110,,,,,,
Thu Jan 12 2023,Oklahoma City Thunder,133,Philadelphia 76ers,114,N/A,+10.5,-110,+10.5,-110,+10,-110,+10.5,-115,+10.5,-110,N/A,-10.5,-110,-10.5,-110,-10,-110,-10.5,-105,-10.5,-110,,,,,,
Thu Jan 12 2023,Boston Celtics,109,Brooklyn Nets,98,N/A,-1,-110,-1.5,-105,-1,-110,-1,-110,-1,-110,N/A,+1,-110,+1.5,-115,+1,-110,+1,-110,+1,-110,,,,,,
Thu Jan 12 2023,Milwaukee Bucks,102,Miami Heat,108,N/A,+5.5,-108,+6.5,-115,+6,-110,+6,-110,+5.5,-108,N/A,-5.5,-112,-6.5,-105,-6,-110,-6,-110,-5.5,-112,,,,,,
Thu Jan 12 2023,Charlotte Hornets,114,Toronto Raptors,124,N/A,+7.5,-108,+7.5,-110,+7.5,-110,+7.5,-110,+7.5,-108,N/A,-7.5,-112,-7.5,-110,-7.5,-110,-7.5,-110,-7.5,-112,,,,,,
Thu Jan 12 2023,Dallas Mavericks,119,Los Angeles Lakers,115,N/A,-2.5,-112,-2.5,-110,-2.5,-110,-2.5,-115,-2.5,-112,N/A,+2.5,-108,+2.5,-110,+2.5,-110,+2.5,-105,+2.5,-108,,,,,,
Thu Jan 12 2023,Cleveland Cavaliers,119,Portland Trail Blazers,113,N/A,-1.5,-112,-1.5,-105,-1,-110,-1,-115,-1.5,-112,N/A,+1.5,-108,+1.5,-115,+1,-110,+1,-105,+1.5,-108,,,,,,
Fri Jan 13 2023,New Orleans Pelicans,116,Detroit Pistons,110,N/A,-5.5,-114,-5.5,-110,-5.5,-110,-5.5,-110,-5.5,-114,N/A,+5.5,-106,+5.5,-110,+5.5,-110,+5.5,-110,+5.5,-106,,,,,,
Fri Jan 13 2023,Atlanta Hawks,113,Indiana Pacers,111,-3,-110,-3.5,-114,-3.5,-110,-3.5,-110,-4,-105,-3.5,-114,+3,-110,+3.5,-106,+3.5,-110,+3.5,-110,+4,-115,+3.5,-106,,,,
Fri Jan 13 2023,New York Knicks,112,Washington Wizards,108,N/A,-3.5,-114,-3.5,-115,-4.5,-110,-3.5,-110,-3.5,-114,N/A,+3.5,-106,+3.5,-105,+4.5,-110,+3.5,-110,+3.5,-106,,,,,,
Fri Jan 13 2023,Golden State Warriors,144,San Antonio Spurs,113,N/A,-9,-108,-8.5,-115,-8.5,-110,-8.5,-110,-9,-108,N/A,+9,-112,+8.5,-105,+8.5,-110,+8.5,-110,+9,-112,,,,,,
Fri Jan 13 2023,Oklahoma City Thunder,124,Chicago Bulls,110,N/A,+4.5,-110,+4.5,-110,+4.5,-110,+4,-110,+4.5,-110,N/A,-4.5,-110,-4.5,-110,-4.5,-110,-4,-110,-4.5,-110,,,,,,
Fri Jan 13 2023,Phoenix Suns,116,Minnesota Timberwolves,121,N/A,+6,-108,+6.5,-110,+6.5,-110,+6.5,-110,+6,-108,N/A,-6,-112,-6.5,-110,-6.5,-110,-6.5,-110,-6,-112,,,,,,
Fri Jan 13 2023,Orlando Magic,108,Utah Jazz,112,N/A,+5.5,-110,+5.5,-110,+5.5,-110,+5.5,-115,+5.5,-110,N/A,-5.5,-110,-5.5,-110,-5.5,-110,-5.5,-105,-5.5,-110,,,,,,
Fri Jan 13 2023,Denver Nuggets,115,Los Angeles Clippers,103,-1.5,-110,+5,-108,+5.5,-115,+5,-110,+5,-110,+5,-108,+1.5,-110,-5,-112,-5.5,-105,-5,-110,-5,-110,-5,-112,,,,
Fri Jan 13 2023,Houston Rockets,114,Sacramento Kings,139,+10.5,-114,+9.5,-112,+9.5,-110,+9.5,-110,+9.5,-115,+9.5,-112,-10.5,-106,-9.5,-108,-9.5,-110,-9.5,-110,-9.5,-105,-9.5,-108,,,,
Sat Jan 14 2023,Milwaukee Bucks,95,Miami Heat,111,+1,-110,+4,-106,+4.5,-110,+4,-110,+4.5,-115,+4.5,-113,+4,-106,-1,-110,-4,-114,-4.5,-110,-4,-110,-4.5,-105,-4.5,-108,-4,-114
Sat Jan 14 2023,Boston Celtics,122,Charlotte Hornets,106,-7.5,-110,-7.5,-114,-7.5,-115,-8,-110,-7.5,-105,-8,-113,-7.5,-112,+7.5,-110,+7.5,-106,+7.5,-105,+8,-110,+7.5,-115,+8,-108,+7.5,-108
Sat Jan 14 2023,Memphis Grizzlies,130,Indiana Pacers,112,-8,-110,-7.5,-110,-7.5,-115,-8,-110,-7.5,-110,-8,-110,-7.5,-110,+8,-110,+7.5,-110,+7.5,-105,+8,-110,+7.5,-110,+8,-110,+7.5,-110
Sat Jan 14 2023,Atlanta Hawks,114,Toronto Raptors,103,+5,-108,+7.5,-112,+7.5,-105,+7.5,-110,+7.5,-105,+7,-108,+7.5,-112,-5,-112,-7.5,-108,-7.5,-115,-7.5,-110,-7.5,-115,-7,-113,-7.5,-108
Sat Jan 14 2023,Cleveland Cavaliers,102,Minnesota Timberwolves,110,-3,-110,-4.5,-112,-4.5,-110,-4.5,-110,-4,-115,-4.5,-108,-4.5,-112,+3,-110,+4.5,-108,+4.5,-110,+4.5,-110,+4,-105,+4.5,-113,+4.5,-108
Sat Jan 14 2023,Philadelphia 76ers,118,Utah Jazz,117,-4.5,-110,-6.5,-110,-6.5,-115,-7,-110,-6.5,-110,-6,-110,-6.5,-110,+4.5,-110,+6.5,-110,+6.5,-105,+7,-110,+6.5,-110,+6,-110,+6.5,-110
Sat Jan 14 2023,Dallas Mavericks,119,Portland Trail Blazers,136,+1.5,-108,+4,-106,+4.5,-115,+4,-110,+4,-115,+4,-113,+4,-106,-1.5,-112,-4,-114,-4.5,-105,-4,-110,-4,-105,-4,-108,-4,-114
Sun Jan 15 2023,New York Knicks,117,Detroit Pistons,104,-6.5,-112,-8.5,-110,-8.5,-110,-9,-110,-8.5,-110,-8.5,-112,-8.5,-110,+6.5,-108,+8.5,-110,+8.5,-110,+9,-110,+8.5,-110,+8.5,-109,+8.5,-110
Sun Jan 15 2023,Houston Rockets,100,Los Angeles Clippers,121,+9.5,-110,+10,-106,+10.5,-115,+10,-110,+10,-110,+10,-109,+10,-106,-9.5,-110,-10,-114,-10.5,-105,-10,-110,-10,-110,-10,-112,-10,-114
Sun Jan 15 2023,Golden State Warriors,118,Chicago Bulls,132,-1.5,-110,-6,-108,-5.5,-115,-6,-110,-6,-110,-6,-110,-6,-108,+1.5,-110,+6,-112,+5.5,-105,+6,-110,+6,-110,+6,-110,+6,-112
Sun Jan 15 2023,Oklahoma City Thunder,112,Brooklyn Nets,102,+5,-110,+4.5,-108,+4.5,-110,+4.5,-110,+4.5,-110,+4.5,-107,+4.5,-108,-5,-110,-4.5,-112,-4.5,-110,-4.5,-110,-4.5,-110,-4.5,-114,-4.5,-112
Sun Jan 15 2023,Sacramento Kings,132,San Antonio Spurs,119,-8,-108,-7,-110,-6.5,-110,-6.5,-110,-7,-105,-6.5,-110,-7,-110,+8,-112,+7,-110,+6.5,-110,+6.5,-110,+7,-115,+6.5,-110,+7,-110
Sun Jan 15 2023,Orlando Magic,116,Denver Nuggets,119,+10,-110,+11,-110,+11.5,-115,+11,-110,+11,-110,+11,-114,+11,-110,-10,-110,-11,-110,-11.5,-105,-11,-110,-11,-110,-11,-107,-11,-110
Sun Jan 15 2023,Dallas Mavericks,123,Portland Trail Blazers,140,+1.5,-110,+9,-112,+9.5,-115,+9,-110,+8.5,-105,+9,-110,+9,-112,-1.5,-110,-9,-108,-9.5,-105,-9,-110,-8.5,-115,-9,-110,-9,-108
Sun Jan 15 2023,Philadelphia 76ers,113,Los Angeles Lakers,112,-4,-112,-6,-108,-5.5,-115,-5.5,-110,-5.5,-110,-5.5,-113,-6,-108,+4,-108,+6,-112,+5.5,-105,+5.5,-110,+5.5,-110,+5.5,-108,+6,-112
Mon Jan 16 2023,Boston Celtics,130,Charlotte Hornets,118,N/A,-8.5,-114,-8.5,-110,-9,-110,-8.5,-110,-8.5,-114,N/A,+8.5,-106,+8.5,-110,+9,-110,+8.5,-110,+8.5,-106,,,,,,
Mon Jan 16 2023,Indiana Pacers,119,Milwaukee Bucks,132,N/A,+5,-110,+5.5,-115,+5,-110,+5,-105,+5,-110,N/A,-5,-110,-5.5,-105,-5,-110,-5,-115,-5,-110,,,,,,
Mon Jan 16 2023,New Orleans Pelicans,103,Cleveland Cavaliers,113,N/A,+7.5,-112,+7.5,-110,+7.5,-110,+7.5,-110,+7.5,-112,N/A,-7.5,-108,-7.5,-110,-7.5,-110,-7.5,-110,-7.5,-108,,,,,,
Mon Jan 16 2023,Toronto Raptors,123,New York Knicks,121,N/A,+1.5,-108,+1.5,-110,+1.5,-110,+1.5,-105,+1.5,-108,N/A,-1.5,-112,-1.5,-110,-1.5,-110,-1.5,-115,-1.5,-112,,,,,,
Mon Jan 16 2023,Golden State Warriors,127,Washington Wizards,118,N/A,-2.5,-108,-2.5,-115,-2.5,-110,-2.5,-110,-2.5,-108,N/A,+2.5,-112,+2.5,-105,+2.5,-110,+2.5,-110,+2.5,-112,,,,,,
Mon Jan 16 2023,Miami Heat,113,Atlanta Hawks,121,N/A,+1,-110,+1.5,-115,+1,-110,+1,-110,+1,-110,N/A,-1,-110,-1.5,-105,-1,-110,-1,-110,-1,-110,,,,,,
Mon Jan 16 2023,Utah Jazz,126,Minnesota Timberwolves,125,N/A,+4.5,-112,+4.5,-115,+4.5,-110,+4,-110,+4.5,-112,N/A,-4.5,-108,-4.5,-105,-4.5,-110,-4,-110,-4.5,-108,,,,,,
Mon Jan 16 2023,Phoenix Suns,106,Memphis Grizzlies,136,N/A,+12.5,-112,+12.5,-110,+12.5,-110,+12.5,-115,+12.5,-112,N/A,-12.5,-108,-12.5,-110,-12.5,-110,-12.5,-105,-12.5,-108,,,,,,
Mon Jan 16 2023,Houston Rockets,132,Los Angeles Lakers,140,N/A,+7.5,-110,+7.5,-110,+7.5,-110,+7.5,-115,+7.5,-110,N/A,-7.5,-110,-7.5,-110,-7.5,-110,-7.5,-105,-7.5,-110,,,,,,
Tue Jan 17 2023,Toronto Raptors,122,Milwaukee Bucks,130,N/A,+1.5,-112,+1.5,-110,+1.5,-110,+1.5,-110,+1.5,-112,N/A,-1.5,-108,-1.5,-110,-1.5,-110,-1.5,-110,-1.5,-108,,,,,,
Tue Jan 17 2023,Brooklyn Nets,98,San Antonio Spurs,106,N/A,-2.5,-106,-1.5,-115,-2,-110,-2,-115,-2.5,-106,N/A,+2.5,-114,+1.5,-105,+2,-110,+2,-105,+2.5,-114,,,,,,
Tue Jan 17 2023,Portland Trail Blazers,113,Denver Nuggets,122,N/A,+6,-112,+6.5,-115,+6,-110,+5.5,-110,+6,-112,N/A,-6,-108,-6.5,-105,-6,-110,-5.5,-110,-6,-108,,,,,,
Tue Jan 17 2023,Philadelphia 76ers,120,Los Angeles Clippers,110,N/A,+1,-108,+1.5,-115,+1.5,-115,+2,-115,+1,-108,N/A,-1,-112,-1.5,-105,-1.5,-105,-2,-105,-1,-112,,,,,,
Wed Jan 18 2023,Atlanta Hawks,130,Dallas Mavericks,122,N/A,+2.5,-106,+2.5,-110,+2.5,-110,+3,-115,+2.5,-106,N/A,-2.5,-114,-2.5,-110,-2.5,-110,-3,-105,-2.5,-114,,,,,,
Wed Jan 18 2023,Washington Wizards,116,New York Knicks,105,N/A,+5.5,-112,+5.5,-110,+5,-110,+5,-110,+5.5,-112,N/A,-5.5,-108,-5.5,-110,-5,-110,-5,-110,-5.5,-108,,,,,,
Wed Jan 18 2023,Charlotte Hornets,122,Houston Rockets,117,N/A,-3,-110,-2.5,-110,-3,-110,-2.5,-115,-3,-110,N/A,+3,-110,+2.5,-110,+3,-110,+2.5,-105,+3,-110,,,,,,
Wed Jan 18 2023,Cleveland Cavaliers,114,Memphis Grizzlies,115,N/A,+7.5,-110,+7.5,-110,+7.5,-110,+7.5,-115,+7.5,-110,N/A,-7.5,-110,-7.5,-110,-7.5,-110,-7.5,-105,-7.5,-110,,,,,,
Wed Jan 18 2023,Miami Heat,124,New Orleans Pelicans,98,N/A,-3.5,-112,-3.5,-110,-3.5,-110,-3.5,-110,-3.5,-112,N/A,+3.5,-108,+3.5,-110,+3.5,-110,+3.5,-110,+3.5,-108,,,,,,
Wed Jan 18 2023,Indiana Pacers,106,Oklahoma City Thunder,126,N/A,+4,-108,+4.5,-115,+3.5,-110,+4,-115,+4,-108,N/A,-4,-112,-4.5,-105,-3.5,-110,-4,-105,-4,-112,,,,,,
Wed Jan 18 2023,Los Angeles Clippers,103,Utah Jazz,126,N/A,+8,-108,+8.5,-110,+8.5,-110,+8,-105,+8,-108,N/A,-8,-112,-8.5,-110,-8.5,-110,-8,-115,-8,-112,,,,,,
Wed Jan 18 2023,Minnesota Timberwolves,118,Denver Nuggets,122,N/A,+9,-108,+9.5,-115,+9,-110,+9,-110,+9,-108,N/A,-9,-112,-9.5,-105,-9,-110,-9,-110,-9,-112,,,,,,
Wed Jan 18 2023,Sacramento Kings,116,Los Angeles Lakers,111,N/A,+2,-110,+2.5,-110,+2.5,-110,+2,-110,+2,-110,N/A,-2,-110,-2.5,-110,-2.5,-110,-2,-110,-2,-110,,,,,,
Thu Jan 19 2023,Chicago Bulls,126,Detroit Pistons,108,-5.5,-110,-7.5,-106,-7.5,-110,-7.5,-110,-7.5,-110,-7.5,-106,+5.5,-110,+7.5,-114,+7.5,-110,+7.5,-110,+7.5,-110,+7.5,-114,,,,
Thu Jan 19 2023,Golden State Warriors,118,Boston Celtics,121,N/A,+7,-112,+6.5,-110,+6.5,-110,+7,-115,+7,-112,N/A,-7,-108,-6.5,-110,-6.5,-110,-7,-105,-7,-108,,,,,,
Thu Jan 19 2023,Toronto Raptors,126,Minnesota Timberwolves,128,N/A,-4.5,-105,-4.5,-110,-4,-110,-4,-110,-4.5,-105,N/A,+4.5,-115,+4.5,-110,+4,-110,+4,-110,+4.5,-115,,,,,,
Thu Jan 19 2023,Brooklyn Nets,112,Phoenix Suns,117,-1,-110,-4,-108,-3.5,-115,-3.5,-110,-4,-110,-4,-108,+1,-110,+4,-112,+3.5,-105,+3.5,-110,+4,-110,+4,-112,,,,
Thu Jan 19 2023,Philadelphia 76ers,105,Portland Trail Blazers,95,N/A,-2,-108,-2.5,-105,-1.5,-110,-1.5,-110,-2,-108,N/A,+2,-112,+2.5,-115,+1.5,-110,+1.5,-110,+2,-112,,,,,,
Fri Jan 20 2023,New Orleans Pelicans,110,Orlando Magic,123,N/A,-1,-108,-1.5,even,-1,-110,+1,-115,-1,-108,N/A,+1,-112,+1.5,-120,+1,-110,-1,-105,+1,-112,,,,,,
Fri Jan 20 2023,New York Knicks,124,Atlanta Hawks,139,N/A,+3,-108,+3.5,-115,+3.5,-110,+3.5,-110,+3,-108,N/A,-3,-112,-3.5,-105,-3.5,-110,-3.5,-110,-3,-112,,,,,,
Fri Jan 20 2023,Golden State Warriors,120,Cleveland Cavaliers,114,N/A,+10.5,-112,+10.5,-110,+10.5,-110,+10.5,-105,+10.5,-112,N/A,-10.5,-108,-10.5,-110,-10.5,-110,-10.5,-115,-10.5,-108,,,,,,
Fri Jan 20 2023,Miami Heat,90,Dallas Mavericks,115,N/A,-2,-110,-2.5,-110,-2,-110,-2,-110,-2,-110,N/A,+2,-110,+2.5,-110,+2,-110,+2,-110,+2,-110,,,,,,
Fri Jan 20 2023,Los Angeles Clippers,131,San Antonio Spurs,126,N/A,-7.5,-110,-7.5,-115,-7.5,-110,-7.5,-105,-7.5,-110,N/A,+7.5,-110,+7.5,-105,+7.5,-110,+7.5,-115,+7.5,-110,,,,,,
Fri Jan 20 2023,Indiana Pacers,111,Denver Nuggets,134,N/A,+6.5,-114,+6.5,-115,+6,-110,+6.5,-115,+6.5,-114,N/A,-6.5,-106,-6.5,-105,-6,-110,-6.5,-105,-6.5,-106,,,,,,
Fri Jan 20 2023,Brooklyn Nets,117,Utah Jazz,106,N/A,+4.5,-106,+4.5,-105,+4.5,-110,+4.5,-105,+4.5,-106,N/A,-4.5,-114,-4.5,-115,-4.5,-110,-4.5,-115,-4.5,-114,,,,,,
Fri Jan 20 2023,Memphis Grizzlies,121,Los Angeles Lakers,122,N/A,-7,-110,-6.5,-110,-6.5,-110,-7,-110,-7,-110,N/A,+7,-110,+6.5,-110,+6.5,-110,+7,-110,+7,-110,,,,,,
Fri Jan 20 2023,Oklahoma City Thunder,113,Sacramento Kings,118,N/A,+5,-110,+5.5,-115,+5.5,-110,+5,-105,+5,-110,N/A,-5,-110,-5.5,-105,-5.5,-110,-5,-115,-5,-110,,,,,,
Sat Jan 21 2023,Boston Celtics,106,Toronto Raptors,104,N/A,-3.5,-110,-3.5,-110,-3.5,-110,-3.5,-110,-3.5,-110,N/A,+3.5,-110,+3.5,-110,+3.5,-110,+3.5,-110,+3.5,-110,,,,,,
Sat Jan 21 2023,Orlando Magic,118,Washington Wizards,138,N/A,+6.5,-108,+6.5,-110,+6.5,-110,+6.5,-110,+6.5,-108,N/A,-6.5,-112,-6.5,-110,-6.5,-110,-6.5,-110,-6.5,-112,,,,,,
Sat Jan 21 2023,Charlotte Hornets,122,Atlanta Hawks,118,N/A,+8,-112,+7.5,-110,+7.5,-110,+7.5,-105,+8,-112,N/A,-8,-108,-7.5,-110,-7.5,-110,-7.5,-115,-8,-108,,,,,,
Sat Jan 21 2023,Milwaukee Bucks,102,Cleveland Cavaliers,114,N/A,+3,-108,+2.5,-105,+3,-115,+3,-110,+3,-108,N/A,-3,-112,-2.5,-115,-3,-105,-3,-110,-3,-112,,,,,,
Sat Jan 21 2023,Houston Rockets,104,Minnesota Timberwolves,113,N/A,+8,-110,+8.5,-115,+8,-110,+8,-115,+8,-110,N/A,-8,-110,-8.5,-105,-8,-110,-8,-105,-8,-110,,,,,,
Sat Jan 21 2023,Indiana Pacers,107,Phoenix Suns,112,N/A,+2.5,-110,+3.5,-115,+3,-110,+3,-110,+2.5,-110,N/A,-2.5,-110,-3.5,-105,-3,-110,-3,-110,-2.5,-110,,,,,,
Sat Jan 21 2023,Philadelphia 76ers,129,Sacramento Kings,127,N/A,+5,-110,+5.5,-115,+5.5,-110,+5,-105,+5,-110,N/A,-5,-110,-5.5,-105,-5.5,-110,-5,-115,-5,-110,,,,,,
Sun Jan 22 2023,Los Angeles Clippers,112,Dallas Mavericks,98,+2,-112,+2,-108,+2.5,-115,+2,-110,+2,-110,+1.5,-112,+2,-108,-2,-108,-2,-112,-2.5,-105,-2,-110,-2,-110,-1.5,-110,-2,-112
Sun Jan 22 2023,New Orleans Pelicans,96,Miami Heat,100,+6.5,-110,+7.5,-110,+7.5,-110,+7.5,-110,+7.5,-115,+7,-112,+7.5,-110,-6.5,-110,-7.5,-110,-7.5,-110,-7.5,-110,-7.5,-105,-7,-109,-7.5,-110
Sun Jan 22 2023,New York Knicks,116,Toronto Raptors,125,+2,-110,+2.5,-106,+2.5,-110,+2,-110,+2.5,-115,+2.5,-113,+2.5,-106,-2,-110,-2.5,-114,-2.5,-110,-2,-110,-2.5,-105,-2.5,-108,-2.5,-114
Sun Jan 22 2023,Oklahoma City Thunder,101,Denver Nuggets,99,+5,-110,+3,-110,+2.5,-105,+3,-110,+3,-105,+3,-113,+3,-110,-5,-110,-3,-110,-2.5,-115,-3,-110,-3,-115,-3,-108,-3,-110
Sun Jan 22 2023,Memphis Grizzlies,110,Phoenix Suns,112,-8.5,-110,-8.5,-110,-8.5,-110,-8.5,-110,-8.5,-110,-8.5,-109,-8.5,-110,+8.5,-110,+8.5,-110,+8.5,-110,+8.5,-110,+8.5,-110,+8.5,-112,+8.5,-110
Sun Jan 22 2023,Brooklyn Nets,120,Golden State Warriors,116,+7,-110,+8,-110,+7.5,-105,+7.5,-110,+7.5,-105,+8,-113,+8,-110,-7,-110,-8,-110,-7.5,-115,-7.5,-110,-7.5,-115,-8,-108,-8,-110
Sun Jan 22 2023,Los Angeles Lakers,121,Portland Trail Blazers,112,+4.5,-110,+5.5,-110,+5.5,-110,+6,-110,+6,-110,+5.5,-108,+5.5,-110,-4.5,-110,-5.5,-110,-5.5,-110,-6,-110,-6,-110,-5.5,-113,-5.5,-110
Mon Jan 23 2023,Milwaukee Bucks,150,Detroit Pistons,130,-11.5,-108,-11,-112,-11.5,-110,-11.5,-110,-11.5,-110,-11.5,-113,-11.5,-112,+11.5,-112,+11,-108,+11.5,-110,+11.5,-110,+11.5,-110,+11.5,-108,+11.5,-108
Mon Jan 23 2023,Boston Celtics,98,Orlando Magic,113,-8,-110,-7.5,-110,-7.5,-110,-7.5,-110,-7.5,-115,-7.5,-108,-7.5,-110,+8,-110,+7.5,-110,+7.5,-110,+7.5,-110,+7.5,-105,+7.5,-113,+7.5,-110
Mon Jan 23 2023,Atlanta Hawks,100,Chicago Bulls,111,+1.5,-110,+1.5,-110,+1.5,-115,+1.5,-110,+1.5,-115,+1.5,-113,+1.5,-112,-1.5,-110,-1.5,-110,-1.5,-105,-1.5,-110,-1.5,-105,-1.5,-108,-1.5,-108
Mon Jan 23 2023,Minnesota Timberwolves,114,Houston Rockets,119,-6,-110,-6,-110,-5.5,-115,-6,-115,-6,-110,-6,-113,-6,-110,+6,-110,+6,-110,+5.5,-105,+6,-105,+6,-110,+6,-107,+6,-110
Mon Jan 23 2023,Charlotte Hornets,102,Utah Jazz,120,+7.5,-110,+9,-110,+8.5,-110,+9,-110,+9,-110,+9,-110,+9,-110,-7.5,-110,-9,-110,-8.5,-110,-9,-110,-9,-110,-9,-110,-9,-110
Mon Jan 23 2023,San Antonio Spurs,127,Portland Trail Blazers,147,+9,-110,+8,-108,+8.5,-110,+8.5,-110,+8.5,-115,+8.5,-114,+8,-108,-9,-110,-8,-112,-8.5,-110,-8.5,-110,-8.5,-105,-8.5,-107,-8,-112
Mon Jan 23 2023,Memphis Grizzlies,100,Sacramento Kings,133,-2.5,-110,+4,-112,+4.5,-110,+4,-110,+4,-110,+3.5,-108,+4,-112,+2.5,-110,-4,-108,-4.5,-110,-4,-110,-4,-110,-3.5,-113,-4,-108
Tue Jan 24 2023,Chicago Bulls,110,Indiana Pacers,116,N/A,-2,-110,-1.5,-110,-1.5,-110,-1.5,-110,-2,-110,N/A,+2,-110,+1.5,-110,+1.5,-110,+1.5,-110,+2,-110,,,,,,
Tue Jan 24 2023,Boston Celtics,95,Miami Heat,98,N/A,+2.5,-112,+2.5,-115,+2.5,-110,+2,-105,+2.5,-112,N/A,-2.5,-108,-2.5,-105,-2.5,-110,-2,-115,-2.5,-108,,,,,,
Tue Jan 24 2023,Cleveland Cavaliers,103,New York Knicks,105,N/A,-3.5,-106,-2.5,-115,-3,-110,-3,-105,-3.5,-106,N/A,+3.5,-114,+2.5,-105,+3,-110,+3,-115,+3.5,-114,,,,,,
Tue Jan 24 2023,Denver Nuggets,99,New Orleans Pelicans,98,N/A,-3.5,-108,-2.5,-115,-3,-110,-3,-110,-3.5,-108,N/A,+3.5,-112,+2.5,-105,+3,-110,+3,-110,+3.5,-112,,,,,,
Tue Jan 24 2023,Washington Wizards,127,Dallas Mavericks,126,N/A,+7,-110,+7.5,-115,+7,-110,+7,-115,+7,-110,N/A,-7,-110,-7.5,-105,-7,-110,-7,-105,-7,-110,,,,,,
Tue Jan 24 2023,Charlotte Hornets,97,Phoenix Suns,128,N/A,+7.5,-110,+7.5,-115,+7.5,-110,+7,-105,+7.5,-110,N/A,-7.5,-110,-7.5,-105,-7.5,-110,-7,-115,-7.5,-110,,,,,,
Tue Jan 24 2023,Los Angeles Clippers,133,Los Angeles Lakers,115,N/A,-4,-112,-4.5,-115,-4.5,-110,-4.5,-105,-4,-112,N/A,+4,-108,+4.5,-105,+4.5,-110,+4.5,-115,+4,-108,,,,,,
Wed Jan 25 2023,Indiana Pacers,120,Orlando Magic,126,N/A,+5,-108,+5.5,-110,+5,-110,+5,-105,+5,-108,N/A,-5,-112,-5.5,-110,-5,-110,-5,-115,-5,-112,,,,,,
Wed Jan 25 2023,Brooklyn Nets,133,Philadelphia 76ers,137,N/A,+7.5,-110,+7.5,-110,+7.5,-110,+7.5,-110,+7.5,-110,N/A,-7.5,-110,-7.5,-110,-7.5,-110,-7.5,-110,-7.5,-110,,,,,,
Wed Jan 25 2023,Washington Wizards,108,Houston Rockets,103,N/A,-2,-110,-2.5,-105,-2,-110,-2,-110,-2,-110,N/A,+2,-110,+2.5,-115,+2,-110,+2,-110,+2,-110,,,,,,
Wed Jan 25 2023,Denver Nuggets,99,Milwaukee Bucks,107,N/A,+12.5,-110,+12.5,-110,+12.5,-110,+12.5,-110,+12.5,-110,N/A,-12.5,-110,-12.5,-110,-12.5,-110,-12.5,-110,-12.5,-110,,,,,,
Wed Jan 25 2023,Minnesota Timberwolves,111,New Orleans Pelicans,102,N/A,+2.5,-106,+2.5,-110,+2.5,-110,+2.5,-110,+2.5,-106,N/A,-2.5,-114,-2.5,-110,-2.5,-110,-2.5,-110,-2.5,-114,,,,,,
Wed Jan 25 2023,Atlanta Hawks,137,Oklahoma City Thunder,132,N/A,-1,-112,-1.5,-110,-1,-110,-1,-110,-1,-112,N/A,+1,-108,+1.5,-110,+1,-110,+1,-110,+1,-108,,,,,,
Wed Jan 25 2023,Memphis Grizzlies,120,Golden State Warriors,122,N/A,+2.5,-108,+3.5,-115,+2.5,-110,+2.5,-105,+2.5,-108,N/A,-2.5,-112,-3.5,-105,-2.5,-110,-2.5,-115,-2.5,-112,,,,,,
Wed Jan 25 2023,Utah Jazz,124,Portland Trail Blazers,134,N/A,+3.5,-106,+3.5,-110,+3.5,-110,+4,-115,+3.5,-106,N/A,-3.5,-114,-3.5,-110,-3.5,-110,-4,-105,-3.5,-114,,,,,,
Wed Jan 25 2023,Toronto Raptors,113,Sacramento Kings,95,N/A,+3,-108,+3.5,-115,+3.5,-110,+3,-115,+3,-108,N/A,-3,-112,-3.5,-105,-3.5,-110,-3,-105,-3,-112,,,,,,
Wed Jan 25 2023,San Antonio Spurs,104,Los Angeles Lakers,113,N/A,+8,-112,+7.5,-105,+8,-110,+8,-115,+8,-112,N/A,-8,-108,-7.5,-115,-8,-110,-8,-105,-8,-108,,,,,,
Thu Jan 26 2023,New York Knicks,120,Boston Celtics,117,N/A,+8,-110,+8.5,-110,+8.5,-110,+8.5,-110,+8,-110,N/A,-8,-110,-8.5,-110,-8.5,-110,-8.5,-110,-8,-110,,,,,,
Thu Jan 26 2023,Detroit Pistons,130,Brooklyn Nets,122,N/A,+8,-110,+7.5,-110,+7.5,-110,+7.5,-110,+8,-110,N/A,-8,-110,-7.5,-110,-7.5,-110,-7.5,-110,-8,-110,,,,,,
Thu Jan 26 2023,Chicago Bulls,96,Charlotte Hornets,111,N/A,-3,-114,-3.5,-105,-3,-110,-3,-115,-3,-114,N/A,+3,-106,+3.5,-115,+3,-110,+3,-105,+3,-106,,,,,,
Thu Jan 26 2023,Cleveland Cavaliers,113,Houston Rockets,95,N/A,-8,-110,-8.5,-105,-8,-110,-8.5,-110,-8,-110,N/A,+8,-110,+8.5,-115,+8,-110,+8.5,-110,+8,-110,,,,,,
Thu Jan 26 2023,Dallas Mavericks,99,Phoenix Suns,95,N/A,+1.5,-114,+1.5,-110,+1,-110,+1,-110,+1.5,-114,N/A,-1.5,-106,-1.5,-110,-1,-110,-1,-110,-1.5,-106,,,,,,
Thu Jan 26 2023,San Antonio Spurs,100,Los Angeles Clippers,138,N/A,+13.5,-110,+13.5,-110,+13,-110,+13,-110,+13.5,-110,N/A,-13.5,-110,-13.5,-110,-13,-110,-13,-110,-13.5,-110,,,,,,
Fri Jan 27 2023,Milwaukee Bucks,141,Indiana Pacers,131,N/A,-6.5,-114,-6.5,-110,-6.5,-110,-6.5,-110,-6.5,-114,N/A,+6.5,-106,+6.5,-110,+6.5,-110,+6.5,-110,+6.5,-106,,,,,,
Fri Jan 27 2023,Memphis Grizzlies,100,Minnesota Timberwolves,111,N/A,-1.5,-108,-1.5,-110,-1,-115,-1,-115,-1.5,-108,N/A,+1.5,-112,+1.5,-110,+1,-105,+1,-105,+1.5,-112,,,,,,
Fri Jan 27 2023,Orlando Magic,105,Miami Heat,110,N/A,+9,-112,+8.5,-105,+8.5,-110,+8.5,-110,+9,-112,N/A,-9,-108,-8.5,-115,-8.5,-110,-8.5,-110,-9,-108,,,,,,
Fri Jan 27 2023,Cleveland Cavaliers,100,Oklahoma City Thunder,112,N/A,+1,-110,+1.5,-115,+1,-110,+1,-110,+1,-110,N/A,-1,-110,-1.5,-105,-1,-110,-1,-110,-1,-110,,,,,,
Fri Jan 27 2023,Toronto Raptors,117,Golden State Warriors,129,N/A,+4,-106,+4.5,-115,+4,-110,+3.5,-105,+4,-106,N/A,-4,-114,-4.5,-105,-4,-110,-3.5,-115,-4,-114,,,,,,
Sat Jan 28 2023,Denver Nuggets,119,Philadelphia 76ers,126,N/A,+3,-110,+3.5,-115,+3,-110,+3,-110,+3,-110,N/A,-3,-110,-3.5,-105,-3,-110,-3,-110,-3,-110,,,,,,
Sat Jan 28 2023,New York Knicks,115,Brooklyn Nets,122,N/A,-1,-110,-1.5,-105,PK,-110,-1,-110,-1,-110,N/A,+1,-110,+1.5,-115,PK,-110,+1,-110,+1,-110,,,,,,
Sat Jan 28 2023,Houston Rockets,117,Detroit Pistons,114,N/A,+6,-114,+5.5,-105,+6,-110,+5.5,even,+6,-114,N/A,-6,-106,-5.5,-115,-6,-110,-5.5,-120,-6,-106,,,,,,
Sat Jan 28 2023,Chicago Bulls,128,Orlando Magic,109,N/A,-2.5,-114,-2.5,-110,-2.5,-110,-2.5,-110,-2.5,-114,N/A,+2.5,-106,+2.5,-110,+2.5,-110,+2.5,-110,+2.5,-106,,,,,,
Sat Jan 28 2023,Los Angeles Clippers,120,Atlanta Hawks,113,N/A,+1.5,-110,+1.5,-110,+1,-110,+1.5,-110,+1.5,-110,N/A,-1.5,-110,-1.5,-110,-1,-110,-1.5,-110,-1.5,-110,,,,,,
Sat Jan 28 2023,Sacramento Kings,110,Minnesota Timberwolves,117,N/A,-1.5,-108,-1.5,-110,-1,-110,-1,-105,-1.5,-108,N/A,+1.5,-112,+1.5,-110,+1,-110,+1,-115,+1.5,-112,,,,,,
Sat Jan 28 2023,Washington Wizards,113,New Orleans Pelicans,103,N/A,+5.5,-108,+5.5,-110,+5.5,-110,+5.5,-110,+5.5,-108,N/A,-5.5,-112,-5.5,-110,-5.5,-110,-5.5,-110,-5.5,-112,,,,,,
Sat Jan 28 2023,Phoenix Suns,128,San Antonio Spurs,118,N/A,-5.5,-110,-5.5,-110,-5.5,-110,-5.5,-110,-5.5,-110,N/A,+5.5,-110,+5.5,-110,+5.5,-110,+5.5,-110,+5.5,-110,,,,,,
Sat Jan 28 2023,Los Angeles Lakers,121,Boston Celtics,125,N/A,+7.5,-108,+7.5,-110,+7.5,-110,+7.5,-105,+7.5,-108,N/A,-7.5,-112,-7.5,-110,-7.5,-110,-7.5,-115,-7.5,-112,,,,,,
Sat Jan 28 2023,Dallas Mavericks,100,Utah Jazz,108,N/A,+8,-110,+7.5,-105,+7.5,-110,+7.5,-110,+8,-110,N/A,-8,-110,-7.5,-115,-7.5,-110,-7.5,-110,-8,-110,,,,,,
Sat Jan 28 2023,Toronto Raptors,123,Portland Trail Blazers,105,N/A,+3.5,-110,+3.5,-110,+3,-110,+3,-110,+3.5,-110,N/A,-3.5,-110,-3.5,-110,-3,-110,-3,-110,-3.5,-110,,,,,,
Sun Jan 29 2023,Miami Heat,117,Charlotte Hornets,122,N/A,-6,-110,-5.5,-115,-6,-110,-6,-110,-6,-110,N/A,+6,-110,+5.5,-105,+6,-110,+6,-110,+6,-110,,,,,,
Sun Jan 29 2023,Indiana Pacers,100,Memphis Grizzlies,112,+8.5,-110,+8,-110,+8.5,-115,+8,-110,+8,-110,+8,-110,-8.5,-110,-8,-110,-8.5,-105,-8,-110,-8,-110,-8,-110,,,,
Sun Jan 29 2023,Los Angeles Clippers,99,Cleveland Cavaliers,122,+4,-108,+11.5,-110,+11.5,-110,+11.5,-110,+11.5,-110,+11.5,-110,-4,-112,-11.5,-110,-11.5,-110,-11.5,-110,-11.5,-110,-11.5,-110,,,,
Sun Jan 29 2023,New Orleans Pelicans,110,Milwaukee Bucks,135,N/A,+10.5,-110,+10.5,-110,+10.5,-110,+10.5,-110,+10.5,-110,N/A,-10.5,-110,-10.5,-110,-10.5,-110,-10.5,-110,-10.5,-110,,,,,,
Mon Jan 30 2023,Orlando Magic,119,Philadelphia 76ers,109,+10.5,-114,+10,-110,+10.5,-115,+10,-110,+10,-110,+10,-112,+10,-110,-10.5,-108,-10,-110,-10.5,-105,-10,-110,-10,-110,-10,-109,-10,-110
Mon Jan 30 2023,Los Angeles Lakers,104,Brooklyn Nets,121,+9,-110,+9,-112,+8.5,-105,+9,-110,+9,-110,+8.5,-110,+9,-112,-9,-110,-9,-108,-8.5,-115,-9,-110,-9,-110,-8.5,-110,-9,-108
Mon Jan 30 2023,Sacramento Kings,118,Minnesota Timberwolves,111,+1,-110,-1,-110,-1.5,-105,-1,-110,+1,-115,-1.5,-112,-1,-110,-1,-110,+1,-110,+1.5,-115,+1,-110,-1,-105,+1.5,-109,+1,-110
Mon Jan 30 2023,Golden State Warriors,128,Oklahoma City Thunder,120,-3,-110,-5,-110,-4.5,-115,-5,-110,-5,-110,-5,-110,-5,-110,+3,-110,+5,-110,+4.5,-105,+5,-110,+5,-110,+5,-110,+5,-110
Mon Jan 30 2023,Washington Wizards,127,San Antonio Spurs,106,-5,-110,-5.5,-108,-4.5,-115,-5.5,-110,-5.5,-110,-5,-109,-5.5,-108,+5,-110,+5.5,-112,+4.5,-105,+5.5,-110,+5.5,-110,+5,-112,+5.5,-112
Mon Jan 30 2023,Detroit Pistons,105,Dallas Mavericks,111,+8.5,-112,+10.5,-110,+10.5,-110,+10.5,-110,+10.5,-110,+10.5,-114,+10.5,-110,-8.5,-110,-10.5,-110,-10.5,-110,-10.5,-110,-10.5,-110,-10.5,-107,-10.5,-110
Mon Jan 30 2023,Toronto Raptors,106,Phoenix Suns,114,+2.5,-110,+1.5,-106,+1.5,-110,+1,-110,+1.5,-105,+2,-110,+1.5,-106,-2.5,-110,-1.5,-114,-1.5,-110,-1,-110,-1.5,-115,-2,-110,-1.5,-114
Mon Jan 30 2023,Atlanta Hawks,125,Portland Trail Blazers,129,+2,-110,+5.5,-110,+5.5,-115,+5.5,-110,+5.5,-115,+5.5,-112,+5.5,-110,-2,-110,-5.5,-110,-5.5,-105,-5.5,-110,-5.5,-105,-5.5,-109,-5.5,-110
Tue Jan 31 2023,Miami Heat,100,Cleveland Cavaliers,97,+5,-110,+4,-110,+4.5,-115,+4,-110,+4,-110,+4,-113,+4,-110,-5,-110,-4,-110,-4.5,-105,-4,-110,-4,-110,-4,-108,-4,-110
Tue Jan 31 2023,Los Angeles Lakers,129,New York Knicks,123,+2,-110,+1.5,-106,+2.5,-110,+2,-110,+2,-110,+2,-108,+1.5,-106,-2,-110,-1.5,-114,-2.5,-110,-2,-110,-2,-110,-2,-113,-1.5,-114
Tue Jan 31 2023,Los Angeles Clippers,108,Chicago Bulls,103,-3.5,-110,-2.5,-110,-2.5,-115,-3,-110,-2.5,-115,-3,-108,-2.5,-110,+3.5,-110,+2.5,-110,+2.5,-105,+3,-110,+2.5,-105,+3,-113,+2.5,-110
Tue Jan 31 2023,Charlotte Hornets,115,Milwaukee Bucks,124,+12,-110,+11,-110,+11.5,-115,+11.5,-110,+11.5,-110,+11,-108,+11,-110,-12,-110,-11,-110,-11.5,-105,-11.5,-110,-11.5,-110,-11,-113,-11,-110
Tue Jan 31 2023,New Orleans Pelicans,113,Denver Nuggets,122,+8.5,-110,+7.5,-110,+7.5,-115,+7.5,-110,+6.5,-105,+7,-109,+7.5,-110,-8.5,-110,-7.5,-110,-7.5,-105,-7.5,-110,-6.5,-115,-7,-112,-7.5,-110
Wed Feb 1 2023,Portland Trail Blazers,122,Memphis Grizzlies,112,+5.5,-110,+5.5,-108,+5.5,-105,+6,-110,+6,-120,+6,-110,+5.5,-108,-5.5,-110,-5.5,-112,-5.5,-115,-6,-110,-6,even,-6,-112,-5.5,-112
Wed Feb 1 2023,Orlando Magic,94,Philadelphia 76ers,105,+8.5,-110,+10.5,-110,+10.5,-110,+10.5,-110,+10.5,-115,+10.5,-110,+10.5,-110,-8.5,-110,-10.5,-110,-10.5,-110,-10.5,-110,-10.5,-105,-10.5,-110,-10.5,-110
Wed Feb 1 2023,Brooklyn Nets,96,Boston Celtics,139,+8.5,-110,+9,-106,+9.5,-115,+9,-110,+9,-110,+9,-109,+9,-106,-8.5,-110,-9,-114,-9.5,-105,-9,-110,-9,-110,-9,-112,-9,-114
Wed Feb 1 2023,Oklahoma City Thunder,106,Houston Rockets,112,-6,-110,-6,-106,-6.5,-105,-6,-110,-6,-105,-6,-110,-6,-106,+6,-110,+6,-114,+6.5,-115,+6,-110,+6,-115,+6,-110,+6,-114
Wed Feb 1 2023,Golden State Warriors,114,Minnesota Timberwolves,119,-3,-114,-5.5,-110,-5.5,-110,-5.5,-115,-5.5,-105,-6,-108,-5.5,-110,+3,-106,+5.5,-112,+5.5,-110,+5.5,-105,+5.5,-115,+6,-113,+5.5,-112
Wed Feb 1 2023,Sacramento Kings,119,San Antonio Spurs,109,-7.5,-110,-7.5,-110,-7.5,-110,-7.5,-110,-7.5,-115,-7.5,-112,-7.5,-110,+7.5,-110,+7.5,-110,+7.5,-110,+7.5,-110,+7.5,-105,+7.5,-109,+7.5,-110
Wed Feb 1 2023,Toronto Raptors,128,Utah Jazz,131,+3,-106,+2,-108,+2.5,-110,+2.5,-110,+2,-110,+2.5,-110,+2,-108,-3,-114,-2,-112,-2.5,-110,-2.5,-110,-2,-110,-2.5,-110,-2,-112
Wed Feb 1 2023,Atlanta Hawks,132,Phoenix Suns,100,+2,-110,+1.5,-112,+1.5,-110,+1,-110,+1,-110,+1,-112,+1.5,-112,-2,-110,-1.5,-108,-1.5,-110,-1,-110,-1,-110,-1,-109,-1.5,-108
Thu Feb 2 2023,Los Angeles Lakers,112,Indiana Pacers,111,-1.5,-110,-2.5,-114,-2.5,-110,-2.5,-110,-2.5,-115,-2.5,-112,-2.5,-114,+1.5,-110,+2.5,-106,+2.5,-110,+2.5,-110,+2.5,-105,+2.5,-109,+2.5,-106
Thu Feb 2 2023,Memphis Grizzlies,113,Cleveland Cavaliers,128,+5,-110,+6.5,-110,+6.5,-110,+6.5,-110,+6.5,-105,+6,-109,+6.5,-110,-5,-110,-6.5,-110,-6.5,-110,-6.5,-110,-6.5,-115,-6,-112,-6.5,-110
Thu Feb 2 2023,Miami Heat,104,New York Knicks,106,-1,-110,-3,-110,-2.5,-115,-3,-110,-3,-110,-3,-113,-3,-110,+1,-110,+3,-110,+2.5,-105,+3,-110,+3,-110,+3,-108,+3,-110
Thu Feb 2 2023,Charlotte Hornets,98,Chicago Bulls,114,+6.5,-110,+6,-108,+6.5,-110,+6.5,-110,+6.5,-110,+6.5,-113,+6,-108,-6.5,-110,-6,-112,-6.5,-110,-6.5,-110,-6.5,-110,-6.5,-108,-6,-112
Thu Feb 2 2023,New Orleans Pelicans,106,Dallas Mavericks,111,+4.5,-115,+4.5,-106,+5.5,-115,+5,-110,+5,-115,+4.5,-110,+5,-112,-4.5,-105,-4.5,-114,-5.5,-105,-5,-110,-5,-105,-4.5,-110,-5,-108
Thu Feb 2 2023,Golden State Warriors,117,Denver Nuggets,134,+9.5,-110,+7.5,-110,+7.5,-115,+6,-110,+6,-115,+6,-110,+6,-110,-9.5,-110,-7.5,-110,-7.5,-105,-6,-110,-6,-105,-6,-110,-6,-110
Thu Feb 2 2023,Los Angeles Clippers,105,Milwaukee Bucks,106,+5,-110,+4.5,-112,+4.5,-115,+4.5,-110,+4,-110,+4,-108,+4.5,-112,-5,-110,-4.5,-108,-4.5,-105,-4.5,-110,-4,-110,-4,-113,-4.5,-108
Fri Feb 3 2023,Charlotte Hornets,112,Detroit Pistons,118,+1,-110,-1,-110,-1.5,-105,-1,-110,-1,-115,-1,-108,-1,-110,-1,-110,+1,-110,+1.5,-115,+1,-110,+1,-105,+1,-113,+1,-110
Fri Feb 3 2023,Sacramento Kings,104,Indiana Pacers,107,-3,-108,-2,-110,-1.5,-110,-1.5,-110,-1,-110,-1.5,-109,-2,-110,+3,-112,+2,-110,+1.5,-110,+1.5,-110,+1,-110,+1.5,-112,+2,-110
Fri Feb 3 2023,Portland Trail Blazers,124,Washington Wizards,116,+4.5,-110,+4.5,-110,+4.5,-110,+4.5,-110,+4.5,-110,+4,-108,+4.5,-110,-4.5,-110,-4.5,-110,-4.5,-110,-4.5,-110,-4.5,-110,-4,-113,-4.5,-110
Fri Feb 3 2023,Phoenix Suns,106,Boston Celtics,94,+9.5,-110,+10,-108,+10.5,-110,+10,-110,+10,-115,+10,-110,+10,-108,-9.5,-110,-10,-112,-10.5,-110,-10,-110,-10,-105,-10,-110,-10,-112
Fri Feb 3 2023,Toronto Raptors,117,Houston Rockets,111,-6.5,-108,-7.5,-110,-7.5,-110,-8,-110,-7.5,-110,-7.5,-113,-7.5,-110,+6.5,-112,+7.5,-110,+7.5,-110,+8,-110,+7.5,-110,+7.5,-108,+7.5,-110
Fri Feb 3 2023,Orlando Magic,127,Minnesota Timberwolves,120,+5,-110,+5.5,-106,+5.5,-110,+5.5,-110,+5,-110,+5.5,-114,+5.5,-106,-5,-110,-5.5,-114,-5.5,-110,-5.5,-110,-5,-110,-5.5,-107,-5.5,-114
Fri Feb 3 2023,Philadelphia 76ers,137,San Antonio Spurs,125,-10,-110,-11,-108,-10.5,-115,-10,-110,-10.5,-110,-10.5,-107,-11,-108,+10,-110,+11,-112,+10.5,-105,+10,-110,+10.5,-110,+10.5,-114,+11,-112
Fri Feb 3 2023,Atlanta Hawks,115,Utah Jazz,108,+1.5,-110,+1.5,-110,+1.5,-115,+1,-110,+1,-110,+1,-110,+1.5,-110,-1.5,-110,-1.5,-110,-1.5,-105,-1,-110,-1,-110,-1,-110,-1.5,-110
Sat Feb 4 2023,Washington Wizards,123,Brooklyn Nets,125,+1,-108,-1,-110,-1.5,-105,-1.5,-110,-1,-110,-1,-109,-1,-110,-1,-112,+1,-110,+1.5,-115,+1.5,-110,+1,-110,+1,-112,+1,-110
Sat Feb 4 2023,Los Angeles Lakers,126,New Orleans Pelicans,131,-1,-108,+1,-112,+1.5,-115,+1,-110,+1,-110,+0.5,-109,+1,-112,+1,-112,-1,-108,-1.5,-105,-1,-110,-1,-110,-0.5,-112,-1,-108
Sat Feb 4 2023,Phoenix Suns,116,Detroit Pistons,100,-4.5,-110,-5,-108,-4.5,-115,-5,-110,-4.5,-120,-5,-109,-5,-108,+4.5,-110,+5,-112,+4.5,-105,+5,-110,+4.5,even,+5,-112,+5,-112
Sat Feb 4 2023,Los Angeles Clippers,134,New York Knicks,128,-2.5,-110,-2.5,-110,-2.5,-110,-3,-110,-2.5,-110,-2.5,-112,-2.5,-110,+2.5,-110,+2.5,-110,+2.5,-110,+3,-110,+2.5,-110,+2.5,-109,+2.5,-110
Sat Feb 4 2023,Portland Trail Blazers,121,Chicago Bulls,129,+5,-110,+3,-110,+3.5,-115,+3.5,-110,+3,-110,+3,-108,+3,-110,-5,-110,-3,-110,-3.5,-105,-3.5,-110,-3,-110,-3,-113,-3,-110
Sat Feb 4 2023,Miami Heat,115,Milwaukee Bucks,123,+5,-110,+6,-106,+5.5,-105,+6,-110,+6,-105,+6,-112,+6,-108,-5,-110,-6,-114,-5.5,-115,-6,-110,-6,-115,-6,-109,-6,-112
Sat Feb 4 2023,Houston Rockets,121,Oklahoma City Thunder,153,+9,-110,+10,-110,+10.5,-115,+10,-110,+10,-110,+10,-113,+10,-110,-9,-110,-10,-110,-10.5,-105,-10,-110,-10,-110,-10,-108,-10,-110
Sat Feb 4 2023,Dallas Mavericks,113,Golden State Warriors,119,+9,-110,+10.5,-108,+10.5,-110,+10.5,-110,+10.5,-115,+10,-107,+10.5,-108,-9,-110,-10.5,-114,-10.5,-110,-10.5,-110,-10.5,-105,-10,-114,-10.5,-114
Sat Feb 4 2023,Atlanta Hawks,108,Denver Nuggets,128,+6,-110,+10,-110,+10.5,-110,+10.5,-110,+10,-115,+10,-109,+10,-110,-6,-110,-10,-110,-10.5,-110,-10.5,-110,-10,-105,-10,-112,-10,-110
Sun Feb 5 2023,Orlando Magic,119,Charlotte Hornets,113,+1,-110,+1.5,-106,+1.5,-105,+2,-110,+2,-110,+2,-112,+1.5,-106,-1,-110,-1.5,-114,-1.5,-115,-2,-110,-2,-110,-2,-109,-1.5,-114
Sun Feb 5 2023,Cleveland Cavaliers,122,Indiana Pacers,103,-4,-114,-4.5,-110,-4.5,-105,-4,-110,-3.5,-110,-4,-114,-4.5,-110,+4,-106,+4.5,-110,+4.5,-115,+4,-110,+3.5,-110,+4,-107,+4.5,-110
Sun Feb 5 2023,Toronto Raptors,106,Memphis Grizzlies,103,+4.5,-114,+2,-112,+1.5,-110,+1.5,-110,+1,-110,+1.5,-110,+2,-112,-4.5,-106,-2,-108,-1.5,-110,-1.5,-110,-1,-110,-1.5,-110,-2,-108
Sun Feb 5 2023,Philadelphia 76ers,97,New York Knicks,108,-5.5,-110,-4.5,-108,-4.5,-110,-4.5,-110,-4,-110,-4.5,-114,-4.5,-108,+5.5,-110,+4.5,-112,+4.5,-110,+4.5,-110,+4,-110,+4.5,-107,+4.5,-112
Sun Feb 5 2023,Denver Nuggets,98,Minnesota Timberwolves,128,-1,-110,+9,-112,+8.5,-105,+9,-110,+9,-110,+8.5,-114,+9,-112,+1,-112,-9,-108,-8.5,-115,-9,-110,-9,-110,-8.5,-107,-9,-108
Sun Feb 5 2023,Sacramento Kings,104,New Orleans Pelicans,136,+2,-110,-2,-110,-1.5,-115,-2,-110,-2,-110,-2,-113,-2,-110,-2,-110,+2,-110,+1.5,-105,+2,-110,+2,-110,+2,-108,+2,-110
Mon Feb 6 2023,Boston Celtics,111,Detroit Pistons,99,-11.5,-110,-9.5,-110,-9.5,-115,-9.5,-110,-9.5,-110,-9.5,-112,-9.5,-110,+11.5,-110,+9.5,-110,+9.5,-105,+9.5,-110,+9.5,-110,+9.5,-109,+9.5,-110
Mon Feb 6 2023,Cleveland Cavaliers,114,Washington Wizards,91,-3,-110,-4,-108,-3.5,-115,-4,-110,-3.5,-110,-3.5,-108,-4,-108,+3,-110,+4,-112,+3.5,-105,+4,-110,+3.5,-110,+3.5,-113,+4,-112
Mon Feb 6 2023,Los Angeles Clippers,124,Brooklyn Nets,116,-6.5,-110,-8.5,-110,-8.5,-110,-8.5,-110,-8.5,-110,-8.5,-109,-8.5,-110,+6.5,-110,+8.5,-110,+8.5,-110,+8.5,-110,+8.5,-110,+8.5,-112,+8.5,-110
Mon Feb 6 2023,San Antonio Spurs,104,Chicago Bulls,128,+10.5,-110,+9.5,-112,+9.5,-110,+9.5,-110,+9.5,-115,+9,-107,+9.5,-112,-10.5,-110,-9.5,-108,-9.5,-110,-9.5,-110,-9.5,-105,-9,-114,-9.5,-108
Mon Feb 6 2023,Sacramento Kings,140,Houston Rockets,120,-5.5,-110,-7,-108,-6.5,-115,-7,-110,-7,-110,-7,-110,-7,-108,+5.5,-110,+7,-112,+6.5,-105,+7,-110,+7,-110,+7,-110,+7,-112
Mon Feb 6 2023,Dallas Mavericks,124,Utah Jazz,111,+8,-110,+9.5,-108,+9.5,-110,+9.5,-110,+9.5,-105,+9.5,-112,+9.5,-108,-8,-110,-9.5,-112,-9.5,-110,-9.5,-110,-9.5,-115,-9.5,-109,-9.5,-112
Mon Feb 6 2023,Oklahoma City Thunder,114,Golden State Warriors,141,+5,-110,+3.5,-112,+3.5,-115,+3,-110,+3,-115,+3,-109,+3.5,-112,-5,-110,-3.5,-108,-3.5,-105,-3,-110,-3,-105,-3,-112,-3.5,-108
Mon Feb 6 2023,Milwaukee Bucks,127,Portland Trail Blazers,108,-5,-110,-4.5,-110,-4.5,-110,-4.5,-110,-4.5,-115,-4,-113,-4.5,-110,+5,-110,+4.5,-110,+4.5,-110,+4.5,-110,+4.5,-105,+4,-107,+4.5,-110
Tue Feb 7 2023,New York Knicks,102,Orlando Magic,98,-1.5,-110,-1.5,-114,-1.5,-105,-1,-110,-1.5,-110,-1.5,-113,-1.5,-114,+1.5,-110,+1.5,-106,+1.5,-115,+1,-110,+1.5,-110,+1.5,-108,+1.5,-106
Tue Feb 7 2023,Phoenix Suns,116,Brooklyn Nets,112,-4,-112,-7,-112,-7.5,-105,-7,-110,-7,-105,-7,-112,-7,-112,+4,-108,+7,-108,+7.5,-115,+7,-110,+7,-115,+7,-109,+7,-108
Tue Feb 7 2023,Atlanta Hawks,107,New Orleans Pelicans,116,+1.5,-110,+1,-110,+1.5,-115,+1,-110,-1,-105,+1,-110,+1,-110,-1.5,-110,-1,-110,-1.5,-105,-1,-110,+1,-115,-1,-110,-1,-110
Tue Feb 7 2023,Chicago Bulls,89,Memphis Grizzlies,104,+6.5,-110,+9.5,-110,+9.5,-110,+9.5,-110,+9.5,-110,+9.5,-108,+9.5,-110,-6.5,-110,-9.5,-110,-9.5,-110,-9.5,-110,-9.5,-110,-9.5,-113,-9.5,-110
Tue Feb 7 2023,Minnesota Timberwolves,112,Denver Nuggets,146,+8,-110,+8,-112,+7.5,-105,+8,-110,+8,-110,+8,-110,+8,-112,-8,-110,-8,-108,-7.5,-115,-8,-110,-8,-110,-8,-110,-8,-108
Tue Feb 7 2023,Oklahoma City Thunder,133,Los Angeles Lakers,130,+7,-108,+6.5,-108,+6.5,-110,+7,-110,+7,-110,+7,-114,+6.5,-108,-7,-112,-6.5,-112,-6.5,-110,-7,-110,-7,-110,-7,-107,-6.5,-112
Wed Feb 8 2023,Detroit Pistons,85,Cleveland Cavaliers,113,+12.5,-110,+8.5,-106,+8.5,-110,+8.5,-110,+9,-110,+8.5,-112,+8.5,-108,-12.5,-110,-8.5,-114,-8.5,-110,-8.5,-110,-9,-110,-8.5,-109,-8.5,-112
Wed Feb 8 2023,Charlotte Hornets,104,Washington Wizards,118,+4,-108,+3.5,-110,+3.5,-110,+3.5,-110,+3,-110,+3.5,-109,+3.5,-110,-4,-112,-3.5,-110,-3.5,-110,-3.5,-110,-3,-110,-3.5,-112,-3.5,-110
Wed Feb 8 2023,Philadelphia 76ers,99,Boston Celtics,106,+4.5,-110,+2.5,-108,+2.5,-110,+2.5,-110,+2,-110,+2.5,-112,+2.5,-108,-4.5,-110,-2.5,-112,-2.5,-110,-2.5,-110,-2,-110,-2.5,-109,-2.5,-112
Wed Feb 8 2023,Indiana Pacers,111,Miami Heat,116,+6,-106,+6.5,-108,+6.5,-105,+6.5,-110,+7,-115,+6.5,-112,+6.5,-108,-6,-114,-6.5,-112,-6.5,-115,-6.5,-110,-7,-105,-6.5,-109,-6.5,-112
Wed Feb 8 2023,San Antonio Spurs,98,Toronto Raptors,112,+10.5,-110,+10.5,-110,+10.5,-110,+10.5,-110,+10,-110,+10.5,-110,+10.5,-110,-10.5,-110,-10.5,-110,-10.5,-110,-10.5,-110,-10,-110,-10.5,-110,-10.5,-110
Wed Feb 8 2023,Sacramento Kings,130,Houston Rockets,128,-7.5,-110,-8.5,-110,-8.5,-110,-8.5,-110,-8,-110,-8.5,-109,-8.5,-110,+7.5,-110,+8.5,-110,+8.5,-110,+8.5,-110,+8,-110,+8.5,-112,+8.5,-110
Wed Feb 8 2023,Minnesota Timberwolves,143,Utah Jazz,118,+3.5,-110,+8,-108,+8.5,-105,+8.5,-110,+8.5,-110,+8,-113,+8,-108,-3.5,-110,-8,-112,-8.5,-115,-8.5,-110,-8.5,-110,-8,-108,-8,-112
Wed Feb 8 2023,Dallas Mavericks,110,Los Angeles Clippers,104,+7.5,-108,+8.5,-108,+8.5,-110,+8,-110,+8,-105,+8,-106,+8.5,-108,-7.5,-112,-8.5,-112,-8.5,-110,-8,-110,-8,-115,-8,-114,-8.5,-112
Wed Feb 8 2023,Golden State Warriors,122,Portland Trail Blazers,125,+3.5,-110,+2.5,-110,+2.5,-110,+2.5,-110,+2.5,-110,+2.5,-110,+2.5,-110,-3.5,-110,-2.5,-110,-2.5,-110,-2.5,-110,-2.5,-110,-2.5,-110,-2.5,-110
Thu Feb 9 2023,Denver Nuggets,104,Orlando Magic,115,-6,-110,-5,-110,-4.5,-115,-5,-110,-5,-110,-5,-114,-5,-110,+6,-110,+5,-110,+4.5,-105,+5,-110,+5,-110,+5,-107,+5,-110
Thu Feb 9 2023,Phoenix Suns,107,Atlanta Hawks,116,+4,-112,+8,-112,+7.5,-105,+8,-110,+7.5,-110,+8,-110,+8,-112,-4,-108,-8,-108,-7.5,-115,-8,-110,-7.5,-110,-8,-110,-8,-108
Thu Feb 9 2023,Chicago Bulls,105,Brooklyn Nets,116,+3.5,-112,-2.5,-108,-2.5,-115,-3,-110,-2,-110,-2.5,-112,-2.5,-108,-3.5,-108,+2.5,-112,+2.5,-115,+3,-110,+2,-110,+2.5,-109,+2.5,-112
Thu Feb 9 2023,Milwaukee Bucks,115,Los Angeles Lakers,106,-5.5,-110,-8.5,-108,-8.5,-110,-8,-110,-8,-110,-8,-112,-8.5,-108,+5.5,-110,+8.5,-112,+8.5,-110,+8,-110,+8,-110,+8,-109,+8.5,-112
Fri Feb 10 2023,San Antonio Spurs,131,Detroit Pistons,138,+3,-108,+6,-108,+5.5,-105,+6,-110,+6,-105,+6,-110,+6,-112,-3,-112,-6,-112,-5.5,-115,-6,-110,-6,-115,-6,-110,-6,-108
Fri Feb 10 2023,Phoenix Suns,117,Indiana Pacers,104,-1,-110,+2.5,-110,+2.5,-110,+3,-110,+2.5,-110,+2.5,-110,+2.5,-108,+1,-110,-2.5,-110,-2.5,-110,-3,-110,-2.5,-110,-2.5,-110,-2.5,-112
Fri Feb 10 2023,New York Knicks,108,Philadelphia 76ers,119,+5.5,-110,+7,-110,+7.5,-115,+7,-110,+7,-110,+7,-112,+7,-112,-5.5,-110,-7,-110,-7.5,-105,-7,-110,-7,-110,-7,-109,-7,-108
Fri Feb 10 2023,Charlotte Hornets,116,Boston Celtics,127,+10,-112,+10.5,-110,+10.5,-110,+10.5,-110,+10.5,-110,+11,-112,+10.5,-110,-10,-108,-10.5,-110,-10.5,-110,-10.5,-110,-10.5,-110,-11,-109,-10.5,-110
Fri Feb 10 2023,Utah Jazz,122,Toronto Raptors,116,+6.5,-110,+8.5,-112,+8.5,-110,+8.5,-110,+8.5,-110,+8.5,-107,+8.5,-112,-6.5,-110,-8.5,-108,-8.5,-110,-8.5,-110,-8.5,-110,-8.5,-114,-8.5,-108
Fri Feb 10 2023,Minnesota Timberwolves,107,Memphis Grizzlies,128,+9,-108,+6.5,-110,+6.5,-110,+6.5,-110,+6.5,-110,+6.5,-112,+6.5,-110,-9,-112,-6.5,-110,-6.5,-110,-6.5,-110,-6.5,-110,-6.5,-109,-6.5,-110
Fri Feb 10 2023,Houston Rockets,95,Miami Heat,97,+10.5,-110,+12,-110,+12.5,-115,+12,-110,+12.5,-110,+11.5,-108,+12,-110,-10.5,-110,-12,-110,-12.5,-105,-12,-110,-12.5,-110,-11.5,-113,-12,-110
Fri Feb 10 2023,Cleveland Cavaliers,118,New Orleans Pelicans,107,-2.5,-110,-3,-110,-2.5,-115,-3,-110,-3,-110,-3,-113,-3,-110,+2.5,-110,+3,-110,+2.5,-105,+3,-110,+3,-110,+3,-108,+3,-110
Fri Feb 10 2023,Oklahoma City Thunder,138,Portland Trail Blazers,129,+3.5,-110,+2.5,-110,+2.5,-110,+2.5,-110,+2.5,-115,+2.5,-113,+2.5,-110,-3.5,-110,-2.5,-110,-2.5,-110,-2.5,-110,-2.5,-105,-2.5,-108,-2.5,-110
Fri Feb 10 2023,Dallas Mavericks,122,Sacramento Kings,114,+2,-110,+4.5,-112,+4.5,-115,+4.5,-110,+4.5,-105,+4.5,-113,+4.5,-112,-2,-110,-4.5,-108,-4.5,-105,-4.5,-110,-4.5,-115,-4.5,-108,-4.5,-108
Fri Feb 10 2023,Milwaukee Bucks,119,Los Angeles Clippers,106,+1,-112,-2.5,-110,-2.5,-110,-2,-110,-2.5,-110,-2,-110,-2.5,-110,-1,-108,+2.5,-110,+2.5,-110,+2,-110,+2.5,-110,+2,-110,+2.5,-110
Sat Feb 11 2023,Philadelphia 76ers,101,Brooklyn Nets,98,-3,-110,-2,-108,-1.5,-115,-2.5,-110,-1.5,-110,-2,-112,-2,-110,+3,-110,+2,-112,+1.5,-105,+2.5,-110,+1.5,-110,+2,-109,+2,-110
Sat Feb 11 2023,Denver Nuggets,119,Charlotte Hornets,105,-8.5,-108,-7,-108,-6.5,-115,-7,-110,-7,-110,-7,-112,-7,-112,+8.5,-112,+7,-112,+6.5,-105,+7,-110,+7,-110,+7,-108,+7,-108
Sat Feb 11 2023,Miami Heat,107,Orlando Magic,103,-1.5,-110,-2,-112,-1.5,-115,-1,-110,-2,-110,-1.5,-108,-2,-112,+1.5,-110,+2,-108,+1.5,-105,+1,-110,+2,-110,+1.5,-113,+2,-108
Sat Feb 11 2023,Indiana Pacers,113,Washington Wizards,127,+4,-110,+5.5,-110,+5.5,-110,+5.5,-110,+5.5,-110,+5.5,-108,+5.5,-110,-4,-110,-5.5,-110,-5.5,-110,-5.5,-110,-5.5,-110,-5.5,-113,-5.5,-110
Sat Feb 11 2023,San Antonio Spurs,106,Atlanta Hawks,125,+12.5,-112,+13,-112,+12.5,-110,+12.5,-110,+12.5,-105,+12.5,-113,+13,-112,-12.5,-108,-13,-108,-12.5,-110,-12.5,-110,-12.5,-115,-12.5,-108,-13,-108
Sat Feb 11 2023,Utah Jazz,120,New York Knicks,126,+5.5,-110,+5.5,-112,+6.5,-115,+5.5,-110,+5.5,-105,+5.5,-110,+5.5,-112,-5.5,-110,-5.5,-108,-6.5,-105,-5.5,-110,-5.5,-115,-5.5,-110,-5.5,-108
Sat Feb 11 2023,Chicago Bulls,89,Cleveland Cavaliers,97,+5,-108,+6.5,-112,+6.5,-110,+6.5,-110,+6.5,-110,+6.5,-113,+6.5,-112,-5,-112,-6.5,-108,-6.5,-110,-6.5,-110,-6.5,-110,-6.5,-108,-6.5,-108
Sat Feb 11 2023,Los Angeles Lakers,109,Golden State Warriors,103,+2.5,-108,+5.5,-110,+5.5,-110,+5.5,-110,+5.5,-110,+5.5,-109,+5.5,-110,-2.5,-112,-5.5,-110,-5.5,-110,-5.5,-110,-5.5,-110,-5.5,-112,-5.5,-110
Sat Feb 11 2023,Dallas Mavericks,128,Sacramento Kings,133,+2.5,-110,-2,-108,-1.5,-115,-1.5,-110,-2,-110,-2,-112,-2,-108,-2.5,-110,+2,-112,+1.5,-105,+1.5,-110,+2,-110,+2,-109,+2,-112
Sun Feb 12 2023,Memphis Grizzlies,109,Boston Celtics,119,+4,-110,+3.5,-110,+3.5,-115,+3.5,-110,+3.5,-110,+3.5,-112,+3.5,-110,-4,-110,-3.5,-110,-3.5,-105,-3.5,-110,-3.5,-110,-3.5,-109,-3.5,-110
Sun Feb 12 2023,Detroit Pistons,118,Toronto Raptors,119,+10,-110,+11.5,-110,+11.5,-115,+11,-110,+11.5,-115,+11.5,-109,+11.5,-110,-10,-110,-11.5,-110,-11.5,-105,-11,-110,-11.5,-105,-11.5,-112,-11.5,-110
Mon Feb 13 2023,Atlanta Hawks,138,Charlotte Hornets,144,-5,-110,-6,-108,-5.5,-110,-5.5,-110,-5,-115,-6,-107,-6,-108,+5,-110,+6,-112,+5.5,-110,+5.5,-110,+5,-105,+6,-114,+6,-112
Mon Feb 13 2023,San Antonio Spurs,109,Cleveland Cavaliers,117,+14.5,-110,+16,-110,+16.5,-115,+16,-110,+16,-110,+16,-109,+16,-110,-14.5,-110,-16,-110,-16.5,-105,-16,-110,-16,-110,-16,-112,-16,-110
Mon Feb 13 2023,Utah Jazz,123,Indiana Pacers,117,+2.5,-110,+0.5,-108,-1.5,even,-1,-110,+1,-110,-1,-109,+0.5,-108,-2.5,-110,-0.5,-112,+1.5,-120,+1,-110,-1,-110,+1,-112,-0.5,-112
Mon Feb 13 2023,Houston Rockets,104,Philadelphia 76ers,123,+14.5,-110,+13.5,-110,+13.5,-105,+14,-110,+14,-110,+14,-110,+13.5,-110,-14.5,-110,-13.5,-110,-13.5,-115,-14,-110,-14,-110,-14,-110,-13.5,-110
Mon Feb 13 2023,Denver Nuggets,112,Miami Heat,108,+2,-110,+1.5,-112,+1.5,-115,PK,-110,+1,-110,+1,-110,+1.5,-112,-2,-110,-1.5,-108,-1.5,-105,PK,-110,-1,-110,-1,-110,-1.5,-108
Mon Feb 13 2023,Brooklyn Nets,106,New York Knicks,124,+3,-110,+3,-110,+2.5,-110,+3,-110,+3,-110,+3,-112,+3,-112,-3,-110,-3,-110,-2.5,-110,-3,-110,-3,-110,-3,-109,-3,-108
Mon Feb 13 2023,Orlando Magic,100,Chicago Bulls,91,+5,-110,+4,-108,+4.5,-110,+4,-110,+4,-110,+4.5,-107,+4,-108,-5,-110,-4,-112,-4.5,-110,-4,-110,-4,-110,-4.5,-114,-4,-112
Mon Feb 13 2023,New Orleans Pelicans,103,Oklahoma City Thunder,100,+1,-110,+3,-110,+2.5,-110,+3,-110,+3,-110,+3,-113,+3,-110,-1,-110,-3,-110,-2.5,-110,-3,-110,-3,-110,-3,-108,-3,-110
Mon Feb 13 2023,Minnesota Timberwolves,124,Dallas Mavericks,121,+7,-110,+6,-110,+5.5,-110,+5.5,-110,+5.5,-110,+6.5,-112,+6,-110,-7,-110,-6,-110,-5.5,-110,-5.5,-110,-5.5,-110,-6.5,-109,-6,-110
Mon Feb 13 2023,Washington Wizards,126,Golden State Warriors,135,+3.5,-110,+4,-110,+3.5,-105,+3.5,-110,+3.5,-110,+3.5,-107,+4,-110,-3.5,-110,-4,-110,-3.5,-115,-3.5,-110,-3.5,-110,-3.5,-114,-4,-110
Mon Feb 13 2023,Los Angeles Lakers,115,Portland Trail Blazers,127,+2.5,-110,+2,-110,+2.5,-110,+2,-110,+2,-110,+2.5,-110,+2,-110,-2.5,-110,-2,-110,-2.5,-110,-2,-110,-2,-110,-2.5,-110,-2,-110
Tue Feb 14 2023,Boston Celtics,125,Milwaukee Bucks,131,+10.5,-106,+9.5,-110,+9.5,-115,+9.5,-110,+9,-110,+9.5,-109,+9.5,-110,-10.5,-114,-9.5,-110,-9.5,-105,-9.5,-110,-9,-110,-9.5,-112,-9.5,-110
Tue Feb 14 2023,Orlando Magic,113,Toronto Raptors,123,+6.5,-110,+7.5,-112,+7.5,-110,+7.5,-110,+7.5,-110,+7.5,-109,+7.5,-112,-6.5,-110,-7.5,-108,-7.5,-110,-7.5,-110,-7.5,-110,-7.5,-112,-7.5,-108
Tue Feb 14 2023,Sacramento Kings,109,Phoenix Suns,120,+3.5,-108,+2.5,-112,+2.5,-110,+2.5,-110,+3,-115,+2.5,-112,+2.5,-112,-3.5,-112,-2.5,-108,-2.5,-110,-2.5,-110,-3,-105,-2.5,-109,-2.5,-108
Tue Feb 14 2023,Golden State Warriors,124,Los Angeles Clippers,134,+9,-110,+8,-110,+8.5,-115,+8,-110,+8.5,-115,+8,-110,+8,-110,-9,-110,-8,-110,-8.5,-105,-8,-110,-8.5,-105,-8,-110,-8,-110
Tue Feb 14 2023,Washington Wizards,126,Portland Trail Blazers,101,+3.5,-110,-1.5,-110,-1.5,-110,-1.5,-110,-1.5,-110,-1,-110,-1.5,-110,-3.5,-110,+1.5,-110,+1.5,-110,+1.5,-110,+1.5,-110,+1,-110,+1.5,-110
Wed Feb 15 2023,San Antonio Spurs,110,Charlotte Hornets,120,+6,-110,+5,-108,+5.5,-110,+5,-110,+5.5,-110,+5.5,-108,+5,-108,-6,-110,-5,-112,-5.5,-110,-5,-110,-5.5,-110,-5.5,-113,-5,-112
Wed Feb 15 2023,Chicago Bulls,113,Indiana Pacers,117,+2.5,-110,+3,-112,+2.5,-110,+2.5,-110,+3,-110,+3,-112,+3,-112,-2.5,-110,-3,-108,-2.5,-110,-2.5,-110,-3,-110,-3,-109,-3,-108
Wed Feb 15 2023,New York Knicks,122,Atlanta Hawks,101,+3,-114,+4,-108,+4.5,-115,+4,-110,+4.5,-105,+4,-109,+4,-108,-3,-106,-4,-112,-4.5,-105,-4,-110,-4.5,-115,-4,-112,-4,-112
Wed Feb 15 2023,Detroit Pistons,109,Boston Celtics,127,+9,-110,+12,-112,+12.5,-115,+12,-110,+12,-110,+12,-110,+12,-112,-9,-110,-12,-108,-12.5,-105,-12,-110,-12,-110,-12,-110,-12,-108
Wed Feb 15 2023,Miami Heat,105,Brooklyn Nets,116,-1.5,-110,+1.5,-110,+1.5,-115,+1.5,-110,+1.5,-110,+2,-110,+1.5,-110,+1.5,-110,-1.5,-110,-1.5,-105,-1.5,-110,-1.5,-110,-2,-110,-1.5,-110
Wed Feb 15 2023,Cleveland Cavaliers,112,Philadelphia 76ers,118,+3,-110,+2,-106,+1.5,-110,+1.5,-110,+2,-110,+2,-113,+2,-106,-3,-110,-2,-114,-1.5,-110,-1.5,-110,-2,-110,-2,-108,-2,-114
Wed Feb 15 2023,Utah Jazz,111,Memphis Grizzlies,117,+7,-108,+11.5,-110,+11.5,-115,+11.5,-110,+11,-110,+11,-108,+11.5,-110,-7,-112,-11.5,-110,-11.5,-105,-11.5,-110,-11,-110,-11,-113,-11.5,-110
Wed Feb 15 2023,Houston Rockets,96,Oklahoma City Thunder,133,+9,-110,+9.5,-110,+9.5,-110,+9.5,-110,+9.5,-110,+9.5,-109,+9.5,-110,-9,-110,-9.5,-110,-9.5,-110,-9.5,-110,-9.5,-110,-9.5,-112,-9.5,-110
Wed Feb 15 2023,Dallas Mavericks,109,Denver Nuggets,118,+6.5,-110,+6,-108,+5.5,-105,+6,-110,+6,-110,+6,-112,+6,-108,-6.5,-110,-6,-112,-5.5,-115,-6,-110,-6,-110,-6,-109,-6,-112
Wed Feb 15 2023,New Orleans Pelicans,102,Los Angeles Lakers,120,+2.5,-108,+4.5,-112,+4.5,-110,+4.5,-110,+4.5,-105,+4.5,-108,+4.5,-112,-2.5,-112,-4.5,-108,-4.5,-110,-4.5,-110,-4.5,-115,-4.5,-113,-4.5,-108
Thu Feb 16 2023,Milwaukee Bucks,112,Chicago Bulls,100,-7,-110,-8,-110,-7.5,-110,-7.5,-110,-8.5,-110,-8,-112,-8,-110,+7,-110,+8,-110,+7.5,-110,+7.5,-110,+8.5,-110,+8,-109,+8,-110
Thu Feb 16 2023,Washington Wizards,114,Minnesota Timberwolves,106,+3.5,-110,+3.5,-110,+3.5,-110,+3.5,-110,+3.5,-110,+3.5,-109,+3.5,-110,-3.5,-110,-3.5,-110,-3.5,-110,-3.5,-110,-3.5,-110,-3.5,-112,-3.5,-110
Thu Feb 16 2023,Los Angeles Clippers,116,Phoenix Suns,107,+1.5,-106,-1,-108,-1.5,even,-1,-110,-1,-110,+0.5,-110,-1,-108,-1.5,-114,+1,-112,+1.5,-120,+1,-110,+1,-110,-0.5,-110,+1,-112
Thu Feb 23 2023,Denver Nuggets,115,Cleveland Cavaliers,109,+1.5,-110,+3,-108,+2.5,-105,+3,-105,+3,-105,+2.5,-110,+3,-108,-1.5,-110,-3,-112,-2.5,-115,-3,-115,-3,-115,-2.5,-110,-3,-112
Thu Feb 23 2023,Boston Celtics,142,Indiana Pacers,138,-8,-108,-8.5,-106,-8.5,-105,-8,-110,-8,-110,-8,-114,-8.5,-106,+8,-112,+8.5,-114,+8.5,-115,+8,-110,+8,-110,+8,-107,+8.5,-114
Thu Feb 23 2023,Detroit Pistons,106,Orlando Magic,108,+7,-108,+8,-110,+7.5,-110,+8,-110,+7.5,-110,+8,-113,+8,-110,-7,-112,-8,-110,-7.5,-110,-8,-110,-7.5,-110,-8,-107,-8,-110
Thu Feb 23 2023,Memphis Grizzlies,105,Philadelphia 76ers,110,+4,-110,+3.5,-110,+3.5,-115,+3,-110,+3,-105,+3.5,-112,+3.5,-110,-4,-110,-3.5,-110,-3.5,-105,-3,-110,-3,-115,-3.5,-109,-3.5,-110
Thu Feb 23 2023,New Orleans Pelicans,110,Toronto Raptors,115,+3,-110,+4.5,-112,+4.5,-110,+4.5,-110,+4,-110,+4.5,-114,+4.5,-112,-3,-110,-4.5,-108,-4.5,-110,-4.5,-110,-4,-110,-4.5,-107,-4.5,-108
Thu Feb 23 2023,San Antonio Spurs,116,Dallas Mavericks,142,+14,-110,+13.5,-110,+14.5,-115,+14,-110,+14.5,-110,+14.5,-113,+13.5,-110,-14,-110,-13.5,-110,-14.5,-105,-14,-110,-14.5,-110,-14.5,-108,-13.5,-110
Thu Feb 23 2023,Oklahoma City Thunder,119,Utah Jazz,120,+3,-110,+1,-108,+1.5,-115,+1.5,-110,+1.5,-115,+1,-112,+1,-108,-3,-110,-1,-112,-1.5,-105,-1.5,-110,-1.5,-105,-1,-109,-1,-112
Thu Feb 23 2023,Golden State Warriors,111,Los Angeles Lakers,124,+3.5,-108,+6.5,-108,+6.5,-110,+6,-105,+6.5,-105,+6,-110,+6.5,-108,-3.5,-112,-6.5,-112,-6.5,-110,-6,-115,-6.5,-115,-6,-110,-6.5,-112
Thu Feb 23 2023,Portland Trail Blazers,116,Sacramento Kings,133,+5,-108,+11,-110,+11.5,-115,+11,-110,+11.5,-110,+10.5,-108,+11,-110,-5,-112,-11,-110,-11.5,-105,-11,-110,-11.5,-110,-10.5,-113,-11,-110
Fri Feb 24 2023,New York Knicks,115,Washington Wizards,109,+2.5,-110,+1,-112,+1.5,-115,-1,-110,+1,-110,+1,-112,+1,-112,-2.5,-110,-1,-108,-1.5,-105,+1,-110,-1,-110,-1,-109,-1,-108
Fri Feb 24 2023,Cleveland Cavaliers,119,Atlanta Hawks,136,+1,-110,-1,-108,-1.5,even,PK,-110,-1,-115,+1,-110,-1,-108,-1,-110,+1,-112,+1.5,-120,PK,-110,+1,-105,-1,-110,+1,-112
Fri Feb 24 2023,Miami Heat,99,Milwaukee Bucks,128,-1,-110,+5.5,-110,+5.5,-110,+6,-110,+6,-110,+6,-112,+6.5,-110,+1,-110,-5.5,-110,-5.5,-110,-6,-110,-6,-110,-6,-109,-6.5,-110
Fri Feb 24 2023,Brooklyn Nets,87,Chicago Bulls,131,+1,-110,+2,-110,+1.5,-105,+2,-110,+2,-110,+2,-112,+2,-110,-1,-110,-2,-110,-1.5,-115,-2,-110,-2,-110,-2,-109,-2,-110
Fri Feb 24 2023,Charlotte Hornets,121,Minnesota Timberwolves,113,+7.5,-110,+7,-112,+6.5,-105,+7.5,-110,+6.5,-110,+7,-110,+7,-112,-7.5,-110,-7,-108,-6.5,-115,-7.5,-110,-6.5,-110,-7,-110,-7,-108
Fri Feb 24 2023,Houston Rockets,101,Golden State Warriors,116,+10,-110,+8.5,-108,+9.5,-115,+8.5,-110,+8.5,-110,+9,-107,+8.5,-108,-10,-110,-8.5,-112,-9.5,-105,-8.5,-110,-8.5,-110,-9,-114,-8.5,-112
Fri Feb 24 2023,Oklahoma City Thunder,115,Phoenix Suns,124,+9,-110,+9,-112,+9.5,-115,+9,-110,+9,-110,+8.5,-108,+9,-112,-9,-110,-9,-110,-9.5,-105,-9,-110,-9,-110,-8.5,-113,-9,-110
Fri Feb 24 2023,Sacramento Kings,176,Los Angeles Clippers,175,+6.5,-110,+6.5,-110,+6.5,-110,+6,-105,+6,-105,+6,-108,+6.5,-110,-6.5,-110,-6.5,-110,-6.5,-110,-6,-115,-6,-115,-6,-113,-6.5,-110
Sat Feb 25 2023,Toronto Raptors,95,Detroit Pistons,91,-6.5,-110,-7.5,-114,-7.5,-110,-8.5,-110,-7.5,-115,-7.5,-113,-7.5,-114,+6.5,-110,+7.5,-106,+7.5,-110,+8.5,-110,+7.5,-105,+7.5,-108,+7.5,-106
Sat Feb 25 2023,Miami Heat,103,Charlotte Hornets,108,-4.5,-110,-6.5,-112,-6.5,-110,-6.5,-110,-6.5,-110,-6.5,-113,-6.5,-112,+4.5,-110,+6.5,-108,+6.5,-110,+6.5,-110,+6.5,-110,+6.5,-108,+6.5,-108
Sat Feb 25 2023,Indiana Pacers,121,Orlando Magic,108,+3.5,-110,+2.5,-108,+2.5,-110,+2.5,-110,+2.5,-110,+2.5,-109,+2.5,-108,-3.5,-110,-2.5,-112,-2.5,-110,-2.5,-110,-2.5,-110,-2.5,-112,-2.5,-112
Sat Feb 25 2023,New Orleans Pelicans,106,New York Knicks,128,+3,-110,+3.5,-106,+3.5,-105,+4,-110,+4,-115,+4,-112,+3.5,-106,-3,-110,-3.5,-114,-3.5,-115,-4,-110,-4,-105,-4,-109,-3.5,-114
Sat Feb 25 2023,Denver Nuggets,94,Memphis Grizzlies,112,+1.5,-110,+3,-112,+2.5,-105,+3,-110,+3,-110,+3,-112,+3,-112,-1.5,-110,-3,-108,-2.5,-115,-3,-110,-3,-110,-3,-109,-3,-108
Sat Feb 25 2023,Boston Celtics,110,Philadelphia 76ers,107,-1,-110,-1,-112,-1.5,-105,+1,-110,-1,-110,-1,-112,-1,-112,+1,-110,+1,-108,+1.5,-115,-1,-110,+1,-110,+1,-109,+1,-108
Sat Feb 25 2023,San Antonio Spurs,102,Utah Jazz,118,+10.5,-110,+10,-108,+10.5,-115,+10.5,-110,+10.5,-110,+10,-107,+10,-108,-10.5,-110,-10,-112,-10.5,-105,-10.5,-110,-10.5,-110,-10,-114,-10,-112
Sun Feb 26 2023,Phoenix Suns,101,Milwaukee Bucks,104,+4,-110,+3.5,-110,+3.5,-115,+3,-110,+2.5,-105,+3.5,-114,+3.5,-110,-4,-110,-3.5,-110,-3.5,-105,-3,-110,-2.5,-115,-3.5,-107,-3.5,-110
Sun Feb 26 2023,Brooklyn Nets,127,Atlanta Hawks,129,+5.5,-108,+6.5,-108,+6.5,-110,+7,-110,+6.5,-105,+6.5,-110,+6.5,-108,-5.5,-112,-6.5,-112,-6.5,-110,-7,-110,-6.5,-115,-6.5,-110,-6.5,-112
Sun Feb 26 2023,Washington Wizards,82,Chicago Bulls,102,+3,-110,+5.5,-110,+5.5,-110,+6,-110,+5.5,-105,+5.5,-107,+5.5,-110,-3,-110,-5.5,-110,-5.5,-110,-6,-110,-5.5,-115,-5.5,-114,-5.5,-110
Sun Feb 26 2023,Los Angeles Lakers,111,Dallas Mavericks,108,+4,-110,+4.5,-108,+4.5,-105,+4.5,-110,+4.5,-105,+4.5,-109,+4.5,-108,-4,-110,-4.5,-112,-4.5,-115,-4.5,-110,-4.5,-115,-4.5,-112,-4.5,-112
Sun Feb 26 2023,Toronto Raptors,93,Cleveland Cavaliers,118,+6.5,-110,+7.5,-108,+7.5,-110,+7.5,-110,+7.5,-105,+7.5,-108,+7.5,-108,-6.5,-110,-7.5,-112,-7.5,-110,-7.5,-110,-7.5,-115,-7.5,-113,-7.5,-112
Sun Feb 26 2023,Sacramento Kings,124,Oklahoma City Thunder,115,-3.5,-110,-4,-112,-4.5,-105,-4,-110,-3.5,-110,-4,-109,-4,-112,+3.5,-110,+4,-108,+4.5,-115,+4,-110,+3.5,-110,+4,-112,+4,-108
Sun Feb 26 2023,Minnesota Timberwolves,104,Golden State Warriors,109,+2,-108,+2,-108,+2.5,-115,+2,-110,+2,-110,+2,-109,+2,-110,-2,-112,-2,-112,-2.5,-105,-2,-110,-2,-110,-2,-112,-2,-110
Sun Feb 26 2023,Houston Rockets,114,Portland Trail Blazers,131,+9.5,-110,+9.5,-110,+9.5,-110,+9.5,-110,+9,-110,+9.5,-114,+9.5,-110,-9.5,-110,-9.5,-110,-9.5,-110,-9.5,-110,-9,-110,-9.5,-107,-9.5,-110
Sun Feb 26 2023,Los Angeles Clippers,124,Denver Nuggets,134,+4.5,-110,+4,-108,+4.5,-115,+4,-110,+4,-110,+3.5,-107,+4,-108,-4.5,-110,-4,-112,-4.5,-105,-4,-110,-4,-110,-3.5,-114,-4,-112
Mon Feb 27 2023,Detroit Pistons,106,Charlotte Hornets,117,+6.5,-108,+7.5,-112,+6.5,-105,+7,-110,+7,-110,+7,-109,+7.5,-112,-6.5,-112,-7.5,-108,-6.5,-115,-7,-110,-7,-110,-7,-112,-7.5,-108
Mon Feb 27 2023,Miami Heat,101,Philadelphia 76ers,99,+6,-110,+5.5,-110,+5.5,-110,+5.5,-110,+5.5,-115,+5.5,-107,+5.5,-110,-6,-110,-5.5,-110,-5.5,-110,-5.5,-110,-5.5,-105,-5.5,-114,-5.5,-110
Mon Feb 27 2023,Boston Celtics,94,New York Knicks,109,-2.5,-110,-2,-108,-2.5,-105,-2,-110,-2,-110,-2,-108,-2,-108,+2.5,-110,+2,-112,+2.5,-115,+2,-110,+2,-110,+2,-113,+2,-112
Mon Feb 27 2023,Orlando Magic,101,New Orleans Pelicans,93,+3.5,-110,+5,-110,+4.5,-110,+5,-110,+4.5,-105,+4.5,-109,+5,-110,-3.5,-110,-5,-110,-4.5,-110,-5,-110,-4.5,-115,-4.5,-112,-5,-110
Tue Feb 28 2023,Washington Wizards,119,Atlanta Hawks,116,+5,-110,+7.5,-112,+7.5,-110,+7.5,-110,+7.5,-110,+7.5,-113,+7.5,-112,-5,-110,-7.5,-108,-7.5,-110,-7.5,-110,-7.5,-110,-7.5,-108,-7.5,-108
Tue Feb 28 2023,Milwaukee Bucks,118,Brooklyn Nets,104,-5,-110,-6.5,-110,-6.5,-105,-6.5,-110,-6,-110,-7,-108,-6.5,-110,+5,-110,+6.5,-110,+6.5,-115,+6.5,-110,+6,-110,+7,-113,+6.5,-110
Tue Feb 28 2023,Los Angeles Lakers,109,Memphis Grizzlies,121,+5.5,-110,+9,-106,+9.5,-115,+9,-110,+9,-110,+9,-113,+9,-106,-5.5,-110,-9,-114,-9.5,-105,-9,-110,-9,-110,-9,-108,-9,-114
Tue Feb 28 2023,Chicago Bulls,98,Toronto Raptors,104,+4.5,-114,+4.5,-112,+4.5,-110,+4.5,-110,+4.5,-105,+4.5,-110,+4.5,-112,-4.5,-106,-4.5,-108,-4.5,-110,-4.5,-110,-4.5,-115,-4.5,-110,-4.5,-108
Tue Feb 28 2023,Denver Nuggets,133,Houston Rockets,112,-10,-110,-12,-112,-11.5,-115,-12,-110,-12.5,-105,-12,-113,-12,-112,+10,-110,+12,-108,+11.5,-105,+12,-110,+12.5,-115,+12,-108,+12,-108
Tue Feb 28 2023,Sacramento Kings,123,Oklahoma City Thunder,117,-2.5,-110,-2.5,-110,-2.5,-110,-2.5,-110,-2.5,-110,-2,-112,-2.5,-110,+2.5,-110,+2.5,-110,+2.5,-110,+2.5,-110,+2.5,-110,+2,-109,+2.5,-110
Tue Feb 28 2023,Indiana Pacers,124,Dallas Mavericks,122,+7,-108,+9,-112,+9.5,-115,+8.5,-110,+9,-110,+9,-112,+9,-112,-7,-112,-9,-108,-9.5,-105,-8.5,-110,-9,-110,-9,-109,-9,-108
Tue Feb 28 2023,San Antonio Spurs,102,Utah Jazz,94,+10.5,-110,+9.5,-108,+10.5,-115,+10,-110,+9.5,-105,+9.5,-114,+9.5,-108,-10.5,-110,-9.5,-112,-10.5,-105,-10,-110,-9.5,-115,-9.5,-107,-9.5,-112
Tue Feb 28 2023,Portland Trail Blazers,105,Golden State Warriors,123,+3.5,-106,+4.5,-106,+5.5,-110,+5,-110,+5.5,-115,+5,-112,+4.5,-106,-3.5,-114,-4.5,-114,-5.5,-110,-5,-110,-5.5,-105,-5,-109,-4.5,-114
Tue Feb 28 2023,Minnesota Timberwolves,108,Los Angeles Clippers,101,+7,-110,+6.5,-110,+6.5,-110,+6.5,-110,+6.5,-110,+6.5,-110,+6.5,-110,-7,-110,-6.5,-110,-6.5,-110,-6.5,-110,-6.5,-110,-6.5,-110,-6.5,-110
Wed Mar 1 2023,Phoenix Suns,105,Charlotte Hornets,91,-10.5,-108,-10.5,-108,-10.5,-105,-10.5,-110,-10.5,-110,-10.5,-109,-10.5,-108,+10.5,-112,+10.5,-112,+10.5,-115,+10.5,-110,+10.5,-110,+10.5,-112,+10.5,-112
Wed Mar 1 2023,Chicago Bulls,117,Detroit Pistons,115,-6,-110,-7,-110,-6.5,-110,-7,-110,-6.5,-120,-6.5,-107,-7,-110,+6,-110,+7,-110,+6.5,-110,+7,-110,+6.5,even,+6.5,-114,+7,-110
Wed Mar 1 2023,Cleveland Cavaliers,113,Boston Celtics,117,+6.5,-112,+5,-112,+5.5,-115,+5,-110,+4.5,-110,+5,-108,+5,-112,-6.5,-108,-5,-108,-5.5,-105,-5,-110,-4.5,-110,-5,-113,-5,-108
Wed Mar 1 2023,Philadelphia 76ers,119,Miami Heat,96,-1.5,-108,+4,-108,+4.5,-115,+4,-110,+4,-110,+4,-108,+4,-106,+1.5,-112,-4,-112,-4.5,-105,-4,-110,-4,-110,-4,-113,-4,-114
Wed Mar 1 2023,Brooklyn Nets,118,New York Knicks,142,+7,-110,+8,-112,+7.5,-105,+8,-110,+8,-115,+7.5,-109,+8,-112,-7,-110,-8,-108,-7.5,-115,-8,-110,-8,-105,-7.5,-112,-8,-108
Wed Mar 1 2023,Memphis Grizzlies,113,Houston Rockets,99,-9.5,-110,-10.5,-110,-10.5,-110,-11,-110,-11,-110,-10,-113,-10.5,-110,+9.5,-110,+10.5,-110,+10.5,-110,+11,-110,+11,-110,+10,-108,+10.5,-110
Wed Mar 1 2023,Orlando Magic,117,Milwaukee Bucks,139,+8.5,-110,+8.5,-110,+8.5,-110,+8,-110,+9,-115,+8,-110,+8.5,-110,-8.5,-110,-8.5,-110,-8.5,-110,-8,-110,-9,-105,-8,-110,-8.5,-110
Wed Mar 1 2023,Los Angeles Lakers,123,Oklahoma City Thunder,117,-1.5,-110,+3,-108,+3.5,-115,+3,-110,+3,-105,+3,-107,+3,-108,+1.5,-110,-3,-112,-3.5,-105,-3,-110,-3,-115,-3,-114,-3,-112
Wed Mar 1 2023,New Orleans Pelicans,121,Portland Trail Blazers,110,+2,-110,+3,-110,+2.5,-105,+3,-110,+3,-110,+3.5,-112,+3,-110,-2,-110,-3,-110,-2.5,-115,-3,-110,-3,-110,-3.5,-109,-3,-110
Thu Mar 2 2023,Toronto Raptors,108,Washington Wizards,119,-1.5,-110,-2,-112,-1.5,-115,-1.5,-110,-1.5,-110,-2,-109,-1.5,-110,+1.5,-110,+2,-108,+1.5,-105,+1.5,-110,+1.5,-110,+2,-112,+1.5,-110
Thu Mar 2 2023,Philadelphia 76ers,126,Dallas Mavericks,133,+3,-110,+3,-110,+2.5,-105,+4,-110,+3,-110,+3,-110,+3,-110,-3,-110,-3,-110,-2.5,-115,-4,-110,-3,-110,-3,-110,-3,-110
Thu Mar 2 2023,Indiana Pacers,99,San Antonio Spurs,110,-4,-114,-4.5,-110,-4.5,-110,-5,-110,-4.5,-110,-4.5,-110,-4.5,-110,+4,-106,+4.5,-110,+4.5,-110,+5,-110,+4.5,-110,+4.5,-110,+4.5,-110
Thu Mar 2 2023,Los Angeles Clippers,91,Golden State Warriors,115,-2.5,-110,-3,-112,-2.5,-115,-3,-110,-2.5,-115,-3,-108,-3,-112,+2.5,-110,+3,-108,+2.5,-105,+3,-110,+2.5,-105,+3,-113,+3,-108
Fri Mar 3 2023,Orlando Magic,117,Charlotte Hornets,106,-3.5,-110,-4,-106,-3.5,-110,-4,-110,-3,-115,-3.5,-113,-4,-106,+3.5,-110,+4,-114,+3.5,-110,+4,-110,+3,-105,+3.5,-107,+4,-114
Fri Mar 3 2023,Portland Trail Blazers,111,Atlanta Hawks,129,+6.5,-112,+8,-110,+7.5,-105,+8,-110,+8,-110,+8,-110,+8,-110,-6.5,-108,-8,-110,-7.5,-115,-8,-110,-8,-110,-8,-110,-8,-110
Fri Mar 3 2023,Brooklyn Nets,115,Boston Celtics,105,+10.5,-110,+10.5,-108,+11.5,-115,+11,-110,+11,-110,+10.5,-107,+10.5,-108,-10.5,-110,-10.5,-112,-11.5,-105,-11,-110,-11,-110,-10.5,-113,-10.5,-112
Fri Mar 3 2023,Phoenix Suns,125,Chicago Bulls,104,-6,-108,-3.5,-110,-3.5,-110,-4.5,-110,-3,-110,-3.5,-109,-3.5,-110,+6,-112,+3.5,-110,+3.5,-110,+4.5,-110,+3,-110,+3.5,-112,+3.5,-110
Fri Mar 3 2023,New York Knicks,122,Miami Heat,120,-1.5,-110,+1.5,-110,+1.5,-120,PK,-110,+1.5,-110,+1.5,-113,+1.5,-110,+1.5,-110,-1.5,-110,-1.5,even,PK,-110,-1.5,-110,-1.5,-108,-1.5,-110
Fri Mar 3 2023,Utah Jazz,103,Oklahoma City Thunder,130,-2.5,-110,+1,-110,+1.5,-110,+1,-110,+1,-110,+1.5,-110,+1,-110,+2.5,-110,-1,-110,-1.5,-110,-1,-110,-1,-110,-1.5,-110,-1,-110
Fri Mar 3 2023,Memphis Grizzlies,97,Denver Nuggets,113,+5.5,-110,+5.5,-108,+6.5,-115,+6,-110,+6,-105,+6,-110,+5.5,-108,-5.5,-110,-5.5,-112,-6.5,-105,-6,-110,-6,-115,-6,-110,-5.5,-112
Fri Mar 3 2023,New Orleans Pelicans,99,Golden State Warriors,108,+5.5,-110,+5,-112,+5.5,-115,+5,-110,+5,-110,+5,-109,+5,-112,-5.5,-110,-5,-108,-5.5,-105,-5,-110,-5,-110,-5,-112,-5,-108
Fri Mar 3 2023,Los Angeles Clippers,127,Sacramento Kings,128,+3,-110,+7,-108,+7.5,-115,+7,-110,+7,-115,+7,-110,+7,-108,-3,-110,-7,-112,-7.5,-105,-7,-110,-7,-105,-7,-110,-7,-112
Fri Mar 3 2023,Minnesota Timberwolves,110,Los Angeles Lakers,102,-1,-110,-1,-112,-1.5,-105,-1.5,-110,-1.5,-110,-1.5,-110,-1,-112,+1,-110,+1,-108,+1.5,-115,+1.5,-110,+1.5,-110,+1.5,-110,+1,-108
Sat Mar 4 2023,Toronto Raptors,116,Washington Wizards,109,+1.5,-110,-2.5,-110,-2.5,-110,-2.5,-110,-2.5,-110,-2.5,-109,-2.5,-110,-1.5,-110,+2.5,-110,+2.5,-110,+2.5,-110,+2.5,-110,+2.5,-112,+2.5,-110
Sat Mar 4 2023,Detroit Pistons,90,Cleveland Cavaliers,114,+14,-110,+16,-108,+16.5,-115,+16,-110,+16,-110,+16.5,-113,+16,-108,-14,-110,-16,-112,-16.5,-105,-16,-110,-16,-110,-16.5,-108,-16,-112
Sat Mar 4 2023,Atlanta Hawks,109,Miami Heat,117,+1.5,-108,+3,-112,+3.5,-115,+3,-110,+2.5,-110,+3,-110,+3,-112,-1.5,-112,-3,-108,-3.5,-105,-3,-110,-2.5,-110,-3,-110,-3,-108
Sat Mar 4 2023,Houston Rockets,122,San Antonio Spurs,110,-1,-110,-1.5,-110,-1.5,-105,-1,-110,-1,-110,-1.5,-112,-1.5,-110,+1,-110,+1.5,-110,+1.5,-115,+1,-110,+1,-110,+1.5,-109,+1.5,-110
Sat Mar 4 2023,Philadelphia 76ers,133,Milwaukee Bucks,130,+5.5,-110,+5,-110,+4.5,-110,+4.5,-110,+4.5,-110,+4.5,-109,+5,-110,-5.5,-110,-5,-110,-4.5,-110,-4.5,-110,-4.5,-110,-4.5,-112,-5,-110
Sat Mar 4 2023,Minnesota Timberwolves,138,Sacramento Kings,134,+6,-110,+4,-108,+4.5,-110,+4,-110,+3.5,-105,+4.5,-110,+4,-108,-6,-110,-4,-112,-4.5,-110,-4,-110,-3.5,-115,-4.5,-110,-4,-112
Sun Mar 5 2023,Phoenix Suns,130,Dallas Mavericks,126,+1,-110,-2,-108,-1.5,-115,-2,-110,-1.5,-115,-2,-110,-2,-108,-1,-110,+2,-112,+1.5,-105,+2,-110,+1.5,-105,+2,-110,+2,-112
Sun Mar 5 2023,Indiana Pacers,125,Chicago Bulls,122,+5.5,-110,+5.5,-108,+5.5,-110,+5.5,-110,+5.5,-110,+5.5,-110,+5.5,-110,-5.5,-110,-5.5,-112,-5.5,-110,-5.5,-110,-5.5,-110,-5.5,-110,-5.5,-110
Sun Mar 5 2023,Golden State Warriors,105,Los Angeles Lakers,113,-5,-108,-5,-112,-4.5,-115,-5,-110,-4.5,-115,-5,-108,-5,-112,+5,-112,+5,-108,+4.5,-105,+5,-110,+4.5,-105,+5,-113,+5,-108
Sun Mar 5 2023,Charlotte Hornets,86,Brooklyn Nets,102,+8.5,-108,+8,-108,+8.5,-115,+8,-110,+8.5,-110,+8,-109,+8,-108,-8.5,-112,-8,-112,-8.5,-105,-8,-110,-8.5,-110,-8,-112,-8,-112
Sun Mar 5 2023,Portland Trail Blazers,122,Orlando Magic,119,+2.5,-110,+3,-110,+2.5,-105,+3,-110,+3,-110,+2.5,-109,+3,-110,-2.5,-110,-3,-110,-2.5,-115,-3,-110,-3,-110,-2.5,-112,-3,-110
Sun Mar 5 2023,San Antonio Spurs,110,Houston Rockets,142,+2.5,-112,+4.5,-108,+4.5,-110,+4.5,-110,+4.5,-105,+4.5,-112,+4.5,-108,-2.5,-108,-4.5,-112,-4.5,-110,-4.5,-110,-4.5,-115,-4.5,-109,-4.5,-112
Sun Mar 5 2023,Utah Jazz,119,Oklahoma City Thunder,129,+3,-110,+6.5,-110,+6.5,-110,+6.5,-110,+6.5,-105,+6.5,-110,+6.5,-110,-3,-110,-6.5,-110,-6.5,-110,-6.5,-110,-6.5,-115,-6.5,-110,-6.5,-110
Sun Mar 5 2023,New York Knicks,131,Boston Celtics,129,+5,-110,+6.5,-108,+6.5,-110,+6.5,-110,+6.5,-110,+7,-108,+6.5,-108,-5,-110,-6.5,-112,-6.5,-110,-6.5,-110,-6.5,-110,-7,-113,-6.5,-112
Sun Mar 5 2023,Milwaukee Bucks,117,Washington Wizards,111,-3,-108,-6,-110,-6.5,-105,-5.5,-110,-5.5,-110,-6,-110,-6,-110,+3,-112,+6,-110,+6.5,-115,+5.5,-110,+5.5,-110,+6,-110,+6,-110
Sun Mar 5 2023,Memphis Grizzlies,129,Los Angeles Clippers,135,+6.5,-114,+7,-108,+7.5,-115,+7,-105,+7,-105,+7,-109,+7,-108,-6.5,-106,-7,-112,-7.5,-105,-7,-115,-7,-115,-7,-112,-7,-112
Mon Mar 6 2023,Boston Celtics,114,Cleveland Cavaliers,118,+1,-110,+7.5,-108,+7.5,-105,+8,-110,+8,-110,+8,-109,+7.5,-108,-1,-110,-7.5,-112,-7.5,-115,-8,-110,-8,-110,-8,-112,-7.5,-112
Mon Mar 6 2023,Portland Trail Blazers,110,Detroit Pistons,104,-6,-110,-4.5,-114,-4.5,-110,-4.5,-110,-4,-110,-4.5,-108,-4.5,-114,+6,-110,+4.5,-106,+4.5,-110,+4.5,-110,+4,-110,+4.5,-113,+4.5,-106
Mon Mar 6 2023,Philadelphia 76ers,147,Indiana Pacers,143,-7,-110,-6,-112,-5.5,-115,-6,-110,-6,-110,-6,-114,-6,-112,+7,-110,+6,-108,+5.5,-105,+6,-110,+6,-110,+6,-107,+6,-108
Mon Mar 6 2023,Atlanta Hawks,128,Miami Heat,130,+3,-110,+2.5,-112,+2.5,-110,+2.5,-110,+3,-115,+2.5,-108,+2.5,-112,-3,-110,-2.5,-108,-2.5,-110,-2.5,-110,-3,-105,-2.5,-113,-2.5,-108
Mon Mar 6 2023,Toronto Raptors,113,Denver Nuggets,118,+7.5,-110,+6,-106,+6.5,-110,+6.5,-110,+6,-105,+6,-108,+6,-106,-7.5,-110,-6,-114,-6.5,-110,-6.5,-110,-6,-115,-6,-113,-6,-114
Mon Mar 6 2023,New Orleans Pelicans,108,Sacramento Kings,123,+5.5,-110,+5,-112,+4.5,-110,+4.5,-110,+4.5,-110,+4.5,-108,+5,-112,-5.5,-110,-5,-108,-4.5,-110,-4.5,-110,-4.5,-110,-4.5,-113,-5,-108
Tue Mar 7 2023,Washington Wizards,119,Detroit Pistons,117,-6,-110,-11,-110,-10.5,-115,-11,-110,-10.5,-115,-11,-109,-11,-110,+6,-110,+11,-110,+10.5,-105,+11,-110,+10.5,-105,+11,-112,+11,-110
Tue Mar 7 2023,Milwaukee Bucks,134,Orlando Magic,123,-7.5,-110,-2,-114,-2.5,-110,-2,-110,-2.5,-105,-2.5,-113,-2,-114,+7.5,-110,+2,-106,+2.5,-110,+2,-110,+2.5,-115,+2.5,-108,+2,-106
Tue Mar 7 2023,Philadelphia 76ers,117,Minnesota Timberwolves,94,-2,-110,+3,-110,+3.5,-110,+3.5,-110,+3.5,-110,+3,-108,+3,-110,+2,-110,-3,-110,-3.5,-110,-3.5,-110,-3.5,-110,-3,-113,-3,-110
Tue Mar 7 2023,Charlotte Hornets,112,New York Knicks,105,+9.5,-110,+10,-110,+9.5,-105,+10,-110,+10,-110,+9.5,-112,+10,-110,-9.5,-110,-10,-110,-9.5,-115,-10,-110,-10,-110,-9.5,-109,-10,-110
Tue Mar 7 2023,Brooklyn Nets,118,Houston Rockets,96,-7.5,-108,-6.5,-110,-6.5,-110,-6.5,-110,-6.5,-105,-6.5,-113,-6.5,-110,+7.5,-112,+6.5,-110,+6.5,-110,+6.5,-110,+6.5,-115,+6.5,-108,+6.5,-110
Tue Mar 7 2023,Golden State Warriors,128,Oklahoma City Thunder,137,-5,-110,-4,-114,-4.5,-105,-4,-115,-4,-110,-4,-113,-4,-114,+5,-110,+4,-106,+4.5,-115,+4,-105,+4,-110,+4,-108,+4,-106
Tue Mar 7 2023,Utah Jazz,116,Dallas Mavericks,120,+6.5,-112,+11,-110,+10.5,-110,+10.5,-110,+11.5,-110,+10.5,-109,+11,-110,-6.5,-108,-11,-110,-10.5,-110,-10.5,-110,-11.5,-110,-10.5,-112,-11,-110
Tue Mar 7 2023,Memphis Grizzlies,103,Los Angeles Lakers,112,+1.5,-110,-1.5,-110,+0.5,-115,-1.5,-110,-1,-110,-1,-112,-1.5,-110,-1.5,-110,+1.5,-110,-0.5,-105,+1.5,-110,+1,-110,+1,-109,+1.5,-110
Wed Mar 8 2023,Atlanta Hawks,122,Washington Wizards,120,-3.5,-110,-3,-114,-2.5,-115,-3,-110,-3,-110,-3,-108,-3,-114,+3.5,-110,+3,-106,+2.5,-105,+3,-110,+3,-110,+3,-113,+3,-106
Wed Mar 8 2023,Portland Trail Blazers,93,Boston Celtics,115,+10.5,-110,+10,-110,+10.5,-115,+9.5,-110,+9.5,-115,+9.5,-112,+10,-110,-10.5,-110,-10,-110,-10.5,-105,-9.5,-110,-9.5,-105,-9.5,-109,-10,-110
Wed Mar 8 2023,Cleveland Cavaliers,104,Miami Heat,100,-1.5,-110,-1,-110,-1.5,-105,-1,-115,-1,-110,-1,-112,-1,-110,+1.5,-110,+1,-110,+1.5,-115,+1,-105,+1,-110,+1,-109,+1,-110
Wed Mar 8 2023,Dallas Mavericks,106,New Orleans Pelicans,113,-2,-110,-2.5,-110,-2.5,-110,-2.5,-110,-2.5,-110,-2.5,-110,-2.5,-110,+2,-110,+2.5,-110,+2.5,-110,+2.5,-110,+2.5,-110,+2.5,-110,+2.5,-110
Wed Mar 8 2023,Chicago Bulls,117,Denver Nuggets,96,+8.5,-110,+9,-114,+8.5,-105,+9,-110,+9,-110,+8.5,-110,+9,-114,-8.5,-110,-9,-106,-8.5,-115,-9,-110,-9,-110,-8.5,-110,-9,-106
Wed Mar 8 2023,Oklahoma City Thunder,101,Phoenix Suns,132,+13.5,-110,+11.5,-110,+11.5,-110,+11.5,-110,+11.5,-110,+10.5,-108,+11.5,-110,-13.5,-110,-11.5,-110,-11.5,-110,-11.5,-110,-11.5,-110,-10.5,-113,-11.5,-110
Wed Mar 8 2023,Toronto Raptors,100,Los Angeles Clippers,108,+4,-112,+3,-110,+2.5,-110,+2.5,-110,+3,-110,+3,-112,+3,-110,-4,-110,-3,-110,-2.5,-110,-2.5,-110,-3,-110,-3,-109,-3,-110
Thu Mar 9 2023,Charlotte Hornets,113,Detroit Pistons,103,-3,-108,-3.5,-108,-3.5,-110,-3.5,-110,-3,-110,-3.5,-110,-3.5,-108,+3,-112,+3.5,-112,+3.5,-110,+3.5,-110,+3,-110,+3.5,-110,+3.5,-112
Thu Mar 9 2023,Houston Rockets,125,Indiana Pacers,134,+9.5,-114,+10,-112,+9.5,-110,+10,-110,+10,-105,+9.5,-109,+10,-112,-9.5,-106,-10,-110,-9.5,-110,-10,-110,-10,-115,-9.5,-112,-10,-110
Thu Mar 9 2023,Utah Jazz,131,Orlando Magic,124,+3.5,-110,+4,-110,+4.5,-115,+4,-110,+4.5,-110,+4,-112,+4,-110,-3.5,-110,-4,-110,-4.5,-105,-4,-110,-4.5,-110,-4,-109,-4,-110
Thu Mar 9 2023,Golden State Warriors,110,Memphis Grizzlies,131,-1.5,-110,-3,-110,-2.5,-110,-3,-110,-3,-115,-3,-109,-3,-110,+1.5,-110,+3,-110,+2.5,-110,+3,-110,+3,-105,+3,-112,+3,-110
Thu Mar 9 2023,Brooklyn Nets,113,Milwaukee Bucks,118,+12.5,-110,+10,-112,+9.5,-110,+9.5,-110,+9.5,-105,+9.5,-113,+10,-112,-12.5,-110,-10,-108,-9.5,-110,-9.5,-110,-9.5,-115,-9.5,-108,-10,-108
Thu Mar 9 2023,New York Knicks,117,Sacramento Kings,122,+4,-110,+2,-110,+2.5,-115,+2,-110,+1,-110,+2,-109,+2,-110,-4,-110,-2,-110,-2.5,-105,-2,-110,-1,-110,-2,-112,-2,-110
Fri Mar 10 2023,Portland Trail Blazers,119,Philadelphia 76ers,120,+8.5,-110,+8.5,-110,+8.5,-105,+9,-110,+8.5,-110,+8.5,-113,+8.5,-106,-8.5,-110,-8.5,-110,-8.5,-115,-9,-110,-8.5,-110,-8.5,-108,-8.5,-114
Fri Mar 10 2023,Atlanta Hawks,114,Washington Wizards,107,-1,-110,-1.5,-110,-1.5,-110,-1.5,-110,-1.5,-110,-1.5,-109,-1.5,-110,+1,-110,+1.5,-110,+1.5,-110,+1.5,-110,+1.5,-110,+1.5,-112,+1.5,-110
Fri Mar 10 2023,Cleveland Cavaliers,115,Miami Heat,119,-1.5,-110,+3,-108,+3.5,-110,+3,-110,+3.5,-110,+3,-110,+3,-108,+1.5,-110,-3,-112,-3.5,-110,-3,-110,-3.5,-110,-3,-110,-3,-112
Fri Mar 10 2023,Brooklyn Nets,124,Minnesota Timberwolves,123,+5,-110,+4.5,-112,+4.5,-110,+4.5,-110,+4,-110,+4,-108,+4.5,-112,-5,-110,-4.5,-108,-4.5,-110,-4.5,-110,-4,-110,-4,-113,-4.5,-108
Fri Mar 10 2023,Denver Nuggets,120,San Antonio Spurs,128,-12,-110,-12.5,-110,-12.5,-115,-12.5,-110,-12.5,-110,-12.5,-112,-12.5,-110,+12,-110,+12.5,-110,+12.5,-105,+12.5,-110,+12.5,-110,+12.5,-109,+12.5,-110
Fri Mar 10 2023,Toronto Raptors,112,Los Angeles Lakers,122,-1,-110,-2.5,-110,-2.5,-115,-3,-110,-2.5,-110,-2.5,-113,-2.5,-110,+1,-110,+2.5,-110,+2.5,-105,+3,-110,+2.5,-110,+2.5,-108,+2.5,-110
Sat Mar 11 2023,New York Knicks,95,Los Angeles Clippers,106,+6,-110,+5,-110,+5.5,-110,+5,-110,+5.5,-110,+5,-110,+5,-110,-6,-110,-5,-110,-5.5,-110,-5,-110,-5.5,-110,-5,-110,-5,-110
Sat Mar 11 2023,Utah Jazz,119,Charlotte Hornets,111,-3,-110,-1,-110,-1.5,-105,-1,-110,-1,-110,-1,-113,-1,-110,+3,-110,+1,-110,+1.5,-115,+1,-110,+1,-110,+1,-108,+1,-110
Sat Mar 11 2023,Indiana Pacers,121,Detroit Pistons,115,-5.5,-110,-3.5,-112,-3.5,-110,-3.5,-110,-3.5,-110,-3.5,-107,-3.5,-112,+5.5,-110,+3.5,-108,+3.5,-110,+3.5,-110,+3.5,-110,+3.5,-114,+3.5,-108
Sat Mar 11 2023,Miami Heat,114,Orlando Magic,126,-3,-110,-2.5,-110,-2.5,-110,-2.5,-110,-3,-105,-3,-107,-2.5,-110,+3,-110,+2.5,-110,+2.5,-110,+2.5,-110,+3,-115,+3,-114,+2.5,-110
Sat Mar 11 2023,Boston Celtics,134,Atlanta Hawks,125,-5,-110,-5,-110,-4.5,-115,-5.5,-110,-5,-110,-5,-109,-5,-110,+5,-110,+5,-110,+4.5,-105,+5.5,-110,+5,-110,+5,-112,+5,-110
Sat Mar 11 2023,Chicago Bulls,119,Houston Rockets,111,-7,-110,-7.5,-108,-7.5,-110,-7.5,-110,-8,-105,-7.5,-114,-7.5,-108,+7,-110,+7.5,-112,+7.5,-110,+7.5,-110,+8,-115,+7.5,-107,+7.5,-112
Sat Mar 11 2023,Dallas Mavericks,108,Memphis Grizzlies,112,+5,-112,+8,-108,+8.5,-115,+8.5,-110,+8,-110,+8,-107,+8,-108,-5,-108,-8,-112,-8.5,-105,-8.5,-110,-8,-110,-8,-114,-8,-112
Sat Mar 11 2023,Milwaukee Bucks,116,Golden State Warriors,125,-1,-110,+3.5,-106,+3.5,-110,+3.5,-110,+3.5,-110,+3.5,-108,+3.5,-106,+1,-110,-3.5,-114,-3.5,-110,-3.5,-110,-3.5,-110,-3.5,-113,-3.5,-114
Sat Mar 11 2023,Oklahoma City Thunder,110,New Orleans Pelicans,96,+4.5,-108,+1,-112,+1.5,-120,PK,-110,-1,-105,+0.5,-109,+1,-112,-4.5,-112,-1,-108,-1.5,even,PK,-110,+1,-115,-0.5,-112,-1,-108
Sat Mar 11 2023,Sacramento Kings,128,Phoenix Suns,119,+3.5,-110,+3.5,-108,+4.5,-115,+4,-110,+4,-115,+4,-114,+3.5,-108,-3.5,-110,-3.5,-112,-4.5,-105,-4,-110,-4,-105,-4,-107,-3.5,-112
Sun Mar 12 2023,Brooklyn Nets,122,Denver Nuggets,120,+8.5,-108,+9,-110,+9.5,-115,+9,-110,+9,-110,+9,-110,+9,-110,-8.5,-112,-9,-110,-9.5,-105,-9,-110,-9,-110,-9,-110,-9,-110
Sun Mar 12 2023,Cleveland Cavaliers,114,Charlotte Hornets,108,-7.5,-112,-10,-112,-9.5,-115,-10,-110,-10,-110,-10,-109,-10,-112,+7.5,-108,+10,-108,+9.5,-105,+10,-110,+10,-110,+10,-112,+10,-108
Sun Mar 12 2023,Washington Wizards,93,Philadelphia 76ers,112,+8.5,-110,+7,-108,+7.5,-110,+7.5,-110,+7,-110,+8,-114,+7,-108,-8.5,-110,-7,-112,-7.5,-110,-7.5,-110,-7,-110,-8,-107,-7,-112
Sun Mar 12 2023,Portland Trail Blazers,110,New Orleans Pelicans,127,+2.5,-112,+3,-108,+3.5,-115,+3,-110,+3,-105,+3.5,-113,+3,-108,-2.5,-108,-3,-112,-3.5,-105,-3,-110,-3,-115,-3.5,-107,-3,-112
Sun Mar 12 2023,Oklahoma City Thunder,102,San Antonio Spurs,90,-3,-112,-4,-110,-3.5,-110,-4,-110,-4,-110,-3.5,-108,-4,-110,+3,-108,+4,-110,+3.5,-110,+4,-110,+4,-110,+3.5,-113,+4,-110
Sun Mar 12 2023,New York Knicks,112,Los Angeles Lakers,108,+1.5,-110,+3,-114,+2.5,-105,+2.5,-110,+2.5,-105,+3,-112,+3,-114,-1.5,-110,-3,-108,-2.5,-115,-2.5,-110,-2.5,-115,-3,-109,-3,-108
Mon Mar 13 2023,Indiana Pacers,97,Detroit Pistons,117,N/A,-4,-110,-4,-110,-3.5,-115,-3.5,-110,-4,-105,-3.5,-114,-4,-110,N/A,+4,-110,+4,-110,+3.5,-105,+3.5,-110,+4,-115,+3.5,-107
Mon Mar 13 2023,Minnesota Timberwolves,136,Atlanta Hawks,115,N/A,+5,-110,+4.5,-110,+4.5,-110,+5.5,-110,+4.5,-110,+5,-108,+4.5,-110,N/A,-5,-110,-4.5,-110,-4.5,-110,-5.5,-110,-4.5,-110,-5,-113
Mon Mar 13 2023,Memphis Grizzlies,104,Dallas Mavericks,88,N/A,-4.5,-110,-4.5,-108,-4.5,-110,-1,-110,-4.5,-110,-4.5,-109,-4.5,-108,N/A,+4.5,-110,+4.5,-112,+4.5,-110,+1,-110,+4.5,-110,+4.5,-112
Mon Mar 13 2023,Utah Jazz,115,Miami Heat,119,N/A,+8.5,-110,+8.5,-110,+8.5,-110,+7.5,-110,+8.5,-105,+8.5,-113,+8.5,-110,N/A,-8.5,-110,-8.5,-110,-8.5,-110,-7.5,-110,-8.5,-115,-8.5,-108
Mon Mar 13 2023,Boston Celtics,109,Houston Rockets,111,N/A,-13,-110,-13,-112,-12.5,-115,-13,-110,-12.5,-115,-13,-112,-13,-112,N/A,+13,-110,+13,-108,+12.5,-105,+13,-110,+12.5,-105,+13,-109
Mon Mar 13 2023,Phoenix Suns,112,Golden State Warriors,123,N/A,+4.5,-110,+4.5,-112,+4.5,-110,+4.5,-110,+4.5,-110,+4.5,-110,+4.5,-112,N/A,-4.5,-110,-4.5,-108,-4.5,-110,-4.5,-110,-4.5,-110,-4.5,-110
Mon Mar 13 2023,Milwaukee Bucks,133,Sacramento Kings,124,N/A,-3.5,-110,-3.5,-110,-3.5,-105,-3.5,-110,-3,-115,-4,-108,-3.5,-110,N/A,+3.5,-110,+3.5,-110,+3.5,-115,+3.5,-110,+3,-105,+4,-113
Tue Mar 14 2023,Cleveland Cavaliers,120,Charlotte Hornets,104,-8,-110,-5.5,-108,-5.5,-110,-5.5,-110,-5.5,-110,-5.5,-108,-5.5,-108,+8,-110,+5.5,-112,+5.5,-110,+5.5,-110,+5.5,-110,+5.5,-113,+5.5,-112
Tue Mar 14 2023,Detroit Pistons,97,Washington Wizards,117,+11,-110,+13.5,-110,+13.5,-110,+13.5,-110,+13.5,-110,+13.5,-113,+13.5,-110,-11,-110,-13.5,-110,-13.5,-110,-13.5,-110,-13.5,-110,-13.5,-108,-13.5,-110
Tue Mar 14 2023,Denver Nuggets,110,Toronto Raptors,125,+1,-110,-1.5,-112,-1.5,-110,-1.5,-110,-1.5,-110,-1.5,-113,-1.5,-112,-1,-110,+1.5,-108,+1.5,-110,+1.5,-110,+1.5,-110,+1.5,-108,+1.5,-108
Tue Mar 14 2023,Los Angeles Lakers,123,New Orleans Pelicans,108,+1.5,-110,+1.5,-110,+1.5,-110,+1.5,-110,+2,-115,+2,-114,+1.5,-110,-1.5,-110,-1.5,-110,-1.5,-110,-1.5,-110,-2,-105,-2,-107,-1.5,-110
Tue Mar 14 2023,Brooklyn Nets,107,Oklahoma City Thunder,121,+1.5,-112,+1.5,-108,+1.5,-110,+1,-110,+1,-105,+1,-109,+1.5,-108,-1.5,-108,-1.5,-112,-1.5,-110,-1,-110,-1,-115,-1,-112,-1.5,-112
Tue Mar 14 2023,Orlando Magic,114,San Antonio Spurs,132,-5,-110,-6.5,-114,-6.5,-115,-7,-110,-6.5,-110,-6.5,-110,-6.5,-114,+5,-110,+6.5,-106,+6.5,-105,+7,-110,+6.5,-110,+6.5,-110,+6.5,-106
Tue Mar 14 2023,Milwaukee Bucks,116,Phoenix Suns,104,-1.5,-110,-1.5,-110,-1.5,-110,-1.5,-110,-1.5,-110,-1.5,-112,-1.5,-110,+1.5,-110,+1.5,-110,+1.5,-110,+1.5,-110,+1.5,-110,+1.5,-109,+1.5,-110
Tue Mar 14 2023,New York Knicks,123,Portland Trail Blazers,107,-1.5,-110,-2.5,-112,-2.5,-110,-2.5,-110,-2.5,-110,-2.5,-109,-2.5,-112,+1.5,-110,+2.5,-108,+2.5,-110,+2.5,-110,+2.5,-110,+2.5,-112,+2.5,-108
Wed Mar 15 2023,Philadelphia 76ers,118,Cleveland Cavaliers,109,-1.5,-112,-2.5,-110,-2.5,-110,-3,-110,-2.5,-110,-3,-108,-2.5,-110,+1.5,-108,+2.5,-110,+2.5,-110,+3,-110,+2.5,-110,+3,-113,+2.5,-110
Wed Mar 15 2023,Memphis Grizzlies,119,Miami Heat,138,+3.5,-110,+4,-106,+4.5,-115,+4.5,-110,+4,-105,+4,-110,+4,-106,-3.5,-110,-4,-114,-4.5,-105,-4.5,-110,-4,-115,-4,-110,-4,-114
Wed Mar 15 2023,Sacramento Kings,117,Chicago Bulls,114,-0.5,-110,-1.5,-108,-1.5,-110,-1.5,-110,-1.5,-110,-1.5,-108,-1,-112,+0.5,-110,+1.5,-112,+1.5,-110,+1.5,-110,+1.5,-110,+1.5,-113,+1,-108
Wed Mar 15 2023,Los Angeles Lakers,110,Houston Rockets,114,-5,-110,-2.5,-108,-2.5,-115,-2.5,-110,-2,-115,-3,-109,-2.5,-108,+5,-110,+2.5,-112,+2.5,-105,+2.5,-110,+2,-105,+3,-112,+2.5,-112
Wed Mar 15 2023,Boston Celtics,104,Minnesota Timberwolves,102,-4,-110,-4.5,-108,-3.5,-115,-4.5,-110,-4,-110,-4.5,-109,-4.5,-108,+4,-110,+4.5,-112,+3.5,-105,+4.5,-110,+4,-110,+4.5,-112,+4.5,-112
Wed Mar 15 2023,Dallas Mavericks,137,San Antonio Spurs,128,-5.5,-110,-4,-106,-4.5,-105,-4,-110,-3.5,-115,-4.5,-107,-4,-106,+5.5,-110,+4,-114,+4.5,-115,+4,-110,+3.5,-105,+4.5,-114,+4,-114
Wed Mar 15 2023,Golden State Warriors,126,Los Angeles Clippers,134,+2.5,-110,+3,-110,+3.5,-115,+2.5,-110,+3,-105,+3,-112,+3,-110,-2.5,-110,-3,-110,-3.5,-105,-2.5,-110,-3,-115,-3,-109,-3,-110
Thu Mar 16 2023,Denver Nuggets,119,Detroit Pistons,100,-11.5,-110,-15,-110,-14.5,-115,-14.5,-110,-15,-115,-15,-109,-15,-110,+11.5,-110,+15,-110,+14.5,-105,+14.5,-110,+15,-105,+15,-112,+15,-110
Thu Mar 16 2023,Sacramento Kings,101,Brooklyn Nets,96,+1.5,-106,+3,-110,+2.5,-105,+2.5,-110,+3,-110,+3,-113,+3,-110,-1.5,-114,-3,-110,-2.5,-115,-2.5,-110,-3,-110,-3,-108,-3,-110
Thu Mar 16 2023,Oklahoma City Thunder,111,Toronto Raptors,128,+6,-110,+6.5,-112,+6.5,-110,+6,-110,+6.5,-115,+6,-110,+6.5,-112,-6,-110,-6.5,-108,-6.5,-110,-6,-110,-6.5,-105,-6,-110,-6.5,-108
Thu Mar 16 2023,Indiana Pacers,139,Milwaukee Bucks,123,+14,-110,+12,-110,+12.5,-115,+12,-110,+12.5,-110,+11.5,-108,+12,-110,-14,-110,-12,-110,-12.5,-105,-12,-110,-12.5,-110,-11.5,-113,-12,-110
Thu Mar 16 2023,Orlando Magic,113,Phoenix Suns,116,+7,-110,+8.5,-112,+7.5,-105,+8,-110,+8,-105,+8,-112,+8.5,-112,-7,-110,-8.5,-108,-7.5,-115,-8,-110,-8,-115,-8,-109,-8.5,-108
Fri Mar 17 2023,Philadelphia 76ers,121,Charlotte Hornets,82,-9.5,-110,-10.5,-110,-10.5,-110,-10.5,-110,-10.5,-110,-10.5,-110,-10.5,-110,+9.5,-110,+10.5,-110,+10.5,-110,+10.5,-110,+10.5,-110,+10.5,-110,+10.5,-110
Fri Mar 17 2023,Golden State Warriors,119,Atlanta Hawks,127,-1,-108,+3.5,-110,+3.5,-115,+3,-110,+3,-105,+3.5,-114,+3.5,-110,+1,-112,-3.5,-110,-3.5,-105,-3,-110,-3,-115,-3.5,-107,-3.5,-110
Fri Mar 17 2023,Washington Wizards,94,Cleveland Cavaliers,117,+5,-108,+5.5,-112,+5.5,-110,+6,-110,+5.5,-110,+5,-108,+5.5,-112,-5,-112,-5.5,-108,-5.5,-110,-6,-110,-5.5,-110,-5,-113,-5.5,-108
Fri Mar 17 2023,Minnesota Timberwolves,131,Chicago Bulls,139,+2.5,-110,+2.5,-114,+2.5,-110,+2.5,-110,+3,-110,+2.5,-110,+2.5,-114,-2.5,-110,-2.5,-106,-2.5,-110,-2.5,-110,-3,-110,-2.5,-110,-2.5,-106
Fri Mar 17 2023,New Orleans Pelicans,112,Houston Rockets,114,-6,-110,-5.5,-110,-5.5,-110,-5.5,-110,-5.5,-110,-5.5,-110,-5.5,-110,+6,-110,+5.5,-110,+5.5,-110,+5.5,-110,+5.5,-110,+5.5,-110,+5.5,-110
Fri Mar 17 2023,Memphis Grizzlies,126,San Antonio Spurs,120,-8,-106,-9,-106,-8.5,-115,-9,-110,-9,-110,-9,-109,-9,-106,+8,-114,+9,-114,+8.5,-105,+9,-110,+9,-110,+9,-112,+9,-114
Fri Mar 17 2023,Boston Celtics,126,Portland Trail Blazers,112,-5,-110,-6.5,-110,-6.5,-110,-6.5,-110,-7,-105,-6.5,-108,-6.5,-110,+5,-110,+6.5,-110,+6.5,-110,+6.5,-110,+7,-115,+6.5,-113,+6.5,-110
Fri Mar 17 2023,Dallas Mavericks,111,Los Angeles Lakers,110,+4.5,-108,+3.5,-106,+3.5,-105,+3.5,-110,+3.5,-105,+4,-112,+3.5,-106,-4.5,-112,-3.5,-114,-3.5,-115,-3.5,-110,-3.5,-115,-4,-109,-3.5,-114
Sat Mar 18 2023,Denver Nuggets,110,New York Knicks,116,-1.5,-112,-1,-108,+1.5,-115,+1,-110,+1,-110,+1,-112,-1,-108,+1.5,-108,+1,-112,-1.5,-105,-1,-110,-1,-110,-1,-109,+1,-112
Sat Mar 18 2023,Orlando Magic,113,Los Angeles Clippers,108,+8.5,-112,+6.5,-110,+6.5,-110,+6.5,-110,+6.5,-105,+6.5,-112,+6.5,-110,-8.5,-108,-6.5,-110,-6.5,-110,-6.5,-110,-6.5,-115,-6.5,-109,-6.5,-110
Sat Mar 18 2023,Philadelphia 76ers,141,Indiana Pacers,121,-6.5,-112,-4.5,-110,-4.5,-110,-4.5,-110,-4.5,-110,-5,-109,-4.5,-110,+6.5,-108,+4.5,-110,+4.5,-110,+4.5,-110,+4.5,-110,+5,-112,+4.5,-110
Sat Mar 18 2023,Minnesota Timberwolves,107,Toronto Raptors,122,+6,-110,+9,-108,+8.5,-105,+9,-110,+9,-105,+9.5,-112,+9,-108,-6,-110,-9,-112,-8.5,-115,-9,-110,-9,-115,-9.5,-109,-9,-112
Sat Mar 18 2023,Miami Heat,99,Chicago Bulls,113,-2,-114,-2.5,-106,-2.5,-105,-2.5,-110,-2.5,-110,-2.5,-112,-2.5,-106,+2,-106,+2.5,-114,+2.5,-115,+2.5,-110,+2.5,-110,+2.5,-109,+2.5,-114
Sat Mar 18 2023,Golden State Warriors,119,Memphis Grizzlies,133,+5,-110,-1.5,-108,-1.5,-110,-1.5,-115,-1,-115,-1.5,-108,-1.5,-108,-5,-110,+1.5,-112,+1.5,-110,+1.5,-105,+1,-105,+1.5,-113,+1.5,-112
Sat Mar 18 2023,Sacramento Kings,132,Washington Wizards,118,-2.5,-110,-4.5,-110,-4.5,-115,-5,-110,-4.5,-110,-5.5,-109,-4.5,-110,+2.5,-110,+4.5,-110,+4.5,-105,+5,-110,+4.5,-110,+5.5,-112,+4.5,-110
Sat Mar 18 2023,Boston Celtics,117,Utah Jazz,118,-6,-112,-4.5,-114,-4.5,-110,-4.5,-110,-4.5,-115,-5,-112,-4.5,-114,+6,-108,+4.5,-106,+4.5,-110,+4.5,-110,+4.5,-105,+5,-109,+4.5,-106
Sun Mar 19 2023,Denver Nuggets,108,Brooklyn Nets,102,-1.5,-112,-3,-110,-2.5,-115,-3,-105,-3,-110,-3,-107,-3,-110,+1.5,-108,+3,-110,+2.5,-105,+3,-115,+3,-110,+3,-114,+3,-110
Sun Mar 19 2023,Phoenix Suns,120,Oklahoma City Thunder,124,+1,-110,+1.5,-110,+1.5,-120,+1,-110,+1,-110,+1,-108,+1.5,-110,-1,-110,-1.5,-110,-1.5,even,-1,-110,-1,-110,-1,-113,-1.5,-110
Sun Mar 19 2023,Atlanta Hawks,118,San Antonio Spurs,126,-9,-110,-10,-110,-9.5,-115,-10,-110,-10,-110,-10,-109,-10,-110,+9,-110,+10,-110,+9.5,-105,+10,-110,+10,-110,+10,-112,+10,-110
Sun Mar 19 2023,Miami Heat,112,Detroit Pistons,100,-9.5,-112,-10,-110,-9.5,-115,-10,-110,-10,-105,-10,-108,-10,-110,+9.5,-108,+10,-110,+9.5,-105,+10,-110,+10,-115,+10,-113,+10,-110
Sun Mar 19 2023,New Orleans Pelicans,117,Houston Rockets,107,-5,-110,-5.5,-114,-5.5,-110,-6,-110,-5.5,-105,-5.5,-108,-5.5,-114,+5,-110,+5.5,-106,+5.5,-110,+6,-110,+5.5,-115,+5.5,-113,+5.5,-106
Sun Mar 19 2023,Toronto Raptors,111,Milwaukee Bucks,118,+9.5,-110,+7.5,-112,+7.5,-115,+7,-110,+7,-115,+7,-110,+7.5,-112,-9.5,-110,-7.5,-108,-7.5,-105,-7,-110,-7,-105,-7,-110,-7.5,-108
Sun Mar 19 2023,Los Angeles Clippers,117,Portland Trail Blazers,102,-2,-112,-4.5,-110,-4.5,-110,-4.5,-110,-4.5,-115,-4.5,-110,-4.5,-110,+2,-108,+4.5,-110,+4.5,-110,+4.5,-110,+4.5,-105,+4.5,-110,+4.5,-110
Sun Mar 19 2023,Orlando Magic,105,Los Angeles Lakers,111,+6.5,-110,+6.5,-108,+6.5,-110,+6.5,-110,+6.5,-110,+6.5,-108,+6.5,-108,-6.5,-110,-6.5,-112,-6.5,-110,-6.5,-110,-6.5,-110,-6.5,-113,-6.5,-112
Mon Mar 20 2023,Indiana Pacers,109,Charlotte Hornets,115,-1.5,-112,-2,-112,-2.5,-105,-2.5,-115,-2.5,-110,-1.5,-113,-2,-112,+1.5,-108,+2,-110,+2.5,-115,+2.5,-105,+2.5,-110,+1.5,-108,+2,-110
Mon Mar 20 2023,Chicago Bulls,109,Philadelphia 76ers,105,+7.5,-110,+8,-110,+7.5,-105,+8.5,-110,+8,-110,+8.5,-107,+8,-110,-7.5,-110,-8,-110,-7.5,-115,-8.5,-110,-8,-110,-8.5,-114,-8,-110
Mon Mar 20 2023,Minnesota Timberwolves,140,New York Knicks,134,+7.5,-112,+8,-110,+8.5,-110,+8,-110,+8,-110,+8,-108,+8,-110,-7.5,-108,-8,-110,-8.5,-110,-8,-110,-8,-110,-8,-113,-8,-110
Mon Mar 20 2023,Golden State Warriors,121,Houston Rockets,108,-9.5,-108,-11.5,-108,-11.5,-105,-11.5,-110,-11.5,-110,-11.5,-108,-11.5,-108,+9.5,-112,+11.5,-112,+11.5,-115,+11.5,-110,+11.5,-110,+11.5,-113,+11.5,-112
Mon Mar 20 2023,Dallas Mavericks,108,Memphis Grizzlies,112,+1.5,-108,+4.5,-114,+4.5,-110,+4.5,-110,+4.5,-115,+4.5,-113,+4.5,-114,-1.5,-112,-4.5,-106,-4.5,-110,-4.5,-110,-4.5,-105,-4.5,-108,-4.5,-106
Mon Mar 20 2023,Sacramento Kings,120,Utah Jazz,128,-6,-110,-6.5,-110,-6.5,-115,-7,-110,-7,-105,-7,-108,-6.5,-110,+6,-110,+6.5,-110,+6.5,-105,+7,-110,+7,-115,+7,-113,+6.5,-110
Tue Mar 21 2023,Washington Wizards,112,Orlando Magic,122,-1,-110,-1,-110,+1.5,-110,+1.5,-115,-1,-110,+1.5,-107,-1,-110,+1,-110,+1,-110,-1.5,-110,-1.5,-105,+1,-110,-1.5,-114,+1,-110
Tue Mar 21 2023,Detroit Pistons,107,Atlanta Hawks,129,+13,-110,+13.5,-110,+13.5,-110,+13.5,-110,+13.5,-110,+13,-108,+13.5,-110,-13,-110,-13.5,-110,-13.5,-110,-13.5,-110,-13.5,-110,-13,-113,-13.5,-110
Tue Mar 21 2023,Cleveland Cavaliers,115,Brooklyn Nets,109,-2.5,-110,-4,-108,-4.5,-105,-4,-110,-3.5,-115,-3.5,-112,-4,-108,+2.5,-110,+4,-112,+4.5,-115,+4,-110,+3.5,-105,+3.5,-109,+4,-112
Tue Mar 21 2023,San Antonio Spurs,84,New Orleans Pelicans,119,+8,-110,+14,-110,+13.5,-110,+14,-110,+14,-105,+13.5,-108,+14,-110,-8,-110,-14,-110,-13.5,-110,-14,-110,-14,-115,-13.5,-112,-14,-110
Tue Mar 21 2023,Boston Celtics,132,Sacramento Kings,109,-3.5,-112,-5,-114,-5.5,-105,-5,-110,-5.5,-105,-5.5,-108,-5,-114,+3.5,-108,+5,-106,+5.5,-115,+5,-110,+5.5,-115,+5.5,-113,+5,-106
Tue Mar 21 2023,Oklahoma City Thunder,101,Los Angeles Clippers,100,+7,-108,+6.5,-110,+6.5,-110,+6.5,-110,+6.5,-110,+7,-110,+6.5,-110,-7,-112,-6.5,-110,-6.5,-110,-6.5,-110,-6.5,-110,-7,-110,-6.5,-110
Wed Mar 22 2023,Denver Nuggets,118,Washington Wizards,104,-7,-110,-9,-110,-8.5,-115,-9,-110,-9,-110,-9,-108,-9,-110,+7,-110,+9,-110,+8.5,-105,+9,-110,+9,-110,+9,-113,+9,-110
Wed Mar 22 2023,Golden State Warriors,127,Dallas Mavericks,125,-1.5,-110,-3.5,-108,-3.5,-110,-3.5,-110,-3.5,-105,-3,-113,-3.5,-108,+1.5,-110,+3.5,-112,+3.5,-110,+3.5,-110,+3.5,-115,+3,-108,+3.5,-112
Wed Mar 22 2023,New York Knicks,120,Miami Heat,127,+2,-110,+2,-110,+2.5,-115,+2,-110,+2.5,-115,+2.5,-110,+2.5,-114,-2,-110,-2,-110,-2.5,-105,-2,-110,-2.5,-105,-2.5,-110,-2.5,-106
Wed Mar 22 2023,Indiana Pacers,118,Toronto Raptors,114,+9,-110,+9,-110,+8.5,-110,+8.5,-110,+9,-115,+9,-109,+9,-110,-9,-110,-9,-110,-8.5,-110,-8.5,-110,-9,-105,-9,-112,-9,-110
Wed Mar 22 2023,Philadelphia 76ers,116,Chicago Bulls,91,-4,-110,-1.5,-112,-1.5,-110,-1.5,-110,-1.5,-110,-1.5,-108,-1.5,-112,+4,-110,+1.5,-108,+1.5,-110,+1.5,-110,+1.5,-110,+1.5,-113,+1.5,-108
Wed Mar 22 2023,Houston Rockets,125,Memphis Grizzlies,130,+13.5,-112,+12,-110,+12.5,-110,+12,-110,+12,-115,+12.5,-112,+12,-110,-13.5,-108,-12,-110,-12.5,-110,-12,-110,-12,-105,-12.5,-109,-12,-110
Wed Mar 22 2023,San Antonio Spurs,94,Milwaukee Bucks,130,+17.5,-110,+19,-112,+18.5,-110,+19,-110,+19,-110,+19.5,-112,+19,-112,-17.5,-110,-19,-108,-18.5,-110,-19,-110,-19,-110,-19.5,-109,-19,-108
Wed Mar 22 2023,Atlanta Hawks,124,Minnesota Timberwolves,125,+4,-110,+4,-110,+4.5,-115,+3.5,-110,+4,-115,+4,-112,+4,-110,-4,-112,-4,-110,-4.5,-105,-3.5,-110,-4,-105,-4,-109,-4,-110
Wed Mar 22 2023,Portland Trail Blazers,127,Utah Jazz,115,+2,-110,+5.5,-112,+5.5,-115,+5.5,-110,+5,-105,+5,-112,+5.5,-112,-2,-110,-5.5,-108,-5.5,-105,-5.5,-110,-5,-115,-5,-109,-5.5,-108
Wed Mar 22 2023,Phoenix Suns,111,Los Angeles Lakers,122,-2,-110,+1,-110,+1.5,-120,+1,-105,+1.5,-110,+1,-110,+1,-110,+2,-112,-1,-110,-1.5,even,-1,-115,-1.5,-110,-1,-110,-1,-110
Thu Mar 23 2023,New York Knicks,106,Orlando Magic,111,-3,-106,-2.5,-110,-2.5,-110,-2.5,-110,-2.5,-110,-2.5,-110,-2.5,-110,+3,-114,+2.5,-110,+2.5,-110,+2.5,-110,+2.5,-110,+2.5,-110,+2.5,-110
Thu Mar 23 2023,Cleveland Cavaliers,116,Brooklyn Nets,114,-3.5,-110,-4,-110,-3.5,-105,-3,-110,-3,-115,-4,-110,-4,-110,+3.5,-110,+4,-110,+3.5,-115,+3,-110,+3,-105,+4,-110,+4,-110
Thu Mar 23 2023,Charlotte Hornets,96,New Orleans Pelicans,115,+8,-110,+9,-110,+9.5,-115,+9,-110,+9,-105,+9,-112,+9,-114,-8,-110,-9,-110,-9.5,-105,-9,-110,-9,-115,-9,-109,-9,-106
Thu Mar 23 2023,Oklahoma City Thunder,105,Los Angeles Clippers,127,+3,-110,+4.5,-106,+5.5,-115,+5,-110,+5,-115,+4.5,-110,+4.5,-106,-3,-110,-4.5,-114,-5.5,-105,-5,-110,-5,-105,-4.5,-110,-4.5,-114
Fri Mar 24 2023,Indiana Pacers,95,Boston Celtics,120,+12,-110,+11,-110,+11.5,-115,+11,-110,+11,-105,+11,-109,+11,-110,-12,-110,-11,-110,-11.5,-105,-11,-110,-11,-115,-11,-112,-11,-110
Fri Mar 24 2023,San Antonio Spurs,124,Washington Wizards,136,+7,-110,+9,-108,+8.5,-105,+9.5,-110,+8.5,-105,+9,-113,+9,-108,-7,-110,-9,-112,-8.5,-115,-9.5,-110,-8.5,-115,-9,-108,-9,-112
Fri Mar 24 2023,Detroit Pistons,97,Toronto Raptors,118,+12.5,-110,+13.5,-112,+13.5,-115,+13.5,-110,+13,-110,+13,-108,+13.5,-112,-12.5,-110,-13.5,-108,-13.5,-105,-13.5,-110,-13,-110,-13,-113,-13.5,-108
Fri Mar 24 2023,Houston Rockets,114,Memphis Grizzlies,151,+14,-110,+12.5,-112,+13.5,-115,+13,-110,+12.5,-110,+12.5,-108,+12.5,-112,-14,-110,-12.5,-108,-13.5,-105,-13,-110,-12.5,-110,-12.5,-112,-12.5,-108
Fri Mar 24 2023,Charlotte Hornets,117,Dallas Mavericks,109,+13,-110,+16,-110,+15.5,-110,+16,-110,+16,-110,+16.5,-112,+16,-110,-13,-110,-16,-110,-15.5,-110,-16,-110,-16,-110,-16.5,-109,-16,-110
Fri Mar 24 2023,Milwaukee Bucks,144,Utah Jazz,116,-7.5,-108,-9.5,-108,-9.5,-115,-10,-110,-9.5,-120,-9,-112,-9.5,-108,+7.5,-112,+9.5,-112,+9.5,-105,+10,-110,+9.5,even,+9,-109,+9.5,-112
Fri Mar 24 2023,Philadelphia 76ers,112,Golden State Warriors,120,+3,-110,+4.5,-110,+4.5,-110,+4.5,-110,+4.5,-110,+4,-109,+4.5,-110,-3,-110,-4.5,-110,-4.5,-110,-4.5,-110,-4.5,-110,-4,-112,-4.5,-110
Fri Mar 24 2023,Chicago Bulls,124,Portland Trail Blazers,96,+1,-110,-7.5,-106,-7.5,-110,-7.5,-110,-7.5,-110,-7,-112,-7.5,-106,-1,-110,+7.5,-114,+7.5,-110,+7.5,-110,+7.5,-110,+7,-109,+7.5,-114
Fri Mar 24 2023,Phoenix Suns,127,Sacramento Kings,135,+3.5,-110,+4.5,-110,+3.5,-110,+4,-110,+4.5,-115,+3.5,-108,+4.5,-110,-3.5,-110,-4.5,-110,-3.5,-110,-4,-110,-4.5,-105,-3.5,-113,-4.5,-110
Fri Mar 24 2023,Oklahoma City Thunder,111,Los Angeles Lakers,116,+5.5,-108,+3.5,-110,+3.5,-110,+3.5,-110,+3.5,-115,+3.5,-108,+3.5,-110,-5.5,-112,-3.5,-110,-3.5,-110,-3.5,-110,-3.5,-105,-3.5,-113,-3.5,-110
Sat Mar 25 2023,Indiana Pacers,130,Atlanta Hawks,143,+10,-110,+10.5,-112,+10.5,-115,+10,-110,+10.5,-115,+10.5,-110,+10.5,-112,-10,-110,-10.5,-108,-10.5,-105,-10,-110,-10.5,-105,-10.5,-110,-10.5,-108
Sat Mar 25 2023,Brooklyn Nets,129,Miami Heat,100,+5.5,-112,+6,-112,+5.5,-105,+6,-110,+6,-110,+6,-112,+6,-112,-5.5,-108,-6,-108,-5.5,-115,-6,-110,-6,-110,-6,-109,-6,-108
Sat Mar 25 2023,Milwaukee Bucks,106,Denver Nuggets,129,+2.5,-110,+3,-108,+3.5,-110,+3.5,-110,+3.5,-110,+3.5,-112,+3,-108,-2.5,-110,-3,-112,-3.5,-110,-3.5,-110,-3.5,-110,-3.5,-109,-3,-112
Sat Mar 25 2023,Philadelphia 76ers,105,Phoenix Suns,125,-1,-110,+1,-110,+1.5,-115,+1,-110,+1,-110,+1.5,-110,+1,-110,+1,-110,-1,-110,-1.5,-105,-1,-110,-1,-110,-1.5,-110,-1,-110
Sat Mar 25 2023,Utah Jazz,113,Sacramento Kings,121,+9.5,-110,+9,-110,+9.5,-115,+9,-110,+9,-110,+9,-113,+9,-110,-9.5,-110,-9,-110,-9.5,-105,-9,-110,-9,-110,-9,-108,-9,-110
Sat Mar 25 2023,New Orleans Pelicans,131,Los Angeles Clippers,110,+5,-110,+5,-114,+4.5,-105,+5,-110,+4.5,-105,+4.5,-110,+5,-114,-5,-110,-5,-106,-4.5,-115,-5,-110,-4.5,-115,-4.5,-110,-5,-106
Sun Mar 26 2023,Dallas Mavericks,104,Charlotte Hornets,110,-9.5,-110,-12.5,-110,-12.5,-110,-12.5,-110,-12.5,-110,-12.5,-112,-12.5,-110,+9.5,-110,+12.5,-110,+12.5,-110,+12.5,-110,+12.5,-110,+12.5,-109,+12.5,-110
Sun Mar 26 2023,Chicago Bulls,118,Los Angeles Lakers,108,+4.5,-108,+5.5,-110,+5.5,-115,+5,-110,+5,-110,+5.5,-109,+5.5,-110,-4.5,-112,-5.5,-110,-5.5,-105,-5,-110,-5,-110,-5.5,-112,-5.5,-110
Sun Mar 26 2023,Memphis Grizzlies,123,Atlanta Hawks,119,-2,-110,-1.5,-108,-1.5,-115,-1.5,-110,-1,-110,-1.5,-108,-2,-110,+2,-110,+1.5,-112,+1.5,-105,+1.5,-110,+1,-110,+1.5,-113,+2,-110
Sun Mar 26 2023,San Antonio Spurs,93,Boston Celtics,137,+16,-110,+17,-110,+16.5,-115,+17,-110,+17,-110,+17,-109,+15.5,-110,-16,-110,-17,-110,-16.5,-105,-17,-110,-17,-110,-17,-112,-15.5,-110
Sun Mar 26 2023,Houston Rockets,91,Cleveland Cavaliers,108,+13.5,-110,+14,-108,+14.5,-115,+13.5,-110,+14,-110,+14,-110,+14,-108,-13.5,-110,-14,-112,-14.5,-105,-13.5,-110,-14,-110,-14,-110,-14,-112
Sun Mar 26 2023,Brooklyn Nets,106,Orlando Magic,119,+2,-110,+1.5,-110,+1.5,-110,+1.5,-110,+1,-110,+2,-109,+1.5,-110,-2,-110,-1.5,-110,-1.5,-110,-1.5,-110,-1,-110,-2,-112,-1.5,-110
Sun Mar 26 2023,Washington Wizards,104,Toronto Raptors,114,+5.5,-110,+10,-110,+9.5,-110,+10,-110,+9.5,-110,+9.5,-110,+10,-110,-5.5,-110,-10,-110,-9.5,-110,-10,-110,-9.5,-110,-9.5,-110,-10,-110
Sun Mar 26 2023,Oklahoma City Thunder,118,Portland Trail Blazers,112,-6,-106,-10.5,-110,-10.5,-110,-10.5,-110,-10.5,-110,-10.5,-109,-10.5,-110,+6,-114,+10.5,-110,+10.5,-110,+10.5,-110,+10.5,-110,+10.5,-112,+10.5,-110
Sun Mar 26 2023,Minnesota Timberwolves,99,Golden State Warriors,96,+6.5,-110,+5.5,-114,+5.5,-110,+5.5,-110,+5.5,-110,+5.5,-108,+5.5,-114,-6.5,-110,-5.5,-106,-5.5,-110,-5.5,-110,-5.5,-110,-5.5,-113,-5.5,-106
Mon Mar 27 2023,Milwaukee Bucks,126,Detroit Pistons,117,-16,-110,-12,-114,-11.5,-110,-11.5,-110,-11.5,-110,-11.5,-110,-12,-114,+16,-110,+12,-106,+11.5,-110,+11.5,-110,+11.5,-110,+11.5,-110,+12,-106
Mon Mar 27 2023,Dallas Mavericks,127,Indiana Pacers,104,-2,-108,-7.5,-112,-7.5,-115,-7.5,-115,-7.5,-110,-7.5,-110,-7.5,-112,+2,-112,+7.5,-108,+7.5,-105,+7.5,-105,+7.5,-110,+7.5,-110,+7.5,-108
Mon Mar 27 2023,Houston Rockets,115,New York Knicks,137,+12.5,-110,+13,-108,+13.5,-115,+13,-105,+13,-110,+13,-110,+13,-108,-12.5,-110,-13,-112,-13.5,-105,-13,-115,-13,-110,-13,-110,-13,-112
Mon Mar 27 2023,Phoenix Suns,117,Utah Jazz,103,-5.5,-110,-5,-106,-4.5,-110,-4.5,-110,-4,-115,-5.5,-109,-5,-106,+5.5,-110,+5,-114,+4.5,-110,+4.5,-110,+4,-105,+5.5,-112,+5,-114
Mon Mar 27 2023,Philadelphia 76ers,111,Denver Nuggets,116,+5,-110,+10,-112,+10.5,-115,+10,-105,+10,-110,+10,-112,+10,-112,-5,-110,-10,-108,-10.5,-105,-10,-115,-10,-110,-10,-109,-10,-108
Mon Mar 27 2023,New Orleans Pelicans,124,Portland Trail Blazers,90,-8.5,-110,-12,-110,-11.5,-110,-12,-110,-12,-110,-12,-108,-12,-110,+8.5,-110,+12,-110,+11.5,-110,+12,-110,+12,-110,+12,-113,+12,-110
Mon Mar 27 2023,Minnesota Timberwolves,119,Sacramento Kings,115,+5.5,-110,+5,-108,+5.5,-110,+5.5,-110,+4.5,-105,+5,-108,+5,-108,-5.5,-110,-5,-112,-5.5,-110,-5.5,-110,-4.5,-115,-5,-113,-5,-112
Mon Mar 27 2023,Chicago Bulls,112,Los Angeles Clippers,124,+4.5,-108,+5,-114,+4.5,-110,+4.5,-110,+4.5,-110,+4.5,-110,+5,-114,-4.5,-112,-5,-106,-4.5,-110,-4.5,-110,-4.5,-110,-4.5,-110,-5,-106
Tue Mar 28 2023,Boston Celtics,111,Washington Wizards,130,-11,-110,-11,-108,-11.5,-105,-11,-115,-11,-110,-10.5,-113,-11,-108,+11,-110,+11,-112,+11.5,-115,+11,-105,+11,-110,+10.5,-108,+11,-112
Tue Mar 28 2023,Cleveland Cavaliers,118,Atlanta Hawks,120,-1,-108,+3,-108,+2.5,-105,+3,-105,+3,-110,+2.5,-109,+3,-108,+1,-112,-3,-112,-2.5,-115,-3,-115,-3,-110,-2.5,-112,-3,-112
Tue Mar 28 2023,Miami Heat,92,Toronto Raptors,106,+3,-114,+6,-110,+6.5,-115,+6,-110,+6,-110,+6,-108,+6,-110,-3,-106,-6,-110,-6.5,-105,-6,-110,-6,-110,-6,-113,-6,-110
Tue Mar 28 2023,Orlando Magic,108,Memphis Grizzlies,113,+7.5,-108,+6.5,-112,+6.5,-110,+6.5,-105,+6.5,-105,+6,-110,+6.5,-112,-7.5,-112,-6.5,-108,-6.5,-110,-6.5,-115,-6.5,-115,-6,-110,-6.5,-108
Tue Mar 28 2023,Charlotte Hornets,137,Oklahoma City Thunder,134,+9,-110,+10,-112,+9.5,-105,+10,-110,+10,-110,+10,-110,+10,-112,-9,-110,-10,-108,-9.5,-115,-10,-110,-10,-110,-10,-110,-10,-108
Tue Mar 28 2023,New Orleans Pelicans,109,Golden State Warriors,120,+9,-110,+8.5,-108,+9.5,-115,+8.5,-110,+8.5,-110,+8.5,-110,+8.5,-108,-9,-110,-8.5,-112,-9.5,-105,-8.5,-110,-8.5,-110,-8.5,-110,-8.5,-112
Wed Mar 29 2023,Milwaukee Bucks,149,Indiana Pacers,136,-11.5,-110,-13,-110,-13.5,-110,-13,-110,-13,-110,-13,-110,-13,-110,+11.5,-110,+13,-110,+13.5,-110,+13,-110,+13,-110,+13,-110,+13,-110
Wed Mar 29 2023,Houston Rockets,114,Brooklyn Nets,123,+12,-110,+10.5,-108,+10.5,-110,+10.5,-110,+10.5,-110,+10.5,-112,+10.5,-108,-12,-110,-10.5,-112,-10.5,-110,-10.5,-110,-10.5,-110,-10.5,-109,-10.5,-112
Wed Mar 29 2023,Miami Heat,92,New York Knicks,101,+4,-106,+5.5,-110,+5.5,-105,+5.5,-110,+5.5,-105,+6,-113,+6,-110,-4,-114,-5.5,-110,-5.5,-115,-5.5,-110,-5.5,-115,-6,-108,-6,-110
Wed Mar 29 2023,Dallas Mavericks,108,Philadelphia 76ers,116,+5,-110,+6,-108,+6.5,-115,+5.5,-110,+5.5,-110,+6,-114,+6,-108,-5,-110,-6,-112,-6.5,-105,-5.5,-110,-5.5,-110,-6,-107,-6,-112
Wed Mar 29 2023,Los Angeles Lakers,121,Chicago Bulls,110,-1,-110,-3.5,-112,-4.5,-110,-4,-110,-3,-110,-4,-110,-4,-108,+1,-110,+3.5,-108,+4.5,-110,+4,-110,+3,-110,+4,-110,+4,-112
Wed Mar 29 2023,Los Angeles Clippers,141,Memphis Grizzlies,132,+5,-110,+2,-110,+2.5,-115,+2,-110,+2,-110,+2.5,-112,+2,-108,-5,-110,-2,-110,-2.5,-105,-2,-110,-2,-110,-2.5,-109,-2,-112
Wed Mar 29 2023,Detroit Pistons,106,Oklahoma City Thunder,107,+11,-110,+9,-110,+9.5,-110,+9.5,-110,+9,-110,+9.5,-108,+9.5,-110,-11,-110,-9,-110,-9.5,-110,-9.5,-110,-9,-110,-9.5,-113,-9.5,-110
Wed Mar 29 2023,Utah Jazz,128,San Antonio Spurs,117,-5,-112,-2.5,-110,-1.5,-115,-2,-110,-2,-105,-2,-108,-2.5,-110,+5,-108,+2.5,-110,+1.5,-105,+2,-110,+2,-115,+2,-113,+2.5,-110
Wed Mar 29 2023,Minnesota Timberwolves,100,Phoenix Suns,107,+7,-110,+6,-110,+6.5,-115,+6,-110,+6,-115,+6,-107,+6,-110,-7,-110,-6,-110,-6.5,-105,-6,-110,-6,-105,-6,-114,-6,-110
Wed Mar 29 2023,Sacramento Kings,120,Portland Trail Blazers,80,-12.5,-110,-14.5,-110,-14.5,-110,-14.5,-110,-15,-105,-14.5,-108,-14.5,-110,+12.5,-110,+14.5,-110,+14.5,-110,+14.5,-110,+15,-115,+14.5,-113,+14.5,-110
Thu Mar 30 2023,Boston Celtics,140,Milwaukee Bucks,99,+3,-110,+2.5,-112,+2.5,-110,+2,-110,+2,-110,+2.5,-112,+2.5,-112,-3,-110,-2.5,-108,-2.5,-110,-2,-110,-2,-110,-2.5,-109,-2.5,-108
Thu Mar 30 2023,New Orleans Pelicans,107,Denver Nuggets,88,+7.5,-114,+1.5,-112,+1.5,-110,+2,-110,+2,-120,+2,-113,+1.5,-112,-7.5,-106,-1.5,-108,-1.5,-110,-2,-110,-2,even,-2,-108,-1.5,-108
Fri Mar 31 2023,Chicago Bulls,121,Charlotte Hornets,91,-6,-110,-11.5,-110,-11.5,-110,-11.5,-110,-11.5,-110,-11.5,-110,-11.5,-110,+6,-110,+11.5,-110,+11.5,-110,+11.5,-110,+11.5,-110,+11.5,-110,+11.5,-110
Fri Mar 31 2023,Oklahoma City Thunder,117,Indiana Pacers,121,-4,-110,-6,-110,-6.5,-110,-6,-110,-5.5,-110,-5.5,-113,-5.5,-110,+4,-110,+6,-110,+6.5,-110,+6,-110,+5.5,-110,+5.5,-108,+5.5,-110
Fri Mar 31 2023,Toronto Raptors,110,Philadelphia 76ers,117,+6.5,-110,+4,-106,+4.5,-110,+4,-110,+4,-110,+4.5,-114,+4.5,-112,-6.5,-110,-4,-114,-4.5,-110,-4,-110,-4,-110,-4.5,-107,-4.5,-108
Fri Mar 31 2023,Orlando Magic,116,Washington Wizards,109,+2,-110,-4.5,-110,-4.5,-115,-5,-110,-5,-115,-4.5,-109,-5,-108,-2,-110,+4.5,-110,+4.5,-105,+5,-110,+5,-105,+4.5,-112,+5,-112
Fri Mar 31 2023,Utah Jazz,114,Boston Celtics,122,+13.5,-110,+13.5,-110,+13.5,-110,+13.5,-110,+13,-110,+13.5,-109,+13.5,-110,-13.5,-110,-13.5,-110,-13.5,-110,-13.5,-110,-13,-110,-13.5,-112,-13.5,-110
Fri Mar 31 2023,Atlanta Hawks,107,Brooklyn Nets,124,+1,-112,-1.5,-108,-1.5,-110,-1.5,-110,-1,-110,-1.5,-113,-1.5,-108,-1,-108,+1.5,-112,+1.5,-110,+1.5,-110,+1,-110,+1.5,-108,+1.5,-112
Fri Mar 31 2023,New York Knicks,130,Cleveland Cavaliers,116,+5,-108,+3.5,-108,+3.5,-110,+3.5,-110,+3.5,-105,+3.5,-113,+3.5,-108,-5,-112,-3.5,-112,-3.5,-110,-3.5,-110,-3.5,-115,-3.5,-108,-3.5,-112
Fri Mar 31 2023,Detroit Pistons,115,Houston Rockets,121,+4.5,-110,+6.5,-114,+6.5,-110,+6.5,-110,+6.5,-115,+6,-107,+6.5,-114,-4.5,-110,-6.5,-106,-6.5,-110,-6.5,-110,-6.5,-105,-6,-114,-6.5,-106
Fri Mar 31 2023,Los Angeles Clippers,94,Memphis Grizzlies,108,+6.5,-112,+5.5,-112,+5.5,-110,+5.5,-110,+5.5,-110,+5.5,-110,+5.5,-112,-6.5,-108,-5.5,-108,-5.5,-110,-5.5,-110,-5.5,-110,-5.5,-110,-5.5,-108
Fri Mar 31 2023,Los Angeles Lakers,123,Minnesota Timberwolves,111,+1,-110,-2,-112,-1.5,-105,-1,-110,-2,-110,-1.5,-109,-2,-112,-1,-110,+2,-110,+1.5,-115,+1,-110,+2,-110,+1.5,-112,+2,-110
Fri Mar 31 2023,San Antonio Spurs,115,Golden State Warriors,130,+16.5,-110,+17.5,-106,+18.5,-115,+18.5,-110,+18.5,-115,+18,-112,+17.5,-106,-16.5,-110,-17.5,-114,-18.5,-105,-18.5,-110,-18.5,-105,-18,-109,-17.5,-114
Fri Mar 31 2023,Sacramento Kings,138,Portland Trail Blazers,114,-14.5,-110,-14.5,-112,-14.5,-110,-14.5,-110,-14.5,-105,-14,-113,-14.5,-112,+14.5,-110,+14.5,-108,+14.5,-110,+14.5,-110,+14.5,-115,+14,-108,+14.5,-108
Fri Mar 31 2023,Denver Nuggets,93,Phoenix Suns,100,+6,-110,+13.5,-110,+13.5,-110,+13.5,-110,+13.5,-110,+13,-108,+13.5,-110,-6,-110,-13.5,-110,-13.5,-110,-13.5,-110,-13.5,-110,-13,-113,-13.5,-110
Sat Apr 1 2023,Dallas Mavericks,122,Miami Heat,129,+1,-110,-2.5,-110,-2.5,-110,-2.5,-110,-2.5,-110,-2.5,-112,-2.5,-110,-1,-110,+2.5,-110,+2.5,-110,+2.5,-110,+2.5,-110,+2.5,-109,+2.5,-110
Sat Apr 1 2023,Los Angeles Clippers,114,New Orleans Pelicans,122,+2.5,-110,+4,-110,+4.5,-115,+4,-110,+4,-110,+4,-113,+4,-110,-2.5,-110,-4,-110,-4.5,-105,-4,-110,-4,-110,-4,-108,-4,-110
Sun Apr 2 2023,Toronto Raptors,128,Charlotte Hornets,108,-13,-110,-15.5,-110,-15.5,-110,-15.5,-110,-15.5,-110,-15.5,-112,-15.5,-110,+13,-110,+15.5,-110,+15.5,-110,+15.5,-110,+15.5,-110,+15.5,-109,+15.5,-110
Sun Apr 2 2023,Utah Jazz,110,Brooklyn Nets,111,+9,-110,+7.5,-110,+7.5,-115,+7.5,-110,+7,-105,+7.5,-110,+7.5,-110,-9,-110,-7.5,-110,-7.5,-105,-7.5,-110,-7,-115,-7.5,-110,-7.5,-110
Sun Apr 2 2023,Memphis Grizzlies,107,Chicago Bulls,128,-3,-108,+1,-112,+1.5,-115,-1,-110,+1,-110,+1,-113,-1,-112,+3,-112,-1,-108,-1.5,-105,+1,-110,-1,-110,-1,-108,+1,-108
Sun Apr 2 2023,Portland Trail Blazers,107,Minnesota Timberwolves,105,+16,-110,+19,-110,+19.5,-110,+19.5,-110,+19,-110,+19.5,-112,+19.5,-110,-16,-110,-19,-110,-19.5,-110,-19.5,-110,-19,-110,-19.5,-109,-19.5,-110
Sun Apr 2 2023,Dallas Mavericks,130,Atlanta Hawks,132,+3,-112,+3,-108,+3.5,-115,+3,-110,+3,-105,+3,-109,+3,-108,-3,-108,-3,-112,-3.5,-105,-3,-110,-3,-115,-3,-112,-3,-112
Sun Apr 2 2023,Washington Wizards,109,New York Knicks,118,+10,-110,+11.5,-110,+11.5,-110,+11.5,-110,+11.5,-110,+11,-108,+11.5,-110,-10,-110,-11.5,-110,-11.5,-110,-11.5,-110,-11.5,-110,-11,-113,-11.5,-110
Sun Apr 2 2023,Detroit Pistons,102,Orlando Magic,128,+9,-110,+11,-108,+11.5,-110,+11.5,-105,+11,-110,+11,-109,+11,-108,-9,-110,-11,-112,-11.5,-110,-11.5,-115,-11,-110,-11,-112,-11,-112
Sun Apr 2 2023,San Antonio Spurs,142,Sacramento Kings,134,+15.5,-110,+16,-108,+16.5,-105,+16,-110,+16,-110,+16,-113,+16,-108,-15.5,-110,-16,-112,-16.5,-115,-16,-110,-16,-110,-16,-108,-16,-112
Sun Apr 2 2023,Los Angeles Lakers,134,Houston Rockets,109,-11,-108,-12,-110,-11.5,-115,-12,-110,-12,-110,-12.5,-112,-12,-110,+11,-112,+12,-110,+11.5,-105,+12,-110,+12,-110,+12.5,-109,+12,-110
Sun Apr 2 2023,Phoenix Suns,128,Oklahoma City Thunder,118,-5,-110,-5,-114,-5.5,-110,-5,-110,-5,-115,-5.5,-112,-5,-114,+5,-110,+5,-106,+5.5,-110,+5,-110,+5,-105,+5.5,-109,+5,-106
Sun Apr 2 2023,Indiana Pacers,105,Cleveland Cavaliers,115,+12.5,-110,+13.5,-112,+12.5,-110,+13,-110,+13,-115,+13,-112,+13.5,-112,-12.5,-110,-13.5,-108,-12.5,-110,-13,-110,-13,-105,-13,-109,-13.5,-108
Sun Apr 2 2023,Philadelphia 76ers,104,Milwaukee Bucks,117,+4.5,-110,+5,-110,+5.5,-110,+5,-110,+5,-110,+5.5,-114,+5,-110,-4.5,-110,-5,-110,-5.5,-110,-5,-110,-5,-110,-5.5,-107,-5,-110
Sun Apr 2 2023,Golden State Warriors,110,Denver Nuggets,112,+3,-112,-4,-110,-3.5,-115,-4,-115,-4,-110,-4,-112,-4,-110,-3,-108,+4,-110,+3.5,-105,+4,-105,+4,-110,+4,-109,+4,-110
Tue Apr 4 2023,Toronto Raptors,120,Charlotte Hornets,100,-14.5,-110,-15.5,-110,-15.5,-110,-16,-110,-15.5,-115,-15,-113,-15.5,-110,+14.5,-110,+15.5,-110,+15.5,-110,+16,-110,+15.5,-105,+15,-108,+15.5,-110
Tue Apr 4 2023,Miami Heat,118,Detroit Pistons,105,-11.5,-110,-13.5,-114,-13.5,-115,-14,-110,-14,-110,-14,-110,-13.5,-114,+11.5,-110,+13.5,-106,+13.5,-105,+14,-110,+14,-110,+14,-110,+13.5,-106
Tue Apr 4 2023,Cleveland Cavaliers,117,Orlando Magic,113,-5,-110,-4,-110,-3.5,-110,-4,-110,-4,-115,-5,-108,-4.5,-110,+5,-110,+4,-110,+3.5,-110,+4,-110,+4,-105,+5,-113,+4.5,-110
Tue Apr 4 2023,Milwaukee Bucks,140,Washington Wizards,128,-12,-110,-14,-110,-13.5,-110,-14,-110,-14,-115,-14,-108,-14,-110,+12,-110,+14,-110,+13.5,-110,+14,-110,+14,-105,+14,-112,+14,-110
Tue Apr 4 2023,Minnesota Timberwolves,107,Brooklyn Nets,102,+1.5,-110,-3,-110,-3.5,-110,-3,-110,-3,-110,-3.5,-113,-3,-110,-1.5,-110,+3,-110,+3.5,-110,+3,-110,+3,-110,+3.5,-108,+3,-110
Tue Apr 4 2023,Atlanta Hawks,123,Chicago Bulls,105,+2,-110,+6,-112,+5.5,-110,+5.5,-110,+5.5,-110,+6,-112,+6,-112,-2,-110,-6,-108,-5.5,-110,-5.5,-110,-5.5,-110,-6,-109,-6,-108
Tue Apr 4 2023,Denver Nuggets,103,Houston Rockets,124,-11,-110,-11.5,-110,-11.5,-110,-11.5,-110,-11.5,-110,-11.5,-112,-11.5,-110,+11,-110,+11.5,-110,+11.5,-110,+11.5,-110,+11.5,-110,+11.5,-109,+11.5,-110
Tue Apr 4 2023,Portland Trail Blazers,109,Memphis Grizzlies,119,+18,-110,+18.5,-108,+18.5,-115,+18.5,-110,+18.5,-110,+18.5,-108,+18.5,-108,-18,-110,-18.5,-112,-18.5,-105,-18.5,-110,-18.5,-110,-18.5,-113,-18.5,-112
Tue Apr 4 2023,Sacramento Kings,121,New Orleans Pelicans,103,+1.5,-108,+4,-108,+4.5,-110,+4.5,-110,+4.5,-110,+4,-109,+4,-108,-1.5,-112,-4,-112,-4.5,-110,-4.5,-110,-4.5,-110,-4,-112,-4,-112
Tue Apr 4 2023,Boston Celtics,101,Philadelphia 76ers,103,+1.5,-110,+4,-110,+3.5,-110,+3.5,-110,+4,-115,+4.5,-113,+4,-110,-1.5,-110,-4,-110,-3.5,-110,-3.5,-110,-4,-105,-4.5,-108,-4,-110
Tue Apr 4 2023,Los Angeles Lakers,135,Utah Jazz,133,-5.5,-110,-11,-110,-11.5,-110,-11,-110,-11,-110,-10.5,-110,-11,-110,+5.5,-110,+11,-110,+11.5,-110,+11,-110,+11,-110,+10.5,-110,+11,-110
Tue Apr 4 2023,Oklahoma City Thunder,125,Golden State Warriors,136,+7.5,-110,+7.5,-108,+7.5,-115,+7.5,-110,+7.5,-105,+7.5,-110,+7.5,-108,-7.5,-110,-7.5,-112,-7.5,-105,-7.5,-110,-7.5,-115,-7.5,-110,-7.5,-112
Tue Apr 4 2023,San Antonio Spurs,94,Phoenix Suns,115,+19,-110,+19,-108,+19.5,-115,+19,-110,+19.5,-110,+19,-110,+19,-108,-19,-110,-19,-112,-19.5,-105,-19,-110,-19.5,-110,-19,-110,-19,-112
Wed Apr 5 2023,Brooklyn Nets,123,Detroit Pistons,108,-10.5,-110,-11,-110,-10.5,-115,-11.5,-110,-11,-110,-11,-110,-11,-110,+10.5,-110,+11,-110,+10.5,-105,+11.5,-110,+11,-110,+11,-110,+11,-110
Wed Apr 5 2023,New York Knicks,138,Indiana Pacers,129,-8.5,-110,-5,-110,-4.5,-110,-5,-115,-5,-110,-6,-107,-5,-110,+8.5,-110,+5,-110,+4.5,-110,+5,-105,+5,-110,+6,-114,+5,-110
Wed Apr 5 2023,Washington Wizards,116,Atlanta Hawks,134,+10.5,-110,+13,-110,+13.5,-115,+13,-110,+12.5,-110,+13,-108,+13,-110,-10.5,-110,-13,-110,-13.5,-105,-13,-110,-12.5,-110,-13,-113,-13,-110
Wed Apr 5 2023,Toronto Raptors,93,Boston Celtics,97,+5.5,-108,-1.5,-108,-1.5,-105,-1.5,-110,-2,-105,-1.5,-112,-1.5,-108,-5.5,-112,+1.5,-112,+1.5,-115,+1.5,-110,+2,-115,+1.5,-109,+1.5,-112
Wed Apr 5 2023,Chicago Bulls,92,Milwaukee Bucks,105,+7.5,-108,+5.5,-108,+5.5,-110,+5.5,-110,+5,-105,+6,-113,+5.5,-108,-7.5,-112,-5.5,-112,-5.5,-110,-5.5,-110,-5,-115,-6,-107,-5.5,-112
Wed Apr 5 2023,Memphis Grizzlies,131,New Orleans Pelicans,138,+5.5,-110,+6.5,-110,+6.5,-110,+6.5,-110,+6.5,-115,+6.5,-114,+6.5,-110,-5.5,-110,-6.5,-110,-6.5,-110,-6.5,-110,-6.5,-105,-6.5,-107,-6.5,-110
Wed Apr 5 2023,Sacramento Kings,119,Dallas Mavericks,123,+4.5,-110,+6,-110,+6.5,-110,+6,-110,+6,-105,+7,-113,+6,-110,-4.5,-110,-6,-110,-6.5,-110,-6,-110,-6,-115,-7,-108,-6,-110
Wed Apr 5 2023,Los Angeles Lakers,118,Los Angeles Clippers,125,-2,-110,-1,-110,-1.5,-110,-1.5,-110,-1.5,-110,-1.5,-109,-1,-110,+2,-110,+1,-110,+1.5,-110,+1.5,-110,+1.5,-110,+1.5,-112,+1,-110
Thu Apr 6 2023,Cleveland Cavaliers,118,Orlando Magic,94,+8.5,-108,+5,-110,+5.5,-110,+5,-110,+5,-110,+5.5,-112,+5,-110,-8.5,-112,-5,-110,-5.5,-110,-5,-110,-5,-110,-5.5,-109,-5,-110
Thu Apr 6 2023,Miami Heat,129,Philadelphia 76ers,101,+5.5,-108,+2.5,-112,+2.5,-110,+2.5,-110,+2.5,-110,+2,-109,+2.5,-110,-5.5,-112,-2.5,-108,-2.5,-110,-2.5,-110,-2.5,-110,-2,-112,-2.5,-110
Thu Apr 6 2023,Portland Trail Blazers,127,San Antonio Spurs,129,+2.5,-112,+5.5,-108,+5.5,-115,+5,-110,+5.5,-115,+5.5,-110,+5.5,-108,-2.5,-108,-5.5,-112,-5.5,-105,-5,-110,-5.5,-105,-5.5,-110,-5.5,-112
Thu Apr 6 2023,Oklahoma City Thunder,114,Utah Jazz,98,-5.5,-110,-7,-112,-6.5,-115,-7,-110,-7,-115,-7.5,-110,-7,-112,+5.5,-112,+7,-108,+6.5,-105,+7,-110,+7,-105,+7.5,-110,+7,-108
Thu Apr 6 2023,Denver Nuggets,115,Phoenix Suns,119,+7,-112,+13,-110,+13.5,-110,+13.5,-110,+13.5,-110,+13,-113,+13,-110,-7,-108,-13,-110,-13.5,-110,-13.5,-110,-13.5,-110,-13,-108,-13,-110
Fri Apr 7 2023,Houston Rockets,112,Charlotte Hornets,109,-1.5,-112,-5.5,-110,-5.5,-110,-5.5,-110,-5.5,-110,-5,-112,-5.5,-110,+1.5,-110,+5.5,-110,+5.5,-110,+5.5,-110,+5.5,-110,+5,-109,+5.5,-110
Fri Apr 7 2023,Detroit Pistons,122,Indiana Pacers,115,+6.5,-112,+6.5,-112,+6.5,-110,+6.5,-110,+6.5,-110,+6.5,-108,+6.5,-112,-6.5,-108,-6.5,-108,-6.5,-110,-6.5,-110,-6.5,-110,-6.5,-113,-6.5,-108
Fri Apr 7 2023,Miami Heat,108,Washington Wizards,114,-4.5,-110,-4,-112,-4.5,-110,-3.5,-110,-4,-105,-3.5,-114,-4,-112,+4.5,-110,+4,-108,+4.5,-110,+3.5,-110,+4,-115,+3.5,-107,+4,-108
Fri Apr 7 2023,Philadelphia 76ers,136,Atlanta Hawks,131,+9,-110,+12,-110,+11.5,-110,+11.5,-110,+11.5,-110,+11.5,-109,+12,-110,-9,-110,-12,-110,-11.5,-110,-11.5,-110,-11.5,-110,-11.5,-112,-12,-110
Fri Apr 7 2023,Toronto Raptors,102,Boston Celtics,121,+1.5,-108,-2,-112,-1.5,-115,-2,-110,-1.5,-115,-2,-108,-2,-112,-1.5,-112,+2,-108,+1.5,-105,+2,-110,+1.5,-105,+2,-113,+2,-108
Fri Apr 7 2023,Orlando Magic,84,Brooklyn Nets,101,+8.5,-114,+9,-108,+9.5,-110,+9.5,-110,+9.5,-105,+9.5,-109,+9.5,-108,-8.5,-106,-9,-112,-9.5,-110,-9.5,-110,-9.5,-115,-9.5,-112,-9.5,-112
Fri Apr 7 2023,Memphis Grizzlies,137,Milwaukee Bucks,114,-6,-110,-9,-110,-8.5,-110,-8.5,-110,-8.5,-115,-9,-108,-8,-110,+6,-110,+9,-110,+8.5,-110,+8.5,-110,+8.5,-105,+9,-113,+8,-110
Fri Apr 7 2023,New York Knicks,105,New Orleans Pelicans,113,+7.5,-110,+8,-110,+8.5,-115,+8,-110,+7.5,-110,+8,-108,+8,-110,-7.5,-110,-8,-110,-8.5,-105,-8,-110,-7.5,-110,-8,-113,-8,-110
Fri Apr 7 2023,Chicago Bulls,115,Dallas Mavericks,112,+8.5,-112,+1.5,-108,+2.5,-115,+2,-110,+2,-110,+2,-114,+1.5,-108,-8.5,-108,-1.5,-112,-2.5,-105,-2,-110,-2,-110,-2,-107,-1.5,-112
Fri Apr 7 2023,Golden State Warriors,119,Sacramento Kings,97,-5.5,-110,-11,-114,-10.5,-115,-11,-110,-11,-105,-11,-110,-11,-114,+5.5,-110,+11,-106,+10.5,-105,+11,-110,+11,-115,+11,-110,+11,-106
Fri Apr 7 2023,Phoenix Suns,107,Los Angeles Lakers,121,+7,-106,+13,-110,+13.5,-110,+13,-105,+13,-105,+13,-108,+13,-110,-7,-114,-13,-110,-13.5,-110,-13,-115,-13,-115,-13,-113,-13,-110
Sat Apr 8 2023,Denver Nuggets,114,Utah Jazz,118,N/A,-10,-110,-10.5,-102,-9.5,-115,-10,-110,-9.5,-115,-9.5,-113,-10.5,-102,N/A,+10,-110,+10.5,-120,+9.5,-105,+10,-110,+9.5,-105,+9.5,-108
Sat Apr 8 2023,Portland Trail Blazers,125,Los Angeles Clippers,136,N/A,+17,-110,+17.5,-110,+17.5,-110,+17,-110,+18,-115,+17,-108,+17.5,-110,N/A,-17,-110,-17.5,-110,-17.5,-110,-17,-110,-18,-105,-17,-113
Sat Apr 8 2023,Minnesota Timberwolves,151,San Antonio Spurs,131,N/A,-15,-110,-15.5,-110,-14.5,-115,-15,-110,-15.5,-110,-15,-109,-15.5,-110,N/A,+15,-110,+15.5,-110,+14.5,-105,+15,-110,+15.5,-110,+15,-112
Sun Apr 9 2023,Atlanta Hawks,114,Boston Celtics,120,+7,-112,+4.5,-110,+4.5,-110,+4.5,-110,+4.5,-105,+4.5,-109,+4.5,-110,-7,-108,-4.5,-110,-4.5,-110,-4.5,-110,-4.5,-115,-4.5,-112,-4.5,-110
Sun Apr 9 2023,Philadelphia 76ers,134,Brooklyn Nets,105,+3.5,-110,+2,-110,+1.5,-115,+1,-110,+1,-110,+1.5,-112,+2,-110,-3.5,-110,-2,-110,-1.5,-105,-1,-110,-1,-110,-1.5,-109,-2,-110
Sun Apr 9 2023,Detroit Pistons,81,Chicago Bulls,103,+5.5,-110,+8.5,-112,+8.5,-110,+8.5,-110,+8.5,-110,+8.5,-110,+8.5,-112,-5.5,-110,-8.5,-108,-8.5,-110,-8.5,-110,-8.5,-110,-8.5,-110,-8.5,-108
Sun Apr 9 2023,Charlotte Hornets,106,Cleveland Cavaliers,95,+4,-110,+6.5,-110,+6.5,-110,+6.5,-110,+6.5,-110,+6.5,-110,+6.5,-110,-4,-110,-6.5,-110,-6.5,-110,-6.5,-110,-6.5,-110,-6.5,-110,-6.5,-110
Sun Apr 9 2023,Orlando Magic,110,Miami Heat,123,+4.5,-110,+5.5,-114,+5.5,-110,+5,-110,+5,-110,+5,-107,+5.5,-114,-4.5,-110,-5.5,-106,-5.5,-110,-5,-110,-5,-110,-5,-114,-5.5,-106
Sun Apr 9 2023,Indiana Pacers,141,New York Knicks,136,+8.5,-110,+9.5,-110,+9.5,-105,+9.5,-110,+9.5,-105,+10,-110,+9.5,-110,-8.5,-110,-9.5,-110,-9.5,-115,-9.5,-110,-9.5,-115,-10,-110,-9.5,-110
Sun Apr 9 2023,Milwaukee Bucks,105,Toronto Raptors,121,+2.5,-110,+3.5,-110,+3.5,-110,+3.5,-110,+3.5,-105,+3.5,-109,+3.5,-110,-2.5,-110,-3.5,-110,-3.5,-110,-3.5,-110,-3.5,-115,-3.5,-112,-3.5,-110
Sun Apr 9 2023,Houston Rockets,114,Washington Wizards,109,-2,-110,-3.5,-114,-3.5,-115,-4,-110,-4,-110,-4,-110,-3.5,-114,+2,-110,+3.5,-106,+3.5,-105,+4,-110,+4,-110,+4,-110,+3.5,-106
Sun Apr 9 2023,San Antonio Spurs,138,Dallas Mavericks,117,+4,-110,+4,-112,+4.5,-115,+3.5,-110,+4,-115,+4,-114,+4,-112,-4,-110,-4,-108,-4.5,-105,-3.5,-110,-4,-105,-4,-107,-4,-108
Sun Apr 9 2023,Sacramento Kings,95,Denver Nuggets,109,+3.5,-110,-5,-110,-5.5,-110,-5.5,-110,-5.5,-110,-5,-114,-5,-110,-3.5,-110,+5,-110,+5.5,-110,+5.5,-110,+5.5,-110,+5,-107,+5,-110
Sun Apr 9 2023,Utah Jazz,117,Los Angeles Lakers,128,+17,-110,+16.5,-110,+16.5,-110,+16.5,-110,+16.5,-110,+16.5,-112,+16.5,-110,-17,-110,-16.5,-110,-16.5,-110,-16.5,-110,-16.5,-110,-16.5,-109,-16.5,-110
Sun Apr 9 2023,New Orleans Pelicans,108,Minnesota Timberwolves,113,+3.5,-110,+3,-110,+3.5,-110,+3.5,-110,+3,even,+2.5,-107,+3,-110,-3.5,-110,-3,-110,-3.5,-110,-3.5,-110,-3,-120,-2.5,-114,-3,-110
Sun Apr 9 2023,Memphis Grizzlies,100,Oklahoma City Thunder,115,-2.5,-110,+2,-112,+2.5,-115,+1.5,-110,+2,-110,+2,-110,+2,-112,+2.5,-110,-2,-108,-2.5,-105,-1.5,-110,-2,-110,-2,-110,-2,-108
Sun Apr 9 2023,Los Angeles Clippers,119,Phoenix Suns,114,-13,-110,-10,-105,-9.5,-110,-10,-110,-9.5,-110,-9.5,-114,-10,-106,+13,-110,+10,-114,+9.5,-110,+10,-110,+9.5,-110,+9.5,-107,+10,-114
Sun Apr 9 2023,Golden State Warriors,157,Portland Trail Blazers,101,-17,-110,-17,-110,-16.5,-115,-17,-110,-17,-110,-17,-108,-17,-110,+17,-110,+17,-110,+16.5,-105,+17,-110,+17,-110,+17,-113,+17,-110
Tue Apr 11 2023,Atlanta Hawks,116,Miami Heat,105,+5,-110,+5,-110,+5.5,-110,+5,-115,+5,-110,+5,-112,+5.5,-110,-5,-110,-5,-110,-5.5,-110,-5,-105,-5,-110,-5,-109,-5.5,-110
Tue Apr 11 2023,Minnesota Timberwolves,102,Los Angeles Lakers,108,+7,-112,+8,-108,+8.5,-110,+8,-110,+8,-110,+8.5,-110,+8.5,-110,-7,-110,-8,-112,-8.5,-110,-8,-110,-8,-110,-8.5,-110,-8.5,-110
Wed Apr 12 2023,Chicago Bulls,109,Toronto Raptors,105,+5,-112,+6,-110,+6.5,-115,+6,-110,+6,-110,+6,-110,+6,-110,-5,-108,-6,-110,-6.5,-105,-6,-110,-6,-110,-6,-110,-6,-110
Wed Apr 12 2023,Oklahoma City Thunder,123,New Orleans Pelicans,118,+5.5,-110,+5,-110,+5.5,-110,+5.5,-110,+5,-110,+5.5,-110,+5,-110,-5.5,-110,-5,-110,-5.5,-110,-5.5,-110,-5,-110,-5.5,-110,-5,-110
Fri Apr 14 2023,Chicago Bulls,91,Miami Heat,102,+4.5,-110,+5,-110,+5.5,-115,+4.5,-110,+5,-110,+5,-110,+5,-110,-4.5,-110,-5,-110,-5.5,-105,-4.5,-110,-5,-110,-5,-110,-5,-110
Fri Apr 14 2023,Oklahoma City Thunder,95,Minnesota Timberwolves,120,+4.5,-110,+6,-112,+6.5,-115,+6.5,-110,+6,-110,+5.5,-109,+6,-112,-4.5,-110,-6,-110,-6.5,-105,-6.5,-110,-6,-110,-5.5,-112,-6,-110
Sat Apr 15 2023,Brooklyn Nets,101,Philadelphia 76ers,121,+8.5,-112,+8.5,-108,+8.5,-110,+8.5,-110,+8.5,-110,+8.5,-113,+8.5,-108,-8.5,-108,-8.5,-112,-8.5,-110,-8.5,-110,-8.5,-110,-8.5,-108,-8.5,-112
Sat Apr 15 2023,Atlanta Hawks,99,Boston Celtics,112,+9,-110,+10,-110,+9.5,-105,+10,-110,+10,-115,+10,-110,+10,-110,-9,-110,-10,-110,-9.5,-115,-10,-110,-10,-105,-10,-110,-10,-110
Sat Apr 15 2023,New York Knicks,101,Cleveland Cavaliers,97,+6,-110,+5,-110,+5.5,-115,+5,-115,+5,-105,+6,-114,+5,-110,-6,-110,-5,-110,-5.5,-105,-5,-105,-5,-115,-6,-107,-5,-110
Sat Apr 15 2023,Golden State Warriors,123,Sacramento Kings,126,+1,-110,+1,-110,+1.5,-115,+1.5,-110,+1,-110,+1,-112,+1,-110,-1,-110,-1,-110,-1.5,-105,-1.5,-110,-1,-110,-1,-109,-1,-110
Sun Apr 16 2023,Los Angeles Lakers,128,Memphis Grizzlies,112,+3.5,-110,+5,-110,+5.5,-115,+4.5,-110,+5,-105,+5,-112,+5,-110,-3.5,-110,-5,-110,-5.5,-105,-4.5,-110,-5,-115,-5,-109,-5,-110
Sun Apr 16 2023,Miami Heat,130,Milwaukee Bucks,117,+9.5,-112,+9,-112,+9.5,-115,+9,-110,+9,-110,+9,-112,+9,-112,-9.5,-108,-9,-108,-9.5,-105,-9,-110,-9,-110,-9,-109,-9,-108
Sun Apr 16 2023,Los Angeles Clippers,115,Phoenix Suns,110,+7.5,-110,+7.5,-106,+7.5,-110,+8,-110,+8,-110,+7.5,-109,+7.5,-106,-7.5,-110,-7.5,-114,-7.5,-110,-8,-110,-8,-110,-7.5,-112,-7.5,-114
Sun Apr 16 2023,Minnesota Timberwolves,80,Denver Nuggets,109,+7.5,-112,+8,-106,+8.5,-110,+8.5,-105,+8.5,-110,+8,-112,+8,-106,-7.5,-108,-8,-114,-8.5,-110,-8.5,-115,-8.5,-110,-8,-109,-8,-114
Mon Apr 17 2023,Brooklyn Nets,84,Philadelphia 76ers,96,+9.5,-110,+10,-112,+10.5,-115,+9.5,-110,+10,-110,+10,-112,+10,-112,-9.5,-110,-10,-108,-10.5,-105,-9.5,-110,-10,-110,-10,-109,-10,-108
Mon Apr 17 2023,Golden State Warriors,106,Sacramento Kings,114,+1.5,-110,-2,-112,-2.5,-110,-2,-110,-2,-110,-2.5,-109,-2,-112,-1.5,-110,+2,-108,+2.5,-110,+2,-110,+2,-110,+2.5,-112,+2,-108
Tue Apr 18 2023,Atlanta Hawks,106,Boston Celtics,119,+10.5,-108,+10.5,-114,+10.5,-110,+10,-110,+10.5,-110,+10.5,-112,+10.5,-114,-10.5,-112,-10.5,-106,-10.5,-110,-10,-110,-10.5,-110,-10.5,-109,-10.5,-106
Tue Apr 18 2023,New York Knicks,90,Cleveland Cavaliers,107,+4,-106,+5.5,-110,+6.5,-115,+5.5,-110,+5.5,-105,+5.5,-109,+5.5,-110,-4,-114,-5.5,-110,-6.5,-105,-5.5,-110,-5.5,-115,-5.5,-112,-5.5,-110
Tue Apr 18 2023,Los Angeles Clippers,109,Phoenix Suns,123,+7,-108,+8,-106,+8.5,-110,+8,-110,+8,-110,+8,-109,+8,-108,-7,-112,-8,-114,-8.5,-110,-8,-110,-8,-110,-8,-112,-8,-112
Wed Apr 19 2023,Los Angeles Lakers,93,Memphis Grizzlies,103,+1.5,-110,-1.5,-110,-1.5,even,-1,-115,-1,-110,-1.5,-109,-1.5,-110,-1.5,-110,+1.5,-110,+1.5,-120,+1,-105,+1,-110,+1.5,-112,+1.5,-110
Wed Apr 19 2023,Miami Heat,122,Milwaukee Bucks,138,+5.5,-110,+5.5,-106,+5.5,-110,+5.5,-105,+5.5,-110,+5.5,-109,+5.5,-106,-5.5,-110,-5.5,-114,-5.5,-110,-5.5,-115,-5.5,-110,-5.5,-112,-5.5,-114
Wed Apr 19 2023,Minnesota Timberwolves,113,Denver Nuggets,122,+8,-108,+8.5,-108,+8.5,-115,+8,-110,+8,-105,+8,-107,+8.5,-108,-8,-112,-8.5,-112,-8.5,-105,-8,-110,-8,-115,-8,-114,-8.5,-112
Thu Apr 20 2023,Philadelphia 76ers,102,Brooklyn Nets,97,-3.5,-112,-5,-112,-4.5,-115,-5,-115,-4.5,-115,-4.5,-114,-5,-112,+3.5,-108,+5,-108,+4.5,-105,+5,-105,+4.5,-105,+4.5,-107,+5,-108
Thu Apr 20 2023,Sacramento Kings,97,Golden State Warriors,114,+7.5,-112,+6,-108,+6.5,-115,+6,-115,+6,-110,+6,-108,+6,-108,-7.5,-108,-6,-114,-6.5,-105,-6,-105,-6,-110,-6,-113,-6,-114
Thu Apr 20 2023,Phoenix Suns,129,Los Angeles Clippers,124,-2,-110,-7.5,-112,-7.5,-110,-7.5,-110,-7.5,-110,-8,-109,-7.5,-112,+2,-110,+7.5,-108,+7.5,-110,+7.5,-110,+7.5,-110,+8,-112,+7.5,-108
Fri Apr 21 2023,Boston Celtics,122,Atlanta Hawks,130,-5,-110,-5.5,-110,-5.5,-115,-5.5,-110,-5.5,-110,-5.5,-112,-5.5,-108,+5,-110,+5.5,-110,+5.5,-105,+5.5,-110,+5.5,-110,+5.5,-109,+5.5,-112
Fri Apr 21 2023,Cleveland Cavaliers,79,New York Knicks,99,+1.5,-110,+1.5,-108,+1.5,-105,+2,-110,+2,-110,+2,-113,+1.5,-108,-1.5,-110,-1.5,-112,-1.5,-115,-2,-110,-2,-110,-2,-108,-1.5,-112
Fri Apr 21 2023,Denver Nuggets,120,Minnesota Timberwolves,111,-2,-110,-1.5,-112,-1.5,-115,-1.5,-110,-1.5,-110,-1.5,-110,-1.5,-112,+2,-110,+1.5,-108,+1.5,-105,+1.5,-110,+1.5,-110,+1.5,-110,+1.5,-108
Sat Apr 22 2023,Philadelphia 76ers,96,Brooklyn Nets,88,-4,-110,-2,-112,-2.5,-105,-2,-110,-2,-110,-2,-109,-2,-112,+4,-110,+2,-110,+2.5,-115,+2,-110,+2,-110,+2,-112,+2,-110
Sat Apr 22 2023,Phoenix Suns,112,Los Angeles Clippers,100,-6,-108,-8,-110,-7.5,-110,-7.5,-110,-7.5,-110,-7.5,-112,-8,-110,+6,-112,+8,-110,+7.5,-110,+7.5,-110,+7.5,-110,+7.5,-109,+8,-110
Sat Apr 22 2023,Milwaukee Bucks,99,Miami Heat,121,-2,-110,-2,-110,-2.5,-110,-2.5,-105,-2,-110,-2.5,-113,-2,-110,+2,-110,+2,-110,+2.5,-110,+2.5,-115,+2,-110,+2.5,-107,+2,-110
Sat Apr 22 2023,Memphis Grizzlies,101,Los Angeles Lakers,111,+5.5,-112,+4,-110,+4.5,-115,+4.5,-110,+4,-110,+4,-108,+4,-110,-5.5,-110,-4,-110,-4.5,-105,-4.5,-110,-4,-110,-4,-113,-4,-110
Sun Apr 23 2023,Cleveland Cavaliers,93,New York Knicks,102,+3,-110,+2,-110,+1.5,-110,+1.5,-110,+2,-110,+1.5,-107,+2,-110,-3,-110,-2,-110,-1.5,-110,-1.5,-110,-2,-110,-1.5,-114,-2,-110
Sun Apr 23 2023,Sacramento Kings,125,Golden State Warriors,126,+8,-110,+7,-110,+7.5,-110,+7,-110,+7.5,-110,+7.5,-113,+7,-108,-8,-110,-7,-110,-7.5,-110,-7,-110,-7.5,-110,-7.5,-108,-7,-112
Sun Apr 23 2023,Boston Celtics,129,Atlanta Hawks,121,-5,-110,-7.5,-110,-7.5,-110,-7,-110,-7.5,-105,-7.5,-113,-7.5,-110,+5,-110,+7.5,-110,+7.5,-110,+7,-110,+7.5,-115,+7.5,-108,+7.5,-110
Sun Apr 23 2023,Denver Nuggets,108,Minnesota Timberwolves,114,-2.5,-110,-4.5,-110,-4.5,-110,-4,-110,-4.5,-110,-4.5,-112,-4.5,-110,+2.5,-110,+4.5,-110,+4.5,-110,+4,-110,+4.5,-110,+4.5,-109,+4.5,-110
Mon Apr 24 2023,Milwaukee Bucks,114,Miami Heat,119,-3.5,-108,-7.5,-114,-7.5,-115,-7.5,-110,-7.5,-110,-8,-109,-7.5,-114,+3.5,-112,+7.5,-106,+7.5,-105,+7.5,-110,+7.5,-110,+8,-112,+7.5,-106
Mon Apr 24 2023,Memphis Grizzlies,111,Los Angeles Lakers,117,+5,-110,+4.5,-108,+4.5,-110,+4.5,-110,+4.5,-110,+4.5,-108,+4.5,-108,-5,-110,-4.5,-112,-4.5,-110,-4.5,-110,-4.5,-110,-4.5,-113,-4.5,-112
Tue Apr 25 2023,Atlanta Hawks,119,Boston Celtics,117,N/A,+13.5,-108,+13.5,-110,+13,-110,+13.5,-108,N/A,-13.5,-114,-13.5,-110,-13,-110,-13.5,-114,,,,,,,,,,
Tue Apr 25 2023,Minnesota Timberwolves,109,Denver Nuggets,112,N/A,+10,-112,+9.5,-105,+10,-110,+10,-112,N/A,-10,-108,-9.5,-115,-10,-110,-10,-108,,,,,,,,,,
Tue Apr 25 2023,Los Angeles Clippers,130,Phoenix Suns,136,N/A,+12.5,-108,+12.5,-110,+12.5,-110,+12.5,-108,N/A,-12.5,-112,-12.5,-110,-12.5,-110,-12.5,-112,,,,,,,,,,
Wed Apr 26 2023,New York Knicks,106,Cleveland Cavaliers,95,+5.5,-110,+5.5,-110,+5.5,-110,+5.5,-110,+5.5,-110,+5.5,-110,+5.5,-110,-5.5,-110,-5.5,-110,-5.5,-110,-5.5,-110,-5.5,-110,-5.5,-110,-5.5,-110
Wed Apr 26 2023,Los Angeles Lakers,99,Memphis Grizzlies,116,+4.5,-110,+4.5,-108,+4.5,-105,+4.5,-110,+4.5,-110,+4.5,-109,+4.5,-108,-4.5,-110,-4.5,-112,-4.5,-115,-4.5,-110,-4.5,-110,-4.5,-112,-4.5,-112
Wed Apr 26 2023,Miami Heat,128,Milwaukee Bucks,126,+11,-110,+13,-110,+13.5,-110,+13,-115,+13,-115,+13,-112,+13,-110,-11,-110,-13,-110,-13.5,-110,-13,-105,-13,-105,-13,-109,-13,-110
Wed Apr 26 2023,Golden State Warriors,123,Sacramento Kings,116,+1.5,-114,-2,-108,-1.5,-115,-2,-110,-2,-110,-2,-112,-2,-108,-1.5,-106,+2,-112,+1.5,-105,+2,-110,+2,-110,+2,-109,+2,-112
Thu Apr 27 2023,Boston Celtics,128,Atlanta Hawks,120,-5.5,-110,-7,-112,-6.5,-115,-7,-110,-7,-115,-7,-110,-7,-112,+5.5,-110,+7,-108,+6.5,-105,+7,-110,+7,-105,+7,-110,+7,-108
Fri Apr 28 2023,Sacramento Kings,118,Golden State Warriors,99,+7.5,-106,+7,-110,+6.5,-110,+6.5,-110,+7,-115,+7,-110,+7,-110,-7.5,-114,-7,-110,-6.5,-110,-6.5,-110,-7,-105,-7,-110,-7,-110
Fri Apr 28 2023,Memphis Grizzlies,85,Los Angeles Lakers,125,+4.5,-108,+4.5,-108,+4.5,-110,+5,-110,+5,-110,+5,-110,+4.5,-108,-4.5,-112,-4.5,-112,-4.5,-110,-5,-110,-5,-110,-5,-110,-4.5,-112
Sat Apr 29 2023,Phoenix Suns,107,Denver Nuggets,125,+3,-112,+4,-110,+4.5,-110,+4.5,-110,+4.5,-110,+4,-107,+4,-110,-3,-108,-4,-110,-4.5,-110,-4.5,-110,-4.5,-110,-4,-114,-4,-110
Sun Apr 30 2023,Miami Heat,108,New York Knicks,101,+5,-106,+4,-110,+4.5,-115,+4,-110,+4,-110,+4,-109,+4,-110,-5,-114,-4,-110,-4.5,-105,-4,-110,-4,-110,-4,-112,-4,-110
Sun Apr 30 2023,Golden State Warriors,120,Sacramento Kings,100,-2.5,-108,+1.5,-112,+1.5,-110,PK,-105,+1,-110,+1.5,-113,+1.5,-112,+2.5,-112,-1.5,-108,-1.5,-110,PK,-115,-1,-110,-1.5,-108,-1.5,-108
Mon May 1 2023,Philadelphia 76ers,119,Boston Celtics,115,+7,-114,+10,-108,+10.5,-110,+10,-110,+10.5,-110,+10.5,-113,+10,-108,-7,-106,-10,-112,-10.5,-110,-10,-110,-10.5,-110,-10.5,-108,-10,-112
Mon May 1 2023,Phoenix Suns,87,Denver Nuggets,97,+4.5,-112,+4,-114,+4.5,-115,+4,-110,+4,-110,+4,-114,+4,-114,-4.5,-108,-4,-108,-4.5,-105,-4,-110,-4,-110,-4,-107,-4,-108
Tue May 2 2023,Miami Heat,105,New York Knicks,111,+5.5,-110,+10,-110,+10.5,-115,+10,-105,+10,-110,+10,-107,+10,-110,-5.5,-110,-10,-110,-10.5,-105,-10,-115,-10,-110,-10,-113,-10,-110
Tue May 2 2023,Los Angeles Lakers,117,Golden State Warriors,112,+4.5,-112,+4.5,-110,+4.5,-115,+4.5,-115,+4.5,-115,+4.5,-113,+4.5,-110,-4.5,-108,-4.5,-110,-4.5,-105,-4.5,-105,-4.5,-105,-4.5,-108,-4.5,-110
Wed May 3 2023,Philadelphia 76ers,87,Boston Celtics,121,+8.5,-110,+7.5,-110,+7.5,-110,+7.5,-110,+7.5,-110,+8,-109,+7.5,-110,-8.5,-110,-7.5,-110,-7.5,-110,-7.5,-110,-7.5,-110,-8,-112,-7.5,-110
Thu May 4 2023,Los Angeles Lakers,100,Golden State Warriors,127,+5,-110,+7,-112,+6.5,-105,+7,-110,+6.5,-105,+7,-110,+7,-112,-5,-110,-7,-108,-6.5,-115,-7,-110,-6.5,-115,-7,-110,-7,-108
Fri May 5 2023,Boston Celtics,114,Philadelphia 76ers,102,-1,-112,-2.5,-108,-2.5,-105,-2,-115,-2.5,-105,-2,-113,-2.5,-108,+1,-108,+2.5,-112,+2.5,-115,+2,-105,+2.5,-115,+2,-108,+2.5,-112
Fri May 5 2023,Denver Nuggets,114,Phoenix Suns,121,+5.5,-110,+4,-110,+3.5,-105,+4,-110,+4,-110,+4,-107,+4,-110,-5.5,-110,-4,-110,-3.5,-115,-4,-110,-4,-110,-4,-114,-4,-110
Sat May 6 2023,New York Knicks,86,Miami Heat,105,+4,-114,+4,-110,+3.5,-105,+3.5,-110,+4,-110,+4,-108,+4,-110,-4,-106,-4,-110,-3.5,-115,-3.5,-110,-4,-110,-4,-113,-4,-110
Sat May 6 2023,Golden State Warriors,97,Los Angeles Lakers,127,+2,-110,+3,-110,+3.5,-115,+3,-110,+3.5,-115,+3,-110,+3,-110,-2,-110,-3,-110,-3.5,-105,-3,-110,-3.5,-105,-3,-110,-3,-110
Sun May 7 2023,Boston Celtics,115,Philadelphia 76ers,116,-2.5,-112,+1,-115,+0.5,-110,PK,-105,PK,-110,-1,-105,+1,-115,+2.5,-108,-1,-105,-0.5,-110,PK,-115,PK,-110,+1,-115,-1,-105
Sun May 7 2023,Denver Nuggets,124,Phoenix Suns,129,+4,-110,+1,-110,+1.5,-120,+1,-110,+1,-110,+1,-112,+1,-110,-4,-110,-1,-110,-1.5,even,-1,-110,-1,-110,-1,-109,-1,-110
Mon May 8 2023,New York Knicks,101,Miami Heat,109,+3.5,-110,+4,-106,+4.5,-110,+4.5,-110,+4.5,-115,+4.5,-110,+4,-106,-3.5,-110,-4,-114,-4.5,-110,-4.5,-110,-4.5,-105,-4.5,-110,-4,-114
Mon May 8 2023,Golden State Warriors,101,Los Angeles Lakers,104,+3.5,-110,+2,-110,+2.5,-110,+2,-110,+2,-110,+2.5,-109,+2,-110,-3.5,-110,-2,-110,-2.5,-110,-2,-110,-2,-110,-2.5,-112,-2,-110
Tue May 9 2023,Philadelphia 76ers,115,Boston Celtics,103,+7.5,-110,+8,-110,+7.5,-105,+8,-115,+8,-110,+8,-113,+8,-110,-7.5,-110,-8,-110,-7.5,-115,-8,-105,-8,-110,-8,-108,-8,-110
Tue May 9 2023,Phoenix Suns,102,Denver Nuggets,118,+4,-114,+7,-110,+6.5,-110,+6.5,-105,+6.5,-105,+6.5,-109,+7,-110,-4,-106,-7,-110,-6.5,-110,-6.5,-115,-6.5,-115,-6.5,-112,-7,-110
Wed May 10 2023,Miami Heat,103,New York Knicks,112,+3,-110,+3.5,-110,+3.5,-115,+3.5,-115,+3.5,-110,+3.5,-108,+3.5,-112,-3,-110,-3.5,-110,-3.5,-105,-3.5,-105,-3.5,-110,-3.5,-113,-3.5,-108
Wed May 10 2023,Los Angeles Lakers,106,Golden State Warriors,121,+6,-110,+8,-110,+7.5,-105,+8,-110,+8,-115,+8,-110,+8,-110,-6,-110,-8,-110,-7.5,-115,-8,-110,-8,-105,-8,-110,-8,-110
Thu May 11 2023,Boston Celtics,95,Philadelphia 76ers,86,-1.5,-108,-2.5,-110,-2.5,-110,-2.5,-110,-2.5,-110,-2.5,-112,-2.5,-110,+1.5,-112,+2.5,-110,+2.5,-110,+2.5,-110,+2.5,-110,+2.5,-109,+2.5,-110
Thu May 11 2023,Denver Nuggets,125,Phoenix Suns,100,+3.5,-110,+1.5,-110,+1.5,-105,+2,-110,+1.5,-110,+1.5,-110,+1.5,-110,-3.5,-110,-1.5,-110,-1.5,-115,-2,-110,-1.5,-110,-1.5,-110,-1.5,-110
Fri May 12 2023,New York Knicks,92,Miami Heat,96,+4,-110,+6.5,-112,+6.5,-110,+6.5,-110,+6,-110,+6.5,-109,+6.5,-112,-4,-110,-6.5,-108,-6.5,-110,-6.5,-110,-6,-110,-6.5,-112,-6.5,-108
Fri May 12 2023,Golden State Warriors,101,Los Angeles Lakers,122,-1.5,-110,+3.5,-114,+3.5,-110,+3.5,-105,+3.5,-115,+3.5,-113,+3.5,-114,+1.5,-110,-3.5,-106,-3.5,-110,-3.5,-115,-3.5,-105,-3.5,-108,-3.5,-106
Sun May 14 2023,Philadelphia 76ers,88,Boston Celtics,112,+7.5,-110,+6,-110,+5.5,-105,+6,-110,+6,-110,+6,-112,+6,-110,-7.5,-110,-6,-110,-5.5,-115,-6,-110,-6,-110,-6,-109,-6,-110
Tue May 16 2023,Los Angeles Lakers,126,Denver Nuggets,132,+4.5,-110,+6.5,-112,+6.5,-105,+7,-105,+6.5,-105,+6.5,-107,+6.5,-112,-4.5,-110,-6.5,-108,-6.5,-115,-7,-115,-6.5,-115,-6.5,-113,-6.5,-108
Wed May 17 2023,Miami Heat,123,Boston Celtics,116,+8,-106,+8.5,-108,+8.5,-110,+8.5,-110,+8.5,-105,+9,-114,+8.5,-108,-8,-114,-8.5,-112,-8.5,-110,-8.5,-110,-8.5,-115,-9,-107,-8.5,-112
Thu May 18 2023,Los Angeles Lakers,103,Denver Nuggets,108,+6,-106,+5.5,-112,+5.5,-110,+5.5,-110,+5.5,-105,+5.5,-110,+5.5,-112,-6,-114,-5.5,-108,-5.5,-110,-5.5,-110,-5.5,-115,-5.5,-110,-5.5,-108
Fri May 19 2023,Miami Heat,111,Boston Celtics,105,+9.5,-110,+9.5,-108,+9.5,-105,+10,-110,+10,-110,+10,-109,+9.5,-108,-9.5,-110,-9.5,-112,-9.5,-115,-10,-110,-10,-110,-10,-112,-9.5,-112
Sat May 20 2023,Denver Nuggets,119,Los Angeles Lakers,108,+3.5,-110,+5.5,-110,+5.5,-110,+5,-110,+5.5,-110,+6,-114,+5.5,-110,-3.5,-110,-5.5,-110,-5.5,-110,-5,-110,-5.5,-110,-6,-107,-5.5,-110
Sun May 21 2023,Boston Celtics,102,Miami Heat,128,-2,-110,-4.5,-106,-4.5,-110,-4.5,-110,-4.5,-110,-4.5,-110,-4.5,-106,+2,-110,+4.5,-114,+4.5,-110,+4.5,-110,+4.5,-110,+4.5,-110,+4.5,-114
Mon May 22 2023,Denver Nuggets,113,Los Angeles Lakers,111,+4,-110,+3.5,-108,+3.5,-110,+3.5,-110,+3.5,-110,+3.5,-110,+3.5,-108,-4,-110,-3.5,-112,-3.5,-110,-3.5,-110,-3.5,-110,-3.5,-110,-3.5,-112
Tue May 23 2023,Boston Celtics,116,Miami Heat,99,+1.5,-110,+1.5,-110,+1.5,-110,+1,-110,+1.5,-110,+1.5,-108,+1.5,-110,-1.5,-110,-1.5,-110,-1.5,-110,-1,-110,-1.5,-110,-1.5,-113,-1.5,-110
Thu May 25 2023,Miami Heat,97,Boston Celtics,110,+7.5,-108,+8.5,-108,+8.5,-110,+8.5,-110,+8.5,-110,+8,-109,+8.5,-108,-7.5,-112,-8.5,-112,-8.5,-110,-8.5,-110,-8.5,-110,-8,-112,-8.5,-112
Sat May 27 2023,Boston Celtics,104,Miami Heat,103,-2.5,-110,-2,-110,-2.5,-105,-2,-110,-2,-110,-2.5,-112,-2,-108,+2.5,-110,+2,-110,+2.5,-115,+2,-110,+2,-110,+2.5,-109,+2,-112
Mon May 29 2023,Miami Heat,103,Boston Celtics,84,+9,-110,+7.5,-112,+7.5,-115,+7,-110,+7.5,-115,+7,-107,+7.5,-112,-9,-110,-7.5,-108,-7.5,-105,-7,-110,-7.5,-105,-7,-114,-7.5,-108
Thu Jun 1 2023,Miami Heat,93,Denver Nuggets,104,+8.5,-108,+9,-110,+8.5,-105,+9,-105,+8.5,-105,+9,-109,+9,-110,-8.5,-112,-9,-110,-8.5,-115,-9,-115,-8.5,-115,-9,-112,-9,-110
Sun Jun 4 2023,Miami Heat,111,Denver Nuggets,108,+9,-110,+8,-108,+7.5,-105,+8,-115,+8,-110,+8,-112,+8,-108,-9,-110,-8,-112,-7.5,-115,-8,-105,-8,-110,-8,-109,-8,-112
Wed Jun 7 2023,Denver Nuggets,109,Miami Heat,94,-1.5,-112,-3.5,-110,-3.5,-110,-3.5,-115,-3.5,-105,-3.5,-109,-3.5,-110,+1.5,-108,+3.5,-110,+3.5,-110,+3.5,-105,+3.5,-115,+3.5,-112,+3.5,-110
Fri Jun 9 2023,Denver Nuggets,108,Miami Heat,95,-4,-108,-3,-112,-2.5,-115,-3,-110,-3,-110,-3,-112,-3,-112,+4,-112,+3,-108,+2.5,-105,+3,-110,+3,-110,+3,-109,+3,-108
Mon Jun 12 2023,Miami Heat,89,Denver Nuggets,94,+9.5,-110,+8,-110,+7.5,-105,+8,-105,+8,-110,+8,-108,+8,-110,-9.5,-110,-8,-110,-7.5,-115,-8,-115,-8,-110,-8,-113,-8,-110
