date,away_team,away_pt,home_team,home_pt,away_open_sp,away_open_line,away_fduel_sp,away_fduel_line,away_bmgm_sp,away_bmgm_line,away_czr_sp,away_czr_line,away_dking_sp,away_dking_line,away_rivers_sp,away_rivers_line,away_vinsider_sp,away_vinsider_line,home_open_sp,home_open_line,home_fduel_sp,home_fduel_line,home_bmgm_sp,home_bmgm_line,home_czr_sp,home_czr_line,home_dking_sp,home_dking_line,home_rivers_sp,home_rivers_line,home_vinsider_sp,home_vinsider_line
Tue Oct 18 2022,Philadelphia 76ers,117,Boston Celtics,126,o214,-110,o216.5,-110,o216.5,-110,o216.5,-110,o216.5,-110,o216,-112,o216.5,-110,u214,-110,u216.5,-110,u216.5,-110,u216.5,-110,u216.5,-110,u216,-109,u216.5,-110
Tue Oct 18 2022,Los Angeles Lakers,109,Golden State Warriors,123,o227.5,-110,o224,-110,o223.5,-110,o223.5,-110,o223.5,-110,o224,-112,o224,-110,u227.5,-110,u224,-110,u223.5,-110,u223.5,-110,u223.5,-110,u224,-109,u224,-110
Wed Oct 19 2022,Orlando Magic,109,Detroit Pistons,113,o217,-110,o215,-110,o214.5,-115,o215,-110,o215,-110,o215,-113,o215,-110,u217,-110,u215,-110,u214.5,-105,u215,-110,u215,-110,u215,-108,u215,-110
Wed Oct 19 2022,Washington Wizards,114,Indiana Pacers,107,o229,-110,o229,-110,o228.5,-110,o229,-110,o229,-110,o228.5,-109,o229,-110,u229,-110,u229,-110,u228.5,-110,u229,-110,u229,-110,u228.5,-112,u229,-110
Wed Oct 19 2022,Houston Rockets,107,Atlanta Hawks,117,o235,-110,o235.5,-110,o234.5,-110,o235,-110,o235,-110,o234.5,-109,o235.5,-110,u235,-110,u235.5,-110,u234.5,-110,u235,-110,u235,-110,u234.5,-112,u235.5,-110
Wed Oct 19 2022,New Orleans Pelicans,130,Brooklyn Nets,108,o229,-110,o232,-110,o231.5,-115,o232.5,-110,o232,-110,o231,-113,o232,-110,u229,-110,u232,-110,u231.5,-105,u232.5,-110,u232,-110,u231,-108,u232,-110
Wed Oct 19 2022,New York Knicks,112,Memphis Grizzlies,115,o218,-110,o226.5,-110,o226.5,-110,o227,-110,o227,-110,o226.5,-110,o226.5,-110,u218,-110,u226.5,-110,u226.5,-110,u227,-110,u227,-110,u226.5,-110,u226.5,-110
Wed Oct 19 2022,Chicago Bulls,116,Miami Heat,108,o216,-110,o216,-110,o216.5,-110,o216,-110,o216,-110,o216,-109,o216,-110,u216,-110,u216,-110,u216.5,-110,u216,-110,u216,-110,u216,-112,u216,-110
Wed Oct 19 2022,Cleveland Cavaliers,105,Toronto Raptors,108,o220,-110,o216.5,-110,o216.5,-110,o216,-110,o216,-110,o216,-109,o216.5,-110,u220,-110,u216.5,-110,u216.5,-110,u216,-110,u216,-110,u216,-112,u216.5,-110
Wed Oct 19 2022,Oklahoma City Thunder,108,Minnesota Timberwolves,115,o220,-110,o227,-110,o226.5,-105,o226,-110,o226,-110,o226,-108,o227,-110,u220,-110,u227,-110,u226.5,-115,u226,-110,u226,-110,u226,-113,u227,-110
Wed Oct 19 2022,Charlotte Hornets,129,San Antonio Spurs,102,o237,-110,o221,-110,o221.5,-110,o221.5,-110,o221.5,-110,o220.5,-110,o221,-110,u237,-110,u221,-110,u221.5,-110,u221.5,-110,u221.5,-110,u220.5,-110,u221,-110
Wed Oct 19 2022,Denver Nuggets,102,Utah Jazz,123,o220,-110,o225.5,-110,o225.5,-110,o225,-110,o225.5,-115,o225.5,-110,o225.5,-110,u220,-110,u225.5,-110,u225.5,-110,u225,-110,u225.5,-105,u225.5,-110,u225.5,-110
Wed Oct 19 2022,Dallas Mavericks,105,Phoenix Suns,107,o216.5,-110,o218,-110,o218.5,-110,o218,-110,o218.5,-110,o218,-108,o218,-110,u216.5,-110,u218,-110,u218.5,-110,u218,-110,u218.5,-110,u218,-113,u218,-110
Wed Oct 19 2022,Portland Trail Blazers,115,Sacramento Kings,108,o236,-110,o229.5,-110,o229.5,-115,o229,-110,o229,-115,o229.5,-108,o229.5,-110,u236,-110,u229.5,-110,u229.5,-105,u229,-110,u229,-105,u229.5,-113,u229.5,-110
Thu Oct 20 2022,Milwaukee Bucks,90,Philadelphia 76ers,88,o225,-110,o225,-108,o223.5,-110,o224.5,-110,o224.5,-110,o224.5,-108,o225,-108,u225,-110,u225,-112,u223.5,-110,u224.5,-110,u224.5,-110,u224.5,-113,u225,-112
Thu Oct 20 2022,Los Angeles Clippers,103,Los Angeles Lakers,97,o220.5,-110,o226.5,-110,o226.5,-110,o226.5,-110,o226.5,-110,o226.5,-112,o226.5,-110,u220.5,-110,u226.5,-110,u226.5,-110,u226.5,-110,u226.5,-110,u226.5,-109,u226.5,-110
Fri Oct 21 2022,New Orleans Pelicans,124,Charlotte Hornets,112,o232.5,-110,o226.5,-110,o226.5,-110,o226,-110,o226.5,-110,o226.5,-110,o226.5,-110,u232.5,-110,u226.5,-110,u226.5,-110,u226,-110,u226.5,-110,u226.5,-110,u226.5,-110
Fri Oct 21 2022,San Antonio Spurs,137,Indiana Pacers,134,o231,-110,o232.5,-110,o232.5,-110,o233,-110,o233,-110,o233,-108,o232.5,-110,u231,-110,u232.5,-110,u232.5,-110,u233,-110,u233,-110,u233,-113,u232.5,-110
Fri Oct 21 2022,Chicago Bulls,100,Washington Wizards,102,o224.5,-110,o220,-110,o220.5,-110,o221,-110,o221,-110,o221.5,-112,o220,-110,u224.5,-110,u220,-110,u220.5,-110,u221,-110,u221,-110,u221.5,-109,u220,-110
Fri Oct 21 2022,Orlando Magic,98,Atlanta Hawks,108,o223,-110,o226,-110,o225.5,-110,o225.5,-110,o225.5,-110,o225.5,-110,o226,-110,u223,-110,u226,-110,u225.5,-110,u225.5,-110,u225.5,-110,u225.5,-110,u226,-110
Fri Oct 21 2022,Toronto Raptors,105,Brooklyn Nets,109,o226,-110,o226,-108,o226.5,-110,o226,-110,o226,-110,o226.5,-110,o226,-108,u226,-110,u226,-112,u226.5,-110,u226,-110,u226,-110,u226.5,-110,u226,-112
Fri Oct 21 2022,Boston Celtics,111,Miami Heat,104,o219,-110,o221.5,-110,o221.5,-110,o221,-110,o221,-115,o221.5,-113,o221.5,-110,u219,-110,u221.5,-110,u221.5,-110,u221,-110,u221,-105,u221.5,-108,u221.5,-110
Fri Oct 21 2022,Detroit Pistons,106,New York Knicks,130,o217.5,-110,o221,-110,o220.5,-110,o221,-110,o221,-110,o221.5,-110,o221,-110,u217.5,-110,u221,-110,u220.5,-110,u221,-110,u221,-110,u221.5,-110,u221,-110
Fri Oct 21 2022,Memphis Grizzlies,129,Houston Rockets,122,o230.5,-110,o230,-110,o231.5,-110,o231.5,-110,o231.5,-110,o231.5,-113,o230.5,-108,u230.5,-110,u230,-110,u231.5,-110,u231.5,-110,u231.5,-110,u231.5,-108,u230.5,-112
Fri Oct 21 2022,Utah Jazz,132,Minnesota Timberwolves,126,o228.5,-110,o227,-110,o226.5,-110,o226.5,-110,o226.5,-110,o226.5,-113,o227,-110,u228.5,-110,u227,-110,u226.5,-110,u226.5,-110,u226.5,-110,u226.5,-108,u227,-110
Fri Oct 21 2022,Denver Nuggets,128,Golden State Warriors,123,o229.5,-110,o229.5,-110,o229.5,-110,o229.5,-110,o229.5,-110,o230,-110,o229.5,-110,u229.5,-110,u229.5,-110,u229.5,-110,u229.5,-110,u229.5,-110,u230,-110,u229.5,-110
Fri Oct 21 2022,Phoenix Suns,111,Portland Trail Blazers,113,o224.5,-110,o224,-110,o224.5,-110,o224,-110,o224,-110,o224,-110,o224,-110,u224.5,-110,u224,-110,u224.5,-110,u224,-110,u224,-110,u224,-110,u224,-110
Sat Oct 22 2022,San Antonio Spurs,114,Philadelphia 76ers,105,o224.5,-110,o225,-110,o224.5,-110,o225,-110,o224.5,-115,o224,-110,o225,-110,u224.5,-110,u225,-110,u224.5,-110,u225,-110,u224.5,-105,u224,-110,u225,-110
Sat Oct 22 2022,Detroit Pistons,115,Indiana Pacers,124,o226.5,-110,o231.5,-110,o231.5,-110,o232,-110,o232,-110,o231,-113,o231.5,-110,u226.5,-110,u231.5,-110,u231.5,-110,u232,-110,u232,-110,u231,-108,u231.5,-110
Sat Oct 22 2022,Boston Celtics,126,Orlando Magic,120,o218.5,-108,o215.5,-110,o215.5,-115,o215.5,-110,o215.5,-110,o216,-112,o215.5,-110,u218.5,-112,u215.5,-110,u215.5,-105,u215.5,-110,u215.5,-110,u216,-109,u215.5,-110
Sat Oct 22 2022,Cleveland Cavaliers,128,Chicago Bulls,96,o216.5,-110,o220.5,-110,o220.5,-110,o220.5,-110,o220.5,-110,o220.5,-109,o220.5,-110,u216.5,-110,u220.5,-110,u220.5,-110,u220.5,-110,u220.5,-110,u220.5,-112,u220.5,-110
Sat Oct 22 2022,Toronto Raptors,109,Miami Heat,112,o215,-110,o216.5,-110,o216.5,-115,o216.5,-110,o216.5,-105,o216.5,-110,o216.5,-110,u215,-110,u216.5,-110,u216.5,-105,u216.5,-110,u216.5,-115,u216.5,-110,u216.5,-110
Sat Oct 22 2022,Houston Rockets,105,Milwaukee Bucks,125,o231.5,-110,o228,-110,o227.5,-110,o227.5,-110,o227,-110,o227.5,-113,o228,-110,u231.5,-110,u228,-110,u227.5,-110,u227.5,-110,u227,-110,u227.5,-108,u228,-110
Sat Oct 22 2022,Memphis Grizzlies,96,Dallas Mavericks,137,o220.5,-110,o219.5,-110,o219.5,-110,o220,-110,o220,-110,o220,-108,o219.5,-110,u220.5,-110,u219.5,-110,u219.5,-110,u220,-110,u220,-110,u220,-113,u219.5,-110
Sat Oct 22 2022,Oklahoma City Thunder,117,Denver Nuggets,122,o224,-110,o227.5,-110,o227.5,-115,o227,-110,o227.5,-110,o227.5,-110,o227.5,-110,u224,-110,u227.5,-110,u227.5,-105,u227,-110,u227.5,-110,u227.5,-110,u227.5,-110
Sat Oct 22 2022,Los Angeles Clippers,111,Sacramento Kings,109,o221,-110,o225,-110,o225.5,-110,o225.5,-110,o225.5,-110,o224.5,-113,o225,-110,u221,-110,u225,-110,u225.5,-110,u225.5,-110,u225.5,-110,u224.5,-108,u225,-110
Sun Oct 23 2022,Portland Trail Blazers,106,Los Angeles Lakers,104,o224,-110,o226.5,-110,o226.5,-110,o226.5,-110,o226.5,-115,o226.5,-113,o226.5,-110,u224,-110,u226.5,-110,u226.5,-110,u226.5,-110,u226.5,-105,u226.5,-108,u226.5,-110
Sun Oct 23 2022,Charlotte Hornets,126,Atlanta Hawks,109,o228,-110,o227,-110,o227.5,-110,o227,-110,o227,-115,o227.5,-112,o227,-110,u228,-110,u227,-110,u227.5,-110,u227,-110,u227,-105,u227.5,-109,u227,-110
Sun Oct 23 2022,Washington Wizards,107,Cleveland Cavaliers,117,o216.5,-110,o217,-110,o216.5,-110,o216.5,-110,o216,-110,o216.5,-112,o217,-110,u216.5,-110,u217,-110,u216.5,-110,u216.5,-110,u216,-110,u216.5,-109,u217,-110
Sun Oct 23 2022,Utah Jazz,122,New Orleans Pelicans,121,o230,-110,o232,-112,o231.5,-110,o231.5,-110,o231,-110,o231.5,-112,o231.5,-110,u230,-110,u232,-108,u231.5,-110,u231.5,-110,u231,-110,u231.5,-109,u231.5,-110
Sun Oct 23 2022,Minnesota Timberwolves,116,Oklahoma City Thunder,106,o225.5,-110,o225.5,-110,o225.5,-110,o225,-110,o225.5,-110,o225.5,-112,o225.5,-110,u225.5,-110,u225.5,-110,u225.5,-110,u225,-110,u225.5,-110,u225.5,-109,u225.5,-110
Sun Oct 23 2022,Sacramento Kings,125,Golden State Warriors,130,o231,-110,o232.5,-110,o232.5,-110,o232.5,-110,o232.5,-110,o231.5,-113,o232.5,-110,u231,-110,u232.5,-110,u232.5,-110,u232.5,-110,u232.5,-110,u231.5,-108,u232.5,-110
Sun Oct 23 2022,Phoenix Suns,112,Los Angeles Clippers,95,o219,-110,o219,-110,o218.5,-110,o219,-110,o219,-110,o219,-113,o219,-110,u219,-110,u219,-110,u218.5,-110,u219,-110,u219,-110,u219,-108,u219,-110
Mon Oct 24 2022,Indiana Pacers,106,Philadelphia 76ers,120,o227,-110,o228.5,-110,o228.5,-115,o229,-110,o228.5,-115,o228.5,-109,o228.5,-110,u227,-110,u228.5,-110,u228.5,-105,u229,-110,u228.5,-105,u228.5,-112,u228.5,-110
Mon Oct 24 2022,Toronto Raptors,98,Miami Heat,90,o217.5,-110,o214,-110,o214.5,-110,o214.5,-110,o214,-110,o214.5,-112,o214,-110,u217.5,-110,u214,-110,u214.5,-110,u214.5,-110,u214,-110,u214.5,-109,u214,-110
Mon Oct 24 2022,Orlando Magic,102,New York Knicks,115,o218.5,-110,o223,-110,o222.5,-110,o222.5,-110,o223,-110,o222.5,-110,o223,-110,u218.5,-110,u223,-110,u222.5,-110,u222.5,-110,u223,-110,u222.5,-110,u223,-110
Mon Oct 24 2022,Boston Celtics,102,Chicago Bulls,120,o222.5,-110,o226,-110,o225.5,-110,o226,-110,o226,-110,o226,-112,o226,-110,u222.5,-110,u226,-110,u225.5,-110,u226,-110,u226,-110,u226,-109,u226,-110
Mon Oct 24 2022,Utah Jazz,108,Houston Rockets,114,o232.5,-110,o234,-110,o234.5,-110,o233.5,-110,o233.5,-110,o233.5,-110,o234,-110,u232.5,-110,u234,-110,u234.5,-110,u233.5,-110,u233.5,-110,u233.5,-110,u234,-110
Mon Oct 24 2022,Brooklyn Nets,124,Memphis Grizzlies,134,o228,-110,o235.5,-110,o234.5,-110,o235.5,-110,o235,-110,o235,-110,o235.5,-110,u228,-110,u235.5,-110,u234.5,-110,u235.5,-110,u235,-110,u235,-110,u235.5,-110
Mon Oct 24 2022,San Antonio Spurs,115,Minnesota Timberwolves,106,o230.5,-110,o234.5,-110,o234.5,-110,o234.5,-110,o235,-110,o234,-112,o234.5,-110,u230.5,-110,u234.5,-110,u234.5,-110,u234.5,-110,u235,-110,u234,-109,u234.5,-110
Mon Oct 24 2022,Denver Nuggets,110,Portland Trail Blazers,135,o230,-110,o227.5,-110,o226.5,-115,o227.5,-110,o227.5,-110,o227.5,-112,o227.5,-110,u230,-110,u227.5,-110,u226.5,-105,u227.5,-110,u227.5,-110,u227.5,-109,u227.5,-110
Tue Oct 25 2022,Detroit Pistons,99,Washington Wizards,120,o223,-110,o221,-110,o220.5,-110,o221,-110,o221,-110,o221,-113,o221,-110,u223,-110,u221,-110,u220.5,-110,u221,-110,u221,-110,u221,-108,u221,-110
Tue Oct 25 2022,Dallas Mavericks,111,New Orleans Pelicans,113,o221,-110,o218.5,-110,o218.5,-110,o218.5,-110,o218,-115,o218.5,-110,o218.5,-110,u221,-110,u218.5,-110,u218.5,-110,u218.5,-110,u218,-105,u218.5,-110,u218.5,-110
Tue Oct 25 2022,Los Angeles Clippers,94,Oklahoma City Thunder,108,o220,-110,o217,-110,o217.5,-110,o217.5,-110,o217.5,-110,o217,-109,o217,-110,u220,-110,u217,-110,u217.5,-110,u217.5,-110,u217.5,-110,u217,-112,u217,-110
Tue Oct 25 2022,Golden State Warriors,105,Phoenix Suns,134,o225,-110,o227,-110,o227.5,-110,o227,-110,o227.5,-110,o227,-108,o227,-110,u225,-110,u227,-110,u227.5,-110,u227,-110,u227.5,-110,u227,-113,u227,-110
Wed Oct 26 2022,Orlando Magic,92,Cleveland Cavaliers,103,o219,-112,o215.5,-110,o215.5,-110,o215.5,-110,o215.5,-110,o215.5,-108,o215.5,-110,u219,-108,u215.5,-110,u215.5,-110,u215.5,-110,u215.5,-110,u215.5,-113,u215.5,-110
Wed Oct 26 2022,Atlanta Hawks,118,Detroit Pistons,113,o229,-110,o229,-110,o228.5,-110,o228.5,-110,o229,-105,o229.5,-109,o229,-110,u229,-110,u229,-110,u228.5,-110,u228.5,-110,u229,-115,u229.5,-112,u229,-110
Wed Oct 26 2022,Brooklyn Nets,99,Milwaukee Bucks,110,o233.5,-110,o230,-110,o229.5,-115,o230,-110,o230.5,-110,o230.5,-110,o230,-110,u233.5,-110,u230,-110,u229.5,-105,u230,-110,u230.5,-110,u230.5,-110,u230,-110
Wed Oct 26 2022,Charlotte Hornets,131,New York Knicks,134,o226.5,-110,o224,-110,o224.5,-110,o224,-110,o224.5,-105,o224.5,-113,o224,-110,u226.5,-110,u224,-110,u224.5,-110,u224,-110,u224.5,-115,u224.5,-108,u224,-110
Wed Oct 26 2022,Philadelphia 76ers,109,Toronto Raptors,119,o216,-110,o211.5,-110,o211.5,-110,o211.5,-110,o211.5,-115,o212,-108,o211.5,-110,u216,-110,u211.5,-110,u211.5,-110,u211.5,-110,u211.5,-105,u212,-113,u211.5,-110
Wed Oct 26 2022,Indiana Pacers,109,Chicago Bulls,124,o232.5,-110,o233.5,-112,o233.5,-110,o233.5,-110,o233.5,-110,o233.5,-113,o233.5,-112,u232.5,-110,u233.5,-108,u233.5,-110,u233.5,-110,u233.5,-110,u233.5,-108,u233.5,-108
Wed Oct 26 2022,San Antonio Spurs,122,Minnesota Timberwolves,134,o231,-110,o234.5,-110,o234.5,-115,o235,-110,o234.5,-110,o234.5,-109,o234.5,-110,u231,-110,u234.5,-110,u234.5,-105,u235,-110,u234.5,-110,u234.5,-112,u234.5,-110
Wed Oct 26 2022,Houston Rockets,101,Utah Jazz,109,o232.5,-110,o232.5,-110,o231.5,-115,o232.5,-110,o232.5,-105,o232,-112,o232.5,-110,u232.5,-110,u232.5,-110,u231.5,-105,u232.5,-110,u232.5,-115,u232,-109,u232.5,-110
Wed Oct 26 2022,Los Angeles Lakers,99,Denver Nuggets,110,o227,-110,o230.5,-110,o230.5,-110,o230.5,-110,o230.5,-110,o230,-112,o230.5,-110,u227,-110,u230.5,-110,u230.5,-110,u230.5,-110,u230.5,-110,u230,-109,u230.5,-110
Wed Oct 26 2022,Miami Heat,119,Portland Trail Blazers,98,o221.5,-110,o220.5,-110,o220.5,-110,o220.5,-110,o220.5,-110,o220,-113,o220.5,-110,u221.5,-110,u220.5,-110,u220.5,-110,u220.5,-110,u220.5,-110,u220,-108,u220.5,-110
Thu Oct 27 2022,Dallas Mavericks,129,Brooklyn Nets,125,o228.5,-110,o225.5,-110,o224.5,-115,o225.5,-110,o225.5,-110,o226,-112,o225.5,-110,u228.5,-110,u225.5,-110,u224.5,-105,u225.5,-110,u225.5,-110,u226,-109,u225.5,-110
Thu Oct 27 2022,Los Angeles Clippers,110,Oklahoma City Thunder,118,o215,-110,o218.5,-110,o218.5,-110,o218.5,-110,o219,-110,o218.5,-109,o218.5,-110,u215,-110,u218.5,-110,u218.5,-110,u218.5,-110,u219,-110,u218.5,-112,u218.5,-110
Thu Oct 27 2022,Miami Heat,110,Golden State Warriors,123,o225.5,-110,o227,-110,o227.5,-110,o227,-110,o227.5,-110,o227.5,-113,o227,-110,u225.5,-110,u227,-110,u227.5,-110,u227,-110,u227.5,-110,u227.5,-108,u227,-110
Thu Oct 27 2022,Memphis Grizzlies,125,Sacramento Kings,110,o236,-110,o236.5,-110,o236.5,-110,o236,-110,o236.5,-110,o236.5,-110,o236.5,-110,u236,-110,u236.5,-110,u236.5,-110,u236,-110,u236.5,-110,u236.5,-110,u236.5,-110
Fri Oct 28 2022,Atlanta Hawks,136,Detroit Pistons,112,o227.5,-110,o229.5,-110,o229.5,-110,o229,-110,o230,-110,o229.5,-112,o229.5,-110,u227.5,-110,u229.5,-112,u229.5,-110,u229,-110,u230,-110,u229.5,-109,u229.5,-110
Fri Oct 28 2022,Charlotte Hornets,93,Orlando Magic,113,o226.5,-110,o221,-110,o220.5,-110,o221,-110,o220.5,-110,o220.5,-109,o221,-110,u226.5,-110,u221,-110,u220.5,-110,u221,-110,u220.5,-110,u220.5,-112,u221,-110
Fri Oct 28 2022,Cleveland Cavaliers,132,Boston Celtics,123,o219,-112,o218.5,-110,o218.5,-110,o218,-110,o218.5,-110,o218.5,-113,o218.5,-110,u219,-108,u218.5,-110,u218.5,-110,u218,-110,u218.5,-110,u218.5,-108,u218.5,-110
Fri Oct 28 2022,Philadelphia 76ers,112,Toronto Raptors,90,o213,-110,o214,-110,o214.5,-110,o214.5,-110,o214,-110,o213,-113,o214,-110,u213,-110,u214,-110,u214.5,-110,u214.5,-110,u214,-110,u213,-108,u214,-110
Fri Oct 28 2022,Indiana Pacers,127,Washington Wizards,117,o230,-110,o229,-108,o228.5,-110,o228.5,-110,o228.5,-105,o229,-113,o229,-108,u230,-110,u229,-112,u228.5,-110,u228.5,-110,u228.5,-115,u229,-108,u229,-112
Fri Oct 28 2022,New York Knicks,108,Milwaukee Bucks,119,o223.5,-110,o223.5,-110,o223.5,-110,o223.5,-110,o223.5,-110,o224,-109,o223.5,-110,u223.5,-110,u223.5,-110,u223.5,-110,u223.5,-110,u223.5,-110,u224,-112,u223.5,-110
Fri Oct 28 2022,Los Angeles Lakers,102,Minnesota Timberwolves,111,o227,-110,o231.5,-110,o231.5,-110,o232,-110,o233,-110,o231.5,-113,o231.5,-110,u227,-110,u231.5,-110,u231.5,-110,u232,-110,u233,-110,u231.5,-108,u231.5,-110
Fri Oct 28 2022,Chicago Bulls,124,San Antonio Spurs,129,o229.5,-108,o230.5,-110,o230.5,-110,o230,-110,o230.5,-110,o230,-112,o230.5,-110,u229.5,-112,u230.5,-110,u230.5,-110,u230,-110,u230.5,-110,u230,-109,u230.5,-110
Fri Oct 28 2022,Utah Jazz,101,Denver Nuggets,117,o230,-110,o231.5,-110,o231.5,-110,o232,-110,o232,-110,o231.5,-108,o231.5,-110,u230,-110,u231.5,-110,u231.5,-110,u232,-110,u232,-110,u231.5,-113,u231.5,-110
Fri Oct 28 2022,New Orleans Pelicans,111,Phoenix Suns,124,o225,-110,o225.5,-110,o225.5,-110,o225.5,-110,o225.5,-110,o225.5,-109,o225.5,-110,u225,-110,u225.5,-110,u225.5,-110,u225.5,-110,u225.5,-110,u225.5,-112,u225.5,-110
Fri Oct 28 2022,Houston Rockets,111,Portland Trail Blazers,125,o227.5,-110,o222.5,-110,o222.5,-115,o222.5,-110,o222.5,-110,o223.5,-109,o222.5,-110,u227.5,-110,u222.5,-110,u222.5,-105,u222.5,-110,u222.5,-110,u223.5,-112,u222.5,-110
Sat Oct 29 2022,Miami Heat,113,Sacramento Kings,119,N/A,o227,-110,o227.5,-110,o228,-110,o228,-105,o228,-108,o227,-110,N/A,u227,-110,u227.5,-110,u228,-110,u228,-115,u228,-113,u227,-110,,
Sat Oct 29 2022,Golden State Warriors,113,Charlotte Hornets,120,N/A,o233.5,-110,o233.5,-110,o234,-110,o233.5,-110,o233.5,-109,o233.5,-110,N/A,u233.5,-110,u233.5,-110,u234,-110,u233.5,-110,u233.5,-112,u233.5,-110,,
Sat Oct 29 2022,Indiana Pacers,125,Brooklyn Nets,116,N/A,o239.5,-110,o239.5,-110,o239.5,-110,o240,-110,o239.5,-108,o239.5,-110,N/A,u239.5,-110,u239.5,-110,u239.5,-110,u240,-110,u239.5,-113,u239.5,-110,,
Sat Oct 29 2022,Philadelphia 76ers,114,Chicago Bulls,109,N/A,o221.5,-110,o221.5,-110,o221.5,-110,o221.5,-110,o222,-108,o221.5,-110,N/A,u221.5,-110,u221.5,-110,u221.5,-110,u221.5,-110,u222,-113,u221.5,-110,,
Sat Oct 29 2022,Atlanta Hawks,115,Milwaukee Bucks,123,N/A,o228.5,-110,o228.5,-110,o228.5,-110,o228.5,-110,o228.5,-109,o228.5,-110,N/A,u228.5,-110,u228.5,-110,u228.5,-110,u228.5,-110,u228.5,-112,u228.5,-110,,
Sat Oct 29 2022,Oklahoma City Thunder,117,Dallas Mavericks,111,N/A,o219.5,-110,o218.5,-110,o218.5,-110,o218.5,-110,o219,-108,o219.5,-110,N/A,u219.5,-110,u218.5,-110,u218.5,-110,u218.5,-110,u219,-113,u219.5,-110,,
Sat Oct 29 2022,Memphis Grizzlies,123,Utah Jazz,124,N/A,o225.5,-110,o225.5,-110,o225.5,-110,o224.5,-115,o226,-109,o225.5,-110,N/A,u225.5,-110,u225.5,-110,u225.5,-110,u224.5,-105,u226,-112,u225.5,-110,,
Sun Oct 30 2022,New Orleans Pelicans,112,Los Angeles Clippers,91,o224.5,-110,o225.5,-112,o226.5,-110,o226,-110,o226,-110,o226,-113,o225.5,-112,u224.5,-110,u225.5,-108,u226.5,-110,u226,-110,u226,-110,u226,-108,u225.5,-108
Sun Oct 30 2022,Washington Wizards,94,Boston Celtics,112,o223.5,-110,o222,-110,o221.5,-110,o221.5,-110,o222,-110,o221.5,-110,o222,-110,u223.5,-110,u222,-110,u221.5,-110,u221.5,-110,u222,-110,u221.5,-110,u222,-110
Sun Oct 30 2022,New York Knicks,108,Cleveland Cavaliers,121,o222.5,-108,o220,-110,o220.5,-110,o220,-110,o220,-110,o220.5,-109,o220,-110,u222.5,-112,u220,-110,u220.5,-110,u220,-110,u220,-110,u220.5,-112,u220,-110
Sun Oct 30 2022,Golden State Warriors,114,Detroit Pistons,128,o230.5,-110,o231,-110,o231.5,-110,o231.5,-110,o231.5,-110,o231.5,-113,o231,-110,u230.5,-110,u231,-110,u231.5,-110,u231.5,-110,u231.5,-110,u231.5,-108,u231,-110
Sun Oct 30 2022,Minnesota Timberwolves,98,San Antonio Spurs,107,o235.5,-110,o237,-110,o237.5,-110,o237.5,-110,o237.5,-110,o238,-109,o237,-110,u235.5,-110,u237,-110,u237.5,-110,u237.5,-110,u237.5,-110,u238,-112,u237,-110
Sun Oct 30 2022,Orlando Magic,105,Dallas Mavericks,114,o216.5,-110,o211.5,-110,o211.5,-110,o211.5,-110,o211.5,-110,o211.5,-110,o211.5,-110,u216.5,-110,u211.5,-110,u211.5,-110,u211.5,-110,u211.5,-110,u211.5,-110,u211.5,-110
Sun Oct 30 2022,Houston Rockets,109,Phoenix Suns,124,o228.5,-110,o227.5,-110,o227.5,-110,o228,-110,o227.5,-115,o228,-109,o227.5,-110,u228.5,-110,u227.5,-110,u227.5,-110,u228,-110,u227.5,-105,u228,-112,u227.5,-110
Sun Oct 30 2022,Denver Nuggets,110,Los Angeles Lakers,121,o220.5,-110,o228.5,-110,o228.5,-110,o228.5,-110,o228.5,-115,o229,-109,o228.5,-110,u220.5,-110,u228.5,-110,u228.5,-110,u228.5,-110,u228.5,-105,u229,-112,u228.5,-110
Mon Oct 31 2022,Sacramento Kings,115,Charlotte Hornets,108,o232.5,-110,o231.5,-110,o231.5,-110,o231.5,-110,o231.5,-110,o231.5,-110,o231.5,-110,u232.5,-110,u231.5,-110,u231.5,-110,u231.5,-110,u231.5,-110,u231.5,-110,u231.5,-110
Mon Oct 31 2022,Philadelphia 76ers,118,Washington Wizards,111,o219.5,-110,o216.5,-110,o216.5,-110,o215.5,-110,o216,-110,o216.5,-112,o216.5,-110,u219.5,-110,u216.5,-110,u216.5,-110,u215.5,-110,u216,-110,u216.5,-109,u216.5,-110
Mon Oct 31 2022,Indiana Pacers,109,Brooklyn Nets,116,o237.5,-110,o236,-110,o236.5,-110,o236.5,-110,o236.5,-110,o236,-112,o236,-110,u237.5,-110,u236,-110,u236.5,-110,u236.5,-110,u236.5,-110,u236,-109,u236,-110
Mon Oct 31 2022,Atlanta Hawks,109,Toronto Raptors,139,o222.5,-110,o222.5,-110,o222.5,-110,o222.5,-110,o222.5,-115,o222.5,-109,o222.5,-110,u222.5,-110,u222.5,-110,u222.5,-110,u222.5,-110,u222.5,-105,u222.5,-112,u222.5,-110
Mon Oct 31 2022,Detroit Pistons,108,Milwaukee Bucks,110,o229.5,-110,o225,-110,o224.5,-110,o225,-110,o224.5,-110,o224.5,-113,o225,-110,u229.5,-110,u225,-110,u224.5,-110,u225,-110,u224.5,-110,u224.5,-108,u225,-110
Mon Oct 31 2022,Memphis Grizzlies,105,Utah Jazz,121,o234.5,-110,o232,-110,o231.5,-110,o231.5,-110,o231.5,-110,o232,-110,o232,-110,u234.5,-110,u232,-110,u231.5,-110,u231.5,-110,u231.5,-110,u232,-110,u232,-110
Mon Oct 31 2022,Houston Rockets,93,Los Angeles Clippers,95,o223.5,-110,o225.5,-110,o225.5,-110,o225.5,-110,o225,-110,o225,-109,o225.5,-110,u223.5,-110,u225.5,-110,u225.5,-110,u225.5,-110,u225,-110,u225,-112,u225.5,-110
Tue Nov 1 2022,Chicago Bulls,108,Brooklyn Nets,99,o233,-110,o232.5,-110,o232.5,-110,o232.5,-110,o232,-110,o232.5,-110,o232.5,-110,u233,-110,u232.5,-110,u232.5,-110,u232.5,-110,u232,-110,u232.5,-110,u232.5,-110
Tue Nov 1 2022,Golden State Warriors,109,Miami Heat,116,o228,-110,o225.5,-110,o225.5,-110,o226,-110,o225,-115,o225.5,-112,o225.5,-110,u228,-110,u225.5,-110,u225.5,-110,u226,-110,u225,-105,u225.5,-109,u225.5,-110
Tue Nov 1 2022,Orlando Magic,108,Oklahoma City Thunder,116,o218,-110,o216.5,-108,o216.5,-110,o216,-110,o216.5,-110,o216.5,-109,o216.5,-108,u218,-110,u216.5,-112,u216.5,-110,u216,-110,u216.5,-110,u216.5,-112,u216.5,-112
Tue Nov 1 2022,Minnesota Timberwolves,107,Phoenix Suns,116,o229.5,-110,o228,-110,o227.5,-110,o228,-110,o227.5,-115,o227.5,-110,o228,-110,u229.5,-110,u228,-110,u227.5,-110,u228,-110,u227.5,-105,u227.5,-110,u228,-110
Wed Nov 2 2022,Washington Wizards,121,Philadelphia 76ers,111,o219.5,-110,o217,-110,o217.5,-110,o217.5,-110,o217,-115,o217,-110,o217,-110,u219.5,-110,u217,-110,u217.5,-110,u217.5,-110,u217,-105,u217,-110,u217,-110
Wed Nov 2 2022,Boston Celtics,113,Cleveland Cavaliers,114,o220.5,-110,o220,-110,o219.5,-115,o220.5,-110,o220.5,-105,o220,-113,o220,-110,u220.5,-110,u220,-110,u219.5,-105,u220.5,-110,u220.5,-115,u220,-108,u220,-110
Wed Nov 2 2022,Sacramento Kings,107,Miami Heat,110,o225.5,-110,o220.5,-110,o220.5,-115,o220.5,-110,o220.5,-110,o221,-110,o220.5,-110,u225.5,-110,u220.5,-110,u220.5,-105,u220.5,-110,u220.5,-110,u221,-110,u220.5,-110
Wed Nov 2 2022,Atlanta Hawks,112,New York Knicks,99,o228.5,-110,o233,-110,o233.5,-110,o233,-110,o232,-110,o232,-112,o233,-110,u228.5,-110,u233,-110,u233.5,-110,u233,-110,u232,-110,u232,-109,u233,-110
Wed Nov 2 2022,Charlotte Hornets,88,Chicago Bulls,106,o229,-110,o224.5,-110,o224.5,-115,o224.5,-110,o224.5,-110,o225,-109,o224.5,-110,u229,-110,u224.5,-110,u224.5,-105,u224.5,-110,u224.5,-110,u225,-112,u224.5,-110
Wed Nov 2 2022,Los Angeles Clippers,109,Houston Rockets,101,o222.5,-110,o223.5,-110,o222.5,-115,o223.5,-110,o223,-110,o222.5,-110,o223.5,-110,u222.5,-110,u223.5,-110,u222.5,-105,u223.5,-110,u223,-110,u222.5,-110,u223.5,-110
Wed Nov 2 2022,Detroit Pistons,91,Milwaukee Bucks,116,o224.5,-110,o223.5,-110,o222.5,-115,o223,-110,o223,-110,o223.5,-109,o223.5,-110,u224.5,-110,u223.5,-110,u222.5,-105,u223,-110,u223,-110,u223.5,-112,u223.5,-110
Wed Nov 2 2022,Toronto Raptors,143,San Antonio Spurs,100,o225.5,-110,o223.5,-108,o223.5,-110,o223.5,-110,o223.5,-110,o224,-108,o223.5,-108,u225.5,-110,u223.5,-112,u223.5,-110,u223.5,-110,u223.5,-110,u224,-113,u223.5,-112
Wed Nov 2 2022,Utah Jazz,100,Dallas Mavericks,103,o221.5,-110,o222.5,-108,o221.5,-110,o222,-110,o222,-110,o222,-109,o222.5,-108,u221.5,-110,u222.5,-112,u221.5,-110,u222,-110,u222,-110,u222,-112,u222.5,-112
Wed Nov 2 2022,Memphis Grizzlies,111,Portland Trail Blazers,106,o228.5,-110,o228,-110,o227.5,-110,o227.5,-110,o227.5,-110,o227.5,-108,o228,-110,u228.5,-110,u228,-110,u227.5,-110,u227.5,-110,u227.5,-110,u227.5,-113,u228,-110
Wed Nov 2 2022,New Orleans Pelicans,117,Los Angeles Lakers,120,o229.5,-110,o230,-110,o229.5,-110,o230,-110,o230,-110,o230.5,-110,o230,-110,u229.5,-110,u230,-110,u229.5,-110,u230,-110,u230,-110,u230.5,-110,u230,-110
Thu Nov 3 2022,Golden State Warriors,129,Orlando Magic,130,o226,-110,o226,-110,o226.5,-110,o225.5,-110,o226,-110,o226,-112,o226,-110,u226,-110,u226,-110,u226.5,-110,u225.5,-110,u226,-110,u226,-109,u226,-110
Thu Nov 3 2022,Denver Nuggets,122,Oklahoma City Thunder,110,o229,-110,o228,-110,o228.5,-110,o228.5,-110,o228.5,-110,o229,-108,o228,-110,u229,-110,u228,-110,u228.5,-110,u228.5,-110,u228.5,-110,u229,-113,u228,-110
Fri Nov 4 2022,Cleveland Cavaliers,112,Detroit Pistons,88,o222.5,-110,o215.5,-110,o215.5,-110,o215.5,-110,o215.5,-105,o216,-112,o215.5,-110,u222.5,-110,u215.5,-110,u215.5,-110,u215.5,-110,u215.5,-115,u216,-109,u215.5,-110
Fri Nov 4 2022,Miami Heat,99,Indiana Pacers,101,o228.5,-110,o224.5,-110,o225.5,-110,o225,-110,o225,-110,o225.5,-109,o224.5,-110,u228.5,-110,u224.5,-110,u225.5,-110,u225,-110,u225,-110,u225.5,-112,u224.5,-110
Fri Nov 4 2022,New York Knicks,106,Philadelphia 76ers,104,o220.5,-110,o221.5,-110,o220.5,-110,o221,-110,o221,-110,o220.5,-113,o221.5,-110,u220.5,-110,u221.5,-110,u220.5,-110,u221,-110,u221,-110,u220.5,-108,u221.5,-110
Fri Nov 4 2022,Brooklyn Nets,128,Washington Wizards,86,o228.5,-110,o223,-110,o222.5,-110,o222.5,-110,o223,-110,o222.5,-113,o223,-110,u228.5,-110,u223,-110,u222.5,-110,u222.5,-110,u223,-110,u222.5,-108,u223,-110
Fri Nov 4 2022,Chicago Bulls,119,Boston Celtics,123,o223,-110,o223,-110,o223.5,-110,o223.5,-110,o223.5,-110,o223.5,-109,o223,-110,u223,-110,u223,-110,u223.5,-110,u223.5,-110,u223.5,-110,u223.5,-112,u223,-110
Fri Nov 4 2022,Charlotte Hornets,99,Memphis Grizzlies,130,o229.5,-110,o227,-110,o226.5,-110,o226.5,-110,o226.5,-110,o226.5,-112,o227,-110,u229.5,-110,u227,-110,u226.5,-110,u226.5,-110,u226.5,-110,u226.5,-109,u227,-110
Fri Nov 4 2022,Los Angeles Clippers,113,San Antonio Spurs,106,o224.5,-110,o225.5,-110,o225.5,-110,o225.5,-110,o225.5,-110,o225.5,-109,o225.5,-110,u224.5,-110,u225.5,-110,u225.5,-110,u225.5,-110,u225.5,-110,u225.5,-112,u225.5,-110
Fri Nov 4 2022,Toronto Raptors,110,Dallas Mavericks,111,o216,-110,o216,-110,o216.5,-110,o216,-110,o215.5,-110,o216.5,-113,o216,-110,u216,-110,u216,-110,u216.5,-110,u216,-110,u215.5,-110,u216.5,-108,u216,-110
Fri Nov 4 2022,Golden State Warriors,105,New Orleans Pelicans,114,o231.5,-110,o227,-110,o226.5,-110,o226.5,-110,o227,-110,o227,-108,o227,-110,u231.5,-110,u227,-110,u226.5,-110,u226.5,-110,u227,-110,u227,-113,u227,-110
Fri Nov 4 2022,Milwaukee Bucks,115,Minnesota Timberwolves,102,o227,-110,o225.5,-110,o225.5,-110,o225,-110,o225,-110,o225,-113,o225.5,-110,u227,-110,u225.5,-110,u225.5,-110,u225,-110,u225,-110,u225,-108,u225.5,-110
Fri Nov 4 2022,Portland Trail Blazers,108,Phoenix Suns,106,o221.5,-110,o217.5,-110,o217.5,-105,o217,-110,o216.5,-110,o218,-108,o217.5,-110,u221.5,-110,u217.5,-110,u217.5,-115,u217,-110,u216.5,-110,u218,-113,u217.5,-110
Fri Nov 4 2022,Utah Jazz,130,Los Angeles Lakers,116,o227,-110,o228.5,-110,o228.5,-110,o228.5,-110,o229,-110,o228.5,-110,o228.5,-110,u227,-110,u228.5,-110,u228.5,-110,u228.5,-110,u229,-110,u228.5,-110,u228.5,-110
Sat Nov 5 2022,Sacramento Kings,126,Orlando Magic,123,o224.5,-110,o228.5,-110,o228.5,-110,o228.5,-110,o228.5,-110,o228.5,-113,o228.5,-110,u224.5,-110,u228.5,-110,u228.5,-110,u228.5,-110,u228.5,-110,u228.5,-108,u228.5,-110
Sat Nov 5 2022,Brooklyn Nets,98,Charlotte Hornets,94,o222,-110,o223.5,-110,o223.5,-110,o223.5,-110,o223,-110,o223,-110,o223.5,-110,u222,-110,u223.5,-110,u223.5,-110,u223.5,-110,u223,-110,u223,-110,u223.5,-110
Sat Nov 5 2022,New Orleans Pelicans,121,Atlanta Hawks,124,o233,-110,o234.5,-110,o234.5,-110,o234.5,-110,o235,-110,o234.5,-110,o234.5,-110,u233,-110,u234.5,-110,u234.5,-110,u234.5,-110,u235,-110,u234.5,-110,u234.5,-110
Sat Nov 5 2022,Boston Celtics,133,New York Knicks,118,o223.5,-110,o227,-110,o227.5,-110,o227,-110,o227.5,-110,o225.5,-112,o227,-110,u223.5,-110,u227,-110,u227.5,-110,u227,-110,u227.5,-110,u225.5,-109,u227,-110
Sat Nov 5 2022,Oklahoma City Thunder,94,Milwaukee Bucks,108,o224,-110,o219,-110,o219.5,-110,o219,-110,o219,-110,o219,-109,o219,-110,u224,-110,u219,-110,u219.5,-110,u219,-110,u219,-110,u219,-112,u219,-110
Sat Nov 5 2022,Houston Rockets,117,Minnesota Timberwolves,129,o233,-110,o234,-110,o234.5,-110,o234.5,-110,o234.5,-110,o234.5,-108,o234,-110,u233,-110,u234,-110,u234.5,-110,u234.5,-110,u234.5,-110,u234.5,-113,u234,-110
Sat Nov 5 2022,San Antonio Spurs,101,Denver Nuggets,126,o235.5,-112,o235.5,-112,o235.5,-110,o235,-110,o235.5,-110,o235.5,-108,o235.5,-112,u235.5,-108,u235.5,-108,u235.5,-110,u235,-110,u235.5,-110,u235.5,-113,u235.5,-108
Sat Nov 5 2022,Portland Trail Blazers,82,Phoenix Suns,102,o218,-110,o215.5,-112,o215.5,-110,o215.5,-110,o215.5,-105,o215.5,-109,o215.5,-112,u218,-110,u215.5,-108,u215.5,-110,u215.5,-110,u215.5,-115,u215.5,-112,u215.5,-108
Sun Nov 6 2022,Cleveland Cavaliers,114,Los Angeles Lakers,100,o223.5,-110,o222,-110,o222.5,-110,o222.5,-110,o222.5,-105,o222,-109,o222,-110,u223.5,-110,u222,-110,u222.5,-110,u222.5,-110,u222.5,-115,u222,-112,u222,-110
Sun Nov 6 2022,Washington Wizards,97,Memphis Grizzlies,103,o228,-110,o224,-108,o224.5,-110,o224,-110,o224,-110,o225,-108,o224,-108,u228,-110,u224,-112,u224.5,-110,u224,-110,u224,-110,u225,-113,u224,-112
Sun Nov 6 2022,Chicago Bulls,104,Toronto Raptors,113,o219.5,-110,o219.5,-110,o219.5,-110,o219.5,-110,o219.5,-110,o220,-110,o219.5,-110,u219.5,-110,u219.5,-110,u219.5,-110,u219.5,-110,u219.5,-110,u220,-110,u219.5,-110
Sun Nov 6 2022,Utah Jazz,110,Los Angeles Clippers,102,o225.5,-110,o218.5,-112,o218.5,-110,o218.5,-110,o218.5,-110,o219,-110,o218.5,-112,u225.5,-110,u218.5,-108,u218.5,-110,u218.5,-110,u218.5,-110,u219,-110,u218.5,-108
Mon Nov 7 2022,Washington Wizards,108,Charlotte Hornets,100,o220.5,-110,o213.5,-110,o213.5,-110,o214,-110,o213.5,-105,o213.5,-112,o213.5,-110,u220.5,-110,u213.5,-110,u213.5,-110,u214,-110,u213.5,-115,u213.5,-109,u213.5,-110
Mon Nov 7 2022,Houston Rockets,134,Orlando Magic,127,o230,-110,o224,-110,o223.5,-115,o224,-110,o224,-110,o224.5,-109,o224,-110,u230,-110,u224,-110,u223.5,-105,u224,-110,u224,-110,u224.5,-112,u224,-110
Mon Nov 7 2022,Oklahoma City Thunder,103,Detroit Pistons,112,o223.5,-108,o224,-110,o223.5,-110,o224,-110,o224,-110,o223.5,-112,o224,-110,u223.5,-112,u224,-110,u223.5,-110,u224,-110,u224,-110,u223.5,-109,u224,-110
Mon Nov 7 2022,New Orleans Pelicans,122,Indiana Pacers,129,o235,-110,o233,-110,o233.5,-110,o233,-110,o233.5,-110,o234,-109,o233,-110,u235,-110,u233,-110,u233.5,-110,u233,-110,u233.5,-110,u234,-112,u233,-110
Mon Nov 7 2022,Phoenix Suns,88,Philadelphia 76ers,100,o216.5,-110,o215,-110,o215.5,-105,o215,-110,o215,-110,o216,-110,o215,-110,u216.5,-110,u215,-110,u215.5,-115,u215,-110,u215,-110,u216,-110,u215,-110
Mon Nov 7 2022,Milwaukee Bucks,98,Atlanta Hawks,117,o227.5,-110,o220,-110,o219.5,-115,o219.5,-110,o220,-110,o220,-110,o220,-110,u227.5,-110,u220,-110,u219.5,-105,u219.5,-110,u220,-110,u220,-110,u220,-110
Mon Nov 7 2022,Portland Trail Blazers,110,Miami Heat,107,o220,-110,o216.5,-110,o216.5,-110,o216.5,-110,o216.5,-110,o216.5,-112,o216.5,-110,u220,-110,u216.5,-110,u216.5,-110,u216.5,-110,u216.5,-110,u216.5,-109,u216.5,-110
Mon Nov 7 2022,Toronto Raptors,97,Chicago Bulls,111,o221,-112,o221,-110,o221.5,-110,o221.5,-110,o221,-110,o221,-109,o221,-110,u221,-108,u221,-110,u221.5,-110,u221.5,-110,u221,-110,u221,-112,u221,-110
Mon Nov 7 2022,Boston Celtics,109,Memphis Grizzlies,106,o230.5,-110,o232,-110,o231.5,-110,o232,-110,o232,-110,o231,-113,o232,-110,u230.5,-110,u232,-110,u231.5,-110,u232,-110,u232,-110,u231,-108,u232,-110
Mon Nov 7 2022,New York Knicks,120,Minnesota Timberwolves,107,o229.5,-110,o234.5,-110,o235.5,-110,o235.5,-110,o234.5,-110,o235.5,-112,o234.5,-110,u229.5,-110,u234.5,-110,u235.5,-110,u235.5,-110,u234.5,-110,u235.5,-109,u234.5,-110
Mon Nov 7 2022,Denver Nuggets,115,San Antonio Spurs,109,o232.5,-110,o234.5,-110,o234.5,-110,o234.5,-110,o235,-110,o234,-110,o234.5,-110,u232.5,-110,u234.5,-110,u234.5,-110,u234.5,-110,u235,-110,u234,-110,u234.5,-110
Mon Nov 7 2022,Brooklyn Nets,94,Dallas Mavericks,96,o213,-110,o216,-110,o216.5,-110,o216,-110,o216.5,-110,o216,-112,o216,-110,u213,-110,u216,-110,u216.5,-110,u216,-110,u216.5,-110,u216,-109,u216,-110
Mon Nov 7 2022,Sacramento Kings,113,Golden State Warriors,116,o231.5,-110,o236.5,-110,o235.5,-115,o235.5,-110,o236,-105,o236,-110,o236.5,-110,u231.5,-110,u236.5,-110,u235.5,-105,u235.5,-110,u236,-115,u236,-110,u236.5,-110
Mon Nov 7 2022,Los Angeles Lakers,116,Utah Jazz,139,o229.5,-110,o224.5,-110,o224.5,-110,o224.5,-110,o225,-110,o224.5,-113,o224.5,-110,u229.5,-110,u224.5,-110,u224.5,-110,u224.5,-110,u225,-110,u224.5,-108,u224.5,-110
Mon Nov 7 2022,Cleveland Cavaliers,117,Los Angeles Clippers,119,o219.5,-110,o212,-110,o212.5,-110,o212.5,-110,o212,-110,o212.5,-113,o212,-110,u219.5,-110,u212,-110,u212.5,-110,u212.5,-110,u212,-110,u212.5,-108,u212,-110
Wed Nov 9 2022,Dallas Mavericks,87,Orlando Magic,94,o216.5,-110,o213,-110,o212.5,-110,o212.5,-110,o212.5,-110,o213,-108,o213,-110,u216.5,-110,u213,-110,u212.5,-110,u212.5,-110,u212.5,-110,u213,-113,u213,-110
Wed Nov 9 2022,Portland Trail Blazers,105,Charlotte Hornets,95,o220.5,-110,o221,-110,o221.5,-110,o221,-110,o220.5,-110,o221,-113,o221,-110,u220.5,-110,u221,-110,u221.5,-110,u221,-110,u220.5,-110,u221,-108,u221,-110
Wed Nov 9 2022,Denver Nuggets,122,Indiana Pacers,119,o235,-110,o235.5,-110,o235.5,-110,o235.5,-110,o236,-110,o235.5,-112,o235.5,-110,u235,-110,u235.5,-110,u235.5,-110,u235.5,-110,u236,-110,u235.5,-108,u235.5,-110
Wed Nov 9 2022,Utah Jazz,125,Atlanta Hawks,119,o226.5,-110,o231.5,-110,o231.5,-110,o231.5,-110,o232,-110,o231.5,-112,o231.5,-110,u226.5,-110,u231.5,-110,u231.5,-110,u231.5,-110,u232,-110,u231.5,-109,u231.5,-110
Wed Nov 9 2022,Detroit Pistons,112,Boston Celtics,128,o225,-110,o226,-110,o226.5,-110,o226.5,-110,o226,-110,o226,-113,o226,-110,u225,-110,u226,-110,u226.5,-110,u226.5,-110,u226,-110,u226,-108,u226,-110
Wed Nov 9 2022,New York Knicks,85,Brooklyn Nets,112,o224.5,-110,o221,-110,o220.5,-110,o221,-110,o221,-110,o221,-112,o221,-110,u224.5,-110,u221,-110,u220.5,-110,u221,-110,u221,-110,u221,-109,u221,-110
Wed Nov 9 2022,Houston Rockets,109,Toronto Raptors,116,o223.5,-110,o224,-108,o224.5,-110,o224,-110,o224,-115,o224.5,-110,o224,-108,u223.5,-110,u224,-112,u224.5,-110,u224,-110,u224,-105,u224.5,-110,u224,-112
Wed Nov 9 2022,New Orleans Pelicans,115,Chicago Bulls,111,o229.5,-110,o232.5,-110,o232.5,-110,o232.5,-110,o233,-110,o232.5,-109,o232,-110,u229.5,-110,u232.5,-110,u232.5,-110,u232.5,-110,u233,-110,u232.5,-112,u232,-110
Wed Nov 9 2022,Phoenix Suns,129,Minnesota Timberwolves,117,o225.5,-110,o224,-110,o223.5,-115,o224,-110,o224,-110,o224,-109,o224,-110,u225.5,-110,u224,-110,u223.5,-105,u224,-110,u224,-110,u224,-112,u224,-110
Wed Nov 9 2022,Milwaukee Bucks,136,Oklahoma City Thunder,132,o220,-110,o213.5,-110,o213.5,-110,o213,-110,o213,-110,o213,-112,o213.5,-110,u220,-110,u213.5,-110,u213.5,-110,u213,-110,u213,-110,u213,-109,u213.5,-110
Wed Nov 9 2022,Memphis Grizzlies,124,San Antonio Spurs,122,o234,-110,o234,-110,o234.5,-110,o234,-110,o234,-110,o234.5,-109,o234,-110,u234,-110,u234,-110,u234.5,-110,u234,-110,u234,-110,u234.5,-112,u234,-110
Wed Nov 9 2022,Los Angeles Lakers,101,Los Angeles Clippers,114,o221.5,-110,o219,-110,o219.5,-110,o219,-110,o219,-110,o220,-109,o219,-110,u221.5,-110,u219,-110,u219.5,-110,u219,-110,u219,-110,u220,-112,u219,-110
Wed Nov 9 2022,Cleveland Cavaliers,120,Sacramento Kings,127,o226,-108,o228.5,-110,o228.5,-110,o228,-110,o228,-115,o228.5,-110,o228.5,-110,u226,-112,u228.5,-110,u228.5,-110,u228,-110,u228,-105,u228.5,-110,u228.5,-110
Thu Nov 10 2022,Dallas Mavericks,105,Washington Wizards,113,o208,-108,o209,-112,o208.5,-115,o209,-110,o209,-105,o209,-112,o209,-112,u208,-112,u209,-108,u208.5,-105,u209,-110,u209,-115,u209,-109,u209,-108
Thu Nov 10 2022,Philadelphia 76ers,95,Atlanta Hawks,104,o222.5,-110,o222,-110,o222.5,-110,o222,-110,o222,-110,o222.5,-109,o222,-110,u222.5,-110,u222,-110,u222.5,-110,u222,-110,u222,-110,u222.5,-112,u222,-110
Thu Nov 10 2022,Charlotte Hornets,112,Miami Heat,117,o217,-110,o212.5,-110,o212.5,-110,o212.5,-110,o212.5,-110,o212.5,-108,o212.5,-110,u217,-110,u212.5,-110,u212.5,-110,u212.5,-110,u212.5,-110,u212.5,-113,u212.5,-110
Thu Nov 10 2022,Portland Trail Blazers,106,New Orleans Pelicans,95,o225,-108,o222,-110,o221.5,-110,o222,-110,o222,-110,o222.5,-112,o222,-110,u225,-112,u222,-110,u221.5,-110,u222,-110,u222,-110,u222.5,-109,u222,-110
Fri Nov 11 2022,Denver Nuggets,112,Boston Celtics,131,o232.5,-110,o230.5,-110,o230.5,-110,o230.5,-110,o230.5,-115,o231,-108,o230.5,-110,u232.5,-110,u230.5,-110,u230.5,-110,u230.5,-110,u230.5,-105,u231,-113,u230.5,-110
Fri Nov 11 2022,Phoenix Suns,97,Orlando Magic,114,o214,-110,o215,-110,o214.5,-110,o215,-110,o215,-110,o214.5,-110,o215,-110,u214,-110,u215,-110,u214.5,-110,u215,-110,u215,-110,u214.5,-110,u215,-110
Fri Nov 11 2022,Detroit Pistons,112,New York Knicks,121,o224.5,-110,o224.5,-110,o224.5,-110,o224.5,-110,o224.5,-110,o224,-112,o224.5,-110,u224.5,-110,u224.5,-110,u224.5,-110,u224.5,-110,u224.5,-110,u224,-109,u224.5,-110
Fri Nov 11 2022,Toronto Raptors,113,Oklahoma City Thunder,132,o220,-112,o219.5,-110,o219.5,-110,o219.5,-110,o219.5,-115,o220,-108,o219.5,-110,u220,-108,u219.5,-110,u219.5,-110,u219.5,-110,u219.5,-105,u220,-113,u219.5,-110
Fri Nov 11 2022,Milwaukee Bucks,93,San Antonio Spurs,111,o220.5,-110,o219.5,-110,o219.5,-110,o218.5,-110,o218.5,-115,o219.5,-109,o219.5,-110,u220.5,-110,u219.5,-110,u219.5,-110,u218.5,-110,u218.5,-105,u219.5,-112,u219.5,-110
Fri Nov 11 2022,Minnesota Timberwolves,103,Memphis Grizzlies,114,o235.5,-110,o233.5,-110,o233.5,-115,o233.5,-110,o233.5,-110,o234.5,-112,o233.5,-110,u235.5,-110,u233.5,-110,u233.5,-105,u233.5,-110,u233.5,-110,u234.5,-109,u233.5,-110
Fri Nov 11 2022,Cleveland Cavaliers,101,Golden State Warriors,106,o229,-110,o232.5,-110,o231.5,-110,o232,-110,o232.5,-110,o233,-108,o232.5,-110,u229,-110,u232.5,-110,u231.5,-110,u232,-110,u232.5,-110,u233,-113,u232.5,-110
Fri Nov 11 2022,Sacramento Kings,120,Los Angeles Lakers,114,o226.5,-110,o233,-110,o233.5,-110,o233,-110,o233,-110,o233,-112,o233,-110,u226.5,-110,u233,-110,u233.5,-110,u233,-110,u233,-110,u233,-109,u233,-110
Sat Nov 12 2022,Brooklyn Nets,110,Los Angeles Clippers,95,o212,-110,o212,-112,o212.5,-110,o212,-110,o212.5,-110,o212,-108,o212,-112,u212,-110,u212,-108,u212.5,-110,u212,-110,u212.5,-110,u212,-113,u212,-108
Sat Nov 12 2022,Utah Jazz,112,Washington Wizards,121,o221.5,-110,o222,-110,o220.5,-110,o221.5,-110,o222,-115,o221,-112,o222,-110,u221.5,-110,u222,-110,u220.5,-110,u221.5,-110,u222,-105,u221,-109,u222,-110
Sat Nov 12 2022,Boston Celtics,117,Detroit Pistons,108,o223.5,-110,o225.5,-108,o225.5,-110,o225.5,-110,o225.5,-110,o225,-109,o225.5,-108,u223.5,-110,u225.5,-112,u225.5,-110,u225.5,-110,u225.5,-110,u225,-112,u225.5,-112
Sat Nov 12 2022,Toronto Raptors,104,Indiana Pacers,118,o228,-110,o229,-110,o229.5,-110,o229.5,-110,o229.5,-110,o229,-109,o229,-110,u228,-110,u229,-110,u229.5,-110,u229.5,-110,u229.5,-110,u229,-112,u229,-110
Sat Nov 12 2022,Atlanta Hawks,109,Philadelphia 76ers,121,o221,-108,o223,-110,o222.5,-110,o222.5,-110,o222.5,-115,o222.5,-110,o223,-110,u221,-112,u223,-110,u222.5,-110,u222.5,-110,u222.5,-105,u222.5,-110,u223,-110
Sat Nov 12 2022,Charlotte Hornets,115,Miami Heat,132,o214.5,-110,o214.5,-112,o214.5,-110,o214.5,-110,o214.5,-110,o214.5,-112,o214.5,-112,u214.5,-110,u214.5,-108,u214.5,-110,u214.5,-110,u214.5,-110,u214.5,-109,u214.5,-108
Sat Nov 12 2022,Portland Trail Blazers,112,Dallas Mavericks,117,o214,-110,o219,-110,o218.5,-110,o218.5,-110,o218.5,-110,o218.5,-108,o219,-110,u214,-110,u219,-110,u218.5,-110,u218.5,-110,u218.5,-110,u218.5,-113,u219,-110
Sat Nov 12 2022,Houston Rockets,106,New Orleans Pelicans,119,o229.5,-110,o233,-110,o232.5,-115,o233.5,-110,o233,-115,o233,-110,o233,-110,u229.5,-110,u233,-110,u232.5,-105,u233.5,-110,u233,-105,u233,-110,u233,-110
Sun Nov 13 2022,Oklahoma City Thunder,145,New York Knicks,135,o225,-112,o227.5,-110,o226.5,-110,o226.5,-110,o226,-110,o227.5,-108,o227.5,-110,u225,-108,u227.5,-110,u226.5,-110,u226.5,-110,u226,-110,u227.5,-113,u227.5,-110
Sun Nov 13 2022,Minnesota Timberwolves,129,Cleveland Cavaliers,124,o226.5,-110,o221,-112,o221.5,-110,o221,-110,o221,-115,o221.5,-108,o221,-112,u226.5,-110,u221,-108,u221.5,-110,u221,-110,u221,-105,u221.5,-113,u221,-108
Sun Nov 13 2022,Memphis Grizzlies,92,Washington Wizards,102,o220.5,-110,o217.5,-112,o217.5,-110,o218,-110,o217.5,-110,o217.5,-112,o217.5,-112,u220.5,-110,u217.5,-108,u217.5,-110,u218,-110,u217.5,-110,u217.5,-109,u217.5,-108
Sun Nov 13 2022,Utah Jazz,98,Philadelphia 76ers,105,o219.5,-110,o218,-110,o218.5,-105,o218.5,-110,o218.5,-110,o218.5,-112,o218,-110,u219.5,-110,u218,-110,u218.5,-115,u218.5,-110,u218.5,-110,u218.5,-109,u218,-110
Sun Nov 13 2022,Denver Nuggets,126,Chicago Bulls,103,o230,-110,o232,-110,o231.5,-110,o231.5,-110,o231.5,-110,o231.5,-112,o232,-110,u230,-110,u232,-110,u231.5,-110,u231.5,-110,u231.5,-110,u231.5,-109,u232,-110
Sun Nov 13 2022,Golden State Warriors,115,Sacramento Kings,122,o234,-110,o236.5,-110,o237.5,-110,o237,-110,o237,-110,o237,-113,o236.5,-110,u234,-110,u236.5,-110,u237.5,-110,u237,-110,u237,-110,u237,-108,u236.5,-110
Sun Nov 13 2022,Brooklyn Nets,103,Los Angeles Lakers,116,o222.5,-110,o217.5,-110,o217.5,-110,o217.5,-110,o217,-110,o218.5,-110,o217.5,-110,u222.5,-110,u217.5,-110,u217.5,-110,u217.5,-110,u217,-110,u218.5,-110,u217.5,-110
Mon Nov 14 2022,Toronto Raptors,115,Detroit Pistons,111,o220,-110,o218.5,-110,o218.5,-115,o218.5,-110,o218,-115,o218.5,-113,o218.5,-110,u220,-110,u218.5,-110,u218.5,-105,u218.5,-110,u218,-105,u218.5,-108,u218.5,-110
Mon Nov 14 2022,Charlotte Hornets,112,Orlando Magic,105,o221,-110,o225,-110,o224.5,-115,o225,-110,o225,-110,o225,-109,o225,-110,u221,-110,u225,-110,u224.5,-105,u225,-110,u225,-110,u225,-112,u225,-110
Mon Nov 14 2022,Oklahoma City Thunder,122,Boston Celtics,126,o229,-112,o229,-110,o229.5,-110,o229,-110,o229,-110,o229,-110,o229,-110,u229,-108,u229,-110,u229.5,-110,u229,-110,u229,-110,u229,-110,u229,-110
Mon Nov 14 2022,Phoenix Suns,112,Miami Heat,113,o217.5,-108,o215.5,-110,o215.5,-110,o216.5,-110,o216,-110,o216,-109,o215.5,-110,u217.5,-112,u215.5,-110,u215.5,-110,u216.5,-110,u216,-110,u216,-112,u215.5,-110
Mon Nov 14 2022,Los Angeles Clippers,122,Houston Rockets,106,o220,-110,o219.5,-110,o219.5,-110,o220.5,-110,o220,-110,o220,-109,o219.5,-110,u220,-110,u219.5,-110,u219.5,-110,u220.5,-110,u220,-110,u220,-112,u219.5,-110
Mon Nov 14 2022,Atlanta Hawks,121,Milwaukee Bucks,106,o225.5,-110,o225.5,-110,o225.5,-110,o226,-110,o225.5,-115,o225,-113,o225.5,-110,u225.5,-110,u225.5,-110,u225.5,-110,u226,-110,u225.5,-105,u225,-108,u225.5,-110
Mon Nov 14 2022,San Antonio Spurs,95,Golden State Warriors,132,o232.5,-110,o234,-110,o234.5,-110,o233.5,-110,o234.5,-110,o233.5,-112,o234,-110,u232.5,-110,u234,-110,u234.5,-110,u233.5,-110,u234.5,-110,u233.5,-109,u234,-110
Tue Nov 15 2022,Memphis Grizzlies,102,New Orleans Pelicans,113,o230,-110,o223.5,-110,o223.5,-110,o223.5,-110,o223.5,-110,o224,-110,o223.5,-110,u230,-110,u223.5,-110,u223.5,-110,u223.5,-110,u223.5,-110,u224,-110,u223.5,-110
Tue Nov 15 2022,Los Angeles Clippers,101,Dallas Mavericks,103,o211.5,-110,o212,-110,o211.5,-115,o212,-110,o212,-110,o211.5,-110,o212,-110,u211.5,-110,u212,-110,u211.5,-105,u212,-110,u212,-110,u211.5,-110,u212,-110
Tue Nov 15 2022,New York Knicks,118,Utah Jazz,111,o230.5,-110,o232,-110,o231.5,-110,o231.5,-110,o231.5,-110,o231.5,-113,o232,-110,u230.5,-110,u232,-110,u231.5,-110,u231.5,-110,u231.5,-110,u231.5,-108,u232,-110
Tue Nov 15 2022,San Antonio Spurs,110,Portland Trail Blazers,117,o224,-110,o226.5,-110,o225.5,-115,o226,-110,o226.5,-110,o226.5,-108,o226.5,-110,u224,-110,u226.5,-110,u225.5,-105,u226,-110,u226.5,-110,u226.5,-113,u226.5,-110
Tue Nov 15 2022,Brooklyn Nets,121,Sacramento Kings,153,o224.5,-110,o226,-110,o225.5,-110,o225,-110,o225.5,-110,o225,-113,o226,-110,u224.5,-110,u226,-110,u225.5,-110,u225,-110,u225.5,-110,u225,-108,u226,-110
Wed Nov 16 2022,Indiana Pacers,125,Charlotte Hornets,113,N/A,o236.5,-110,o235.5,-110,o236.5,-110,o237,-110,o236.5,-110,N/A,u236.5,-110,u235.5,-110,u236.5,-110,u237,-110,u236.5,-110,,,,,,
Wed Nov 16 2022,Minnesota Timberwolves,126,Orlando Magic,108,N/A,o223.5,-110,o223.5,-115,o224,-110,o224,-110,o223.5,-110,N/A,u223.5,-110,u223.5,-105,u224,-110,u224,-110,u223.5,-110,,,,,,
Wed Nov 16 2022,Oklahoma City Thunder,121,Washington Wizards,120,N/A,o230,-110,o229.5,-110,o230.5,-110,o230,-110,o230,-110,N/A,u230,-110,u229.5,-110,u230.5,-110,u230,-110,u230,-110,,,,,,
Wed Nov 16 2022,Boston Celtics,126,Atlanta Hawks,101,N/A,o234.5,-110,o234.5,-110,o234.5,-110,o234.5,-110,o234.5,-110,N/A,u234.5,-110,u234.5,-110,u234.5,-110,u234.5,-110,u234.5,-110,,,,,,
Wed Nov 16 2022,Miami Heat,104,Toronto Raptors,112,N/A,o216,-110,o216.5,-115,o216,-110,o216,-110,o216,-110,N/A,u216,-110,u216.5,-105,u216,-110,u216,-110,u216,-110,,,,,,
Wed Nov 16 2022,Cleveland Cavaliers,98,Milwaukee Bucks,113,N/A,o218.5,-108,o218.5,-110,o218.5,-110,o218.5,-110,o218.5,-108,N/A,u218.5,-112,u218.5,-110,u218.5,-110,u218.5,-110,u218.5,-112,,,,,,
Wed Nov 16 2022,Chicago Bulls,110,New Orleans Pelicans,124,N/A,o226.5,-110,o226.5,-110,o226.5,-110,o226.5,-110,o226.5,-110,N/A,u226.5,-110,u226.5,-110,u226.5,-110,u226.5,-110,u226.5,-110,,,,,,
Wed Nov 16 2022,Houston Rockets,101,Dallas Mavericks,92,N/A,o218.5,-112,o218.5,-110,o218,-110,o218,-105,o218.5,-112,N/A,u218.5,-108,u218.5,-110,u218,-110,u218,-115,u218.5,-108,,,,,,
Wed Nov 16 2022,New York Knicks,106,Denver Nuggets,103,N/A,o226,-110,o225.5,-115,o226.5,-110,o226.5,-105,o226,-110,N/A,u226,-110,u225.5,-105,u226.5,-110,u226.5,-115,u226,-110,,,,,,
Wed Nov 16 2022,Golden State Warriors,119,Phoenix Suns,130,N/A,o227,-110,o227.5,-110,o227,-110,o227,-110,o227,-110,N/A,u227,-110,u227.5,-110,u227,-110,u227,-110,u227,-110,,,,,,
Thu Nov 17 2022,Brooklyn Nets,109,Portland Trail Blazers,107,o220.5,-110,o220.5,-108,o220.5,-110,o220.5,-110,o220.5,-110,o221,-109,o220.5,-108,u220.5,-110,u220.5,-112,u220.5,-110,u220.5,-110,u220.5,-110,u221,-112,u220.5,-112
Thu Nov 17 2022,San Antonio Spurs,112,Sacramento Kings,130,o237.5,-110,o237,-112,o236.5,-110,o237,-110,o237,-110,o237.5,-108,o237,-112,u237.5,-110,u237,-108,u236.5,-110,u237,-110,u237,-110,u237.5,-113,u237,-108
Thu Nov 17 2022,Detroit Pistons,91,Los Angeles Clippers,96,o215.5,-110,o218.5,-110,o218.5,-115,o219,-110,o219,-110,o219,-113,o218.5,-110,u215.5,-110,u218.5,-110,u218.5,-105,u219,-110,u219,-110,u219,-108,u218.5,-110
Fri Nov 18 2022,Miami Heat,106,Washington Wizards,107,o218.5,-110,o216.5,-110,o216.5,-110,o217,-110,o216.5,-110,o216.5,-112,o216.5,-110,u218.5,-110,u216.5,-110,u216.5,-110,u217,-110,u216.5,-110,u216.5,-109,u216.5,-110
Fri Nov 18 2022,Charlotte Hornets,122,Cleveland Cavaliers,132,o221.5,-110,o220,-108,o220.5,-110,o220,-110,o220,-110,o221,-110,o220,-108,u221.5,-110,u220,-112,u220.5,-110,u220,-110,u220,-110,u221,-110,u220,-112
Fri Nov 18 2022,Milwaukee Bucks,102,Philadelphia 76ers,110,o218.5,-110,o211.5,-110,o211.5,-110,o212.5,-110,o212.5,-110,o211.5,-113,o211.5,-110,u218.5,-110,u211.5,-110,u211.5,-110,u212.5,-110,u212.5,-110,u211.5,-108,u211.5,-110
Fri Nov 18 2022,Orlando Magic,108,Chicago Bulls,107,o222.5,-110,o221,-110,o221.5,-110,o221,-110,o221,-110,o221.5,-109,o221,-110,u222.5,-110,u221,-110,u221.5,-110,u221,-110,u221,-110,u221.5,-112,u221,-110
Fri Nov 18 2022,Indiana Pacers,99,Houston Rockets,91,o236.5,-110,o236.5,-110,o236.5,-110,o236.5,-110,o236,-110,o237,-108,o236.5,-110,u236.5,-110,u236.5,-110,u236.5,-110,u236.5,-110,u236,-110,u237,-113,u236.5,-110
Fri Nov 18 2022,Oklahoma City Thunder,110,Memphis Grizzlies,121,o233.5,-110,o230,-110,o230.5,-110,o230,-110,o230,-110,o230,-109,o230,-110,u233.5,-110,u230,-110,u230.5,-110,u230,-110,u230,-110,u230,-112,u230,-110
Fri Nov 18 2022,Denver Nuggets,99,Dallas Mavericks,127,o216.5,-110,o216,-110,o215.5,-115,o216,-110,o216,-115,o215.5,-113,o216,-110,u216.5,-110,u216,-110,u215.5,-105,u216,-110,u216,-105,u215.5,-108,u216,-110
Fri Nov 18 2022,Boston Celtics,117,New Orleans Pelicans,109,o227.5,-110,o227,-110,o227.5,-110,o227,-110,o228,-110,o227,-113,o227,-110,u227.5,-110,u227,-110,u227.5,-110,u227,-110,u228,-110,u227,-108,u227,-110
Fri Nov 18 2022,Phoenix Suns,133,Utah Jazz,134,o226.5,-110,o228.5,-110,o227.5,-110,o228,-110,o228,-110,o228.5,-108,o228.5,-110,u226.5,-110,u228.5,-110,u227.5,-110,u228,-110,u228,-110,u228.5,-113,u228.5,-110
Fri Nov 18 2022,New York Knicks,101,Golden State Warriors,111,o233,-110,o234.5,-110,o234.5,-110,o234.5,-110,o234.5,-110,o234.5,-113,o234.5,-110,u233,-110,u234.5,-110,u234.5,-110,u234.5,-110,u234.5,-110,u234.5,-108,u234.5,-110
Fri Nov 18 2022,Detroit Pistons,121,Los Angeles Lakers,128,o225.5,-110,o226,-110,o225.5,-110,o226,-110,o226,-110,o227,-108,o226,-110,u225.5,-110,u226,-110,u225.5,-110,u226,-110,u226,-110,u227,-113,u226,-110
Sat Nov 19 2022,Toronto Raptors,122,Atlanta Hawks,124,o225,-110,o226.5,-110,o226.5,-105,o226,-110,o226,-110,o226.5,-108,o226.5,-110,u225,-110,u226.5,-110,u226.5,-115,u226,-110,u226,-110,u226.5,-113,u226.5,-110
Sat Nov 19 2022,Orlando Magic,113,Indiana Pacers,114,o230.5,-110,o226,-110,o226.5,-105,o226,-110,o226.5,-110,o226,-113,o226,-110,u230.5,-110,u226,-110,u226.5,-115,u226,-110,u226.5,-110,u226,-108,u226,-110
Sat Nov 19 2022,Minnesota Timberwolves,112,Philadelphia 76ers,109,o223,-110,o218,-110,o218.5,-110,o218,-110,o218.5,-105,o218,-113,o218,-110,u223,-110,u218,-110,u218.5,-110,u218,-110,u218.5,-115,u218,-108,u218,-110
Sat Nov 19 2022,Utah Jazz,118,Portland Trail Blazers,113,o223,-110,o228,-110,o227.5,-110,o228,-110,o228,-110,o228,-108,o228,-110,u223,-110,u228,-110,u227.5,-110,u228,-110,u228,-110,u228,-113,u228,-110
Sat Nov 19 2022,San Antonio Spurs,97,Los Angeles Clippers,119,o224.5,-110,o221,-110,o221.5,-110,o221,-110,o221,-110,o221.5,-108,o221,-110,u224.5,-110,u221,-110,u221.5,-110,u221,-110,u221,-110,u221.5,-113,u221,-110
Sun Nov 20 2022,New York Knicks,95,Phoenix Suns,116,o226,-110,o226.5,-110,o226.5,-110,o226.5,-110,o226.5,-110,o226.5,-112,o226.5,-110,u226,-110,u226.5,-110,u226.5,-110,u226.5,-110,u226.5,-110,u226.5,-109,u226.5,-110
Sun Nov 20 2022,Detroit Pistons,129,Sacramento Kings,137,o233.5,-110,o234.5,-110,o234.5,-110,o234.5,-110,o234.5,-115,o234,-109,o234.5,-110,u233.5,-110,u234.5,-110,u234.5,-110,u234.5,-110,u234.5,-105,u234,-112,u234.5,-110
Sun Nov 20 2022,Charlotte Hornets,102,Washington Wizards,106,o221,-110,o220.5,-110,o220.5,-110,o220.5,-110,o220.5,-110,o220.5,-109,o220.5,-110,u221,-110,u220.5,-110,u220.5,-110,u220.5,-110,u220.5,-110,u220.5,-112,u220.5,-110
Sun Nov 20 2022,Memphis Grizzlies,115,Brooklyn Nets,127,o222,-110,o224,-110,o223.5,-110,o224,-110,o223.5,-110,o224.5,-112,o224,-110,u222,-110,u224,-110,u223.5,-110,u224,-110,u223.5,-110,u224.5,-109,u224,-110
Sun Nov 20 2022,Miami Heat,87,Cleveland Cavaliers,113,o214.5,-110,o213,-108,o212.5,-115,o213,-110,o213,-110,o214,-109,o213,-108,u214.5,-110,u213,-112,u212.5,-105,u213,-110,u213,-110,u214,-112,u213,-112
Sun Nov 20 2022,Golden State Warriors,127,Houston Rockets,120,o232.5,-110,o233,-114,o232.5,-115,o232.5,-110,o232.5,-110,o233,-108,o233,-114,u232.5,-110,u233,-105,u232.5,-105,u232.5,-110,u232.5,-110,u233,-113,u233,-105
Sun Nov 20 2022,Denver Nuggets,98,Dallas Mavericks,97,o217.5,-110,o217.5,-108,o217.5,-110,o217,-110,o217,-110,o217.5,-113,o217.5,-108,u217.5,-110,u217.5,-112,u217.5,-110,u217,-110,u217,-110,u217.5,-108,u217.5,-112
Sun Nov 20 2022,San Antonio Spurs,92,Los Angeles Lakers,123,o229.5,-110,o229,-110,o228.5,-110,o228.5,-110,o228.5,-105,o229.5,-112,o229,-110,u229.5,-110,u229,-110,u228.5,-110,u228.5,-110,u228.5,-115,u229.5,-109,u229,-110
Mon Nov 21 2022,Atlanta Hawks,102,Cleveland Cavaliers,114,o224.5,-110,o228,-112,o227.5,-110,o227.5,-110,o227.5,-110,o228,-112,u224.5,-110,u228,-108,u227.5,-110,u227.5,-110,u227.5,-110,u228,-108,,,,
Mon Nov 21 2022,Orlando Magic,102,Indiana Pacers,123,N/A,o225.5,-110,o225.5,-115,o225,-110,o226,-110,o225.5,-110,N/A,u225.5,-110,u225.5,-105,u225,-110,u226,-110,u225.5,-110,,,,,,
Mon Nov 21 2022,Boston Celtics,107,Chicago Bulls,121,N/A,o229.5,-110,o229.5,-110,o230,-110,o230,-110,o229.5,-110,N/A,u229.5,-110,u229.5,-110,u230,-110,u230,-110,u229.5,-110,,,,,,
Mon Nov 21 2022,Portland Trail Blazers,111,Milwaukee Bucks,119,N/A,o213.5,-110,o213.5,-110,o213.5,-110,o213.5,-110,o213.5,-110,N/A,u213.5,-110,u213.5,-110,u213.5,-110,u213.5,-110,u213.5,-110,,,,,,
Mon Nov 21 2022,Miami Heat,101,Minnesota Timberwolves,105,N/A,o220.5,-110,o220.5,-110,o220.5,-110,o220.5,-110,o220.5,-110,N/A,u220.5,-110,u220.5,-110,u220.5,-110,u220.5,-110,u220.5,-110,,,,,,
Mon Nov 21 2022,Golden State Warriors,83,New Orleans Pelicans,128,N/A,o227.5,-110,o227.5,-110,o227.5,-110,o228,-110,o227.5,-110,N/A,u227.5,-110,u227.5,-110,u227.5,-110,u228,-110,u227.5,-110,,,,,,
Mon Nov 21 2022,New York Knicks,129,Oklahoma City Thunder,119,N/A,o228,-110,o228.5,-110,o227.5,-110,o227.5,-110,o228,-110,N/A,u228,-110,u228.5,-110,u227.5,-110,u227.5,-110,u228,-110,,,,,,
Mon Nov 21 2022,Utah Jazz,114,Los Angeles Clippers,121,o222,-110,o222.5,-110,o222.5,-110,o222.5,-110,o222.5,-110,o222.5,-110,u222,-110,u222.5,-110,u222.5,-110,u222.5,-110,u222.5,-110,u222.5,-110,,,,
Tue Nov 22 2022,Brooklyn Nets,106,Philadelphia 76ers,115,o217.5,-110,o218,-110,o217.5,-110,o217,-110,o217.5,-110,o217.5,-109,o218,-110,u217.5,-110,u218,-110,u217.5,-110,u217,-110,u217.5,-110,u217.5,-112,u218,-110
Tue Nov 22 2022,Sacramento Kings,113,Memphis Grizzlies,109,o232.5,-110,o237,-110,o237.5,-110,o237,-110,o237,-110,o236,-113,o237,-110,u232.5,-110,u237,-110,u237.5,-110,u237,-110,u237,-110,u236,-108,u237,-110
Tue Nov 22 2022,Detroit Pistons,110,Denver Nuggets,108,o224,-110,o227,-110,o227.5,-110,o227.5,-110,o227.5,-110,o226.5,-109,o227,-110,u224,-110,u227,-110,u227.5,-110,u227.5,-110,u227.5,-110,u226.5,-112,u227,-110
Tue Nov 22 2022,Los Angeles Lakers,105,Phoenix Suns,115,o229.5,-110,o226.5,-110,o226.5,-110,o226.5,-110,o226.5,-110,o226.5,-113,o226.5,-110,u229.5,-110,u226.5,-110,u226.5,-110,u226.5,-110,u226.5,-110,u226.5,-108,u226.5,-110
Wed Nov 23 2022,Philadelphia 76ers,101,Charlotte Hornets,107,o214.5,-110,o216,-110,o215.5,-110,o215.5,-110,o215.5,-110,o214,-112,o215.5,-110,u214.5,-110,u216,-110,u215.5,-110,u215.5,-110,u215.5,-110,u214,-109,u215.5,-110
Wed Nov 23 2022,Portland Trail Blazers,96,Cleveland Cavaliers,114,o218,-110,o214,-110,o213.5,-110,o213.5,-110,o214,-105,o214,-112,o214,-110,u218,-110,u214,-110,u213.5,-110,u213.5,-110,u214,-115,u214,-109,u214,-110
Wed Nov 23 2022,Minnesota Timberwolves,115,Indiana Pacers,101,o235,-110,o237.5,-110,o237.5,-105,o237.5,-110,o237.5,-110,o238,-112,o237.5,-110,u235,-110,u237.5,-110,u237.5,-115,u237.5,-110,u237.5,-110,u238,-109,u237.5,-110
Wed Nov 23 2022,Sacramento Kings,106,Atlanta Hawks,115,o238.5,-110,o241.5,-110,o241.5,-110,o241,-110,o241,-115,o240.5,-110,o241.5,-110,u238.5,-110,u241.5,-112,u241.5,-110,u241,-110,u241,-105,u240.5,-110,u241.5,-112
Wed Nov 23 2022,Dallas Mavericks,112,Boston Celtics,125,o218.5,-108,o221.5,-110,o221.5,-110,o221.5,-110,o221.5,-110,o222,-108,o221.5,-110,u218.5,-112,u221.5,-110,u221.5,-110,u221.5,-110,u221.5,-110,u222,-113,u221.5,-110
Wed Nov 23 2022,Washington Wizards,105,Miami Heat,113,o211.5,-110,o209,-110,o208.5,-110,o209,-110,o208.5,-110,o208,-113,o209,-110,u211.5,-110,u209,-110,u208.5,-110,u209,-110,u208.5,-110,u208,-108,u209,-110
Wed Nov 23 2022,Brooklyn Nets,112,Toronto Raptors,98,o222,-110,o222.5,-110,o222.5,-110,o223,-110,o222.5,-115,o222.5,-108,o222.5,-110,u222,-110,u222.5,-110,u222.5,-110,u223,-110,u222.5,-105,u222.5,-113,u222.5,-110
Wed Nov 23 2022,Chicago Bulls,118,Milwaukee Bucks,113,o218.5,-110,o224,-108,o224.5,-110,o223.5,-110,o223.5,-105,o224,-108,o224,-108,u218.5,-110,u224,-112,u224.5,-110,u223.5,-110,u223.5,-115,u224,-113,u224,-112
Wed Nov 23 2022,Denver Nuggets,131,Oklahoma City Thunder,126,o229,-110,o230,-110,o230.5,-110,o230,-110,o230,-110,o229.5,-110,o230,-110,u229,-110,u230,-110,u230.5,-110,u230,-110,u230,-110,u229.5,-110,u230,-110
Wed Nov 23 2022,New Orleans Pelicans,129,San Antonio Spurs,110,o232,-110,o227.5,-112,o226.5,-110,o227,-110,o227,-110,o228,-108,o227.5,-112,u232,-110,u227.5,-108,u226.5,-110,u227,-110,u227,-110,u228,-113,u227.5,-108
Wed Nov 23 2022,Detroit Pistons,125,Utah Jazz,116,o228.5,-110,o234,-110,o233.5,-115,o234,-110,o234,-110,o234,-110,o234,-110,u228.5,-110,u234,-110,u233.5,-105,u234,-110,u234,-110,u234,-110,u234,-110
Wed Nov 23 2022,Los Angeles Clippers,107,Golden State Warriors,124,o223,-110,o223,-112,o222.5,-110,o223,-110,o223,-105,o223,-110,o223,-112,u223,-110,u223,-108,u222.5,-110,u223,-110,u223,-115,u223,-110,u223,-108
Fri Nov 25 2022,Minnesota Timberwolves,108,Charlotte Hornets,110,N/A,o227,-110,o226.5,-110,o226.5,-110,o228,-110,o227,-110,N/A,u227,-110,u226.5,-110,u226.5,-110,u228,-110,u227,-110,,,,,,
Fri Nov 25 2022,Philadelphia 76ers,107,Orlando Magic,99,N/A,o214.5,-110,o213.5,-110,o214.5,-110,o214.5,-110,o214.5,-110,N/A,u214.5,-110,u213.5,-110,u214.5,-110,u214.5,-110,u214.5,-110,,,,,,
Fri Nov 25 2022,Portland Trail Blazers,132,New York Knicks,129,N/A,o217,-110,o217.5,-110,o216.5,-110,o217,-110,o217,-110,N/A,u217,-110,u217.5,-110,u216.5,-110,u217,-110,u217,-110,,,,,,
Fri Nov 25 2022,Sacramento Kings,104,Boston Celtics,122,o235.5,-110,o238.5,-110,o238.5,-110,o238,-110,o239,-105,o238.5,-110,u235.5,-110,u238.5,-110,u238.5,-110,u238,-110,u239,-115,u238.5,-110,,,,
Fri Nov 25 2022,Atlanta Hawks,122,Houston Rockets,128,N/A,o231.5,-110,o231.5,-110,o231.5,-110,o232.5,-110,o231.5,-110,N/A,u231.5,-110,u231.5,-110,u231.5,-110,u232.5,-110,u231.5,-110,,,,,,
Fri Nov 25 2022,Brooklyn Nets,117,Indiana Pacers,128,N/A,o233.5,-110,o233.5,-110,o233.5,-110,o233.5,-110,o233.5,-110,N/A,u233.5,-110,u233.5,-110,u233.5,-110,u233.5,-110,u233.5,-110,,,,,,
Fri Nov 25 2022,New Orleans Pelicans,111,Memphis Grizzlies,132,N/A,o226.5,-110,o227.5,-110,o227,-110,o227,-105,o226.5,-110,N/A,u226.5,-110,u227.5,-110,u227,-110,u227,-115,u226.5,-110,,,,,,
Fri Nov 25 2022,Washington Wizards,107,Miami Heat,110,N/A,o214.5,-110,o214.5,-115,o214,-110,o214.5,-110,o214.5,-110,N/A,u214.5,-110,u214.5,-105,u214,-110,u214.5,-110,u214.5,-110,,,,,,
Fri Nov 25 2022,Cleveland Cavaliers,102,Milwaukee Bucks,117,o216.5,-110,o215.5,-110,o215.5,-110,o215.5,-110,o215.5,-110,o215.5,-110,u216.5,-110,u215.5,-110,u215.5,-110,u215.5,-110,u215.5,-110,u215.5,-110,,,,
Fri Nov 25 2022,Chicago Bulls,119,Oklahoma City Thunder,123,N/A,o232.5,-110,o232.5,-110,o232.5,-110,o232.5,-110,o232.5,-110,N/A,u232.5,-110,u232.5,-110,u232.5,-110,u232.5,-110,u232.5,-110,,,,,,
Fri Nov 25 2022,Los Angeles Lakers,105,San Antonio Spurs,94,N/A,o235,-110,o235.5,-110,o235,-110,o235,-110,o235,-110,N/A,u235,-110,u235.5,-110,u235,-110,u235,-110,u235,-110,,,,,,
Fri Nov 25 2022,Detroit Pistons,102,Phoenix Suns,108,N/A,o224,-110,o224.5,-110,o224,-110,o224,-110,o224,-110,N/A,u224,-110,u224.5,-110,u224,-110,u224,-110,u224,-110,,,,,,
Fri Nov 25 2022,Utah Jazz,118,Golden State Warriors,129,N/A,o239.5,-110,o239.5,-110,o239.5,-110,o239.5,-110,o239.5,-110,N/A,u239.5,-110,u239.5,-110,u239.5,-110,u239.5,-110,u239.5,-110,,,,,,
Fri Nov 25 2022,Denver Nuggets,114,Los Angeles Clippers,104,o220.5,-110,o218.5,-110,o218.5,-110,o219,-110,o219,-110,o218.5,-110,u220.5,-110,u218.5,-110,u218.5,-110,u219,-110,u219,-110,u218.5,-110,,,,
Sat Nov 26 2022,Dallas Mavericks,100,Toronto Raptors,105,o216,-110,o214.5,-110,o214.5,-110,o215,-110,o214.5,-110,o214.5,-112,o214.5,-110,u216,-110,u214.5,-110,u214.5,-110,u215,-110,u214.5,-110,u214.5,-109,u214.5,-110
Sat Nov 26 2022,Oklahoma City Thunder,105,Houston Rockets,118,o233,-110,o231.5,-110,o231.5,-110,o231.5,-110,o231.5,-115,o231.5,-108,o231.5,-110,u233,-110,u231.5,-110,u231.5,-110,u231.5,-110,u231.5,-105,u231.5,-113,u231.5,-110
Sat Nov 26 2022,Los Angeles Lakers,143,San Antonio Spurs,138,o229,-110,o231,-110,o231.5,-110,o231,-115,o231,-115,o231.5,-112,o231,-110,u229,-110,u231,-110,u231.5,-110,u231,-105,u231,-105,u231.5,-109,u231,-110
Sat Nov 26 2022,Utah Jazz,112,Phoenix Suns,113,o230,-110,o232,-110,o232.5,-110,o232,-110,o232,-110,o232,-109,o232,-110,u230,-110,u232,-110,u232.5,-110,u232,-110,u232,-110,u232,-112,u232,-110
Sun Nov 27 2022,Portland Trail Blazers,97,Brooklyn Nets,111,o222.5,-110,o223.5,-110,o223.5,-110,o224,-110,o224,-110,o224,-109,o223.5,-110,u222.5,-110,u223.5,-110,u223.5,-110,u224,-110,u224,-110,u224,-112,u223.5,-110
Sun Nov 27 2022,Golden State Warriors,137,Minnesota Timberwolves,114,o233.5,-110,o237.5,-110,o237.5,-110,o237,-110,o237.5,-110,o237.5,-109,o237.5,-110,u233.5,-110,u237.5,-110,u237.5,-110,u237,-110,u237.5,-110,u237.5,-112,u237.5,-110
Sun Nov 27 2022,Indiana Pacers,100,Los Angeles Clippers,114,o222.5,-110,o220.5,-110,o220.5,-110,o220.5,-110,o220.5,-110,o221,-109,o220.5,-110,u222.5,-110,u220.5,-110,u220.5,-110,u220.5,-110,u220.5,-110,u221,-112,u220.5,-110
Sun Nov 27 2022,Miami Heat,106,Atlanta Hawks,98,o221.5,-110,o226,-110,o226.5,-110,o226,-110,o226.5,-110,o226,-108,o226,-110,u221.5,-110,u226,-110,u226.5,-110,u226,-110,u226.5,-110,u226,-113,u226,-110
Sun Nov 27 2022,Washington Wizards,121,Boston Celtics,130,o224.5,-110,o220.5,-110,o220.5,-110,o220.5,-110,o220.5,-110,o220,-113,o220.5,-110,u224.5,-110,u220.5,-110,u220.5,-110,u220.5,-110,u220.5,-110,u220,-108,u220.5,-110
Sun Nov 27 2022,Cleveland Cavaliers,102,Detroit Pistons,94,o222.5,-110,o218.5,-110,o218.5,-110,o218.5,-110,o218.5,-110,o218,-113,o218.5,-110,u222.5,-110,u218.5,-110,u218.5,-110,u218.5,-110,u218.5,-110,u218,-108,u218.5,-110
Sun Nov 27 2022,Memphis Grizzlies,127,New York Knicks,123,o231.5,-110,o228,-110,o228.5,-110,o228,-110,o228,-110,o228.5,-110,o228,-110,u231.5,-110,u228,-110,u228.5,-110,u228,-110,u228,-110,u228.5,-110,u228,-110
Sun Nov 27 2022,Philadelphia 76ers,133,Orlando Magic,103,o214.5,-110,o213,-110,o212.5,-115,o213,-110,o213,-110,o213.5,-113,o213,-110,u214.5,-110,u213,-110,u212.5,-105,u213,-110,u213,-110,u213.5,-108,u213,-110
Sun Nov 27 2022,Dallas Mavericks,115,Milwaukee Bucks,124,o215.5,-110,o215.5,-110,o215.5,-110,o215.5,-110,o216,-105,o216,-109,o215.5,-110,u215.5,-110,u215.5,-110,u215.5,-110,u215.5,-110,u216,-115,u216,-112,u215.5,-110
Mon Nov 28 2022,Atlanta Hawks,101,Philadelphia 76ers,104,N/A,o220.5,-110,o220.5,-110,o220.5,-110,o220.5,-110,o220.5,-110,N/A,u220.5,-110,u220.5,-110,u220.5,-110,u220.5,-110,u220.5,-110,,,,,,
Mon Nov 28 2022,Minnesota Timberwolves,127,Washington Wizards,142,N/A,o227.5,-110,o227.5,-110,o227.5,-110,o227.5,-110,o227.5,-110,N/A,u227.5,-110,u227.5,-110,u227.5,-110,u227.5,-110,u227.5,-110,,,,,,
Mon Nov 28 2022,Charlotte Hornets,105,Boston Celtics,140,o219.5,-110,o225.5,-110,o225.5,-110,o225,-110,o225,-110,o225.5,-110,u219.5,-110,u225.5,-110,u225.5,-110,u225,-110,u225,-110,u225.5,-110,,,,
Mon Nov 28 2022,Orlando Magic,102,Brooklyn Nets,109,N/A,o224,-110,o223.5,-110,o223.5,-110,o223.5,-110,o224,-110,N/A,u224,-110,u223.5,-110,u223.5,-110,u223.5,-110,u224,-110,,,,,,
Mon Nov 28 2022,Cleveland Cavaliers,88,Toronto Raptors,100,N/A,o218.5,-110,o218.5,-115,o218.5,-110,o218.5,-110,o218.5,-110,N/A,u218.5,-110,u218.5,-105,u218.5,-110,u218.5,-110,u218.5,-110,,,,,,
Mon Nov 28 2022,Oklahoma City Thunder,101,New Orleans Pelicans,105,N/A,o233,-110,o232.5,-110,o232.5,-110,o232.5,-110,o233,-110,N/A,u233,-110,u232.5,-110,u232.5,-110,u232.5,-110,u233,-110,,,,,,
Mon Nov 28 2022,Houston Rockets,113,Denver Nuggets,129,N/A,o228.5,-110,o228.5,-110,o227.5,-110,o228,-110,o228.5,-110,N/A,u228.5,-110,u228.5,-110,u227.5,-110,u228,-110,u228.5,-110,,,,,,
Mon Nov 28 2022,Chicago Bulls,114,Utah Jazz,107,N/A,o235,-110,o234.5,-110,o235,-110,o235,-110,o235,-110,N/A,u235,-110,u234.5,-110,u235,-110,u235,-110,u235,-110,,,,,,
Mon Nov 28 2022,Phoenix Suns,122,Sacramento Kings,117,N/A,o234,-110,o232.5,-115,o234.5,-110,o234.5,-110,o234,-110,N/A,u234,-110,u232.5,-105,u234.5,-110,u234.5,-110,u234,-110,,,,,,
Mon Nov 28 2022,Indiana Pacers,116,Los Angeles Lakers,115,N/A,o237.5,-110,o237.5,-115,o237.5,-110,o237.5,-110,o237.5,-110,N/A,u237.5,-110,u237.5,-105,u237.5,-110,u237.5,-110,u237.5,-110,,,,,,
Tue Nov 29 2022,New York Knicks,140,Detroit Pistons,110,N/A,o226.5,-110,o226.5,-110,o226,-110,o226.5,-110,o226.5,-110,N/A,u226.5,-110,u226.5,-110,u226,-110,u226.5,-110,u226.5,-110,,,,,,
Tue Nov 29 2022,Golden State Warriors,113,Dallas Mavericks,116,N/A,o227,-112,o227.5,-110,o227,-110,o227.5,-105,o227,-112,N/A,u227,-108,u227.5,-110,u227,-110,u227.5,-115,u227,-108,,,,,,
Tue Nov 29 2022,Los Angeles Clippers,118,Portland Trail Blazers,112,o216.5,-110,o211,-110,o210.5,-115,o211,-110,o211,-110,o211,-110,u216.5,-110,u211,-110,u210.5,-105,u211,-110,u211,-110,u211,-110,,,,
Wed Nov 30 2022,Philadelphia 76ers,85,Cleveland Cavaliers,113,o211,-112,o209.5,-110,o209.5,-110,o209.5,-110,o209,-110,o209,-109,o209.5,-110,u211,-108,u209.5,-110,u209.5,-110,u209.5,-110,u209,-110,u209,-112,u209.5,-110
Wed Nov 30 2022,Atlanta Hawks,125,Orlando Magic,108,o225.5,-110,o228,-110,o227.5,-110,o228,-110,o228,-110,o228,-113,o228,-110,u225.5,-110,u228,-110,u227.5,-110,u228,-110,u228,-110,u228,-108,u228,-110
Wed Nov 30 2022,Miami Heat,121,Boston Celtics,134,o224.5,-110,o225,-110,o223.5,-110,o224.5,-110,o224.5,-110,o224.5,-113,o225,-110,u224.5,-110,u225,-110,u223.5,-110,u224.5,-110,u224.5,-110,u224.5,-108,u225,-110
Wed Nov 30 2022,Washington Wizards,107,Brooklyn Nets,113,o223.5,-110,o228,-110,o228.5,-110,o228,-110,o228,-110,o228,-110,o228,-110,u223.5,-110,u228,-110,u228.5,-110,u228,-110,u228,-110,u228,-110,u228,-110
Wed Nov 30 2022,Milwaukee Bucks,109,New York Knicks,103,o226.5,-110,o227.5,-110,o227.5,-110,o227.5,-110,o227.5,-115,o227.5,-109,o227.5,-110,u226.5,-110,u227.5,-110,u227.5,-110,u227.5,-110,u227.5,-105,u227.5,-112,u227.5,-110
Wed Nov 30 2022,Memphis Grizzlies,101,Minnesota Timberwolves,109,o232,-110,o232,-110,o231.5,-110,o231.5,-110,o231.5,-110,o232,-109,o232,-110,u232,-110,u232,-110,u231.5,-110,u231.5,-110,u231.5,-110,u232,-112,u232,-110
Wed Nov 30 2022,Toronto Raptors,108,New Orleans Pelicans,126,o224.5,-110,o221.5,-110,o221.5,-110,o221.5,-110,o221.5,-110,o221.5,-112,o221.5,-110,u224.5,-110,u221.5,-110,u221.5,-110,u221.5,-110,u221.5,-110,u221.5,-109,u221.5,-110
Wed Nov 30 2022,San Antonio Spurs,111,Oklahoma City Thunder,119,o237.5,-110,o230,-110,o229.5,-110,o230,-110,o229.5,-110,o230,-110,o230,-110,u237.5,-110,u230,-110,u229.5,-110,u230,-110,u229.5,-110,u230,-110,u230,-110
Wed Nov 30 2022,Houston Rockets,100,Denver Nuggets,120,o231.5,-110,o230,-110,o230.5,-110,o230,-110,o230,-110,o230,-109,o230,-110,u231.5,-110,u230,-110,u230.5,-110,u230,-110,u230,-110,u230,-112,u230,-110
Wed Nov 30 2022,Chicago Bulls,113,Phoenix Suns,132,o224,-108,o227,-110,o226.5,-110,o226.5,-110,o226.5,-115,o226.5,-109,o227,-110,u224,-112,u227,-110,u226.5,-110,u226.5,-110,u226.5,-105,u226.5,-112,u227,-110
Wed Nov 30 2022,Los Angeles Clippers,112,Utah Jazz,125,o226.5,-110,o223,-110,o222.5,-110,o223,-110,o223,-110,o222.5,-113,o223,-110,u226.5,-110,u223,-110,u222.5,-110,u223,-110,u223,-110,u222.5,-108,u223,-110
Wed Nov 30 2022,Indiana Pacers,114,Sacramento Kings,137,o239,-110,o242.5,-110,o242.5,-110,o242.5,-110,o242.5,-110,o242.5,-109,o242.5,-110,u239,-110,u242.5,-110,u242.5,-110,u242.5,-110,u242.5,-110,u242.5,-112,u242.5,-110
Wed Nov 30 2022,Portland Trail Blazers,109,Los Angeles Lakers,128,o226,-110,o223.5,-110,o224.5,-110,o223.5,-110,o224,-110,o224,-112,o223.5,-110,u226,-110,u223.5,-110,u224.5,-110,u223.5,-110,u224,-110,u224,-109,u223.5,-110
Thu Dec 1 2022,Dallas Mavericks,125,Detroit Pistons,131,o222,-110,o221,-110,o221.5,-110,o221.5,-110,o221.5,-110,o221.5,-110,o221,-110,u222,-110,u221,-110,u221.5,-110,u221.5,-110,u221.5,-110,u221.5,-110,u221,-110
Fri Dec 2 2022,Washington Wizards,116,Charlotte Hornets,117,o221.5,-110,o225.5,-110,o225.5,-110,o225.5,-110,o226,-105,o225.5,-110,o225.5,-110,u221.5,-110,u225.5,-110,u225.5,-110,u225.5,-110,u226,-115,u225.5,-110,u225.5,-110
Fri Dec 2 2022,Denver Nuggets,109,Atlanta Hawks,117,o231,-110,o225.5,-110,o224.5,-110,o225.5,-110,o225.5,-110,o224,-108,o225,-110,u231,-110,u225.5,-110,u224.5,-110,u225.5,-110,u225.5,-110,u224,-112,u225,-110
Fri Dec 2 2022,Miami Heat,120,Boston Celtics,116,o224.5,-110,o226.5,-110,o226.5,-110,o227,-110,o227,-110,o226.5,-113,o226.5,-110,u224.5,-110,u226.5,-110,u226.5,-110,u227,-110,u227,-110,u226.5,-108,u226.5,-110
Fri Dec 2 2022,Toronto Raptors,105,Brooklyn Nets,114,o222.5,-110,o223,-110,o223.5,-115,o223,-110,o222.5,-110,o223,-112,o223,-110,u222.5,-110,u223,-110,u223.5,-105,u223,-110,u222.5,-110,u223,-109,u223,-110
Fri Dec 2 2022,Orlando Magic,96,Cleveland Cavaliers,107,o214.5,-110,o218,-110,o217.5,-110,o218,-110,o218,-110,o217.5,-109,o218,-110,u214.5,-110,u218,-110,u217.5,-110,u218,-110,u218,-110,u217.5,-112,u218,-110
Fri Dec 2 2022,Los Angeles Lakers,133,Milwaukee Bucks,129,o227.5,-110,o230.5,-108,o230.5,-115,o230.5,-110,o230.5,-110,o231,-109,o230.5,-108,u227.5,-110,u230.5,-112,u230.5,-105,u230.5,-110,u230.5,-110,u231,-112,u230.5,-112
Fri Dec 2 2022,Philadelphia 76ers,109,Memphis Grizzlies,117,o218.5,-110,o218,-112,o217.5,-115,o218,-110,o218,-110,o218,-112,o218,-112,u218.5,-112,u218,-108,u217.5,-105,u218,-110,u218,-110,u218,-109,u218,-108
Fri Dec 2 2022,New Orleans Pelicans,117,San Antonio Spurs,99,o231.5,-110,o233,-110,o232.5,-115,o233,-110,o233,-110,o233,-108,o233,-110,u231.5,-110,u233,-110,u232.5,-105,u233,-110,u233,-110,u233,-113,u233,-110
Fri Dec 2 2022,Houston Rockets,122,Phoenix Suns,121,o228.5,-110,o229.5,-110,o229.5,-110,o229.5,-110,o229.5,-110,o229,-109,o229.5,-110,u228.5,-110,u229.5,-110,u229.5,-110,u229.5,-110,u229.5,-110,u229,-112,u229.5,-110
Fri Dec 2 2022,Indiana Pacers,119,Utah Jazz,139,o238.5,-110,o239.5,-110,o239.5,-115,o239.5,-110,o239.5,-110,o241,-110,o239.5,-110,u238.5,-110,u239.5,-110,u239.5,-105,u239.5,-110,u239.5,-110,u241,-110,u239.5,-110
Fri Dec 2 2022,Chicago Bulls,111,Golden State Warriors,119,o233.5,-110,o237.5,-110,o237.5,-110,o237.5,-110,o237,-120,o237.5,-109,o237.5,-110,u233.5,-110,u237.5,-110,u237.5,-110,u237.5,-110,u237,even,u237.5,-112,u237.5,-110
Sat Dec 3 2022,Dallas Mavericks,121,New York Knicks,100,o225,-110,o224,-110,o224.5,-110,o224,-110,o224.5,-110,o223,-113,o224,-110,u225,-110,u224,-110,u224.5,-110,u224,-110,u224.5,-110,u223,-108,u224,-110
Sat Dec 3 2022,Sacramento Kings,123,Los Angeles Clippers,96,o224.5,-110,o227.5,-110,o227.5,-115,o228,-110,o227.5,-110,o228,-110,o227.5,-110,u224.5,-110,u227.5,-110,u227.5,-105,u228,-110,u227.5,-110,u228,-110,u227.5,-110
Sat Dec 3 2022,Milwaukee Bucks,105,Charlotte Hornets,96,o223.5,-110,o220.5,-108,o220.5,-110,o220.5,-110,o220,-110,o221,-109,o220.5,-108,u223.5,-110,u220.5,-112,u220.5,-110,u220.5,-110,u220,-110,u221,-112,u220.5,-112
Sat Dec 3 2022,Oklahoma City Thunder,135,Minnesota Timberwolves,128,o232.5,-110,o233.5,-110,o233.5,-110,o233.5,-110,o233,-110,o233.5,-112,o233.5,-110,u232.5,-110,u233.5,-110,u233.5,-110,u233.5,-110,u233,-110,u233.5,-109,u233.5,-110
Sat Dec 3 2022,Orlando Magic,108,Toronto Raptors,121,o216.5,-110,o220,-110,o220.5,-110,o220.5,-110,o220.5,-110,o220,-109,o220,-110,u216.5,-110,u220,-110,u220.5,-110,u220.5,-110,u220.5,-110,u220,-112,u220,-110
Sat Dec 3 2022,Houston Rockets,101,Golden State Warriors,120,o233,-110,o235.5,-110,o235.5,-110,o235,-110,o235.5,-110,o235.5,-110,o235.5,-110,u233,-110,u235.5,-110,u235.5,-110,u235,-110,u235.5,-110,u235.5,-110,u235.5,-110
Sat Dec 3 2022,Portland Trail Blazers,116,Utah Jazz,111,o225.5,-110,o227.5,-110,o227.5,-110,o227.5,-110,o228,-110,o226.5,-113,o227.5,-110,u225.5,-110,u227.5,-110,u227.5,-110,u227.5,-110,u228,-110,u226.5,-108,u227.5,-110
Sun Dec 4 2022,Denver Nuggets,106,New Orleans Pelicans,121,o228.5,-110,o230.5,-110,o230.5,-110,o231,-110,o231,-105,o230.5,-113,o230.5,-110,u228.5,-110,u230.5,-110,u230.5,-110,u231,-110,u231,-115,u230.5,-108,u230.5,-110
Sun Dec 4 2022,Phoenix Suns,133,San Antonio Spurs,95,o230.5,-110,o230.5,-112,o230.5,-110,o230.5,-110,o231,-110,o230.5,-112,o230.5,-112,u230.5,-110,u230.5,-108,u230.5,-110,u230.5,-110,u231,-110,u230.5,-109,u230.5,-108
Sun Dec 4 2022,Boston Celtics,103,Brooklyn Nets,92,o234,-110,o229.5,-110,o230.5,-110,o230.5,-110,o230.5,-110,o230.5,-110,o229.5,-110,u234,-110,u229.5,-110,u230.5,-110,u230.5,-110,u230.5,-110,u230.5,-110,u229.5,-110
Sun Dec 4 2022,Memphis Grizzlies,122,Detroit Pistons,112,o230.5,-110,o228.5,-112,o228.5,-110,o228.5,-110,o228.5,-110,o228.5,-112,o228.5,-112,u230.5,-110,u228.5,-108,u228.5,-110,u228.5,-110,u228.5,-110,u228.5,-109,u228.5,-108
Sun Dec 4 2022,Cleveland Cavaliers,81,New York Knicks,92,o222,-110,o222.5,-108,o222.5,-110,o222.5,-110,o222.5,-110,o222.5,-112,o222.5,-108,u222,-110,u222.5,-112,u222.5,-110,u222.5,-110,u222.5,-110,u222.5,-109,u222.5,-112
Sun Dec 4 2022,Chicago Bulls,101,Sacramento Kings,110,o237.5,-112,o239.5,-110,o239.5,-110,o239.5,-110,o239.5,-110,o239.5,-109,o239.5,-110,u237.5,-108,u239.5,-110,u239.5,-110,u239.5,-110,u239.5,-110,u239.5,-112,u239.5,-110
Sun Dec 4 2022,Los Angeles Lakers,130,Washington Wizards,119,o233.5,-110,o233.5,-110,o234.5,-110,o234.5,-110,o234.5,-110,o234.5,-110,o233.5,-110,u233.5,-110,u233.5,-110,u234.5,-110,u234.5,-110,u234.5,-110,u234.5,-110,u233.5,-110
Sun Dec 4 2022,Indiana Pacers,100,Portland Trail Blazers,116,o233.5,-110,o233,-110,o232.5,-110,o232.5,-110,o233,-110,o233,-108,o233,-110,u233.5,-110,u233,-110,u232.5,-110,u232.5,-110,u233,-110,u233,-113,u233,-110
Mon Dec 5 2022,Los Angeles Clippers,119,Charlotte Hornets,117,N/A,o218,-112,o217.5,-110,o217.5,-110,o217.5,-110,o218,-112,N/A,u218,-108,u217.5,-110,u217.5,-110,u217.5,-110,u218,-108,,,,,,
Mon Dec 5 2022,Milwaukee Bucks,109,Orlando Magic,102,o225.5,-110,o226.5,-110,o226.5,-110,o226.5,-110,o226.5,-110,o226.5,-110,u225.5,-110,u226.5,-110,u226.5,-110,u226.5,-110,u226.5,-110,u226.5,-110,,,,
Mon Dec 5 2022,Oklahoma City Thunder,121,Atlanta Hawks,114,N/A,o237,-110,o236.5,-110,o237,-110,o237,-110,o237,-110,N/A,u237,-110,u236.5,-110,u237,-110,u237,-110,u237,-110,,,,,,
Mon Dec 5 2022,Boston Celtics,116,Toronto Raptors,110,N/A,o228.5,-108,o227.5,-115,o228.5,-110,o228.5,-105,o228.5,-108,N/A,u228.5,-112,u227.5,-105,u228.5,-110,u228.5,-115,u228.5,-112,,,,,,
Mon Dec 5 2022,Philadelphia 76ers,123,Houston Rockets,132,N/A,o222.5,-110,o222.5,-115,o222.5,-110,o222.5,-110,o222.5,-110,N/A,u222.5,-110,u222.5,-105,u222.5,-110,u222.5,-110,u222.5,-110,,,,,,
Mon Dec 5 2022,Miami Heat,93,Memphis Grizzlies,101,N/A,o219,-110,o218.5,-115,o218.5,-110,o218.5,-110,o219,-110,N/A,u219,-110,u218.5,-105,u218.5,-110,u218.5,-110,u219,-110,,,,,,
Mon Dec 5 2022,Phoenix Suns,111,Dallas Mavericks,130,o221.5,-110,o223,-110,o223.5,-110,o223,-110,o223,-110,o223,-110,u221.5,-110,u223,-110,u223.5,-110,u223,-110,u223,-110,u223,-110,,,,
Mon Dec 5 2022,Indiana Pacers,112,Golden State Warriors,104,N/A,o240.5,-110,o240.5,-110,o240,-110,o240.5,-105,o240.5,-110,N/A,u240.5,-110,u240.5,-110,u240,-110,u240.5,-115,u240.5,-110,,,,,,
Tue Dec 6 2022,Los Angeles Lakers,102,Cleveland Cavaliers,116,o224,-110,o225,-110,o224.5,-110,o224.5,-110,o224.5,-110,o224.5,-112,o225,-110,u224,-110,u225,-110,u224.5,-110,u224.5,-110,u224.5,-110,u224.5,-109,u225,-110
Tue Dec 6 2022,Detroit Pistons,116,Miami Heat,96,o222,-110,o220,-110,o220.5,-110,o220,-110,o220.5,-110,o220,-108,o220,-110,u222,-110,u220,-110,u220.5,-110,u220,-110,u220.5,-110,u220,-113,u220,-110
Tue Dec 6 2022,Dallas Mavericks,116,Denver Nuggets,115,o223,-110,o224,-112,o222.5,-115,o223.5,-110,o223.5,-110,o223.5,-109,o224,-112,u223,-110,u224,-108,u222.5,-105,u223.5,-110,u223.5,-110,u223.5,-112,u224,-108
Wed Dec 7 2022,Los Angeles Clippers,111,Orlando Magic,116,N/A,o216.5,-108,o216.5,-110,o216.5,-110,o216.5,-110,o216.5,-108,N/A,u216.5,-112,u216.5,-110,u216.5,-110,u216.5,-110,u216.5,-112,,,,,,
Wed Dec 7 2022,Charlotte Hornets,116,Brooklyn Nets,122,N/A,o223,-110,o223.5,-110,o223.5,-110,o223,-110,o223,-110,N/A,u223,-110,u223.5,-110,u223.5,-110,u223,-110,u223,-110,,,,,,
Wed Dec 7 2022,Atlanta Hawks,89,New York Knicks,113,N/A,o232.5,-110,o232.5,-110,o232.5,-110,o233,-110,o232.5,-110,N/A,u232.5,-110,u232.5,-110,u232.5,-110,u233,-110,u232.5,-110,,,,,,
Wed Dec 7 2022,Los Angeles Lakers,113,Toronto Raptors,126,N/A,o228.5,-110,o228.5,-110,o229,-110,o228.5,-110,o228.5,-110,N/A,u228.5,-110,u228.5,-110,u229,-110,u228.5,-110,u228.5,-110,,,,,,
Wed Dec 7 2022,Washington Wizards,111,Chicago Bulls,115,N/A,o226,-110,o226.5,-115,o226.5,-110,o226.5,-110,o226,-110,N/A,u226,-110,u226.5,-105,u226.5,-110,u226.5,-110,u226,-110,,,,,,
Wed Dec 7 2022,Oklahoma City Thunder,102,Memphis Grizzlies,123,N/A,o233,-110,o232.5,-110,o233,-110,o233,-110,o233,-110,N/A,u233,-110,u232.5,-110,u233,-110,u233,-110,u233,-110,,,,,,
Wed Dec 7 2022,Sacramento Kings,113,Milwaukee Bucks,126,N/A,o236.5,-110,o236.5,-115,o236.5,-110,o236.5,-110,o236.5,-110,N/A,u236.5,-110,u236.5,-105,u236.5,-110,u236.5,-110,u236.5,-110,,,,,,
Wed Dec 7 2022,Indiana Pacers,115,Minnesota Timberwolves,121,N/A,o238.5,-110,o238.5,-115,o238.5,-110,o238.5,-110,o238.5,-110,N/A,u238.5,-110,u238.5,-105,u238.5,-110,u238.5,-110,u238.5,-110,,,,,,
Wed Dec 7 2022,Detroit Pistons,98,New Orleans Pelicans,104,N/A,o229,-110,o229.5,-110,o229,-110,o229,-110,o229,-110,N/A,u229,-110,u229.5,-110,u229,-110,u229,-110,u229,-110,,,,,,
Wed Dec 7 2022,Golden State Warriors,123,Utah Jazz,124,N/A,o231,-112,o230.5,-110,o230.5,-110,o230.5,-110,o231,-112,N/A,u231,-108,u230.5,-110,u230.5,-110,u230.5,-110,u231,-108,,,,,,
Wed Dec 7 2022,Boston Celtics,125,Phoenix Suns,98,N/A,o230.5,-110,o230.5,-110,o230.5,-110,o230.5,-110,o230.5,-110,N/A,u230.5,-110,u230.5,-110,u230.5,-110,u230.5,-110,u230.5,-110,,,,,,
Thu Dec 8 2022,Los Angeles Clippers,110,Miami Heat,115,o215.5,-110,o211,-110,o210.5,-115,o211,-110,o211,-110,o212,-108,o211,-110,u215.5,-110,u211,-110,u210.5,-105,u211,-110,u211,-110,u212,-113,u211,-110
Thu Dec 8 2022,Houston Rockets,109,San Antonio Spurs,118,o232.5,-110,o230.5,-110,o229.5,-110,o230,-110,o230,-110,o230,-110,o230.5,-110,u232.5,-110,u230.5,-110,u229.5,-110,u230,-110,u230,-110,u230,-110,u230.5,-110
Thu Dec 8 2022,Denver Nuggets,121,Portland Trail Blazers,120,o226,-110,o227.5,-112,o227.5,-110,o227.5,-110,o227.5,-105,o227.5,-110,o227.5,-112,u226,-110,u227.5,-108,u227.5,-110,u227.5,-110,u227.5,-115,u227.5,-110,u227.5,-108
Fri Dec 9 2022,New York Knicks,121,Charlotte Hornets,102,o225,-110,o224.5,-110,o224.5,-110,o224,-110,o224,-110,o224.5,-108,o224.5,-110,u225,-110,u224.5,-110,u224.5,-110,u224,-110,u224,-110,u224.5,-113,u224.5,-110
Fri Dec 9 2022,Washington Wizards,111,Indiana Pacers,121,o232,-110,o233,-110,o233.5,-110,o233,-110,o233,-110,o233,-109,o233,-110,u232,-110,u233,-110,u233.5,-110,u233,-110,u233,-110,u233,-112,u233,-110
Fri Dec 9 2022,Toronto Raptors,109,Orlando Magic,113,o220,-110,o222.5,-110,o222.5,-110,o222.5,-110,o222.5,-115,o222,-113,o222.5,-110,u220,-110,u222.5,-110,u222.5,-110,u222.5,-110,u222.5,-105,u222,-108,u222.5,-110
Fri Dec 9 2022,Atlanta Hawks,116,Brooklyn Nets,120,o228.5,-110,o232.5,-110,o232.5,-110,o232.5,-110,o233,-105,o233,-112,o232.5,-110,u228.5,-110,u232.5,-110,u232.5,-110,u232.5,-110,u233,-115,u233,-109,u232.5,-110
Fri Dec 9 2022,Sacramento Kings,106,Cleveland Cavaliers,95,o226.5,-110,o216,-110,o217.5,-110,o217,-110,o217,-110,o217,-109,o216,-110,u226.5,-110,u216,-110,u217.5,-110,u217,-110,u217,-110,u217,-112,u216,-110
Fri Dec 9 2022,Los Angeles Lakers,122,Philadelphia 76ers,133,o224,-110,o228,-110,o227.5,-110,o228,-110,o228,-110,o227.5,-109,o228,-110,u224,-110,u228,-110,u227.5,-110,u228,-110,u228,-110,u227.5,-112,u228,-110
Fri Dec 9 2022,Detroit Pistons,103,Memphis Grizzlies,114,o228,-110,o227.5,-110,o227.5,-110,o227.5,-110,o227.5,-110,o227.5,-108,o227.5,-110,u228,-110,u227.5,-110,u227.5,-110,u227.5,-110,u227.5,-110,u227.5,-113,u227.5,-110
Fri Dec 9 2022,Phoenix Suns,117,New Orleans Pelicans,128,o227,-110,o229.5,-110,o229.5,-110,o229,-110,o229,-110,o229.5,-108,o229.5,-110,u227,-110,u229.5,-110,u229.5,-110,u229,-110,u229,-110,u229.5,-113,u229.5,-110
Fri Dec 9 2022,Minnesota Timberwolves,118,Utah Jazz,108,o236.5,-110,o234.5,-110,o234.5,-110,o234.5,-110,o234.5,-110,o234.5,-108,o234.5,-110,u236.5,-110,u234.5,-110,u234.5,-110,u234.5,-110,u234.5,-110,u234.5,-113,u234.5,-110
Fri Dec 9 2022,Milwaukee Bucks,106,Dallas Mavericks,105,o222.5,-110,o223.5,-110,o224.5,-110,o224.5,-110,o224.5,-110,o224.5,-110,o223.5,-110,u222.5,-110,u223.5,-110,u224.5,-110,u224.5,-110,u224.5,-110,u224.5,-110,u223.5,-110
Sat Dec 10 2022,San Antonio Spurs,115,Miami Heat,111,o224.5,-112,o223,-110,o223.5,-110,o223,-110,o223,-110,o223.5,-108,o223,-110,u224.5,-108,u223,-110,u223.5,-110,u223,-110,u223,-110,u223.5,-113,u223,-110
Sat Dec 10 2022,Brooklyn Nets,136,Indiana Pacers,133,o229,-110,o226,-110,o225.5,-110,o226,-110,o226.5,-110,o226,-109,o226,-110,u229,-110,u226,-110,u225.5,-110,u226,-110,u226.5,-110,u226,-112,u226,-110
Sat Dec 10 2022,Los Angeles Clippers,114,Washington Wizards,107,o220,-110,o218.5,-110,o218.5,-110,o218.5,-110,o218.5,-105,o218.5,-110,o218.5,-110,u220,-110,u218.5,-110,u218.5,-110,u218.5,-110,u218.5,-115,u218.5,-110,u218.5,-110
Sat Dec 10 2022,Oklahoma City Thunder,102,Cleveland Cavaliers,110,o222.5,-112,o217.5,-110,o218.5,-110,o218.5,-110,o217.5,-115,o218.5,-113,o217.5,-110,u222.5,-108,u217.5,-110,u218.5,-110,u218.5,-110,u217.5,-105,u218.5,-108,u217.5,-110
Sat Dec 10 2022,Dallas Mavericks,115,Chicago Bulls,144,o222.5,-110,o220,-110,o219.5,-115,o220,-110,o220.5,-115,o220.5,-108,o220,-110,u222.5,-110,u220,-110,u219.5,-105,u220,-110,u220.5,-105,u220.5,-113,u220,-110
Sat Dec 10 2022,Boston Celtics,107,Golden State Warriors,123,o233,-110,o237.5,-110,o237.5,-110,o237,-110,o238,-105,o237.5,-109,o237.5,-110,u233,-110,u237.5,-110,u237.5,-110,u237,-110,u238,-115,u237.5,-112,u237.5,-110
Sat Dec 10 2022,Utah Jazz,110,Denver Nuggets,115,o233.5,-110,o228.5,-110,o228.5,-110,o228.5,-110,o228.5,-110,o228.5,-109,o228.5,-110,u233.5,-110,u228.5,-110,u228.5,-110,u228.5,-110,u228.5,-110,u228.5,-112,u228.5,-110
Sat Dec 10 2022,Minnesota Timberwolves,118,Portland Trail Blazers,124,o231,-110,o230,-110,o230.5,-110,o230,-110,o230,-110,o230,-109,o230,-110,u231,-110,u230,-110,u230.5,-110,u230,-110,u230,-110,u230,-112,u230,-110
Sun Dec 11 2022,Phoenix Suns,124,New Orleans Pelicans,129,o225.5,-110,o226.5,-110,o226.5,-115,o227,-110,o227.5,-105,o227,-113,o226.5,-110,u225.5,-110,u226.5,-110,u226.5,-105,u227,-110,u227.5,-115,u227,-108,u226.5,-110
Sun Dec 11 2022,Los Angeles Lakers,124,Detroit Pistons,117,o234.5,-110,o233,-110,o233.5,-110,o234,-110,o233,-110,o233,-113,o233,-110,u234.5,-110,u233,-110,u233.5,-110,u234,-110,u233,-110,u233,-108,u233,-110
Sun Dec 11 2022,Sacramento Kings,99,New York Knicks,112,o231.5,-112,o226,-110,o226.5,-110,o226,-110,o226,-110,o226,-109,o226,-110,u231.5,-108,u226,-110,u226.5,-110,u226,-110,u226,-110,u226,-112,u226,-110
Sun Dec 11 2022,Toronto Raptors,99,Orlando Magic,111,o222.5,-110,o223,-112,o222.5,-115,o223,-110,o223.5,-110,o223,-110,o223,-112,u222.5,-110,u223,-108,u222.5,-105,u223,-110,u223.5,-110,u223,-110,u223,-108
Sun Dec 11 2022,Charlotte Hornets,113,Philadelphia 76ers,131,o221,-110,o220,-110,o219.5,-115,o219.5,-110,o220,-110,o220,-112,o220,-110,u221,-110,u220,-110,u219.5,-105,u219.5,-110,u220,-110,u220,-109,u220,-110
Sun Dec 11 2022,Chicago Bulls,122,Atlanta Hawks,123,o228,-110,o235,-110,o234.5,-115,o235,-110,o235,-110,o235.5,-108,o235,-110,u228,-110,u235,-110,u234.5,-105,u235,-110,u235,-110,u235.5,-113,u235,-110
Sun Dec 11 2022,Milwaukee Bucks,92,Houston Rockets,97,o231.5,-110,o227,-110,o226.5,-115,o227,-110,o227,-110,o227,-110,o227,-110,u231.5,-110,u227,-110,u226.5,-105,u227,-110,u227,-110,u227,-110,u227,-110
Mon Dec 12 2022,Miami Heat,87,Indiana Pacers,82,N/A,o229,-110,o228.5,-110,o228.5,-110,o228.5,-110,o229,-110,N/A,u229,-110,u228.5,-110,u228.5,-110,u228.5,-110,u229,-110,,,,,,
Mon Dec 12 2022,Brooklyn Nets,112,Washington Wizards,100,N/A,o227.5,-110,o227.5,-115,o227,-110,o227,-110,o227.5,-110,N/A,u227.5,-110,u227.5,-105,u227,-110,u227,-110,u227.5,-110,,,,,,
Mon Dec 12 2022,Atlanta Hawks,103,Memphis Grizzlies,128,N/A,o220.5,-110,o220.5,-110,o220.5,-110,o220.5,-110,o220.5,-110,N/A,u220.5,-110,u220.5,-110,u220.5,-110,u220.5,-110,u220.5,-110,,,,,,
Mon Dec 12 2022,Oklahoma City Thunder,114,Dallas Mavericks,121,N/A,o227.5,-110,o227.5,-110,o227.5,-110,o227.5,-110,o227.5,-110,N/A,u227.5,-110,u227.5,-110,u227.5,-110,u227.5,-110,u227.5,-110,,,,,,
Mon Dec 12 2022,Cleveland Cavaliers,111,San Antonio Spurs,112,N/A,o221,-110,o220.5,-105,o221.5,-110,o221.5,-110,o221,-110,N/A,u221,-110,u220.5,-115,u221.5,-110,u221.5,-110,u221,-110,,,,,,
Mon Dec 12 2022,Minnesota Timberwolves,112,Portland Trail Blazers,133,N/A,o229.5,-110,o229.5,-110,o229.5,-110,o230,-110,o229.5,-110,N/A,u229.5,-110,u229.5,-110,u229.5,-110,u230,-110,u229.5,-110,,,,,,
Mon Dec 12 2022,Boston Celtics,93,Los Angeles Clippers,113,N/A,o226,-110,o224.5,-110,o225,-110,o225,-110,o226,-110,N/A,u226,-110,u224.5,-110,u225,-110,u225,-110,u226,-110,,,,,,
Tue Dec 13 2022,Sacramento Kings,103,Philadelphia 76ers,123,N/A,o229.5,-112,o229.5,-110,o229,-110,o229.5,-110,o229.5,-112,N/A,u229.5,-108,u229.5,-110,u229,-110,u229.5,-110,u229.5,-108,,,,,,
Tue Dec 13 2022,Golden State Warriors,111,Milwaukee Bucks,128,N/A,o232.5,-108,o232.5,-110,o232.5,-110,o232.5,-110,o232.5,-108,N/A,u232.5,-112,u232.5,-110,u232.5,-110,u232.5,-110,u232.5,-112,,,,,,
Tue Dec 13 2022,Phoenix Suns,97,Houston Rockets,111,N/A,o224.5,-110,o223.5,-115,o224,-110,o224.5,-110,o224.5,-110,N/A,u224.5,-110,u223.5,-105,u224,-110,u224.5,-110,u224.5,-110,,,,,,
Tue Dec 13 2022,New Orleans Pelicans,100,Utah Jazz,121,N/A,o232.5,-110,o232.5,-110,o232.5,-110,o232,-110,o232.5,-110,N/A,u232.5,-110,u232.5,-110,u232.5,-110,u232,-110,u232.5,-110,,,,,,
Tue Dec 13 2022,Boston Celtics,122,Los Angeles Lakers,118,N/A,o237,-110,o236.5,-115,o237,-110,o236.5,-110,o237,-110,N/A,u237,-110,u236.5,-105,u237,-110,u236.5,-110,u237,-110,,,,,,
Wed Dec 14 2022,Detroit Pistons,141,Charlotte Hornets,134,N/A,o230,-110,o229.5,-115,o230.5,-110,o230,-110,o230,-110,N/A,u230,-110,u229.5,-105,u230.5,-110,u230,-110,u230,-110,,,,,,
Wed Dec 14 2022,Golden State Warriors,119,Indiana Pacers,125,N/A,o239.5,-110,o239.5,-110,o239,-110,o239,-110,o239.5,-110,N/A,u239.5,-110,u239.5,-110,u239,-110,u239,-110,u239.5,-110,,,,,,
Wed Dec 14 2022,Atlanta Hawks,124,Orlando Magic,135,N/A,o226,-112,o226.5,-110,o226,-110,o226,-110,o226,-112,N/A,u226,-108,u226.5,-110,u226,-110,u226,-110,u226,-108,,,,,,
Wed Dec 14 2022,New York Knicks,128,Chicago Bulls,120,N/A,o226.5,-110,o226.5,-110,o226.5,-110,o226.5,-110,o226.5,-110,N/A,u226.5,-110,u226.5,-110,u226.5,-110,u226.5,-110,u226.5,-110,,,,,,
Wed Dec 14 2022,Sacramento Kings,124,Toronto Raptors,123,N/A,o232,-110,o231.5,-115,o233,-110,o232,-110,o232,-110,N/A,u232,-110,u231.5,-105,u233,-110,u232,-110,u232,-110,,,,,,
Wed Dec 14 2022,Miami Heat,110,Oklahoma City Thunder,108,N/A,o222.5,-110,o222.5,-115,o222.5,-110,o222.5,-110,o222.5,-110,N/A,u222.5,-110,u222.5,-105,u222.5,-110,u222.5,-110,u222.5,-110,,,,,,
Wed Dec 14 2022,Portland Trail Blazers,128,San Antonio Spurs,112,N/A,o231,-110,o231.5,-110,o231.5,-110,o231,-110,o231,-110,N/A,u231,-110,u231.5,-110,u231.5,-110,u231,-110,u231,-110,,,,,,
Wed Dec 14 2022,Cleveland Cavaliers,105,Dallas Mavericks,90,N/A,o217,-110,o216.5,-115,o217.5,-110,o217,-110,o217,-110,N/A,u217,-110,u216.5,-105,u217.5,-110,u217,-110,u217,-110,,,,,,
Wed Dec 14 2022,Washington Wizards,128,Denver Nuggets,141,N/A,o224.5,-110,o224.5,-110,o224.5,-110,o224.5,-110,o224.5,-110,N/A,u224.5,-110,u224.5,-110,u224.5,-110,u224.5,-110,u224.5,-110,,,,,,
Wed Dec 14 2022,Minnesota Timberwolves,88,Los Angeles Clippers,99,N/A,o221.5,-110,o221.5,-110,o221.5,-110,o221.5,-110,o221.5,-110,N/A,u221.5,-110,u221.5,-110,u221.5,-110,u221.5,-110,u221.5,-110,,,,,,
Thu Dec 15 2022,Miami Heat,111,Houston Rockets,108,N/A,o217.5,-108,o217.5,-115,o217.5,-110,o218,-110,o217.5,-108,N/A,u217.5,-112,u217.5,-105,u217.5,-110,u218,-110,u217.5,-112,,,,,,
Thu Dec 15 2022,Milwaukee Bucks,101,Memphis Grizzlies,142,N/A,o226.5,-110,o226.5,-110,o226.5,-110,o226.5,-110,o226.5,-110,N/A,u226.5,-110,u226.5,-110,u226.5,-110,u226.5,-110,u226.5,-110,,,,,,
Thu Dec 15 2022,New Orleans Pelicans,129,Utah Jazz,132,o231,-110,o232,-110,o231.5,-115,o232.5,-110,o232.5,-110,o232,-110,u231,-110,u232,-110,u231.5,-105,u232.5,-110,u232.5,-110,u232,-110,,,,
Thu Dec 15 2022,Phoenix Suns,111,Los Angeles Clippers,95,N/A,o217.5,-110,o217.5,-115,o218.5,-110,o218.5,-110,o217.5,-110,N/A,u217.5,-110,u217.5,-105,u218.5,-110,u218.5,-110,u217.5,-110,,,,,,
Fri Dec 16 2022,Atlanta Hawks,125,Charlotte Hornets,106,o229.5,-110,o240.5,-110,o240.5,-110,o240,-110,o240.5,-110,o240.5,-109,o240.5,-110,u229.5,-110,u240.5,-112,u240.5,-110,u240,-110,u240.5,-110,u240.5,-112,u240.5,-112
Fri Dec 16 2022,Sacramento Kings,122,Detroit Pistons,113,o238,-108,o238,-110,o237.5,-115,o238,-110,o238.5,-110,o238.5,-113,o238,-110,u238,-112,u238,-110,u237.5,-105,u238,-110,u238.5,-110,u238.5,-108,u238,-110
Fri Dec 16 2022,Orlando Magic,117,Boston Celtics,109,o228,-110,o225.5,-110,o225.5,-110,o225,-110,o225.5,-110,o226,-110,o225,-110,u228,-110,u225.5,-110,u225.5,-110,u225,-110,u225.5,-110,u226,-110,u225,-110
Fri Dec 16 2022,Indiana Pacers,112,Cleveland Cavaliers,118,o224,-110,o222.5,-112,o221.5,-115,o222,-110,o222,-110,o221.5,-113,o222.5,-112,u224,-110,u222.5,-108,u221.5,-105,u222,-110,u222,-110,u221.5,-108,u222.5,-108
Fri Dec 16 2022,Golden State Warriors,106,Philadelphia 76ers,118,o224,-110,o221,-110,o221.5,-110,o221,-110,o221.5,-110,o221.5,-112,o221,-110,u224,-110,u221,-110,u221.5,-110,u221,-110,u221.5,-110,u221.5,-109,u221,-110
Fri Dec 16 2022,Brooklyn Nets,119,Toronto Raptors,116,o226.5,-110,o223.5,-110,o224.5,-110,o224,-110,o224,-110,o224.5,-110,o223.5,-110,u226.5,-110,u223.5,-110,u224.5,-110,u224,-110,u224,-110,u224.5,-112,u223.5,-110
Fri Dec 16 2022,New York Knicks,114,Chicago Bulls,91,o228.5,-110,o225.5,-110,o225.5,-110,o225.5,-110,o226,-110,o225.5,-112,o225.5,-110,u228.5,-110,u225.5,-110,u225.5,-110,u225.5,-110,u226,-110,u225.5,-109,u225.5,-110
Fri Dec 16 2022,Minnesota Timberwolves,112,Oklahoma City Thunder,110,o231.5,-110,o234.5,-110,o234.5,-115,o234,-110,o235,-110,o234.5,-109,o234.5,-110,u231.5,-110,u234.5,-110,u234.5,-105,u234,-110,u235,-110,u234.5,-112,u234.5,-110
Fri Dec 16 2022,Portland Trail Blazers,110,Dallas Mavericks,130,o222.5,-110,o226,-108,o226.5,-105,o226.5,-110,o226.5,-110,o226,-109,o226,-108,u222.5,-110,u226,-112,u226.5,-115,u226.5,-110,u226.5,-110,u226,-112,u226,-112
Fri Dec 16 2022,Denver Nuggets,108,Los Angeles Lakers,126,o237,-110,o237,-110,o237.5,-110,o236.5,-110,o236,-110,o238,-110,o237,-110,u237,-110,u237,-110,u237.5,-110,u236.5,-110,u236,-110,u238,-110,u237,-110
Sat Dec 17 2022,Washington Wizards,93,Los Angeles Clippers,102,o220,-110,o219.5,-110,o219.5,-105,o219,-110,o219.5,-110,o219.5,-108,o219.5,-110,u220,-110,u219.5,-110,u219.5,-115,u219,-110,u219.5,-110,u219.5,-113,u219.5,-110
Sat Dec 17 2022,Miami Heat,111,San Antonio Spurs,101,o222,-110,o223,-110,o222.5,-105,o222.5,-110,o222.5,-110,o222,-110,o223,-110,u222,-110,u223,-110,u222.5,-115,u222.5,-110,u222.5,-110,u222,-110,u223,-110
Sat Dec 17 2022,Dallas Mavericks,99,Cleveland Cavaliers,100,o213.5,-110,o212,-112,o211.5,-110,o211.5,-110,o212,-110,o211.5,-109,o212,-112,u213.5,-110,u212,-108,u211.5,-110,u211.5,-110,u212,-110,u211.5,-112,u212,-108
Sat Dec 17 2022,Portland Trail Blazers,107,Houston Rockets,95,o227.5,-110,o228,-110,o227.5,-115,o227.5,-110,o228,-110,o228,-109,o228,-110,u227.5,-110,u228,-110,u227.5,-105,u227.5,-110,u228,-110,u228,-112,u228,-110
Sat Dec 17 2022,Utah Jazz,97,Milwaukee Bucks,123,o231,-110,o227.5,-110,o227.5,-110,o227.5,-110,o227.5,-110,o228,-110,o227.5,-110,u231,-110,u227.5,-110,u227.5,-110,u227.5,-110,u227.5,-110,u228,-110,u227.5,-110
Sat Dec 17 2022,Memphis Grizzlies,109,Oklahoma City Thunder,115,o230.5,-110,o230,-110,o229.5,-110,o230,-110,o230,-110,o229.5,-113,o230,-110,u230.5,-110,u230,-110,u229.5,-110,u230,-110,u230,-110,u229.5,-108,u230,-110
Sat Dec 17 2022,New Orleans Pelicans,114,Phoenix Suns,118,o230,-110,o227.5,-112,o227.5,-110,o228,-110,o228,-110,o227.5,-110,o227.5,-112,u230,-110,u227.5,-108,u227.5,-110,u228,-110,u228,-110,u227.5,-110,u227.5,-108
Sun Dec 18 2022,Orlando Magic,95,Boston Celtics,92,o222.5,-110,o223,-110,o222.5,-115,o223,-110,o223,-110,o223,-112,o223,-110,u222.5,-110,u223,-110,u222.5,-105,u223,-110,u223,-110,u223,-109,u223,-110
Sun Dec 18 2022,New York Knicks,109,Indiana Pacers,106,o232,-110,o227.5,-110,o227.5,-110,o227,-110,o228,-110,o226.5,-113,o227.5,-110,u232,-110,u227.5,-110,u227.5,-110,u227,-110,u228,-110,u226.5,-108,u227.5,-110
Sun Dec 18 2022,Brooklyn Nets,124,Detroit Pistons,121,o230.5,-110,o228.5,-110,o228.5,-110,o228,-110,o228,-110,o228,-109,o228.5,-110,u230.5,-110,u228.5,-110,u228.5,-110,u228,-110,u228,-110,u228,-112,u228.5,-110
Sun Dec 18 2022,Golden State Warriors,126,Toronto Raptors,110,o227.5,-110,o223.5,-110,o223.5,-110,o223.5,-110,o223.5,-110,o224,-109,o223.5,-110,u227.5,-110,u223.5,-110,u223.5,-110,u223.5,-110,u223.5,-110,u224,-112,u223.5,-110
Sun Dec 18 2022,Chicago Bulls,126,Minnesota Timberwolves,150,o229.5,-110,o233.5,-112,o234.5,-110,o234,-110,o234,-110,o234.5,-110,o233.5,-112,u229.5,-110,u233.5,-108,u234.5,-110,u234,-110,u234,-110,u234.5,-110,u233.5,-108
Sun Dec 18 2022,Charlotte Hornets,115,Denver Nuggets,119,o237.5,-110,o235.5,-110,o235.5,-110,o236,-110,o235,-110,o235,-112,o235.5,-110,u237.5,-110,u235.5,-110,u235.5,-110,u236,-110,u235,-110,u235,-109,u235.5,-110
Sun Dec 18 2022,Washington Wizards,117,Los Angeles Lakers,119,o230.5,-110,o236.5,-110,o236.5,-115,o237,-110,o237,-110,o236,-113,o236.5,-110,u230.5,-110,u236.5,-110,u236.5,-105,u237,-110,u237,-110,u236,-108,u236.5,-110
Mon Dec 19 2022,Utah Jazz,99,Cleveland Cavaliers,122,o222,-110,o220,-110,o219.5,-115,o220,-110,o220,-110,o220,-110,u222,-110,u220,-110,u219.5,-105,u220,-110,u220,-110,u220,-110,,,,
Mon Dec 19 2022,Toronto Raptors,101,Philadelphia 76ers,104,o219.5,-110,o219,-110,o219.5,-110,o218.5,-110,o219,-110,o219,-110,u219.5,-110,u219,-110,u219.5,-110,u218.5,-110,u219,-110,u219,-110,,,,
Mon Dec 19 2022,Orlando Magic,125,Atlanta Hawks,126,N/A,o230,-110,o229.5,-115,o230,-110,o230.5,-110,o230,-110,N/A,u230,-110,u229.5,-105,u230,-110,u230.5,-110,u230,-110,,,,,,
Mon Dec 19 2022,San Antonio Spurs,124,Houston Rockets,105,N/A,o226.5,-112,o226.5,-110,o226.5,-110,o226.5,-110,o226.5,-112,N/A,u226.5,-108,u226.5,-110,u226.5,-110,u226.5,-110,u226.5,-108,,,,,,
Mon Dec 19 2022,Dallas Mavericks,106,Minnesota Timberwolves,116,N/A,o231,-110,o231.5,-110,o231,-110,o231,-110,o231,-110,N/A,u231,-110,u231.5,-110,u231,-110,u231,-110,u231,-110,,,,,,
Mon Dec 19 2022,Milwaukee Bucks,128,New Orleans Pelicans,119,N/A,o227.5,-110,o227.5,-110,o227.5,-110,o227.5,-110,o227.5,-110,N/A,u227.5,-110,u227.5,-110,u227.5,-110,u227.5,-110,u227.5,-110,,,,,,
Mon Dec 19 2022,Portland Trail Blazers,121,Oklahoma City Thunder,123,N/A,o232,-112,o232.5,-110,o232.5,-110,o232.5,-110,o232,-112,N/A,u232,-108,u232.5,-110,u232.5,-110,u232.5,-110,u232,-108,,,,,,
Mon Dec 19 2022,Los Angeles Lakers,104,Phoenix Suns,130,N/A,o224.5,-110,o223.5,-115,o224,-110,o224,-110,o224.5,-110,N/A,u224.5,-110,u223.5,-105,u224,-110,u224,-110,u224.5,-110,,,,,,
Mon Dec 19 2022,Charlotte Hornets,125,Sacramento Kings,119,o240,-108,o242,-110,o241.5,-110,o241,-110,o241.5,-110,o242,-110,u240,-112,u242,-110,u241.5,-110,u241,-110,u241.5,-110,u242,-110,,,,
Tue Dec 20 2022,Utah Jazz,126,Detroit Pistons,111,o233,-110,o229,-110,o228.5,-110,o228.5,-110,o229,-110,o228.5,-109,o229,-110,u233,-110,u229,-110,u228.5,-110,u228.5,-110,u229,-110,u228.5,-112,u229,-110
Tue Dec 20 2022,Chicago Bulls,113,Miami Heat,103,o224,-110,o221.5,-110,o221.5,-110,o221.5,-110,o221.5,-110,o221.5,-112,o221.5,-110,u224,-110,u221.5,-110,u221.5,-110,u221.5,-110,u221.5,-110,u221.5,-109,u221.5,-110
Tue Dec 20 2022,Golden State Warriors,94,New York Knicks,132,o224,-110,o220.5,-110,o220.5,-110,o220.5,-110,o220.5,-110,o221.5,-110,o220.5,-110,u224,-110,u220.5,-110,u220.5,-110,u220.5,-110,u220.5,-110,u221.5,-110,u220.5,-110
Tue Dec 20 2022,Washington Wizards,113,Phoenix Suns,110,o226,-108,o223.5,-110,o223.5,-115,o223.5,-110,o223.5,-110,o223.5,-109,o223.5,-110,u226,-112,u223.5,-110,u223.5,-105,u223.5,-110,u223.5,-110,u223.5,-112,u223.5,-110
Tue Dec 20 2022,Memphis Grizzlies,91,Denver Nuggets,105,o233,-110,o235,-110,o235.5,-110,o235,-110,o235,-110,o235.5,-110,o235,-110,u233,-110,u235,-110,u235.5,-110,u235,-110,u235,-110,u235.5,-110,u235,-110
Wed Dec 21 2022,Milwaukee Bucks,106,Cleveland Cavaliers,114,o216.5,-110,o215.5,-112,o215.5,-110,o216,-110,o215.5,-110,o215.5,-112,u216.5,-110,u215.5,-108,u215.5,-110,u216,-110,u215.5,-110,u215.5,-108,,,,
Wed Dec 21 2022,Detroit Pistons,93,Philadelphia 76ers,113,N/A,o222.5,-110,o222.5,-115,o222,-110,o222,-110,o222.5,-110,N/A,u222.5,-110,u222.5,-105,u222,-110,u222,-110,u222.5,-110,,,,,,
Wed Dec 21 2022,Chicago Bulls,110,Atlanta Hawks,108,N/A,o235.5,-110,o235.5,-115,o236,-110,o236,-110,o235.5,-110,N/A,u235.5,-110,u235.5,-105,u236,-110,u236,-110,u235.5,-110,,,,,,
Wed Dec 21 2022,Indiana Pacers,117,Boston Celtics,112,o231.5,-110,o232,-110,o232.5,-110,o232.5,-110,o232,-110,o232,-110,u231.5,-110,u232,-110,u232.5,-110,u232.5,-110,u232,-110,u232,-110,,,,
Wed Dec 21 2022,Golden State Warriors,113,Brooklyn Nets,143,N/A,o223,-110,o223.5,-110,o223.5,-110,o224,-110,o223,-110,N/A,u223,-110,u223.5,-110,u223.5,-110,u224,-110,u223,-110,,,,,,
Wed Dec 21 2022,Toronto Raptors,113,New York Knicks,106,N/A,o217.5,-110,o217.5,-110,o217.5,-110,o217.5,-110,o217.5,-110,N/A,u217.5,-110,u217.5,-110,u217.5,-110,u217.5,-110,u217.5,-110,,,,,,
Wed Dec 21 2022,Orlando Magic,116,Houston Rockets,110,N/A,o223.5,-110,o223.5,-110,o224,-110,o223.5,-110,o223.5,-110,N/A,u223.5,-110,u223.5,-110,u224,-110,u223.5,-110,u223.5,-110,,,,,,
Wed Dec 21 2022,Dallas Mavericks,104,Minnesota Timberwolves,99,N/A,o227.5,-110,o227.5,-110,o227.5,-110,o227.5,-110,o227.5,-110,N/A,u227.5,-110,u227.5,-110,u227.5,-110,u227.5,-110,u227.5,-110,,,,,,
Wed Dec 21 2022,Portland Trail Blazers,98,Oklahoma City Thunder,101,N/A,o233.5,-110,o234.5,-110,o234,-110,o234,-110,o233.5,-110,N/A,u233.5,-110,u234.5,-110,u234,-110,u234,-110,u233.5,-110,,,,,,
Wed Dec 21 2022,Los Angeles Lakers,120,Sacramento Kings,134,N/A,o240,-110,o239.5,-115,o240,-110,o240,-110,o240,-110,N/A,u240,-110,u239.5,-105,u240,-110,u240,-110,u240,-110,,,,,,
Wed Dec 21 2022,Charlotte Hornets,105,Los Angeles Clippers,126,N/A,o227.5,-110,o227.5,-115,o228,-110,o228,-110,o227.5,-110,N/A,u227.5,-110,u227.5,-105,u228,-110,u228,-110,u227.5,-110,,,,,,
Thu Dec 22 2022,San Antonio Spurs,117,New Orleans Pelicans,126,N/A,o228.5,-110,o228.5,-110,o228,-110,o228,-110,o228.5,-110,N/A,u228.5,-110,u228.5,-110,u228,-110,u228,-110,u228.5,-110,,,,,,
Thu Dec 22 2022,Washington Wizards,112,Utah Jazz,120,N/A,o232,-110,o231.5,-110,o232,-110,o232,-110,o232,-110,N/A,u232,-110,u231.5,-110,u232,-110,u232,-110,u232,-110,,,,,,
Fri Dec 23 2022,San Antonio Spurs,113,Orlando Magic,133,N/A,o228,-110,o228.5,-110,o228.5,-110,o228.5,-110,o228,-110,N/A,u228,-110,u228.5,-110,u228.5,-110,u228.5,-110,u228,-110,,,,,,
Fri Dec 23 2022,Los Angeles Clippers,114,Philadelphia 76ers,119,o217,-110,o214,-110,o214.5,-110,o214,-110,o214,-110,o214,-110,u217,-110,u214,-110,u214.5,-110,u214,-110,u214,-110,u214,-110,,,,
Fri Dec 23 2022,Detroit Pistons,105,Atlanta Hawks,130,N/A,o233.5,-110,o233.5,-110,o234,-110,o234,-110,o233.5,-110,N/A,u233.5,-110,u233.5,-110,u234,-110,u234,-110,u233.5,-110,,,,,,
Fri Dec 23 2022,Minnesota Timberwolves,109,Boston Celtics,121,N/A,o228.5,-110,o228.5,-110,o228.5,-110,o228.5,-110,o228.5,-110,N/A,u228.5,-110,u228.5,-110,u228.5,-110,u228.5,-110,u228.5,-110,,,,,,
Fri Dec 23 2022,Milwaukee Bucks,100,Brooklyn Nets,118,o225.5,-110,o230.5,-110,o229.5,-115,o230,-110,o230.5,-110,o230.5,-110,u225.5,-110,u230.5,-110,u229.5,-105,u230,-110,u230.5,-110,u230.5,-110,,,,
Fri Dec 23 2022,Toronto Raptors,118,Cleveland Cavaliers,107,N/A,o214.5,-110,o213.5,-110,o213.5,-110,o214,-110,o214.5,-110,N/A,u214.5,-110,u213.5,-110,u213.5,-110,u214,-110,u214.5,-110,,,,,,
Fri Dec 23 2022,Chicago Bulls,118,New York Knicks,117,N/A,o225.5,-110,o225.5,-110,o225,-110,o225.5,-110,o225.5,-110,N/A,u225.5,-110,u225.5,-110,u225,-110,u225.5,-110,u225.5,-110,,,,,,
Fri Dec 23 2022,Dallas Mavericks,112,Houston Rockets,106,N/A,o220,-110,o219.5,-110,o220,-110,o220,-110,o220,-110,N/A,u220,-110,u219.5,-110,u220,-110,u220,-110,u220,-110,,,,,,
Fri Dec 23 2022,Indiana Pacers,111,Miami Heat,108,N/A,o224.5,-110,o224.5,-110,o224,-110,o224.5,-110,o224.5,-110,N/A,u224.5,-110,u224.5,-110,u224,-110,u224.5,-110,u224.5,-110,,,,,,
Fri Dec 23 2022,New Orleans Pelicans,128,Oklahoma City Thunder,125,N/A,o233,-110,o233.5,-110,o233.5,-110,o233,-110,o233,-110,N/A,u233,-110,u233.5,-110,u233.5,-110,u233,-110,u233,-110,,,,,,
Fri Dec 23 2022,Portland Trail Blazers,107,Denver Nuggets,120,N/A,o233,-110,o233.5,-110,o233,-110,o233,-110,o233,-110,N/A,u233,-110,u233.5,-110,u233,-110,u233,-110,u233,-110,,,,,,
Fri Dec 23 2022,Memphis Grizzlies,125,Phoenix Suns,100,N/A,o226,-110,o226.5,-110,o226.5,-110,o226.5,-110,o226,-110,N/A,u226,-110,u226.5,-110,u226.5,-110,u226.5,-110,u226,-110,,,,,,
Fri Dec 23 2022,Washington Wizards,125,Sacramento Kings,111,N/A,o239.5,-108,o238.5,-115,o239.5,-110,o239.5,-110,o239.5,-108,N/A,u239.5,-112,u238.5,-105,u239.5,-110,u239.5,-110,u239.5,-112,,,,,,
Fri Dec 23 2022,Charlotte Hornets,134,Los Angeles Lakers,130,N/A,o243,-110,o242.5,-110,o243,-110,o243,-110,o243,-110,N/A,u243,-110,u242.5,-110,u243,-110,u243,-110,u243,-110,,,,,,
Sun Dec 25 2022,Philadelphia 76ers,119,New York Knicks,112,o219.5,-110,o215.5,-110,o215.5,-110,o215.5,-110,o215.5,-109,o215.5,-110,u219.5,-110,u215.5,-110,u215.5,-110,u215.5,-110,u215.5,-112,u215.5,-110,,,,
Sun Dec 25 2022,Los Angeles Lakers,115,Dallas Mavericks,124,o225.5,-110,o231.5,-110,o231.5,-110,o232,-110,o231.5,-112,o231.5,-112,u225.5,-110,u231.5,-110,u231.5,-110,u232,-110,u231.5,-109,u231.5,-108,,,,
Sun Dec 25 2022,Milwaukee Bucks,118,Boston Celtics,139,o223,-110,o226.5,-110,o226.5,-110,o226.5,-110,o226.5,-109,o226.5,-110,u223,-110,u226.5,-110,u226.5,-110,u226.5,-110,u226.5,-112,u226.5,-110,,,,
Sun Dec 25 2022,Memphis Grizzlies,109,Golden State Warriors,123,o226,-110,o233,-112,o232.5,-110,o233,-110,o233.5,-108,o233,-112,u226,-110,u233,-108,u232.5,-110,u233,-110,u233.5,-113,u233,-108,,,,
Sun Dec 25 2022,Phoenix Suns,125,Denver Nuggets,128,o228,-110,o229.5,-110,o229.5,-110,o229,-110,o230,-108,o229.5,-110,u228,-110,u229.5,-110,u229.5,-110,u229,-110,u230,-113,u229.5,-110,,,,
Mon Dec 26 2022,Brooklyn Nets,125,Cleveland Cavaliers,117,o220.5,-110,o220,-112,o219.5,-110,o219.5,-110,o219.5,-110,o219.5,-113,o220,-112,u220.5,-110,u220,-108,u219.5,-110,u219.5,-110,u219.5,-110,u219.5,-108,u220,-108
Mon Dec 26 2022,Los Angeles Clippers,142,Detroit Pistons,131,o223,-110,o222.5,-108,o222.5,-110,o222.5,-110,o222.5,-110,o223,-108,o222.5,-108,u223,-110,u222.5,-112,u222.5,-110,u222.5,-110,u222.5,-110,u223,-113,u222.5,-112
Mon Dec 26 2022,Minnesota Timberwolves,110,Miami Heat,113,o223.5,-110,o222,-110,o222.5,-110,o222,-110,o222.5,-110,o222,-112,o222,-110,u223.5,-110,u222,-110,u222.5,-110,u222,-110,u222.5,-110,u222,-109,u222,-110
Mon Dec 26 2022,Houston Rockets,133,Chicago Bulls,118,o227,-110,o231,-110,o231.5,-110,o231.5,-110,o231.5,-110,o231.5,-109,o231,-110,u227,-110,u231,-110,u231.5,-110,u231.5,-110,u231.5,-110,u231.5,-112,u231,-110
Mon Dec 26 2022,Indiana Pacers,93,New Orleans Pelicans,113,o232.5,-110,o234,-110,o234.5,-110,o234.5,-110,o234,-110,o234.5,-112,o234,-110,u232.5,-110,u234,-110,u234.5,-110,u234.5,-110,u234,-110,u234.5,-109,u234,-110
Mon Dec 26 2022,Utah Jazz,122,San Antonio Spurs,126,o236,-110,o236,-110,o235.5,-110,o236,-110,o235,-110,o235.5,-110,o235.5,-110,u236,-110,u236,-110,u235.5,-110,u236,-110,u235,-110,u235.5,-110,u235.5,-110
Mon Dec 26 2022,Charlotte Hornets,113,Portland Trail Blazers,124,o237.5,-110,o238.5,-110,o238.5,-110,o238.5,-110,o239,-110,o238,-112,o238.5,-110,u237.5,-110,u238.5,-110,u238.5,-110,u238.5,-110,u239,-110,u238,-109,u238.5,-110
Tue Dec 27 2022,Los Angeles Lakers,129,Orlando Magic,110,N/A,o236.5,-110,o236.5,-110,o237,-110,o237,-110,o236.5,-110,N/A,u236.5,-110,u236.5,-110,u237,-110,u237,-110,u236.5,-110,,,,,,
Tue Dec 27 2022,Philadelphia 76ers,111,Washington Wizards,116,N/A,o225,-112,o224.5,-115,o225,-110,o225,-110,o225,-112,N/A,u225,-108,u224.5,-105,u225,-110,u225,-110,u225,-108,,,,,,
Tue Dec 27 2022,Houston Rockets,102,Boston Celtics,126,N/A,o229.5,-110,o229.5,-110,o229.5,-110,o229.5,-110,o229.5,-110,N/A,u229.5,-110,u229.5,-110,u229.5,-110,u229.5,-110,u229.5,-110,,,,,,
Tue Dec 27 2022,Atlanta Hawks,114,Indiana Pacers,129,N/A,o238.5,-108,o237.5,-115,o238.5,-110,o238.5,-110,o238.5,-108,N/A,u238.5,-112,u237.5,-105,u238.5,-110,u238.5,-110,u238.5,-112,,,,,,
Tue Dec 27 2022,Los Angeles Clippers,124,Toronto Raptors,113,N/A,o218.5,-112,o218.5,-115,o218.5,-110,o218.5,-110,o218.5,-112,N/A,u218.5,-108,u218.5,-105,u218.5,-110,u218.5,-110,u218.5,-108,,,,,,
Tue Dec 27 2022,Phoenix Suns,125,Memphis Grizzlies,108,N/A,o224.5,-112,o224.5,-115,o224,-110,o224.5,-110,o224.5,-112,N/A,u224.5,-108,u224.5,-105,u224,-110,u224.5,-110,u224.5,-108,,,,,,
Tue Dec 27 2022,San Antonio Spurs,114,Oklahoma City Thunder,130,N/A,o236,-110,o237.5,-110,o237,-110,o236.5,-110,o236,-110,N/A,u236,-110,u237.5,-110,u237,-110,u236.5,-110,u236,-110,,,,,,
Tue Dec 27 2022,New York Knicks,121,Dallas Mavericks,126,N/A,o216,-110,o216.5,-115,o216,-110,o216.5,-110,o216,-110,N/A,u216,-110,u216.5,-105,u216,-110,u216.5,-110,u216,-110,,,,,,
Tue Dec 27 2022,Charlotte Hornets,105,Golden State Warriors,110,N/A,o240.5,-110,o240.5,-110,o240,-110,o239.5,-110,o240.5,-110,N/A,u240.5,-110,u240.5,-110,u240,-110,u239.5,-110,u240.5,-110,,,,,,
Tue Dec 27 2022,Denver Nuggets,113,Sacramento Kings,106,N/A,o237.5,-110,o237.5,-110,o237.5,-110,o237.5,-110,o237.5,-110,N/A,u237.5,-110,u237.5,-110,u237.5,-110,u237.5,-110,u237.5,-110,,,,,,
Wed Dec 28 2022,Orlando Magic,101,Detroit Pistons,121,o228.5,-110,o229,-110,o229.5,-105,o228.5,-110,o228.5,-110,o229.5,-109,o229,-110,u228.5,-110,u229,-110,u229.5,-115,u228.5,-110,u228.5,-110,u229.5,-112,u229,-110
Wed Dec 28 2022,Phoenix Suns,102,Washington Wizards,127,o225.5,-110,o220.5,-110,o220.5,-110,o221.5,-110,o220.5,-110,o220.5,-110,o220.5,-110,u225.5,-110,u220.5,-110,u220.5,-110,u221.5,-110,u220.5,-110,u220.5,-110,u220.5,-110
Wed Dec 28 2022,Brooklyn Nets,108,Atlanta Hawks,107,o238.5,-110,o231.5,-110,o231.5,-110,o231,-110,o231,-110,o231,-113,o231.5,-110,u238.5,-110,u231.5,-110,u231.5,-110,u231,-110,u231,-110,u231,-108,u231.5,-110
Wed Dec 28 2022,Los Angeles Lakers,98,Miami Heat,112,o224,-110,o228,-110,o227.5,-110,o227.5,-110,o227.5,-110,o228.5,-109,o228,-110,u224,-110,u228,-110,u227.5,-110,u227.5,-110,u227.5,-110,u228.5,-112,u228,-110
Wed Dec 28 2022,Milwaukee Bucks,113,Chicago Bulls,119,o231.5,-110,o231,-110,o230.5,-110,o231,-110,o230.5,-110,o231,-113,o231,-110,u231.5,-110,u231,-110,u230.5,-110,u231,-110,u230.5,-110,u231,-108,u231,-110
Wed Dec 28 2022,Minnesota Timberwolves,118,New Orleans Pelicans,119,o232.5,-110,o233.5,-110,o233.5,-115,o233,-110,o233.5,-110,o233.5,-110,o233.5,-110,u232.5,-110,u233.5,-110,u233.5,-105,u233,-110,u233.5,-110,u233.5,-110,u233.5,-110
Wed Dec 28 2022,Utah Jazz,107,Golden State Warriors,112,o232.5,-110,o232,-110,o232.5,-110,o232,-110,o232,-110,o232,-113,o232,-110,u232.5,-110,u232,-110,u232.5,-110,u232,-110,u232,-110,u232,-108,u232,-110
Wed Dec 28 2022,Denver Nuggets,126,Sacramento Kings,127,o237.5,-110,o236.5,-110,o237.5,-115,o237,-110,o237,-110,o237.5,-109,o236.5,-110,u237.5,-110,u236.5,-110,u237.5,-105,u237,-110,u237,-110,u237.5,-112,u236.5,-110
Thu Dec 29 2022,Oklahoma City Thunder,113,Charlotte Hornets,121,o239.5,-110,o238,-110,o238.5,-110,o239,-110,o238,-110,o238.5,-112,o238,-110,u239.5,-110,u238,-110,u238.5,-110,u239,-110,u238,-110,u238.5,-109,u238,-110
Thu Dec 29 2022,Cleveland Cavaliers,126,Indiana Pacers,135,o224,-110,o225.5,-110,o225.5,-110,o225.5,-110,o225.5,-110,o225,-110,o225.5,-110,u224,-110,u225.5,-110,u225.5,-110,u225.5,-110,u225.5,-110,u225,-110,u225.5,-110
Thu Dec 29 2022,Los Angeles Clippers,110,Boston Celtics,116,o227.5,-110,o227.5,-110,o227.5,-110,o227,-110,o227.5,-110,o228,-110,o227.5,-110,u227.5,-110,u227.5,-110,u227.5,-110,u227,-110,u227.5,-110,u228,-110,u227.5,-110
Thu Dec 29 2022,Memphis Grizzlies,119,Toronto Raptors,106,o225,-110,o230.5,-108,o230.5,-110,o231,-110,o230,-110,o230.5,-109,o230.5,-108,u225,-110,u230.5,-112,u230.5,-110,u231,-110,u230,-110,u230.5,-112,u230.5,-112
Thu Dec 29 2022,New York Knicks,115,San Antonio Spurs,122,o229.5,-110,o222,-110,o222.5,-110,o222,-110,o222,-110,o222,-113,o222,-110,u229.5,-110,u222,-110,u222.5,-110,u222,-110,u222,-110,u222,-108,u222,-110
Thu Dec 29 2022,Houston Rockets,114,Dallas Mavericks,129,o222.5,-110,o227,-110,o226.5,-115,o227,-110,o227.5,-105,o226.5,-113,o227,-110,u222.5,-110,u227,-110,u226.5,-105,u227,-110,u227.5,-115,u226.5,-108,u227,-110
Fri Dec 30 2022,Washington Wizards,119,Orlando Magic,100,o222,-110,o226.5,-110,o226.5,-110,o226.5,-110,o226.5,-110,o226.5,-113,o226.5,-110,u222,-110,u226.5,-110,u226.5,-110,u226.5,-110,u226.5,-110,u226.5,-108,u226.5,-110
Fri Dec 30 2022,Los Angeles Lakers,130,Atlanta Hawks,121,o237.5,-110,o243,-108,o243.5,-110,o243,-110,o243,-110,o242.5,-109,o243,-108,u237.5,-110,u243,-112,u243.5,-110,u243,-110,u243,-110,u242.5,-112,u243,-112
Fri Dec 30 2022,Phoenix Suns,104,Toronto Raptors,113,o225,-110,o221.5,-110,o221.5,-115,o221,-110,o221,-110,o221.5,-109,o221.5,-110,u225,-110,u221.5,-110,u221.5,-105,u221,-110,u221,-110,u221.5,-112,u221.5,-110
Fri Dec 30 2022,Detroit Pistons,118,Chicago Bulls,132,o229.5,-110,o230.5,-110,o230.5,-110,o230.5,-110,o230.5,-110,o231,-110,o230.5,-110,u229.5,-110,u230.5,-110,u230.5,-110,u230.5,-110,u230.5,-110,u231,-110,u230.5,-110
Fri Dec 30 2022,Minnesota Timberwolves,114,Milwaukee Bucks,123,o226.5,-110,o229,-110,o229.5,-110,o229.5,-110,o229.5,-110,o229.5,-110,o229,-110,u226.5,-110,u229,-110,u229.5,-110,u229.5,-110,u229.5,-110,u229.5,-110,u229,-110
Fri Dec 30 2022,Philadelphia 76ers,116,New Orleans Pelicans,127,o226.5,-110,o229.5,-112,o229.5,-110,o229.5,-110,o230,-110,o229,-110,o229.5,-112,u226.5,-110,u229.5,-108,u229.5,-110,u229.5,-110,u230,-110,u229,-110,u229.5,-108
Fri Dec 30 2022,Miami Heat,119,Denver Nuggets,124,o223.5,-110,o224.5,-110,o223.5,-110,o224,-110,o224,-115,o224,-112,o224.5,-110,u223.5,-110,u224.5,-110,u223.5,-110,u224,-110,u224,-105,u224,-109,u224.5,-110
Fri Dec 30 2022,Portland Trail Blazers,112,Golden State Warriors,118,o230,-110,o233,-110,o232.5,-115,o233.5,-110,o234,-110,o233.5,-109,o233,-110,u230,-110,u233,-110,u232.5,-105,u233.5,-110,u234,-110,u233.5,-112,u233,-110
Fri Dec 30 2022,Utah Jazz,125,Sacramento Kings,126,o239,-110,o242,-110,o241.5,-110,o242,-110,o242,-110,o242.5,-112,o242,-110,u239,-110,u242,-110,u241.5,-110,u242,-110,u242,-110,u242.5,-109,u242,-110
Sat Dec 31 2022,Los Angeles Clippers,130,Indiana Pacers,131,o230,-110,o231.5,-110,o231.5,-110,o231,-110,o232,-110,o230.5,-113,o231.5,-110,u230,-110,u231.5,-110,u231.5,-110,u231,-110,u232,-110,u230.5,-108,u231.5,-110
Sat Dec 31 2022,Cleveland Cavaliers,103,Chicago Bulls,102,o224.5,-110,o223.5,-110,o223.5,-115,o223.5,-110,o224,-110,o224,-108,o223.5,-110,u224.5,-110,u223.5,-110,u223.5,-105,u223.5,-110,u224,-110,u224,-113,u223.5,-110
Sat Dec 31 2022,Brooklyn Nets,123,Charlotte Hornets,106,o236.5,-110,o237.5,-110,o237.5,-115,o237.5,-110,o237.5,-110,o237.5,-109,o237.5,-110,u236.5,-110,u237.5,-110,u237.5,-105,u237.5,-110,u237.5,-110,u237.5,-112,u237.5,-110
Sat Dec 31 2022,New York Knicks,108,Houston Rockets,88,o226.5,-110,o222,-110,o221.5,-110,o223,-110,o223,-110,o221.5,-108,o222,-110,u226.5,-110,u222,-110,u221.5,-110,u223,-110,u223,-110,u221.5,-113,u222,-110
Sat Dec 31 2022,Dallas Mavericks,126,San Antonio Spurs,125,o226.5,-110,o231,-112,o231.5,-110,o231.5,-110,o231.5,-110,o231,-113,o231,-112,u226.5,-110,u231,-108,u231.5,-110,u231.5,-110,u231.5,-110,u231,-108,u231,-108
Sat Dec 31 2022,New Orleans Pelicans,101,Memphis Grizzlies,116,o232.5,-110,o237,-110,o236.5,-110,o236.5,-110,o237,-110,o237,-112,o237,-110,u232.5,-110,u237,-110,u236.5,-110,u236.5,-110,u237,-110,u237,-109,u237,-110
Sat Dec 31 2022,Detroit Pistons,116,Minnesota Timberwolves,104,o231.5,-110,o233.5,-108,o233.5,-110,o233,-110,o232.5,-110,o232,-112,o233.5,-108,u231.5,-110,u233.5,-112,u233.5,-110,u233,-110,u232.5,-110,u232,-110,u233.5,-112
Sat Dec 31 2022,Philadelphia 76ers,115,Oklahoma City Thunder,96,o231.5,-110,o225,-110,o224.5,-110,o225,-110,o225,-110,o225.5,-110,o225,-110,u231.5,-110,u225,-110,u224.5,-110,u225,-110,u225,-110,u225.5,-110,u225,-110
Sat Dec 31 2022,Miami Heat,126,Utah Jazz,123,o224,-110,o225,-110,o224.5,-115,o225,-110,o225.5,-110,o225,-109,o225,-110,u224,-110,u225,-110,u224.5,-105,u225,-110,u225.5,-110,u225,-112,u225,-110
Sun Jan 1 2023,Boston Celtics,111,Denver Nuggets,123,o234.5,-110,o234,-110,o233.5,-110,o233.5,-110,o234,-110,o234,-110,o234,-110,u234.5,-110,u234,-110,u233.5,-110,u233.5,-110,u234,-110,u234,-110,u234,-110
Sun Jan 1 2023,Sacramento Kings,108,Memphis Grizzlies,118,o240.5,-112,o239.5,-110,o239.5,-110,o240,-110,o240,-105,o240,-110,o239.5,-110,u240.5,-108,u239.5,-110,u239.5,-110,u240,-110,u240,-115,u240,-110,u239.5,-110
Sun Jan 1 2023,Washington Wizards,118,Milwaukee Bucks,95,o226.5,-108,o220.5,-110,o220.5,-110,o220,-110,o220.5,-110,o220.5,-113,o220.5,-110,u226.5,-112,u220.5,-110,u220.5,-110,u220,-110,u220.5,-110,u220.5,-108,u220.5,-110
Mon Jan 2 2023,Phoenix Suns,83,New York Knicks,102,o225,-110,o219,-110,o219.5,-110,o219.5,-110,o219,-110,o219.5,-112,o219,-110,u225,-110,u219,-110,u219.5,-110,u219.5,-110,u219,-110,u219.5,-109,u219,-110
Mon Jan 2 2023,Los Angeles Lakers,121,Charlotte Hornets,115,o239,-110,o241.5,-110,o241.5,-110,o241.5,-110,o241,-110,o242,-110,o241.5,-110,u239,-110,u241.5,-110,u241.5,-110,u241.5,-110,u241,-110,u242,-110,u241.5,-110
Mon Jan 2 2023,Chicago Bulls,134,Cleveland Cavaliers,145,o222.5,-110,o225,-110,o225.5,-110,o225,-110,o225,-110,o225,-112,o225,-110,u222.5,-110,u225,-110,u225.5,-110,u225,-110,u225,-110,u225,-109,u225,-110
Mon Jan 2 2023,Toronto Raptors,114,Indiana Pacers,122,o227,-110,o233,-110,o233.5,-105,o233,-110,o233,-110,o233,-112,o233,-110,u227,-110,u233,-110,u233.5,-115,u233,-110,u233,-110,u233,-109,u233,-110
Mon Jan 2 2023,New Orleans Pelicans,111,Philadelphia 76ers,120,o230.5,-110,o229,-110,o229.5,-110,o229.5,-110,o229.5,-110,o229,-110,o229.5,-112,u230.5,-110,u229,-110,u229.5,-110,u229.5,-110,u229.5,-110,u229,-110,u229.5,-108
Mon Jan 2 2023,San Antonio Spurs,103,Brooklyn Nets,139,o233.5,-110,o237.5,-110,o236.5,-115,o236.5,-110,o237.5,-110,o236.5,-113,o237.5,-110,u233.5,-110,u237.5,-110,u236.5,-105,u236.5,-110,u237.5,-110,u236.5,-108,u237.5,-110
Mon Jan 2 2023,Dallas Mavericks,111,Houston Rockets,106,o228.5,-110,o227.5,-112,o227.5,-115,o228,-110,o227.5,-110,o227,-110,o227.5,-112,u228.5,-110,u227.5,-108,u227.5,-105,u228,-110,u227.5,-110,u227,-110,u227.5,-108
Mon Jan 2 2023,Denver Nuggets,111,Minnesota Timberwolves,124,o233,-110,o231,-110,o231.5,-110,o231,-110,o231.5,-110,o231,-108,o231,-110,u233,-110,u231,-110,u231.5,-110,u231,-110,u231.5,-110,u231,-113,u231,-110
Mon Jan 2 2023,Atlanta Hawks,141,Golden State Warriors,143,o234,-110,o236.5,-112,o236.5,-110,o236.5,-110,o236.5,-110,o236.5,-108,o235.5,-110,u234,-110,u236.5,-108,u236.5,-110,u236.5,-110,u236.5,-110,u236.5,-113,u235.5,-110
Mon Jan 2 2023,Detroit Pistons,106,Portland Trail Blazers,135,o226.5,-110,o231,-110,o231.5,-110,o231.5,-110,o231.5,-110,o232,-109,o231,-110,u226.5,-110,u231,-110,u231.5,-110,u231.5,-110,u231.5,-110,u232,-112,u231,-110
Mon Jan 2 2023,Miami Heat,110,Los Angeles Clippers,100,o220.5,-112,o218.5,-108,o217.5,-110,o218,-110,o217.5,-110,o218.5,-110,o218.5,-108,u220.5,-108,u218.5,-112,u217.5,-110,u218,-110,u217.5,-110,u218.5,-110,u218.5,-112
Tue Jan 3 2023,Washington Wizards,113,Milwaukee Bucks,123,o226.5,-110,o232.5,-112,o232.5,-110,o232.5,-110,o232.5,-110,o232,-109,o232.5,-112,u226.5,-110,u232.5,-108,u232.5,-110,u232.5,-110,u232.5,-110,u232,-112,u232.5,-108
Tue Jan 3 2023,Boston Celtics,117,Oklahoma City Thunder,150,o235.5,-110,o228.5,-112,o228.5,-110,o229,-110,o228.5,-110,o228.5,-112,o228.5,-112,u235.5,-110,u228.5,-108,u228.5,-110,u229,-110,u228.5,-110,u228.5,-109,u228.5,-108
Tue Jan 3 2023,Sacramento Kings,117,Utah Jazz,115,o242.5,-110,o242.5,-110,o242.5,-110,o242.5,-110,o242.5,-110,o242.5,-109,o242.5,-110,u242.5,-110,u242.5,-110,u242.5,-110,u242.5,-110,u242.5,-110,u242.5,-112,u242.5,-110
Wed Jan 4 2023,Memphis Grizzlies,131,Charlotte Hornets,107,o234.5,-110,o236.5,-110,o236.5,-110,o236.5,-110,o236.5,-110,o237.5,-109,o236.5,-110,u234.5,-110,u236.5,-110,u236.5,-110,u236.5,-110,u236.5,-110,u237.5,-112,u236.5,-110
Wed Jan 4 2023,Phoenix Suns,88,Cleveland Cavaliers,90,o219.5,-110,o216.5,-110,o215.5,-115,o216,-110,o216,-110,o216,-112,o216.5,-110,u219.5,-110,u216.5,-110,u215.5,-105,u216,-110,u216,-110,u216,-109,u216.5,-110
Wed Jan 4 2023,Oklahoma City Thunder,115,Orlando Magic,126,o229,-110,o230,-110,o229.5,-115,o230,-110,o230,-110,o230.5,-109,o230,-110,u229,-110,u230,-110,u229.5,-105,u230,-110,u230,-110,u230.5,-112,u230,-110
Wed Jan 4 2023,Indiana Pacers,126,Philadelphia 76ers,129,o232.5,-110,o233.5,-110,o233.5,-110,o233,-110,o233,-110,o233,-112,o233.5,-110,u232.5,-110,u233.5,-110,u233.5,-110,u233,-110,u233,-110,u233,-109,u233.5,-110
Wed Jan 4 2023,San Antonio Spurs,114,New York Knicks,117,o227.5,-110,o225,-112,o225.5,-110,o225,-110,o225.5,-110,o225,-109,o225,-112,u227.5,-110,u225,-108,u225.5,-110,u225,-110,u225.5,-110,u225,-112,u225,-108
Wed Jan 4 2023,Milwaukee Bucks,104,Toronto Raptors,101,o229,-110,o223.5,-112,o223.5,-115,o223,-110,o223,-110,o223,-108,o223.5,-112,u229,-110,u223.5,-108,u223.5,-105,u223,-110,u223,-110,u223,-113,u223.5,-108
Wed Jan 4 2023,Brooklyn Nets,112,Chicago Bulls,121,o235.5,-110,o234,-110,o233.5,-115,o234,-110,o234,-110,o234.5,-109,o234,-110,u235.5,-110,u234,-110,u233.5,-105,u234,-110,u234,-110,u234.5,-112,u234,-110
Wed Jan 4 2023,Portland Trail Blazers,106,Minnesota Timberwolves,113,o233,-110,o233.5,-110,o234.5,-110,o234.5,-110,o233.5,-110,o234,-112,o233.5,-110,u233,-110,u233.5,-110,u234.5,-110,u234.5,-110,u233.5,-110,u234,-109,u233.5,-110
Wed Jan 4 2023,Houston Rockets,108,New Orleans Pelicans,119,o226,-110,o230,-110,o229.5,-110,o229.5,-110,o230,-110,o229.5,-110,o230,-110,u226,-110,u230,-110,u229.5,-110,u229.5,-110,u230,-110,u229.5,-110,u230,-110
Wed Jan 4 2023,Detroit Pistons,122,Golden State Warriors,119,o232.5,-110,o232.5,-110,o231.5,-115,o231.5,-110,o231.5,-110,o232,-108,o231.5,-110,u232.5,-110,u232.5,-110,u231.5,-105,u231.5,-110,u231.5,-110,u232,-113,u231.5,-110
Wed Jan 4 2023,Miami Heat,109,Los Angeles Lakers,112,o227.5,-110,o224,-110,o223.5,-115,o224,-110,o223.5,-110,o224.5,-112,o224,-110,u227.5,-110,u224,-110,u223.5,-105,u224,-110,u223.5,-110,u224.5,-109,u224,-110
Wed Jan 4 2023,Atlanta Hawks,120,Sacramento Kings,117,o244,-110,o246.5,-110,o245.5,-110,o245,-110,o245,-110,o244.5,-110,o245.5,-110,u244,-110,u246.5,-110,u245.5,-110,u245,-110,u245,-110,u244.5,-110,u245.5,-110
Thu Jan 5 2023,Memphis Grizzlies,123,Orlando Magic,115,o227,-108,o230.5,-110,o229.5,-115,o230.5,-110,o230.5,-110,o230,-108,o230.5,-110,u227,-112,u230.5,-110,u229.5,-105,u230.5,-110,u230.5,-110,u230,-113,u230.5,-110
Thu Jan 5 2023,Boston Celtics,124,Dallas Mavericks,95,o230,-110,o231.5,-110,o231.5,-115,o231.5,-110,o231,-110,o232.5,-109,o231.5,-110,u230,-110,u231.5,-110,u231.5,-105,u231.5,-110,u231,-110,u232.5,-112,u231.5,-110
Thu Jan 5 2023,Utah Jazz,131,Houston Rockets,114,o232.5,-110,o231.5,-112,o231.5,-110,o231.5,-110,o232,-110,o231.5,-108,o231.5,-112,u232.5,-110,u231.5,-108,u231.5,-110,u231.5,-110,u232,-110,u231.5,-113,u231.5,-108
Thu Jan 5 2023,Los Angeles Clippers,91,Denver Nuggets,122,o225.5,-110,o230,-110,o229.5,-110,o230,-110,o229.5,-110,o229.5,-110,o230,-110,u225.5,-110,u230,-110,u229.5,-110,u230,-110,u229.5,-110,u229.5,-110,u230,-110
Fri Jan 6 2023,Portland Trail Blazers,99,Indiana Pacers,108,o231.5,-110,o237.5,-112,o237.5,-110,o237.5,-110,o237.5,-110,o237.5,-110,o237.5,-112,u231.5,-110,u237.5,-108,u237.5,-110,u237.5,-110,u237.5,-110,u237.5,-110,u237.5,-108
Fri Jan 6 2023,Chicago Bulls,126,Philadelphia 76ers,112,o228,-112,o233.5,-110,o233.5,-110,o234,-110,o233.5,-110,o233,-110,o233.5,-110,u228,-108,u233.5,-110,u233.5,-110,u234,-110,u233.5,-110,u233,-110,u233.5,-110
Fri Jan 6 2023,Brooklyn Nets,108,New Orleans Pelicans,102,o231.5,-110,o231,-110,o231.5,-110,o231.5,-110,o231.5,-110,o231,-109,o231,-110,u231.5,-110,u231,-110,u231.5,-110,u231.5,-110,u231.5,-110,u231,-112,u231,-110
Fri Jan 6 2023,New York Knicks,112,Toronto Raptors,108,o219.5,-110,o216,-110,o215.5,-115,o216,-110,o216,-110,o216,-108,o216,-110,u219.5,-110,u216,-110,u215.5,-105,u216,-110,u216,-110,u216,-113,u216,-110
Fri Jan 6 2023,Charlotte Hornets,138,Milwaukee Bucks,109,o234,-110,o230,-110,o229.5,-110,o230,-110,o230,-110,o229.5,-112,o230,-110,u234,-110,u230,-110,u229.5,-110,u230,-110,u230,-110,u229.5,-109,u230,-110
Fri Jan 6 2023,Washington Wizards,110,Oklahoma City Thunder,127,o232,-110,o232.5,-110,o231.5,-110,o231.5,-110,o231.5,-110,o231.5,-108,o232.5,-110,u232,-110,u232.5,-110,u231.5,-110,u231.5,-110,u231.5,-110,u231.5,-113,u232.5,-110
Fri Jan 6 2023,Detroit Pistons,109,San Antonio Spurs,121,o233.5,-110,o236.5,-110,o236.5,-115,o236.5,-110,o236.5,-110,o237,-109,o236.5,-110,u233.5,-110,u236.5,-110,u236.5,-105,u236.5,-110,u236.5,-110,u237,-112,u236.5,-110
Fri Jan 6 2023,Cleveland Cavaliers,108,Denver Nuggets,121,o229,-110,o221.5,-110,o221.5,-115,o221.5,-110,o221.5,-110,o221.5,-109,o221.5,-110,u229,-110,u221.5,-110,u221.5,-105,u221.5,-110,u221.5,-110,u221.5,-112,u221.5,-110
Fri Jan 6 2023,Los Angeles Clippers,115,Minnesota Timberwolves,128,o225.5,-110,o223,-110,o222.5,-115,o224,-110,o224,-110,o223.5,-108,o223,-110,u225.5,-110,u223,-110,u222.5,-105,u224,-110,u224,-110,u223.5,-113,u223,-110
Fri Jan 6 2023,Miami Heat,104,Phoenix Suns,96,o217,-108,o211,-110,o210.5,-110,o210.5,-110,o210.5,-110,o210,-112,o211,-110,u217,-112,u211,-110,u210.5,-110,u210.5,-110,u210.5,-110,u210,-109,u211,-110
Fri Jan 6 2023,Atlanta Hawks,114,Los Angeles Lakers,130,o242,-110,o242,-108,o241.5,-110,o242,-110,o241.5,-110,o242,-110,o242,-108,u242,-110,u242,-112,u241.5,-110,u242,-110,u241.5,-110,u242,-110,u242,-112
Sat Jan 7 2023,Boston Celtics,121,San Antonio Spurs,116,o235.5,-110,o234.5,-110,o234.5,-110,o234,-110,o234,-110,o234.5,-113,o234.5,-110,u235.5,-110,u234.5,-110,u234.5,-110,u234,-110,u234,-110,u234.5,-108,u234.5,-110
Sat Jan 7 2023,Utah Jazz,118,Chicago Bulls,126,o235.5,-110,o239.5,-110,o239.5,-115,o239,-110,o239.5,-110,o239.5,-110,o239.5,-110,u235.5,-110,u239.5,-110,u239.5,-105,u239,-110,u239.5,-110,u239.5,-110,u239.5,-110
Sat Jan 7 2023,New Orleans Pelicans,117,Dallas Mavericks,127,o226,-110,o222.5,-110,o222.5,-115,o222.5,-110,o224,-110,o222.5,-109,o222.5,-110,u226,-110,u222.5,-110,u222.5,-105,u222.5,-110,u224,-110,u222.5,-112,u222.5,-110
Sat Jan 7 2023,Orlando Magic,115,Golden State Warriors,101,o231.5,-110,o231,-108,o230.5,-115,o230.5,-110,o231.5,-110,o231,-109,o231,-108,u231.5,-110,u231,-112,u230.5,-105,u230.5,-110,u231.5,-110,u231,-112,u231,-112
Sat Jan 7 2023,Los Angeles Lakers,136,Sacramento Kings,134,o240,-110,o242.5,-110,o242.5,-110,o243,-110,o243,-110,o243,-108,o242.5,-110,u240,-110,u242.5,-110,u242.5,-110,u243,-110,u243,-110,u243,-113,u242.5,-110
Sun Jan 8 2023,Philadelphia 76ers,123,Detroit Pistons,111,o229.5,-110,o229.5,-110,o229.5,-110,o229.5,-110,o229,-110,o229.5,-110,o229.5,-110,u229.5,-110,u229.5,-110,u229.5,-110,u229.5,-110,u229,-110,u229.5,-110,u229.5,-110
Sun Jan 8 2023,Portland Trail Blazers,105,Toronto Raptors,117,o226.5,-110,o226.5,-112,o226.5,-110,o226.5,-110,o226.5,-110,o226.5,-110,o226.5,-112,u226.5,-110,u226.5,-108,u226.5,-110,u226.5,-110,u226.5,-110,u226.5,-110,u226.5,-108
Sun Jan 8 2023,Charlotte Hornets,111,Indiana Pacers,116,o239.5,-110,o240,-110,o240.5,-110,o240.5,-110,o240.5,-110,o240.5,-109,o240,-110,u239.5,-110,u240,-110,u240.5,-110,u240.5,-110,u240.5,-110,u240.5,-112,u240,-110
Sun Jan 8 2023,Utah Jazz,118,Memphis Grizzlies,123,o236.5,-110,o234,-110,o233.5,-110,o234.5,-110,o233.5,-110,o234.5,-110,o234,-110,u236.5,-110,u234,-110,u233.5,-110,u234.5,-110,u233.5,-110,u234.5,-110,u234,-110
Sun Jan 8 2023,Brooklyn Nets,102,Miami Heat,101,o221.5,-110,o223,-112,o223.5,-110,o223,-110,o223.5,-110,o223,-113,o223,-112,u221.5,-110,u223,-108,u223.5,-110,u223,-110,u223.5,-110,u223,-108,u223,-108
Sun Jan 8 2023,Minnesota Timberwolves,104,Houston Rockets,96,o229.5,-112,o232.5,-112,o232.5,-110,o232.5,-110,o232.5,-110,o233,-108,o232.5,-112,u229.5,-108,u232.5,-108,u232.5,-110,u232.5,-110,u232.5,-110,u233,-113,u232.5,-108
Sun Jan 8 2023,Dallas Mavericks,109,Oklahoma City Thunder,120,o228.5,-110,o227,-112,o226.5,-115,o227,-110,o227,-110,o227,-108,o227,-112,u228.5,-110,u227,-108,u226.5,-105,u227,-110,u227,-110,u227,-113,u227,-108
Sun Jan 8 2023,Cleveland Cavaliers,112,Phoenix Suns,98,o218.5,-110,o215,-110,o215.5,-110,o215.5,-110,o215.5,-110,o215,-110,o215,-110,u218.5,-110,u215,-110,u215.5,-110,u215.5,-110,u215.5,-110,u215,-110,u215,-110
Sun Jan 8 2023,Atlanta Hawks,112,Los Angeles Clippers,108,o231.5,-110,o233,-110,o233.5,-110,o233,-110,o233,-110,o234,-110,o233,-110,u231.5,-110,u233,-110,u233.5,-110,u233,-110,u233,-110,u234,-110,u233,-110
Mon Jan 9 2023,New Orleans Pelicans,132,Washington Wizards,112,N/A,o227.5,-110,o227.5,-110,o227.5,-110,o227.5,-110,o227.5,-110,N/A,u227.5,-110,u227.5,-110,u227.5,-110,u227.5,-110,u227.5,-110,,,,,,
Mon Jan 9 2023,Chicago Bulls,99,Boston Celtics,107,N/A,o235.5,-110,o235.5,-105,o234.5,-110,o236,-105,o235.5,-110,N/A,u235.5,-110,u235.5,-115,u234.5,-110,u236,-115,u235.5,-110,,,,,,
Mon Jan 9 2023,Milwaukee Bucks,111,New York Knicks,107,N/A,o218.5,-110,o219.5,-110,o218.5,-110,o218,-110,o218.5,-110,N/A,u218.5,-110,u219.5,-110,u218.5,-110,u218,-110,u218.5,-110,,,,,,
Mon Jan 9 2023,San Antonio Spurs,113,Memphis Grizzlies,121,N/A,o234,-110,o234.5,-110,o234,-110,o234.5,-110,o234,-110,N/A,u234,-110,u234.5,-110,u234,-110,u234.5,-110,u234,-110,,,,,,
Mon Jan 9 2023,Los Angeles Lakers,109,Denver Nuggets,122,N/A,o237,-110,o236.5,-110,o237,-110,o237,-110,o237,-110,N/A,u237,-110,u236.5,-110,u237,-110,u237,-110,u237,-110,,,,,,
Mon Jan 9 2023,Orlando Magic,111,Sacramento Kings,136,N/A,o237.5,-110,o237.5,-110,o237.5,-110,o237.5,-110,o237.5,-110,N/A,u237.5,-110,u237.5,-110,u237.5,-110,u237.5,-110,u237.5,-110,,,,,,
Tue Jan 10 2023,Detroit Pistons,116,Philadelphia 76ers,147,o229.5,-112,o225.5,-110,o225.5,-110,o226,-110,o225.5,-110,o225,-109,o225.5,-110,u229.5,-110,u225.5,-110,u225.5,-110,u226,-110,u225.5,-110,u225,-112,u225.5,-110
Tue Jan 10 2023,Oklahoma City Thunder,111,Miami Heat,112,o224.5,-110,o221,-112,o220.5,-115,o221,-110,o221,-110,o220.5,-112,o221,-112,u224.5,-110,u221,-108,u220.5,-105,u221,-110,u221,-110,u220.5,-109,u221,-108
Tue Jan 10 2023,Charlotte Hornets,120,Toronto Raptors,132,o231,-110,o229.5,-108,o229.5,-110,o229.5,-110,o229,-110,o229,-110,o229.5,-108,u231,-110,u229.5,-112,u229.5,-110,u229.5,-110,u229,-110,u229,-110,u229.5,-112
Tue Jan 10 2023,Cleveland Cavaliers,114,Utah Jazz,116,o227.5,-110,o226.5,-110,o226.5,-110,o226.5,-110,o226.5,-110,o226.5,-112,o226.5,-110,u227.5,-110,u226.5,-110,u226.5,-110,u226.5,-110,u226.5,-110,u226.5,-109,u226.5,-110
Tue Jan 10 2023,Phoenix Suns,125,Golden State Warriors,113,o229,-110,o230.5,-110,o230.5,-110,o230,-110,o230,-110,o230.5,-109,o230.5,-110,u229,-110,u230.5,-110,u230.5,-110,u230,-110,u230,-110,u230.5,-112,u230.5,-110
Tue Jan 10 2023,Orlando Magic,109,Portland Trail Blazers,106,o230,-110,o228.5,-112,o228.5,-110,o229,-110,o229,-115,o228,-112,o228.5,-112,u230,-110,u228.5,-108,u228.5,-110,u229,-110,u229,-105,u228,-109,u228.5,-108
Tue Jan 10 2023,Dallas Mavericks,101,Los Angeles Clippers,113,o219.5,-110,o224.5,-110,o224.5,-110,o224.5,-110,o224.5,-105,o223.5,-112,o224.5,-110,u219.5,-110,u224.5,-110,u224.5,-110,u224.5,-110,u224.5,-115,u223.5,-109,u224.5,-110
Wed Jan 11 2023,Minnesota Timberwolves,118,Detroit Pistons,135,N/A,o233.5,-110,o233.5,-110,o233.5,-110,o233.5,-115,o233.5,-110,N/A,u233.5,-110,u233.5,-110,u233.5,-110,u233.5,-105,u233.5,-110,,,,,,
Wed Jan 11 2023,Chicago Bulls,97,Washington Wizards,100,N/A,o228.5,-110,o228.5,-110,o228,-110,o228,-110,o228.5,-110,N/A,u228.5,-110,u228.5,-110,u228,-110,u228,-110,u228.5,-110,,,,,,
Wed Jan 11 2023,Milwaukee Bucks,114,Atlanta Hawks,105,N/A,o228,-110,o228.5,-105,o227.5,-110,o227.5,-110,o228,-110,N/A,u228,-110,u228.5,-115,u227.5,-110,u227.5,-110,u228,-110,,,,,,
Wed Jan 11 2023,New Orleans Pelicans,114,Boston Celtics,125,o229,-110,o230,-110,o230.5,-115,o229.5,-110,o229.5,-110,o230,-110,u229,-110,u230,-110,u230.5,-105,u229.5,-110,u229.5,-110,u230,-110,,,,
Wed Jan 11 2023,Indiana Pacers,113,New York Knicks,119,N/A,o226.5,-112,o226.5,-110,o226.5,-110,o226,-110,o226.5,-112,N/A,u226.5,-108,u226.5,-110,u226.5,-110,u226,-110,u226.5,-108,,,,,,
Wed Jan 11 2023,San Antonio Spurs,129,Memphis Grizzlies,135,N/A,o241,-110,o240.5,-110,o241.5,-110,o241,-105,o241,-110,N/A,u241,-110,u240.5,-110,u241.5,-110,u241,-115,u241,-110,,,,,,
Wed Jan 11 2023,Phoenix Suns,97,Denver Nuggets,126,N/A,o227,-110,o227.5,-110,o227,-110,o227,-105,o227,-110,N/A,u227,-110,u227.5,-110,u227,-110,u227,-115,u227,-110,,,,,,
Wed Jan 11 2023,Houston Rockets,115,Sacramento Kings,135,N/A,o236,-110,o236.5,-110,o236.5,-110,o236.5,-105,o236,-110,N/A,u236,-110,u236.5,-110,u236.5,-110,u236.5,-115,u236,-110,,,,,,
Thu Jan 12 2023,Oklahoma City Thunder,133,Philadelphia 76ers,114,N/A,o234,-110,o233.5,-115,o233,-110,o234,-105,o234,-110,N/A,u234,-110,u233.5,-105,u233,-110,u234,-115,u234,-110,,,,,,
Thu Jan 12 2023,Boston Celtics,109,Brooklyn Nets,98,N/A,o224.5,-110,o224.5,-115,o225.5,-110,o224.5,-110,o224.5,-110,N/A,u224.5,-110,u224.5,-105,u225.5,-110,u224.5,-110,u224.5,-110,,,,,,
Thu Jan 12 2023,Milwaukee Bucks,102,Miami Heat,108,N/A,o211.5,-110,o211.5,-115,o212,-110,o212,-110,o211.5,-110,N/A,u211.5,-110,u211.5,-105,u212,-110,u212,-110,u211.5,-110,,,,,,
Thu Jan 12 2023,Charlotte Hornets,114,Toronto Raptors,124,N/A,o230,-108,o229.5,-115,o229.5,-110,o229.5,-105,o230,-108,N/A,u230,-112,u229.5,-105,u229.5,-110,u229.5,-115,u230,-112,,,,,,
Thu Jan 12 2023,Dallas Mavericks,119,Los Angeles Lakers,115,N/A,o236.5,-110,o236.5,-110,o237.5,-110,o237,-110,o236.5,-110,N/A,u236.5,-110,u236.5,-110,u237.5,-110,u237,-110,u236.5,-110,,,,,,
Thu Jan 12 2023,Cleveland Cavaliers,119,Portland Trail Blazers,113,N/A,o224.5,-110,o223.5,-115,o224,-110,o224,-110,o224.5,-110,N/A,u224.5,-110,u223.5,-105,u224,-110,u224,-110,u224.5,-110,,,,,,
Fri Jan 13 2023,New Orleans Pelicans,116,Detroit Pistons,110,N/A,o234.5,-110,o234.5,-110,o234.5,-110,o234.5,-110,o234.5,-110,N/A,u234.5,-110,u234.5,-110,u234.5,-110,u234.5,-110,u234.5,-110,,,,,,
Fri Jan 13 2023,Atlanta Hawks,113,Indiana Pacers,111,o228.5,-110,o239,-110,o239.5,-110,o239,-110,o239,-110,o239,-110,u228.5,-110,u239,-110,u239.5,-110,u239,-110,u239,-110,u239,-110,,,,
Fri Jan 13 2023,New York Knicks,112,Washington Wizards,108,N/A,o220.5,-110,o219.5,-115,o220,-110,o220,-110,o220.5,-110,N/A,u220.5,-110,u219.5,-105,u220,-110,u220,-110,u220.5,-110,,,,,,
Fri Jan 13 2023,Golden State Warriors,144,San Antonio Spurs,113,N/A,o243.5,-108,o243.5,-110,o243.5,-110,o243,-110,o243.5,-108,N/A,u243.5,-112,u243.5,-110,u243.5,-110,u243,-110,u243.5,-112,,,,,,
Fri Jan 13 2023,Oklahoma City Thunder,124,Chicago Bulls,110,N/A,o233.5,-110,o233.5,-110,o233.5,-110,o234,-110,o233.5,-110,N/A,u233.5,-110,u233.5,-110,u233.5,-110,u234,-110,u233.5,-110,,,,,,
Fri Jan 13 2023,Phoenix Suns,116,Minnesota Timberwolves,121,N/A,o223,-110,o222.5,-110,o222.5,-110,o223.5,-110,o223,-110,N/A,u223,-110,u222.5,-110,u222.5,-110,u223.5,-110,u223,-110,,,,,,
Fri Jan 13 2023,Orlando Magic,108,Utah Jazz,112,N/A,o233.5,-110,o233.5,-110,o233.5,-110,o233.5,-115,o233.5,-110,N/A,u233.5,-110,u233.5,-110,u233.5,-110,u233.5,-105,u233.5,-110,,,,,,
Fri Jan 13 2023,Denver Nuggets,115,Los Angeles Clippers,103,o225.5,-110,o222,-110,o221.5,-110,o221,-110,o221,-115,o222,-110,u225.5,-110,u222,-110,u221.5,-110,u221,-110,u221,-105,u222,-110,,,,
Fri Jan 13 2023,Houston Rockets,114,Sacramento Kings,139,o235,-112,o239,-110,o238.5,-110,o239,-110,o239.5,-110,o239,-110,u235,-108,u239,-110,u238.5,-110,u239,-110,u239.5,-110,u239,-110,,,,
Sat Jan 14 2023,Milwaukee Bucks,95,Miami Heat,111,o219.5,-110,o213,-110,o212.5,-110,o212,-110,o212.5,-110,o213.5,-110,o213,-110,u219.5,-110,u213,-110,u212.5,-110,u212,-110,u212.5,-110,u213.5,-110,u213,-110
Sat Jan 14 2023,Boston Celtics,122,Charlotte Hornets,106,o231.5,-110,o232.5,-110,o232.5,-110,o232.5,-110,o232.5,-115,o232.5,-113,o232.5,-110,u231.5,-110,u232.5,-110,u232.5,-110,u232.5,-110,u232.5,-105,u232.5,-108,u232.5,-110
Sat Jan 14 2023,Memphis Grizzlies,130,Indiana Pacers,112,o235.5,-110,o241,-110,o240.5,-115,o240.5,-110,o241,-110,o241,-110,o241,-110,u235.5,-110,u241,-110,u240.5,-105,u240.5,-110,u241,-110,u241,-110,u241,-110
Sat Jan 14 2023,Atlanta Hawks,114,Toronto Raptors,103,o232.5,-110,o232,-110,o231.5,-110,o232,-110,o231.5,-110,o232,-109,o232,-110,u232.5,-110,u232,-110,u231.5,-110,u232,-110,u231.5,-110,u232,-112,u232,-110
Sat Jan 14 2023,Cleveland Cavaliers,102,Minnesota Timberwolves,110,o224.5,-110,o225,-110,o224.5,-110,o225,-110,o224.5,-110,o225,-109,o225,-110,u224.5,-110,u225,-110,u224.5,-110,u225,-110,u224.5,-110,u225,-112,u225,-110
Sat Jan 14 2023,Philadelphia 76ers,118,Utah Jazz,117,o235,-110,o231,-110,o231.5,-110,o231.5,-110,o231,-115,o232,-109,o231,-110,u235,-110,u231,-110,u231.5,-110,u231.5,-110,u231,-105,u232,-112,u231,-110
Sat Jan 14 2023,Dallas Mavericks,119,Portland Trail Blazers,136,o228.5,-110,o227,-110,o226.5,-110,o226.5,-110,o227,-110,o226,-109,o227,-110,u228.5,-110,u227,-110,u226.5,-110,u226.5,-110,u227,-110,u226,-112,u227,-110
Sun Jan 15 2023,New York Knicks,117,Detroit Pistons,104,o226.5,-110,o225,-110,o224.5,-115,o225,-110,o225,-110,o225.5,-109,o225,-110,u226.5,-110,u225,-110,u224.5,-105,u225,-110,u225,-110,u225.5,-112,u225,-110
Sun Jan 15 2023,Houston Rockets,100,Los Angeles Clippers,121,o228.5,-110,o221,-110,o221.5,-110,o221,-110,o221.5,-110,o220.5,-113,o221,-110,u228.5,-110,u221,-110,u221.5,-110,u221,-110,u221.5,-110,u220.5,-108,u221,-110
Sun Jan 15 2023,Golden State Warriors,118,Chicago Bulls,132,o237.5,-110,o237.5,-110,o237.5,-110,o237.5,-110,o237.5,-110,o237.5,-112,o237.5,-110,u237.5,-110,u237.5,-110,u237.5,-110,u237.5,-110,u237.5,-110,u237.5,-109,u237.5,-110
Sun Jan 15 2023,Oklahoma City Thunder,112,Brooklyn Nets,102,o230.5,-110,o230,-110,o230.5,-110,o229.5,-110,o230.5,-105,o229.5,-113,o230,-110,u230.5,-110,u230,-110,u230.5,-110,u229.5,-110,u230.5,-115,u229.5,-108,u230,-110
Sun Jan 15 2023,Sacramento Kings,132,San Antonio Spurs,119,o246,-110,o246,-110,o246.5,-110,o246,-110,o246,-110,o246.5,-110,o246,-110,u246,-110,u246,-110,u246.5,-110,u246,-110,u246,-110,u246.5,-110,u246,-110
Sun Jan 15 2023,Orlando Magic,116,Denver Nuggets,119,o231,-110,o234,-110,o234.5,-110,o234,-110,o234,-110,o234,-110,o234,-110,u231,-110,u234,-110,u234.5,-110,u234,-110,u234,-110,u234,-110,u234,-110
Sun Jan 15 2023,Dallas Mavericks,123,Portland Trail Blazers,140,o227,-110,o223.5,-110,o223.5,-110,o223.5,-110,o223.5,-110,o223,-113,o223.5,-110,u227,-110,u223.5,-110,u223.5,-110,u223.5,-110,u223.5,-110,u223,-108,u223.5,-110
Sun Jan 15 2023,Philadelphia 76ers,113,Los Angeles Lakers,112,o234.5,-110,o235,-110,o234.5,-110,o235,-110,o235,-110,o235,-112,o235,-110,u234.5,-110,u235,-110,u234.5,-110,u235,-110,u235,-110,u235,-109,u235,-110
Mon Jan 16 2023,Boston Celtics,130,Charlotte Hornets,118,N/A,o230.5,-110,o229.5,-110,o230.5,-110,o230,-110,o230.5,-110,N/A,u230.5,-110,u229.5,-110,u230.5,-110,u230,-110,u230.5,-110,,,,,,
Mon Jan 16 2023,Indiana Pacers,119,Milwaukee Bucks,132,N/A,o228,-110,o228.5,-110,o227.5,-110,o228,-110,o228,-110,N/A,u228,-110,u228.5,-110,u227.5,-110,u228,-110,u228,-110,,,,,,
Mon Jan 16 2023,New Orleans Pelicans,103,Cleveland Cavaliers,113,N/A,o223,-108,o223.5,-110,o223,-110,o223,-115,o223,-108,N/A,u223,-112,u223.5,-110,u223,-110,u223,-105,u223,-112,,,,,,
Mon Jan 16 2023,Toronto Raptors,123,New York Knicks,121,N/A,o219,-110,o218.5,-110,o218.5,-110,o219,-110,o219,-110,N/A,u219,-110,u218.5,-110,u218.5,-110,u219,-110,u219,-110,,,,,,
Mon Jan 16 2023,Golden State Warriors,127,Washington Wizards,118,N/A,o235.5,-110,o234.5,-115,o235,-110,o235,-110,o235.5,-110,N/A,u235.5,-110,u234.5,-105,u235,-110,u235,-110,u235.5,-110,,,,,,
Mon Jan 16 2023,Miami Heat,113,Atlanta Hawks,121,N/A,o223,-108,o222.5,-110,o223,-110,o223,-105,o223,-108,N/A,u223,-112,u222.5,-110,u223,-110,u223,-115,u223,-112,,,,,,
Mon Jan 16 2023,Utah Jazz,126,Minnesota Timberwolves,125,N/A,o232.5,-112,o231.5,-115,o232,-110,o231.5,-110,o232.5,-112,N/A,u232.5,-108,u231.5,-105,u232,-110,u231.5,-110,u232.5,-108,,,,,,
Mon Jan 16 2023,Phoenix Suns,106,Memphis Grizzlies,136,N/A,o231.5,-110,o231.5,-110,o232,-110,o232,-105,o231.5,-110,N/A,u231.5,-110,u231.5,-110,u232,-110,u232,-115,u231.5,-110,,,,,,
Mon Jan 16 2023,Houston Rockets,132,Los Angeles Lakers,140,N/A,o236.5,-108,o236.5,-110,o236.5,-110,o236.5,-110,o236.5,-108,N/A,u236.5,-112,u236.5,-110,u236.5,-110,u236.5,-110,u236.5,-112,,,,,,
Tue Jan 17 2023,Toronto Raptors,122,Milwaukee Bucks,130,N/A,o222,-110,o221.5,-110,o221.5,-110,o221.5,-110,o222,-110,N/A,u222,-110,u221.5,-110,u221.5,-110,u221.5,-110,u222,-110,,,,,,
Tue Jan 17 2023,Brooklyn Nets,98,San Antonio Spurs,106,N/A,o228,-112,o227.5,-115,o229,-110,o227.5,-110,o228,-112,N/A,u228,-108,u227.5,-105,u229,-110,u227.5,-110,u228,-108,,,,,,
Tue Jan 17 2023,Portland Trail Blazers,113,Denver Nuggets,122,N/A,o238.5,-110,o238.5,-110,o238.5,-110,o238,-110,o238.5,-110,N/A,u238.5,-110,u238.5,-110,u238.5,-110,u238,-110,u238.5,-110,,,,,,
Tue Jan 17 2023,Philadelphia 76ers,120,Los Angeles Clippers,110,N/A,o224,-110,o224.5,-110,o224.5,-110,o224,-110,o224,-110,N/A,u224,-110,u224.5,-110,u224.5,-110,u224,-110,u224,-110,,,,,,
Wed Jan 18 2023,Atlanta Hawks,130,Dallas Mavericks,122,N/A,o231.5,-112,o231.5,-115,o231.5,-110,o231.5,-110,o231.5,-112,N/A,u231.5,-108,u231.5,-105,u231.5,-110,u231.5,-110,u231.5,-108,,,,,,
Wed Jan 18 2023,Washington Wizards,116,New York Knicks,105,N/A,o225.5,-108,o224.5,-110,o225,-110,o224.5,-110,o225.5,-108,N/A,u225.5,-112,u224.5,-110,u225,-110,u224.5,-110,u225.5,-112,,,,,,
Wed Jan 18 2023,Charlotte Hornets,122,Houston Rockets,117,N/A,o236.5,-110,o235.5,-115,o236.5,-110,o236.5,-110,o236.5,-110,N/A,u236.5,-110,u235.5,-105,u236.5,-110,u236.5,-110,u236.5,-110,,,,,,
Wed Jan 18 2023,Cleveland Cavaliers,114,Memphis Grizzlies,115,N/A,o227,-110,o227.5,-110,o227,-110,o227,-110,o227,-110,N/A,u227,-110,u227.5,-110,u227,-110,u227,-110,u227,-110,,,,,,
Wed Jan 18 2023,Miami Heat,124,New Orleans Pelicans,98,N/A,o219.5,-110,o219.5,-110,o219.5,-110,o219.5,-110,o219.5,-110,N/A,u219.5,-110,u219.5,-110,u219.5,-110,u219.5,-110,u219.5,-110,,,,,,
Wed Jan 18 2023,Indiana Pacers,106,Oklahoma City Thunder,126,N/A,o237.5,-110,o237.5,-115,o238,-110,o238,-115,o237.5,-110,N/A,u237.5,-110,u237.5,-105,u238,-110,u238,-105,u237.5,-110,,,,,,
Wed Jan 18 2023,Los Angeles Clippers,103,Utah Jazz,126,N/A,o229.5,-110,o229.5,-110,o229.5,-110,o229.5,-110,o229.5,-110,N/A,u229.5,-110,u229.5,-110,u229.5,-110,u229.5,-110,u229.5,-110,,,,,,
Wed Jan 18 2023,Minnesota Timberwolves,118,Denver Nuggets,122,N/A,o241.5,-110,o241.5,-110,o241.5,-110,o241.5,-110,o241.5,-110,N/A,u241.5,-110,u241.5,-110,u241.5,-110,u241.5,-110,u241.5,-110,,,,,,
Wed Jan 18 2023,Sacramento Kings,116,Los Angeles Lakers,111,N/A,o244.5,-110,o243.5,-115,o244.5,-110,o244.5,-110,o244.5,-110,N/A,u244.5,-110,u243.5,-105,u244.5,-110,u244.5,-110,u244.5,-110,,,,,,
Thu Jan 19 2023,Chicago Bulls,126,Detroit Pistons,108,o233.5,-110,o236,-110,o236.5,-110,o236.5,-110,o236,-110,o236,-110,u233.5,-110,u236,-110,u236.5,-110,u236.5,-110,u236,-110,u236,-110,,,,
Thu Jan 19 2023,Golden State Warriors,118,Boston Celtics,121,N/A,o241.5,-110,o241.5,-110,o241.5,-110,o241.5,-110,o241.5,-110,N/A,u241.5,-110,u241.5,-110,u241.5,-110,u241.5,-110,u241.5,-110,,,,,,
Thu Jan 19 2023,Toronto Raptors,126,Minnesota Timberwolves,128,N/A,o233,-110,o233.5,-110,o233.5,-110,o233.5,-110,o233,-110,N/A,u233,-110,u233.5,-110,u233.5,-110,u233.5,-110,u233,-110,,,,,,
Thu Jan 19 2023,Brooklyn Nets,112,Phoenix Suns,117,o224.5,-110,o220.5,-110,o220.5,-110,o221.5,-110,o221.5,-115,o220.5,-110,u224.5,-110,u220.5,-110,u220.5,-110,u221.5,-110,u221.5,-105,u220.5,-110,,,,
Thu Jan 19 2023,Philadelphia 76ers,105,Portland Trail Blazers,95,N/A,o234,-112,o234.5,-115,o235,-110,o235,-110,o234,-112,N/A,u234,-108,u234.5,-105,u235,-110,u235,-110,u234,-108,,,,,,
Fri Jan 20 2023,New Orleans Pelicans,110,Orlando Magic,123,N/A,o230,-108,o229.5,-110,o230,-110,o229.5,-110,o230,-108,N/A,u230,-112,u229.5,-110,u230,-110,u229.5,-110,u230,-112,,,,,,
Fri Jan 20 2023,New York Knicks,124,Atlanta Hawks,139,N/A,o229.5,-108,o229.5,-110,o229,-110,o229.5,-110,o229.5,-108,N/A,u229.5,-112,u229.5,-110,u229,-110,u229.5,-110,u229.5,-112,,,,,,
Fri Jan 20 2023,Golden State Warriors,120,Cleveland Cavaliers,114,N/A,o219.5,-110,o219.5,-110,o219,-110,o219.5,-110,o219.5,-110,N/A,u219.5,-110,u219.5,-110,u219,-110,u219.5,-110,u219.5,-110,,,,,,
Fri Jan 20 2023,Miami Heat,90,Dallas Mavericks,115,N/A,o218.5,-112,o218.5,-110,o218.5,-110,o218.5,-110,o218.5,-112,N/A,u218.5,-108,u218.5,-110,u218.5,-110,u218.5,-110,u218.5,-108,,,,,,
Fri Jan 20 2023,Los Angeles Clippers,131,San Antonio Spurs,126,N/A,o231.5,-108,o230.5,-115,o231,-110,o231,-110,o231.5,-108,N/A,u231.5,-112,u230.5,-105,u231,-110,u231,-110,u231.5,-112,,,,,,
Fri Jan 20 2023,Indiana Pacers,111,Denver Nuggets,134,N/A,o235.5,-112,o235.5,-115,o235.5,-110,o236.5,-110,o235.5,-112,N/A,u235.5,-108,u235.5,-105,u235.5,-110,u236.5,-110,u235.5,-108,,,,,,
Fri Jan 20 2023,Brooklyn Nets,117,Utah Jazz,106,N/A,o232.5,-112,o232.5,-110,o232.5,-110,o232.5,-110,o232.5,-112,N/A,u232.5,-108,u232.5,-110,u232.5,-110,u232.5,-110,u232.5,-108,,,,,,
Fri Jan 20 2023,Memphis Grizzlies,121,Los Angeles Lakers,122,N/A,o244.5,-110,o243.5,-110,o244,-110,o244,-110,o244.5,-110,N/A,u244.5,-110,u243.5,-110,u244,-110,u244,-110,u244.5,-110,,,,,,
Fri Jan 20 2023,Oklahoma City Thunder,113,Sacramento Kings,118,N/A,o243.5,-112,o243.5,-115,o244,-110,o244,-110,o243.5,-112,N/A,u243.5,-108,u243.5,-105,u244,-110,u244,-110,u243.5,-108,,,,,,
Sat Jan 21 2023,Boston Celtics,106,Toronto Raptors,104,N/A,o225,-110,o223.5,-110,o225,-110,o224,-110,o225,-110,N/A,u225,-110,u223.5,-110,u225,-110,u224,-110,u225,-110,,,,,,
Sat Jan 21 2023,Orlando Magic,118,Washington Wizards,138,N/A,o231.5,-110,o231.5,-110,o231,-110,o231.5,-110,o231.5,-110,N/A,u231.5,-110,u231.5,-110,u231,-110,u231.5,-110,u231.5,-110,,,,,,
Sat Jan 21 2023,Charlotte Hornets,122,Atlanta Hawks,118,N/A,o234.5,-110,o234.5,-110,o234,-110,o234.5,-110,o234.5,-110,N/A,u234.5,-110,u234.5,-110,u234,-110,u234.5,-110,u234.5,-110,,,,,,
Sat Jan 21 2023,Milwaukee Bucks,102,Cleveland Cavaliers,114,N/A,o217.5,-112,o217.5,-110,o218,-110,o218,-110,o217.5,-112,N/A,u217.5,-108,u217.5,-110,u218,-110,u218,-110,u217.5,-108,,,,,,
Sat Jan 21 2023,Houston Rockets,104,Minnesota Timberwolves,113,N/A,o240,-110,o239.5,-110,o239.5,-110,o240,-105,o240,-110,N/A,u240,-110,u239.5,-110,u239.5,-110,u240,-115,u240,-110,,,,,,
Sat Jan 21 2023,Indiana Pacers,107,Phoenix Suns,112,N/A,o229,-110,o228.5,-110,o228,-110,o229,-110,o229,-110,N/A,u229,-110,u228.5,-110,u228,-110,u229,-110,u229,-110,,,,,,
Sat Jan 21 2023,Philadelphia 76ers,129,Sacramento Kings,127,N/A,o234.5,-112,o233.5,-115,o234,-110,o234,-110,o234.5,-112,N/A,u234.5,-108,u233.5,-105,u234,-110,u234,-110,u234.5,-108,,,,,,
Sun Jan 22 2023,Los Angeles Clippers,112,Dallas Mavericks,98,o224.5,-112,o221.5,-110,o221.5,-110,o221.5,-110,o221,-115,o222.5,-109,o221.5,-110,u224.5,-108,u221.5,-110,u221.5,-110,u221.5,-110,u221,-105,u222.5,-112,u221.5,-110
Sun Jan 22 2023,New Orleans Pelicans,96,Miami Heat,100,o222.5,-110,o218,-108,o217.5,-110,o217.5,-110,o217.5,-110,o217.5,-113,o218,-108,u222.5,-110,u218,-112,u217.5,-110,u217.5,-110,u217.5,-110,u217.5,-108,u218,-112
Sun Jan 22 2023,New York Knicks,116,Toronto Raptors,125,o223.5,-110,o223.5,-110,o223.5,-110,o223.5,-110,o223.5,-110,o223,-108,o223.5,-110,u223.5,-110,u223.5,-110,u223.5,-110,u223.5,-110,u223.5,-110,u223,-113,u223.5,-110
Sun Jan 22 2023,Oklahoma City Thunder,101,Denver Nuggets,99,o236.5,-110,o233.5,-110,o233.5,-110,o233,-110,o233,-110,o232.5,-109,o233.5,-110,u236.5,-110,u233.5,-110,u233.5,-110,u233,-110,u233,-110,u232.5,-112,u233.5,-110
Sun Jan 22 2023,Memphis Grizzlies,110,Phoenix Suns,112,o230.5,-110,o231.5,-110,o232.5,-105,o231.5,-110,o232,-110,o232,-110,o231.5,-110,u230.5,-110,u231.5,-110,u232.5,-115,u231.5,-110,u232,-110,u232,-110,u231.5,-110
Sun Jan 22 2023,Brooklyn Nets,120,Golden State Warriors,116,o233.5,-110,o236,-108,o235.5,-115,o236,-110,o236,-105,o236,-110,o236,-108,u233.5,-110,u236,-112,u235.5,-105,u236,-110,u236,-115,u236,-110,u236,-112
Sun Jan 22 2023,Los Angeles Lakers,121,Portland Trail Blazers,112,o239,-110,o239,-110,o239.5,-110,o239,-110,o239,-110,o239,-113,o239,-110,u239,-110,u239,-110,u239.5,-110,u239,-110,u239,-110,u239,-108,u239,-110
Mon Jan 23 2023,Milwaukee Bucks,150,Detroit Pistons,130,o231,-110,o236.5,-110,o237.5,-110,o236.5,-110,o236.5,-115,o236,-109,o236.5,-110,u231,-110,u236.5,-110,u237.5,-110,u236.5,-110,u236.5,-105,u236,-112,u236.5,-110
Mon Jan 23 2023,Boston Celtics,98,Orlando Magic,113,o232,-110,o229,-110,o228.5,-115,o229,-110,o229,-110,o229,-109,o229,-110,u232,-110,u229,-110,u228.5,-105,u229,-110,u229,-110,u229,-112,u229,-110
Mon Jan 23 2023,Atlanta Hawks,100,Chicago Bulls,111,o237.5,-110,o240,-112,o239.5,-115,o240,-110,o240.5,-110,o238.5,-110,o240,-112,u237.5,-110,u240,-108,u239.5,-105,u240,-110,u240.5,-110,u238.5,-110,u240,-108
Mon Jan 23 2023,Minnesota Timberwolves,114,Houston Rockets,119,o236,-110,o232.5,-112,o233.5,-110,o233,-110,o232.5,-110,o233,-112,o232.5,-112,u236,-110,u232.5,-108,u233.5,-110,u233,-110,u232.5,-110,u233,-109,u232.5,-108
Mon Jan 23 2023,Charlotte Hornets,102,Utah Jazz,120,o236.5,-110,o236.5,-110,o236.5,-115,o236.5,-110,o236.5,-110,o236.5,-112,o236.5,-110,u236.5,-110,u236.5,-110,u236.5,-105,u236.5,-110,u236.5,-110,u236.5,-109,u236.5,-110
Mon Jan 23 2023,San Antonio Spurs,127,Portland Trail Blazers,147,o241.5,-110,o240.5,-110,o240.5,-110,o240.5,-110,o240.5,-110,o240.5,-110,o240.5,-110,u241.5,-110,u240.5,-110,u240.5,-110,u240.5,-110,u240.5,-110,u240.5,-110,u240.5,-110
Mon Jan 23 2023,Memphis Grizzlies,100,Sacramento Kings,133,o244.5,-110,o245,-110,o244.5,-110,o244.5,-110,o244.5,-110,o245,-108,o245,-110,u244.5,-110,u245,-110,u244.5,-110,u244.5,-110,u244.5,-110,u245,-113,u245,-110
Tue Jan 24 2023,Chicago Bulls,110,Indiana Pacers,116,N/A,o234.5,-110,o234.5,-110,o234.5,-110,o234.5,-110,o234.5,-110,N/A,u234.5,-110,u234.5,-110,u234.5,-110,u234.5,-110,u234.5,-110,,,,,,
Tue Jan 24 2023,Boston Celtics,95,Miami Heat,98,N/A,o214.5,-110,o214.5,-110,o214.5,-110,o214.5,-110,o214.5,-110,N/A,u214.5,-110,u214.5,-110,u214.5,-110,u214.5,-110,u214.5,-110,,,,,,
Tue Jan 24 2023,Cleveland Cavaliers,103,New York Knicks,105,N/A,o220,-110,o220.5,-110,o220,-110,o220,-110,o220,-110,N/A,u220,-110,u220.5,-110,u220,-110,u220,-110,u220,-110,,,,,,
Tue Jan 24 2023,Denver Nuggets,99,New Orleans Pelicans,98,N/A,o233,-110,o232.5,-110,o233,-110,o232.5,-110,o233,-110,N/A,u233,-110,u232.5,-110,u233,-110,u232.5,-110,u233,-110,,,,,,
Tue Jan 24 2023,Washington Wizards,127,Dallas Mavericks,126,N/A,o224,-110,o224.5,-110,o223.5,-110,o224,-110,o224,-110,N/A,u224,-110,u224.5,-110,u223.5,-110,u224,-110,u224,-110,,,,,,
Tue Jan 24 2023,Charlotte Hornets,97,Phoenix Suns,128,N/A,o223,-110,o223.5,-110,o222.5,-110,o224,-110,o223,-110,N/A,u223,-110,u223.5,-110,u222.5,-110,u224,-110,u223,-110,,,,,,
Tue Jan 24 2023,Los Angeles Clippers,133,Los Angeles Lakers,115,N/A,o231,-108,o231.5,-110,o231.5,-110,o231.5,-110,o231,-108,N/A,u231,-112,u231.5,-110,u231.5,-110,u231.5,-110,u231,-112,,,,,,
Wed Jan 25 2023,Indiana Pacers,120,Orlando Magic,126,N/A,o234.5,-110,o234.5,-110,o234.5,-110,o234.5,-110,o234.5,-110,N/A,u234.5,-110,u234.5,-110,u234.5,-110,u234.5,-110,u234.5,-110,,,,,,
Wed Jan 25 2023,Brooklyn Nets,133,Philadelphia 76ers,137,N/A,o225.5,-110,o225.5,-110,o225,-110,o225.5,-110,o225.5,-110,N/A,u225.5,-110,u225.5,-110,u225,-110,u225.5,-110,u225.5,-110,,,,,,
Wed Jan 25 2023,Washington Wizards,108,Houston Rockets,103,N/A,o233.5,-110,o233.5,-110,o232.5,-110,o234.5,-110,o233.5,-110,N/A,u233.5,-110,u233.5,-110,u232.5,-110,u234.5,-110,u233.5,-110,,,,,,
Wed Jan 25 2023,Denver Nuggets,99,Milwaukee Bucks,107,N/A,o227.5,-112,o227.5,-115,o227.5,-110,o227.5,-110,o227.5,-112,N/A,u227.5,-108,u227.5,-105,u227.5,-110,u227.5,-110,u227.5,-108,,,,,,
Wed Jan 25 2023,Minnesota Timberwolves,111,New Orleans Pelicans,102,N/A,o228.5,-110,o228.5,-115,o229.5,-110,o228.5,-110,o228.5,-110,N/A,u228.5,-110,u228.5,-105,u229.5,-110,u228.5,-110,u228.5,-110,,,,,,
Wed Jan 25 2023,Atlanta Hawks,137,Oklahoma City Thunder,132,N/A,o238.5,-110,o237.5,-115,o238,-110,o238,-110,o238.5,-110,N/A,u238.5,-110,u237.5,-105,u238,-110,u238,-110,u238.5,-110,,,,,,
Wed Jan 25 2023,Memphis Grizzlies,120,Golden State Warriors,122,N/A,o245.5,-110,o245.5,-110,o246,-110,o245.5,-110,o245.5,-110,N/A,u245.5,-110,u245.5,-110,u246,-110,u245.5,-110,u245.5,-110,,,,,,
Wed Jan 25 2023,Utah Jazz,124,Portland Trail Blazers,134,N/A,o239.5,-110,o239.5,-110,o239,-110,o239.5,-110,o239.5,-110,N/A,u239.5,-110,u239.5,-110,u239,-110,u239.5,-110,u239.5,-110,,,,,,
Wed Jan 25 2023,Toronto Raptors,113,Sacramento Kings,95,N/A,o237,-112,o237.5,-110,o237.5,-110,o237.5,-110,o237,-112,N/A,u237,-108,u237.5,-110,u237.5,-110,u237.5,-110,u237,-108,,,,,,
Wed Jan 25 2023,San Antonio Spurs,104,Los Angeles Lakers,113,N/A,o245.5,-110,o244.5,-110,o245,-110,o244.5,-110,o245.5,-110,N/A,u245.5,-110,u244.5,-110,u245,-110,u244.5,-110,u245.5,-110,,,,,,
Thu Jan 26 2023,New York Knicks,120,Boston Celtics,117,N/A,o221.5,-110,o221.5,-105,o221.5,-110,N/A,o221.5,-110,N/A,u221.5,-110,u221.5,-115,u221.5,-110,N/A,u221.5,-110,,,,,,,,
Thu Jan 26 2023,Detroit Pistons,130,Brooklyn Nets,122,N/A,o235,-110,o234.5,-110,o234.5,-110,N/A,o235,-110,N/A,u235,-110,u234.5,-110,u234.5,-110,N/A,u235,-110,,,,,,,,
Thu Jan 26 2023,Chicago Bulls,96,Charlotte Hornets,111,N/A,o236,-112,o235.5,-115,o236,-110,N/A,o236,-112,N/A,u236,-108,u235.5,-105,u236,-110,N/A,u236,-108,,,,,,,,
Thu Jan 26 2023,Cleveland Cavaliers,113,Houston Rockets,95,N/A,o217,-110,o217.5,-115,o217,-110,N/A,o217,-110,N/A,u217,-110,u217.5,-105,u217,-110,N/A,u217,-110,,,,,,,,
Thu Jan 26 2023,Dallas Mavericks,99,Phoenix Suns,95,N/A,o220.5,-110,o221.5,-110,o221,-110,N/A,o220.5,-110,N/A,u220.5,-110,u221.5,-110,u221,-110,N/A,u220.5,-110,,,,,,,,
Thu Jan 26 2023,San Antonio Spurs,100,Los Angeles Clippers,138,N/A,o234,-108,o234.5,-110,o234,-110,N/A,o234,-108,N/A,u234,-112,u234.5,-110,u234,-110,N/A,u234,-112,,,,,,,,
Fri Jan 27 2023,Milwaukee Bucks,141,Indiana Pacers,131,N/A,o239,-110,o239.5,-105,o239,-110,o239,-110,o239,-110,N/A,u239,-110,u239.5,-115,u239,-110,u239,-110,u239,-110,,,,,,
Fri Jan 27 2023,Memphis Grizzlies,100,Minnesota Timberwolves,111,N/A,o236,-110,o235.5,-115,o236,-110,o236,-110,o236,-110,N/A,u236,-110,u235.5,-105,u236,-110,u236,-110,u236,-110,,,,,,
Fri Jan 27 2023,Orlando Magic,105,Miami Heat,110,N/A,o219,-110,o218.5,-110,o219,-110,o219,-110,o219,-110,N/A,u219,-110,u218.5,-110,u219,-110,u219,-110,u219,-110,,,,,,
Fri Jan 27 2023,Cleveland Cavaliers,100,Oklahoma City Thunder,112,N/A,o221.5,-112,o221.5,-110,o221.5,-110,o221.5,-110,o221.5,-112,N/A,u221.5,-108,u221.5,-110,u221.5,-110,u221.5,-110,u221.5,-108,,,,,,
Fri Jan 27 2023,Toronto Raptors,117,Golden State Warriors,129,N/A,o234,-110,o233.5,-110,o234,-110,o234,-110,o234,-110,N/A,u234,-110,u233.5,-110,u234,-110,u234,-110,u234,-110,,,,,,
Sat Jan 28 2023,Denver Nuggets,119,Philadelphia 76ers,126,N/A,o231.5,-110,o231.5,-115,o231.5,-110,o231.5,-105,o231.5,-110,N/A,u231.5,-110,u231.5,-105,u231.5,-110,u231.5,-115,u231.5,-110,,,,,,
Sat Jan 28 2023,New York Knicks,115,Brooklyn Nets,122,N/A,o223,-110,o224.5,-105,o223.5,-110,o224,-105,o223,-110,N/A,u223,-110,u224.5,-115,u223.5,-110,u224,-115,u223,-110,,,,,,
Sat Jan 28 2023,Houston Rockets,117,Detroit Pistons,114,N/A,o234.5,-110,o234.5,-110,o234.5,-110,o235,-110,o234.5,-110,N/A,u234.5,-110,u234.5,-110,u234.5,-110,u235,-110,u234.5,-110,,,,,,
Sat Jan 28 2023,Chicago Bulls,128,Orlando Magic,109,N/A,o230.5,-110,o230.5,-110,o230.5,-110,o230.5,-110,o230.5,-110,N/A,u230.5,-110,u230.5,-110,u230.5,-110,u230.5,-110,u230.5,-110,,,,,,
Sat Jan 28 2023,Los Angeles Clippers,120,Atlanta Hawks,113,N/A,o232,-110,o231.5,-110,o230.5,-110,o231.5,-110,o232,-110,N/A,u232,-110,u231.5,-110,u230.5,-110,u231.5,-110,u232,-110,,,,,,
Sat Jan 28 2023,Sacramento Kings,110,Minnesota Timberwolves,117,N/A,o238.5,-110,o237.5,-110,o238.5,-110,o239,-110,o238.5,-110,N/A,u238.5,-110,u237.5,-110,u238.5,-110,u239,-110,u238.5,-110,,,,,,
Sat Jan 28 2023,Washington Wizards,113,New Orleans Pelicans,103,N/A,o230.5,-110,o230.5,-110,o230.5,-110,o230.5,-110,o230.5,-110,N/A,u230.5,-110,u230.5,-110,u230.5,-110,u230.5,-110,u230.5,-110,,,,,,
Sat Jan 28 2023,Phoenix Suns,128,San Antonio Spurs,118,N/A,o231,-110,o231.5,-110,o232,-110,o231.5,-105,o231,-110,N/A,u231,-110,u231.5,-110,u232,-110,u231.5,-115,u231,-110,,,,,,
Sat Jan 28 2023,Los Angeles Lakers,121,Boston Celtics,125,N/A,o234,-108,o234.5,-110,o234,-110,o235,-110,o234,-108,N/A,u234,-112,u234.5,-110,u234,-110,u235,-110,u234,-112,,,,,,
Sat Jan 28 2023,Dallas Mavericks,100,Utah Jazz,108,N/A,o223.5,-110,o222.5,-115,o223,-110,o223,-110,o223.5,-110,N/A,u223.5,-110,u222.5,-105,u223,-110,u223,-110,u223.5,-110,,,,,,
Sat Jan 28 2023,Toronto Raptors,123,Portland Trail Blazers,105,N/A,o232,-110,o231.5,-110,o231.5,-110,o231.5,-110,o232,-110,N/A,u232,-110,u231.5,-110,u231.5,-110,u231.5,-110,u232,-110,,,,,,
Sun Jan 29 2023,Miami Heat,117,Charlotte Hornets,122,N/A,o224,-110,o223.5,-115,o224,-110,o224,-105,o224,-110,N/A,u224,-110,u223.5,-105,u224,-110,u224,-115,u224,-110,,,,,,
Sun Jan 29 2023,Indiana Pacers,100,Memphis Grizzlies,112,o239.5,-110,o241.5,-110,o241.5,-115,o242,-110,o242,-110,o241.5,-110,u239.5,-110,u241.5,-110,u241.5,-105,u242,-110,u242,-110,u241.5,-110,,,,
Sun Jan 29 2023,Los Angeles Clippers,99,Cleveland Cavaliers,122,o215,-110,o215,-110,o214.5,-110,o215.5,-110,o215,-110,o215,-110,u215,-110,u215,-110,u214.5,-110,u215.5,-110,u215,-110,u215,-110,,,,
Sun Jan 29 2023,New Orleans Pelicans,110,Milwaukee Bucks,135,N/A,o229,-110,o229.5,-110,o229,-110,o229.5,-110,o229,-110,N/A,u229,-110,u229.5,-110,u229,-110,u229.5,-110,u229,-110,,,,,,
Mon Jan 30 2023,Orlando Magic,119,Philadelphia 76ers,109,o232,-110,o230.5,-110,o230.5,-115,o230.5,-110,o230.5,-110,o230.5,-109,o230.5,-110,u232,-110,u230.5,-110,u230.5,-105,u230.5,-110,u230.5,-110,u230.5,-112,u230.5,-110
Mon Jan 30 2023,Los Angeles Lakers,104,Brooklyn Nets,121,o233.5,-110,o231,-110,o230.5,-115,o231,-110,o231,-110,o231.5,-110,o231,-110,u233.5,-110,u231,-110,u230.5,-105,u231,-110,u231,-110,u231.5,-110,u231,-110
Mon Jan 30 2023,Sacramento Kings,118,Minnesota Timberwolves,111,o236.5,-110,o236.5,-110,o236.5,-110,o236.5,-110,o238,-110,o237,-108,o236.5,-110,u236.5,-110,u236.5,-110,u236.5,-110,u236.5,-110,u238,-110,u237,-113,u236.5,-110
Mon Jan 30 2023,Golden State Warriors,128,Oklahoma City Thunder,120,o241,-112,o242,-110,o242.5,-110,o242.5,-110,o242.5,-110,o242.5,-109,o242,-110,u241,-108,u242,-110,u242.5,-110,u242.5,-110,u242.5,-110,u242.5,-112,u242,-110
Mon Jan 30 2023,Washington Wizards,127,San Antonio Spurs,106,o235,-110,o240,-110,o240.5,-110,o240.5,-110,o240,-110,o240,-113,o240,-110,u235,-110,u240,-110,u240.5,-110,u240.5,-110,u240,-110,u240,-108,u240,-110
Mon Jan 30 2023,Detroit Pistons,105,Dallas Mavericks,111,o231.5,-110,o232,-110,o231.5,-115,o232,-110,o232.5,-110,o232,-108,o232,-110,u231.5,-110,u232,-110,u231.5,-105,u232,-110,u232.5,-110,u232,-113,u232,-110
Mon Jan 30 2023,Toronto Raptors,106,Phoenix Suns,114,o227.5,-110,o220,-110,o219.5,-115,o220,-110,o219.5,-110,o220,-108,o220,-110,u227.5,-110,u220,-110,u219.5,-105,u220,-110,u219.5,-110,u220,-113,u220,-110
Mon Jan 30 2023,Atlanta Hawks,125,Portland Trail Blazers,129,o235.5,-110,o232.5,-110,o232.5,-115,o232.5,-110,o233,-110,o232.5,-110,o232.5,-110,u235.5,-110,u232.5,-110,u232.5,-105,u232.5,-110,u233,-110,u232.5,-110,u232.5,-110
Tue Jan 31 2023,Miami Heat,100,Cleveland Cavaliers,97,o209.5,-110,o210.5,-110,o210.5,-110,o211.5,-110,o211,-105,o211,-109,o210.5,-110,u209.5,-110,u210.5,-110,u210.5,-110,u211.5,-110,u211,-115,u211,-112,u210.5,-110
Tue Jan 31 2023,Los Angeles Lakers,129,New York Knicks,123,o237.5,-110,o232,-110,o231.5,-110,o231,-110,o231.5,-110,o232,-110,o232,-110,u237.5,-110,u232,-110,u231.5,-110,u231,-110,u231.5,-110,u232,-110,u232,-110
Tue Jan 31 2023,Los Angeles Clippers,108,Chicago Bulls,103,o230.5,-110,o225.5,-110,o225.5,-110,o225,-110,o225.5,-105,o225,-113,o225.5,-110,u230.5,-110,u225.5,-110,u225.5,-110,u225,-110,u225.5,-115,u225,-108,u225.5,-110
Tue Jan 31 2023,Charlotte Hornets,115,Milwaukee Bucks,124,o239,-110,o245,-110,o244.5,-110,o244.5,-110,o244,-115,o245,-109,o245,-110,u239,-110,u245,-110,u244.5,-110,u244.5,-110,u244,-105,u245,-112,u245,-110
Tue Jan 31 2023,New Orleans Pelicans,113,Denver Nuggets,122,o234,-110,o232.5,-110,o231.5,-115,o232.5,-110,o232,-110,o232,-110,o232.5,-110,u234,-110,u232.5,-110,u231.5,-105,u232.5,-110,u232,-110,u232,-110,u232.5,-110
Wed Feb 1 2023,Portland Trail Blazers,122,Memphis Grizzlies,112,o234.5,-110,o239,-110,o239.5,-110,o239.5,-110,o239,-110,o239.5,-110,o239,-110,u234.5,-110,u239,-110,u239.5,-110,u239.5,-110,u239,-110,u239.5,-110,u239,-110
Wed Feb 1 2023,Orlando Magic,94,Philadelphia 76ers,105,o231,-110,o230.5,-108,o229.5,-115,o229.5,-110,o230.5,-105,o231,-109,o230.5,-108,u231,-110,u230.5,-112,u229.5,-105,u229.5,-110,u230.5,-115,u231,-112,u230.5,-112
Wed Feb 1 2023,Brooklyn Nets,96,Boston Celtics,139,o226.5,-112,o224,-110,o224.5,-105,o224,-110,o223.5,-105,o224,-108,o224,-110,u226.5,-108,u224,-110,u224.5,-115,u224,-110,u223.5,-115,u224,-113,u224,-110
Wed Feb 1 2023,Oklahoma City Thunder,106,Houston Rockets,112,o230.5,-110,o232.5,-110,o231.5,-115,o232,-110,o231.5,-110,o232.5,-112,o232.5,-110,u230.5,-110,u232.5,-110,u231.5,-105,u232,-110,u231.5,-110,u232.5,-109,u232.5,-110
Wed Feb 1 2023,Golden State Warriors,114,Minnesota Timberwolves,119,o240,-110,o240.5,-110,o240.5,-115,o241,-110,o240.5,-110,o240.5,-112,o240.5,-110,u240,-110,u240.5,-110,u240.5,-105,u241,-110,u240.5,-110,u240.5,-109,u240.5,-110
Wed Feb 1 2023,Sacramento Kings,119,San Antonio Spurs,109,o244.5,-110,o244.5,-108,o243.5,-115,o244,-110,o244,-110,o244,-108,o244.5,-108,u244.5,-110,u244.5,-112,u243.5,-105,u244,-110,u244,-110,u244,-113,u244.5,-112
Wed Feb 1 2023,Toronto Raptors,128,Utah Jazz,131,o230.5,-110,o230.5,-108,o230.5,-110,o230.5,-110,o230.5,-110,o229.5,-113,o230.5,-108,u230.5,-110,u230.5,-112,u230.5,-110,u230.5,-110,u230.5,-110,u229.5,-108,u230.5,-112
Wed Feb 1 2023,Atlanta Hawks,132,Phoenix Suns,100,o231.5,-110,o231.5,-110,o231.5,-115,o231,-110,o232,-110,o232,-109,o231.5,-110,u231.5,-110,u231.5,-110,u231.5,-105,u231,-110,u232,-110,u232,-112,u231.5,-110
Thu Feb 2 2023,Los Angeles Lakers,112,Indiana Pacers,111,o240.5,-110,o240.5,-110,o240.5,-110,o240.5,-110,o240.5,-110,o240.5,-112,o240.5,-110,u240.5,-110,u240.5,-110,u240.5,-110,u240.5,-110,u240.5,-110,u240.5,-109,u240.5,-110
Thu Feb 2 2023,Memphis Grizzlies,113,Cleveland Cavaliers,128,o223.5,-108,o223.5,-110,o222.5,-110,o222.5,-110,o223,-110,o223,-112,o223.5,-110,u223.5,-112,u223.5,-110,u222.5,-110,u222.5,-110,u223,-110,u223,-109,u223.5,-110
Thu Feb 2 2023,Miami Heat,104,New York Knicks,106,o213,-110,o212.5,-110,o212.5,-110,o212,-110,o212,-110,o212.5,-110,o212.5,-110,u213,-110,u212.5,-110,u212.5,-110,u212,-110,u212,-110,u212.5,-110,u212.5,-110
Thu Feb 2 2023,Charlotte Hornets,98,Chicago Bulls,114,o236,-110,o237,-110,o237.5,-110,o237,-110,o237,-110,o238,-109,o238.5,-110,u236,-110,u237,-110,u237.5,-110,u237,-110,u237,-110,u238,-112,u238.5,-110
Thu Feb 2 2023,New Orleans Pelicans,106,Dallas Mavericks,111,o225.5,-108,o223,-110,o223.5,-110,o223,-110,o223,-110,o223.5,-109,o223,-110,u225.5,-112,u223,-110,u223.5,-110,u223,-110,u223,-110,u223.5,-112,u223,-110
Thu Feb 2 2023,Golden State Warriors,117,Denver Nuggets,134,o232.5,-108,o238,-110,o237.5,-110,o237.5,-110,o237.5,-110,o236,-113,o237,-110,u232.5,-112,u238,-110,u237.5,-110,u237.5,-110,u237.5,-110,u236,-108,u237,-110
Thu Feb 2 2023,Los Angeles Clippers,105,Milwaukee Bucks,106,o230.5,-108,o230.5,-110,o230.5,-110,o230,-110,o230,-110,o230.5,-109,o230.5,-110,u230.5,-112,u230.5,-110,u230.5,-110,u230,-110,u230,-110,u230.5,-112,u230.5,-110
Fri Feb 3 2023,Charlotte Hornets,112,Detroit Pistons,118,o240.5,-110,o240,-112,o240.5,-105,o240,-110,o240.5,-110,o240,-113,o240,-112,u240.5,-110,u240,-108,u240.5,-115,u240,-110,u240.5,-110,u240,-108,u240,-108
Fri Feb 3 2023,Sacramento Kings,104,Indiana Pacers,107,o238,-110,o235.5,-110,o234.5,-115,o235,-110,o237,-110,o236,-112,o235.5,-110,u238,-110,u235.5,-110,u234.5,-105,u235,-110,u237,-110,u236,-109,u235.5,-110
Fri Feb 3 2023,Portland Trail Blazers,124,Washington Wizards,116,o234,-108,o238.5,-110,o238.5,-110,o238.5,-110,o238.5,-110,o239,-109,o238.5,-110,u234,-112,u238.5,-110,u238.5,-110,u238.5,-110,u238.5,-110,u239,-112,u238.5,-110
Fri Feb 3 2023,Phoenix Suns,106,Boston Celtics,94,o226,-110,o220.5,-110,o219.5,-110,o220,-110,o220,-110,o220,-112,o220.5,-110,u226,-110,u220.5,-110,u219.5,-110,u220,-110,u220,-110,u220,-109,u220.5,-110
Fri Feb 3 2023,Toronto Raptors,117,Houston Rockets,111,o227.5,-110,o223,-108,o223.5,-110,o223,-110,o223,-110,o223.5,-108,o223,-108,u227.5,-110,u223,-112,u223.5,-110,u223,-110,u223,-110,u223.5,-113,u223,-112
Fri Feb 3 2023,Orlando Magic,127,Minnesota Timberwolves,120,o231,-110,o229,-110,o229.5,-110,o229.5,-110,o229.5,-110,o229,-112,o229,-110,u231,-110,u229,-110,u229.5,-110,u229.5,-110,u229.5,-110,u229,-109,u229,-110
Fri Feb 3 2023,Philadelphia 76ers,137,San Antonio Spurs,125,o235,-110,o234,-110,o233.5,-115,o234,-110,o234,-110,o234,-110,o234,-110,u235,-110,u234,-110,u233.5,-105,u234,-110,u234,-110,u234,-110,u234,-110
Fri Feb 3 2023,Atlanta Hawks,115,Utah Jazz,108,o240.5,-110,o242,-110,o242.5,-110,o241.5,-110,o242,-115,o242,-110,o242,-110,u240.5,-110,u242,-110,u242.5,-110,u241.5,-110,u242,-105,u242,-110,u242,-110
Sat Feb 4 2023,Washington Wizards,123,Brooklyn Nets,125,o230,-110,o222.5,-110,o222.5,-110,o222.5,-110,o223.5,-105,o222.5,-110,o222.5,-110,u230,-110,u222.5,-110,u222.5,-110,u222.5,-110,u223.5,-115,u222.5,-110,u222.5,-110
Sat Feb 4 2023,Los Angeles Lakers,126,New Orleans Pelicans,131,o235.5,-110,o233.5,-110,o233.5,-110,o233.5,-110,o233,-110,o233,-113,o233.5,-110,u235.5,-110,u233.5,-110,u233.5,-110,u233.5,-110,u233,-110,u233,-108,u233.5,-110
Sat Feb 4 2023,Phoenix Suns,116,Detroit Pistons,100,o226,-110,o228.5,-110,o228.5,-110,o228.5,-110,o228.5,-115,o228.5,-113,o228.5,-110,u226,-110,u228.5,-110,u228.5,-110,u228.5,-110,u228.5,-105,u228.5,-108,u228.5,-110
Sat Feb 4 2023,Los Angeles Clippers,134,New York Knicks,128,o223.5,-110,o221,-110,o221.5,-105,o220.5,-110,o220.5,-110,o221,-108,o221,-110,u223.5,-110,u221,-110,u221.5,-115,u220.5,-110,u220.5,-110,u221,-113,u221,-110
Sat Feb 4 2023,Portland Trail Blazers,121,Chicago Bulls,129,o232.5,-110,o235.5,-110,o235.5,-110,o235,-110,o235,-110,o235,-113,o235.5,-110,u232.5,-110,u235.5,-110,u235.5,-110,u235,-110,u235,-110,u235,-108,u235.5,-110
Sat Feb 4 2023,Miami Heat,115,Milwaukee Bucks,123,o220.5,-110,o223.5,-110,o223.5,-115,o224,-110,o224,-110,o223.5,-110,o223.5,-110,u220.5,-110,u223.5,-110,u223.5,-105,u224,-110,u224,-110,u223.5,-110,u223.5,-110
Sat Feb 4 2023,Houston Rockets,121,Oklahoma City Thunder,153,o232.5,-110,o231.5,-110,o231.5,-110,o231.5,-110,o231.5,-110,o231,-110,o231.5,-110,u232.5,-110,u231.5,-110,u231.5,-110,u231.5,-110,u231.5,-110,u231,-110,u231.5,-110
Sat Feb 4 2023,Dallas Mavericks,113,Golden State Warriors,119,o230.5,-110,o226.5,-110,o225.5,-110,o225.5,-110,o226,-105,o226,-108,o226.5,-110,u230.5,-110,u226.5,-110,u225.5,-110,u225.5,-110,u226,-115,u226,-113,u226.5,-110
Sat Feb 4 2023,Atlanta Hawks,108,Denver Nuggets,128,o235,-110,o229,-110,o228.5,-115,o229,-110,o229,-110,o228.5,-113,o229,-110,u235,-110,u229,-110,u228.5,-105,u229,-110,u229,-110,u228.5,-108,u229,-110
Sun Feb 5 2023,Orlando Magic,119,Charlotte Hornets,113,o234.5,-110,o236,-110,o236.5,-110,o236,-110,o236,-110,o235.5,-112,o236,-110,u234.5,-110,u236,-110,u236.5,-110,u236,-110,u236,-110,u235.5,-109,u236,-110
Sun Feb 5 2023,Cleveland Cavaliers,122,Indiana Pacers,103,o225.5,-110,o228.5,-112,o227.5,-110,o227.5,-110,o227,-110,o228,-109,o228.5,-112,u225.5,-110,u228.5,-108,u227.5,-110,u227.5,-110,u227,-110,u228,-112,u228.5,-108
Sun Feb 5 2023,Toronto Raptors,106,Memphis Grizzlies,103,o230.5,-110,o228.5,-110,o228.5,-110,o228.5,-110,o228.5,-110,o229,-108,o228.5,-110,u230.5,-110,u228.5,-110,u228.5,-110,u228.5,-110,u228.5,-110,u229,-113,u228.5,-110
Sun Feb 5 2023,Philadelphia 76ers,97,New York Knicks,108,o227,-110,o226,-110,o226.5,-105,o226,-110,o225,-110,o226,-110,o226,-110,u227,-110,u226,-110,u226.5,-115,u226,-110,u225,-110,u226,-110,u226,-110
Sun Feb 5 2023,Denver Nuggets,98,Minnesota Timberwolves,128,o236.5,-110,o225,-110,o225.5,-110,o225.5,-110,o225.5,-110,o225.5,-108,o225,-110,u236.5,-110,u225,-110,u225.5,-110,u225.5,-110,u225.5,-110,u225.5,-113,u225,-110
Sun Feb 5 2023,Sacramento Kings,104,New Orleans Pelicans,136,o232.5,-110,o228,-110,o227.5,-115,o228,-110,o228,-110,o227.5,-113,o228,-110,u232.5,-110,u228,-110,u227.5,-105,u228,-110,u228,-110,u227.5,-108,u228,-110
Mon Feb 6 2023,Boston Celtics,111,Detroit Pistons,99,o230,-110,o227.5,-110,o227.5,-110,o227.5,-110,o227,-110,o227.5,-112,o227.5,-110,u230,-110,u227.5,-110,u227.5,-110,u227.5,-110,u227,-110,u227.5,-109,u227.5,-110
Mon Feb 6 2023,Cleveland Cavaliers,114,Washington Wizards,91,o221,-110,o220.5,-110,o221.5,-110,o220.5,-110,o221,-110,o221,-109,o220.5,-110,u221,-110,u220.5,-110,u221.5,-110,u220.5,-110,u221,-110,u221,-112,u220.5,-110
Mon Feb 6 2023,Los Angeles Clippers,124,Brooklyn Nets,116,o218.5,-110,o221.5,-112,o221.5,-110,o221,-110,o221.5,-105,o221.5,-108,o221.5,-112,u218.5,-110,u221.5,-108,u221.5,-110,u221,-110,u221.5,-115,u221.5,-113,u221.5,-108
Mon Feb 6 2023,San Antonio Spurs,104,Chicago Bulls,128,o237,-110,o239.5,-110,o239.5,-110,o239,-110,o239,-110,o239.5,-109,o239.5,-110,u237,-110,u239.5,-110,u239.5,-110,u239,-110,u239,-110,u239.5,-112,u239.5,-110
Mon Feb 6 2023,Sacramento Kings,140,Houston Rockets,120,o234.5,-110,o238.5,-110,o238.5,-115,o238.5,-110,o239,-115,o239.5,-108,o238.5,-110,u234.5,-110,u238.5,-110,u238.5,-105,u238.5,-110,u239,-105,u239.5,-113,u238.5,-110
Mon Feb 6 2023,Dallas Mavericks,124,Utah Jazz,111,o221,-110,o222,-110,o222.5,-110,o222,-110,o222,-110,o222.5,-112,o222,-110,u221,-110,u222,-110,u222.5,-110,u222,-110,u222,-110,u222.5,-109,u222,-110
Mon Feb 6 2023,Oklahoma City Thunder,114,Golden State Warriors,141,o237,-110,o232.5,-110,o232.5,-110,o232,-110,o232,-110,o232,-110,o232.5,-110,u237,-110,u232.5,-110,u232.5,-110,u232,-110,u232,-110,u232,-112,u232.5,-110
Mon Feb 6 2023,Milwaukee Bucks,127,Portland Trail Blazers,108,o239.5,-110,o241,-110,o240.5,-115,o241,-110,o240.5,-110,o241,-112,o241,-110,u239.5,-110,u241,-110,u240.5,-105,u241,-110,u240.5,-110,u241,-109,u241,-110
Tue Feb 7 2023,New York Knicks,102,Orlando Magic,98,o227,-110,o225,-110,o224.5,-115,o224.5,-110,o224.5,-110,o225,-110,o225,-110,u227,-110,u225,-110,u224.5,-105,u224.5,-110,u224.5,-110,u225,-110,u225,-110
Tue Feb 7 2023,Phoenix Suns,116,Brooklyn Nets,112,o226,-108,o224,-110,o223.5,-110,o223.5,-110,o223.5,-110,o224.5,-108,o224,-110,u226,-112,u224,-110,u223.5,-110,u223.5,-110,u223.5,-110,u224.5,-113,u224,-110
Tue Feb 7 2023,Atlanta Hawks,107,New Orleans Pelicans,116,o234.5,-112,o237,-110,o237.5,-110,o237,-110,o237,-110,o237.5,-110,o237,-110,u234.5,-108,u237,-110,u237.5,-110,u237,-110,u237,-110,u237.5,-110,u237,-110
Tue Feb 7 2023,Chicago Bulls,89,Memphis Grizzlies,104,o233,-110,o231.5,-110,o231.5,-110,o231,-110,o231.5,-110,o231,-112,o231.5,-110,u233,-110,u231.5,-110,u231.5,-110,u231,-110,u231.5,-110,u231,-109,u231.5,-110
Tue Feb 7 2023,Minnesota Timberwolves,112,Denver Nuggets,146,o235.5,-110,o232,-110,o232.5,-105,o232,-110,o232.5,-110,o232.5,-110,o232,-110,u235.5,-110,u232,-110,u232.5,-115,u232,-110,u232.5,-110,u232.5,-110,u232,-110
Tue Feb 7 2023,Oklahoma City Thunder,133,Los Angeles Lakers,130,o237,-110,o240,-112,o239.5,-110,o240.5,-110,o239.5,-110,o240,-109,o240,-112,u237,-110,u240,-108,u239.5,-110,u240.5,-110,u239.5,-110,u240,-112,u240,-108
Wed Feb 8 2023,Detroit Pistons,85,Cleveland Cavaliers,113,o222,-110,o217.5,-110,o217.5,-110,o217,-110,o217,-110,o217.5,-109,o217.5,-110,u222,-110,u217.5,-110,u217.5,-110,u217,-110,u217,-110,u217.5,-112,u217.5,-110
Wed Feb 8 2023,Charlotte Hornets,104,Washington Wizards,118,o236.5,-110,o235,-110,o235.5,-110,o235.5,-110,o235.5,-110,o235.5,-108,o235,-110,u236.5,-110,u235,-110,u235.5,-110,u235.5,-110,u235.5,-110,u235.5,-113,u235,-110
Wed Feb 8 2023,Philadelphia 76ers,99,Boston Celtics,106,o227.5,-110,o227.5,-110,o227.5,-110,o227,-110,o228,-110,o227.5,-113,o227.5,-110,u227.5,-110,u227.5,-110,u227.5,-110,u227,-110,u228,-110,u227.5,-108,u227.5,-110
Wed Feb 8 2023,Indiana Pacers,111,Miami Heat,116,o222,-112,o225.5,-110,o225.5,-110,o225,-110,o225.5,-115,o224.5,-112,o225.5,-110,u222,-108,u225.5,-110,u225.5,-110,u225,-110,u225.5,-105,u224.5,-109,u225.5,-110
Wed Feb 8 2023,San Antonio Spurs,98,Toronto Raptors,112,o234,-110,o233.5,-112,o232.5,-110,o233,-110,o233.5,-110,o232.5,-110,o233.5,-112,u234,-110,u233.5,-108,u232.5,-110,u233,-110,u233.5,-110,u232.5,-110,u233.5,-108
Wed Feb 8 2023,Sacramento Kings,130,Houston Rockets,128,o241,-110,o238,-112,o237.5,-115,o237.5,-110,o238,-110,o239,-108,o238,-112,u241,-110,u238,-108,u237.5,-105,u237.5,-110,u238,-110,u239,-113,u238,-108
Wed Feb 8 2023,Minnesota Timberwolves,143,Utah Jazz,118,o236.5,-110,o233.5,-110,o232.5,-115,o233,-110,o233.5,-110,o233,-112,o233.5,-110,u236.5,-110,u233.5,-110,u232.5,-105,u233,-110,u233.5,-110,u233,-109,u233.5,-110
Wed Feb 8 2023,Dallas Mavericks,110,Los Angeles Clippers,104,o222,-110,o220.5,-110,o219.5,-110,o220.5,-110,o219.5,-110,o220.5,-108,o220.5,-110,u222,-110,u220.5,-110,u219.5,-110,u220.5,-110,u219.5,-110,u220.5,-113,u220.5,-110
Wed Feb 8 2023,Golden State Warriors,122,Portland Trail Blazers,125,o234.5,-110,o234.5,-108,o234.5,-110,o234.5,-110,o234,-110,o235,-112,o234.5,-108,u234.5,-110,u234.5,-112,u234.5,-110,u234.5,-110,u234,-110,u235,-109,u234.5,-112
Thu Feb 9 2023,Denver Nuggets,104,Orlando Magic,115,o229,-110,o230,-110,o230.5,-105,o230,-110,o230,-110,o230.5,-109,o230,-110,u229,-110,u230,-110,u230.5,-115,u230,-110,u230,-110,u230.5,-112,u230,-110
Thu Feb 9 2023,Phoenix Suns,107,Atlanta Hawks,116,o229.5,-110,o225.5,-110,o226.5,-110,o226.5,-110,o226.5,-110,o227.5,-113,o225.5,-110,u229.5,-110,u225.5,-110,u226.5,-110,u226.5,-110,u226.5,-110,u227.5,-108,u225.5,-110
Thu Feb 9 2023,Chicago Bulls,105,Brooklyn Nets,116,o227.5,-110,o227,-110,o227.5,-105,o227.5,-110,o227.5,-110,o227,-110,o227,-110,u227.5,-110,u227,-110,u227.5,-115,u227.5,-110,u227.5,-110,u227,-110,u227,-110
Thu Feb 9 2023,Milwaukee Bucks,115,Los Angeles Lakers,106,o237.5,-110,o235,-110,o234.5,-110,o234.5,-110,o234,-110,o234.5,-109,o235,-110,u237.5,-110,u235,-110,u234.5,-110,u234.5,-110,u234,-110,u234.5,-112,u235,-110
Fri Feb 10 2023,San Antonio Spurs,131,Detroit Pistons,138,o235,-110,o234.5,-110,o235.5,-110,o235.5,-110,o235,-110,o234,-112,o234.5,-110,u235,-110,u234.5,-110,u235.5,-110,u235.5,-110,u235,-110,u234,-109,u234.5,-110
Fri Feb 10 2023,Phoenix Suns,117,Indiana Pacers,104,o230,-110,o231,-110,o230.5,-110,o231,-110,o231.5,-110,o231,-112,o231,-110,u230,-110,u231,-110,u230.5,-110,u231,-110,u231.5,-110,u231,-109,u231,-110
Fri Feb 10 2023,New York Knicks,108,Philadelphia 76ers,119,o222.5,-110,o222.5,-108,o222.5,-115,o222,-110,o222.5,-110,o222.5,-108,o222.5,-112,u222.5,-110,u222.5,-112,u222.5,-105,u222,-110,u222.5,-110,u222.5,-113,u222.5,-108
Fri Feb 10 2023,Charlotte Hornets,116,Boston Celtics,127,o230,-110,o227,-110,o226.5,-110,o226.5,-110,o227,-110,o226,-109,o227,-110,u230,-110,u227,-110,u226.5,-110,u226.5,-110,u227,-110,u226,-112,u227,-110
Fri Feb 10 2023,Utah Jazz,122,Toronto Raptors,116,o232,-110,o230,-110,o230.5,-110,o230.5,-110,o230.5,-110,o231,-110,o231,-110,u232,-110,u230,-110,u230.5,-110,u230.5,-110,u230.5,-110,u231,-110,u231,-110
Fri Feb 10 2023,Minnesota Timberwolves,107,Memphis Grizzlies,128,o236,-110,o230,-110,o230.5,-110,o231,-110,o231,-110,o231.5,-109,o230,-110,u236,-110,u230,-110,u230.5,-110,u231,-110,u231,-110,u231.5,-112,u230,-110
Fri Feb 10 2023,Houston Rockets,95,Miami Heat,97,o226.5,-110,o220.5,-110,o219.5,-110,o219.5,-110,o220.5,-110,o219.5,-110,o220.5,-110,u226.5,-110,u220.5,-110,u219.5,-110,u219.5,-110,u220.5,-110,u219.5,-110,u220.5,-110
Fri Feb 10 2023,Cleveland Cavaliers,118,New Orleans Pelicans,107,o224.5,-110,o221.5,-112,o222.5,-110,o222,-110,o222,-110,o222,-112,o221.5,-112,u224.5,-110,u221.5,-108,u222.5,-110,u222,-110,u222,-110,u222,-109,u221.5,-108
Fri Feb 10 2023,Oklahoma City Thunder,138,Portland Trail Blazers,129,o241.5,-110,o239.5,-110,o239.5,-110,o239.5,-110,o239.5,-110,o239.5,-110,o239.5,-110,u241.5,-110,u239.5,-110,u239.5,-110,u239.5,-110,u239.5,-110,u239.5,-110,u239.5,-110
Fri Feb 10 2023,Dallas Mavericks,122,Sacramento Kings,114,o233.5,-110,o232.5,-110,o232.5,-110,o232.5,-110,o232.5,-110,o232.5,-109,o232.5,-110,u233.5,-110,u232.5,-110,u232.5,-110,u232.5,-110,u232.5,-110,u232.5,-112,u232.5,-110
Fri Feb 10 2023,Milwaukee Bucks,119,Los Angeles Clippers,106,o226,-110,o228.5,-110,o228.5,-110,o228,-110,o228,-110,o228.5,-113,o228.5,-110,u226,-110,u228.5,-110,u228.5,-110,u228,-110,u228,-110,u228.5,-108,u228.5,-110
Sat Feb 11 2023,Philadelphia 76ers,101,Brooklyn Nets,98,o225,-110,o223.5,-110,o223.5,-110,o223.5,-110,o223.5,-110,o223,-109,o223.5,-110,u225,-110,u223.5,-110,u223.5,-110,u223.5,-110,u223.5,-110,u223,-112,u223.5,-110
Sat Feb 11 2023,Denver Nuggets,119,Charlotte Hornets,105,o235.5,-110,o237,-110,o236.5,-115,o237,-110,o237,-110,o237.5,-109,o237,-110,u235.5,-110,u237,-110,u236.5,-105,u237,-110,u237,-110,u237.5,-112,u237,-110
Sat Feb 11 2023,Miami Heat,107,Orlando Magic,103,o217,-110,o213.5,-112,o213.5,-110,o213.5,-110,o213.5,-110,o213.5,-109,o213.5,-112,u217,-110,u213.5,-108,u213.5,-110,u213.5,-110,u213.5,-110,u213.5,-112,u213.5,-108
Sat Feb 11 2023,Indiana Pacers,113,Washington Wizards,127,o233,-110,o236.5,-110,o236.5,-110,o236,-110,o236.5,-110,o236,-110,o236.5,-110,u233,-110,u236.5,-110,u236.5,-110,u236,-110,u236.5,-110,u236,-110,u236.5,-110
Sat Feb 11 2023,San Antonio Spurs,106,Atlanta Hawks,125,o239,-110,o241,-110,o240.5,-115,o241,-110,o241,-110,o241,-113,o241,-110,u239,-110,u241,-110,u240.5,-105,u241,-110,u241,-110,u241,-108,u241,-110
Sat Feb 11 2023,Utah Jazz,120,New York Knicks,126,o229.5,-110,o230.5,-110,o230.5,-110,o230.5,-110,o231,-110,o230,-109,o230.5,-110,u229.5,-110,u230.5,-110,u230.5,-110,u230.5,-110,u231,-110,u230,-112,u230.5,-110
Sat Feb 11 2023,Chicago Bulls,89,Cleveland Cavaliers,97,o222,-110,o220.5,-110,o220.5,-105,o220.5,-110,o220.5,-110,o220,-113,o220.5,-110,u222,-110,u220.5,-110,u220.5,-115,u220.5,-110,u220.5,-110,u220,-108,u220.5,-110
Sat Feb 11 2023,Los Angeles Lakers,109,Golden State Warriors,103,o239,-110,o235.5,-110,o235.5,-110,o235.5,-110,o235.5,-110,o235.5,-110,o235.5,-110,u239,-110,u235.5,-110,u235.5,-110,u235.5,-110,u235.5,-110,u235.5,-110,u235.5,-110
Sat Feb 11 2023,Dallas Mavericks,128,Sacramento Kings,133,o233.5,-110,o238,-110,o237.5,-110,o237.5,-110,o237,-110,o237,-113,o238,-110,u233.5,-110,u238,-110,u237.5,-110,u237.5,-110,u237,-110,u237,-108,u238,-110
Sun Feb 12 2023,Memphis Grizzlies,109,Boston Celtics,119,o229.5,-110,o225,-110,o225.5,-110,o224.5,-110,o226,-110,o224.5,-110,o225,-110,u229.5,-110,u225,-110,u225.5,-110,u224.5,-110,u226,-110,u224.5,-110,u225,-110
Sun Feb 12 2023,Detroit Pistons,118,Toronto Raptors,119,o229.5,-110,o225,-110,o225.5,-110,o225.5,-110,o225,-110,o226,-110,o225,-110,u229.5,-110,u225,-110,u225.5,-110,u225.5,-110,u225,-110,u226,-110,u225,-110
Mon Feb 13 2023,Atlanta Hawks,138,Charlotte Hornets,144,o239.5,-110,o241.5,-108,o241.5,-110,o241.5,-110,o241,-110,o241.5,-112,o241.5,-108,u239.5,-110,u241.5,-112,u241.5,-110,u241.5,-110,u241,-110,u241.5,-109,u241.5,-112
Mon Feb 13 2023,San Antonio Spurs,109,Cleveland Cavaliers,117,o224.5,-110,o226,-110,o225.5,-115,o225.5,-110,o225.5,-110,o225.5,-110,o226,-110,u224.5,-110,u226,-110,u225.5,-105,u225.5,-110,u225.5,-110,u225.5,-110,u226,-110
Mon Feb 13 2023,Utah Jazz,123,Indiana Pacers,117,o235.5,-110,o242,-110,o242.5,-105,o243,-110,o241.5,-110,o242,-108,o242,-110,u235.5,-110,u242,-110,u242.5,-115,u243,-110,u241.5,-110,u242,-113,u242,-110
Mon Feb 13 2023,Houston Rockets,104,Philadelphia 76ers,123,o227,-110,o226.5,-110,o226.5,-110,o226.5,-110,o226.5,-110,o226.5,-110,o226.5,-110,u227,-110,u226.5,-110,u226.5,-110,u226.5,-110,u226.5,-110,u226.5,-110,u226.5,-110
Mon Feb 13 2023,Denver Nuggets,112,Miami Heat,108,o223.5,-108,o217,-112,o217.5,-110,o217,-110,o217.5,-110,o217.5,-112,o217,-112,u223.5,-112,u217,-108,u217.5,-110,u217,-110,u217.5,-110,u217.5,-109,u217,-108
Mon Feb 13 2023,Brooklyn Nets,106,New York Knicks,124,o223.5,-110,o218.5,-110,o220.5,-110,o218.5,-110,o218.5,-110,o220,-109,o219.5,-110,u223.5,-110,u218.5,-110,u220.5,-110,u218.5,-110,u218.5,-110,u220,-112,u219.5,-110
Mon Feb 13 2023,Orlando Magic,100,Chicago Bulls,91,o228,-110,o225,-110,o224.5,-110,o225,-110,o225.5,-110,o225.5,-110,o225,-110,u228,-110,u225,-110,u224.5,-110,u225,-110,u225.5,-110,u225.5,-110,u225,-110
Mon Feb 13 2023,New Orleans Pelicans,103,Oklahoma City Thunder,100,o236.5,-110,o235,-110,o234.5,-115,o235,-110,o235,-110,o235,-112,o235,-110,u236.5,-110,u235,-110,u234.5,-105,u235,-110,u235,-110,u235,-109,u235,-110
Mon Feb 13 2023,Minnesota Timberwolves,124,Dallas Mavericks,121,o232,-110,o232,-110,o231.5,-115,o232,-110,o231.5,-110,o232.5,-110,o232,-110,u232,-110,u232,-110,u231.5,-105,u232,-110,u231.5,-110,u232.5,-110,u232,-110
Mon Feb 13 2023,Washington Wizards,126,Golden State Warriors,135,o231.5,-110,o233,-110,o233.5,-110,o233.5,-110,o233.5,-110,o234,-109,o233,-110,u231.5,-110,u233,-110,u233.5,-110,u233.5,-110,u233.5,-110,u234,-112,u233,-110
Mon Feb 13 2023,Los Angeles Lakers,115,Portland Trail Blazers,127,o238,-110,o239,-110,o238.5,-115,o238.5,-110,o238.5,-110,o238.5,-110,o239,-110,u238,-110,u239,-110,u238.5,-105,u238.5,-110,u238.5,-110,u238.5,-110,u239,-110
Tue Feb 14 2023,Boston Celtics,125,Milwaukee Bucks,131,o226.5,-110,o226.5,-112,o226.5,-105,o225.5,-110,o227,-110,o226,-109,o226.5,-112,u226.5,-110,u226.5,-108,u226.5,-115,u225.5,-110,u227,-110,u226,-112,u226.5,-108
Tue Feb 14 2023,Orlando Magic,113,Toronto Raptors,123,o224.5,-110,o221,-108,o221.5,-105,o220,-110,o221,-110,o221,-113,o221,-108,u224.5,-110,u221,-112,u221.5,-115,u220,-110,u221,-110,u221,-108,u221,-112
Tue Feb 14 2023,Sacramento Kings,109,Phoenix Suns,120,o234,-112,o234.5,-108,o233.5,-110,o234,-110,o234,-105,o233.5,-113,o234.5,-108,u234,-108,u234.5,-112,u233.5,-110,u234,-110,u234,-115,u233.5,-108,u234.5,-112
Tue Feb 14 2023,Golden State Warriors,124,Los Angeles Clippers,134,o230.5,-110,o229.5,-110,o228.5,-115,o229,-110,o228.5,-110,o229,-110,o229.5,-110,u230.5,-110,u229.5,-110,u228.5,-105,u229,-110,u228.5,-110,u229,-110,u229.5,-110
Tue Feb 14 2023,Washington Wizards,126,Portland Trail Blazers,101,o235,-110,o236.5,-110,o236.5,-115,o237,-110,o236.5,-110,o237,-108,o236.5,-110,u235,-110,u236.5,-110,u236.5,-105,u237,-110,u236.5,-110,u237,-113,u236.5,-110
Wed Feb 15 2023,San Antonio Spurs,110,Charlotte Hornets,120,o241,-110,o243,-112,o243.5,-110,o243.5,-110,o243.5,-110,o243,-113,o243,-112,u241,-110,u243,-108,u243.5,-110,u243.5,-110,u243.5,-110,u243,-108,u243,-108
Wed Feb 15 2023,Chicago Bulls,113,Indiana Pacers,117,o230.5,-110,o227.5,-110,o228.5,-115,o227.5,-110,o228,-110,o228.5,-113,o227.5,-110,u230.5,-110,u227.5,-110,u228.5,-105,u227.5,-110,u228,-110,u228.5,-108,u227.5,-110
Wed Feb 15 2023,New York Knicks,122,Atlanta Hawks,101,o234,-110,o233.5,-110,o233.5,-110,o233.5,-110,o233,-110,o233.5,-109,o233.5,-110,u234,-110,u233.5,-110,u233.5,-110,u233.5,-110,u233,-110,u233.5,-112,u233.5,-110
Wed Feb 15 2023,Detroit Pistons,109,Boston Celtics,127,o229,-110,o227.5,-110,o226.5,-115,o227.5,-110,o227,-110,o227,-113,o227.5,-110,u229,-110,u227.5,-110,u226.5,-105,u227.5,-110,u227,-110,u227,-108,u227.5,-110
Wed Feb 15 2023,Miami Heat,105,Brooklyn Nets,116,o217.5,-110,o211,-110,o210.5,-110,o211,-110,o210,-110,o210.5,-110,o211,-110,u217.5,-110,u211,-110,u210.5,-110,u211,-110,u210,-110,u210.5,-110,u211,-110
Wed Feb 15 2023,Cleveland Cavaliers,112,Philadelphia 76ers,118,o217,-110,o217,-110,o217.5,-110,o217.5,-110,o217.5,-110,o216.5,-109,o217,-110,u217,-110,u217,-110,u217.5,-110,u217.5,-110,u217.5,-110,u216.5,-112,u217,-110
Wed Feb 15 2023,Utah Jazz,111,Memphis Grizzlies,117,o239.5,-110,o237.5,-110,o237.5,-115,o238,-110,o238,-110,o238.5,-113,o237.5,-110,u239.5,-110,u237.5,-110,u237.5,-105,u238,-110,u238,-110,u238.5,-108,u237.5,-110
Wed Feb 15 2023,Houston Rockets,96,Oklahoma City Thunder,133,o235.5,-110,o234.5,-110,o234.5,-110,o235.5,-110,o234.5,-110,o234.5,-109,o234.5,-110,u235.5,-110,u234.5,-110,u234.5,-110,u235.5,-110,u234.5,-110,u234.5,-112,u234.5,-110
Wed Feb 15 2023,Dallas Mavericks,109,Denver Nuggets,118,o231.5,-110,o229,-110,o228.5,-110,o229,-110,o228,-110,o229,-112,o229,-110,u231.5,-110,u229,-110,u228.5,-110,u229,-110,u228,-110,u229,-109,u229,-110
Wed Feb 15 2023,New Orleans Pelicans,102,Los Angeles Lakers,120,o234.5,-110,o235,-110,o235.5,-110,o235,-110,o235.5,-110,o235.5,-113,o235,-110,u234.5,-110,u235,-110,u235.5,-110,u235,-110,u235.5,-110,u235.5,-108,u235,-110
Thu Feb 16 2023,Milwaukee Bucks,112,Chicago Bulls,100,o230,-110,o229.5,-110,o229.5,-110,o230.5,-110,o229.5,-110,o230,-112,o229.5,-110,u230,-110,u229.5,-110,u229.5,-110,u230.5,-110,u229.5,-110,u230,-109,u229.5,-110
Thu Feb 16 2023,Washington Wizards,114,Minnesota Timberwolves,106,o235.5,-110,o233,-110,o233.5,-105,o234.5,-110,o233,-110,o234,-109,o233,-110,u235.5,-110,u233,-110,u233.5,-115,u234.5,-110,u233,-110,u234,-112,u233,-110
Thu Feb 16 2023,Los Angeles Clippers,116,Phoenix Suns,107,o224,-110,o222,-110,o221.5,-110,o222,-110,o222,-110,o222,-110,o222,-110,u224,-110,u222,-110,u221.5,-110,u222,-110,u222,-110,u222,-110,u222,-110
Thu Feb 23 2023,Denver Nuggets,115,Cleveland Cavaliers,109,o221.5,-110,o224,-110,o223.5,-110,o224.5,-110,o223.5,-110,o223.5,-113,o224,-110,u221.5,-112,u224,-110,u223.5,-110,u224.5,-110,u223.5,-110,u223.5,-108,u224,-110
Thu Feb 23 2023,Boston Celtics,142,Indiana Pacers,138,o234.5,-110,o233.5,-110,o233.5,-110,o233,-110,o233,-115,o233,-109,o233.5,-110,u234.5,-110,u233.5,-110,u233.5,-110,u233,-110,u233,-105,u233,-112,u233.5,-110
Thu Feb 23 2023,Detroit Pistons,106,Orlando Magic,108,o229,-110,o229.5,-112,o229.5,-110,o229.5,-110,o228.5,-110,o229.5,-108,o229.5,-112,u229,-110,u229.5,-108,u229.5,-110,u229.5,-110,u228.5,-110,u229.5,-113,u229.5,-108
Thu Feb 23 2023,Memphis Grizzlies,105,Philadelphia 76ers,110,o228.5,-110,o231.5,-110,o232.5,-110,o232,-110,o232,-110,o232,-113,o231.5,-110,u228.5,-110,u231.5,-110,u232.5,-110,u232,-110,u232,-110,u232,-108,u231.5,-110
Thu Feb 23 2023,New Orleans Pelicans,110,Toronto Raptors,115,o226,-110,o225.5,-110,o225.5,-115,o226.5,-110,o226.5,-110,o226.5,-109,o225.5,-110,u226,-110,u225.5,-110,u225.5,-105,u226.5,-110,u226.5,-110,u226.5,-112,u225.5,-110
Thu Feb 23 2023,San Antonio Spurs,116,Dallas Mavericks,142,o232.5,-110,o239.5,-110,o239.5,-110,o240,-110,o239,-110,o239,-113,o239.5,-110,u232.5,-110,u239.5,-110,u239.5,-110,u240,-110,u239,-110,u239,-108,u239.5,-110
Thu Feb 23 2023,Oklahoma City Thunder,119,Utah Jazz,120,o237.5,-110,o239.5,-110,o239.5,-115,o239.5,-110,o239,-110,o240,-110,o239.5,-110,u237.5,-110,u239.5,-110,u239.5,-105,u239.5,-110,u239,-110,u240,-110,u239.5,-110
Thu Feb 23 2023,Golden State Warriors,111,Los Angeles Lakers,124,o238,-110,o238.5,-110,o238.5,-110,o238,-110,o238,-110,o238,-112,o238.5,-110,u238,-110,u238.5,-110,u238.5,-110,u238,-110,u238,-110,u238,-109,u238.5,-110
Thu Feb 23 2023,Portland Trail Blazers,116,Sacramento Kings,133,o240,-110,o235,-110,o234.5,-110,o234,-110,o234.5,-110,o235,-110,o235,-110,u240,-110,u235,-110,u234.5,-110,u234,-110,u234.5,-110,u235,-110,u235,-110
Fri Feb 24 2023,New York Knicks,115,Washington Wizards,109,o226,-110,o227,-110,o226.5,-110,o227,-110,o226.5,-110,o227,-112,o227,-110,u226,-110,u227,-110,u226.5,-110,u227,-110,u226.5,-110,u227,-108,u227,-110
Fri Feb 24 2023,Cleveland Cavaliers,119,Atlanta Hawks,136,o225.5,-110,o228.5,-108,o228.5,-110,o228.5,-110,o228.5,-110,o227.5,-112,o228.5,-108,u225.5,-110,u228.5,-112,u228.5,-110,u228.5,-110,u228.5,-110,u227.5,-109,u228.5,-112
Fri Feb 24 2023,Miami Heat,99,Milwaukee Bucks,128,o220.5,-110,o223.5,-110,o223.5,-110,o223.5,-110,o223.5,-110,o224,-109,o223.5,-110,u220.5,-110,u223.5,-110,u223.5,-110,u223.5,-110,u223.5,-110,u224,-112,u223.5,-110
Fri Feb 24 2023,Brooklyn Nets,87,Chicago Bulls,131,o225,-110,o222.5,-110,o223.5,-105,o222.5,-110,o222,-110,o222,-112,o222.5,-110,u225,-110,u222.5,-110,u223.5,-115,u222.5,-110,u222,-110,u222,-109,u222.5,-110
Fri Feb 24 2023,Charlotte Hornets,121,Minnesota Timberwolves,113,o240,-110,o240.5,-110,o241.5,-105,o241.5,-110,o240.5,-110,o241,-109,o240.5,-110,u240,-110,u240.5,-110,u241.5,-115,u241.5,-110,u240.5,-110,u241,-112,u240.5,-110
Fri Feb 24 2023,Houston Rockets,101,Golden State Warriors,116,o233.5,-110,o230.5,-112,o229.5,-115,o230.5,-110,o230.5,-110,o231,-113,o230.5,-112,u233.5,-110,u230.5,-108,u229.5,-105,u230.5,-110,u230.5,-110,u231,-108,u230.5,-108
Fri Feb 24 2023,Oklahoma City Thunder,115,Phoenix Suns,124,o232.5,-110,o227,-110,o226.5,-115,o227,-110,o227,-110,o227.5,-113,o227,-110,u232.5,-110,u227,-110,u226.5,-105,u227,-110,u227,-110,u227.5,-108,u227,-110
Fri Feb 24 2023,Sacramento Kings,176,Los Angeles Clippers,175,o231.5,-110,o238.5,-110,o238.5,-110,o238.5,-110,o239,-110,o239.5,-108,o238.5,-110,u231.5,-110,u238.5,-110,u238.5,-110,u238.5,-110,u239,-110,u239.5,-113,u238.5,-110
Sat Feb 25 2023,Toronto Raptors,95,Detroit Pistons,91,o225.5,-110,o229,-110,o227.5,-115,o227.5,-110,o228.5,-110,o228,-112,o229,-110,u225.5,-110,u229,-110,u227.5,-105,u227.5,-110,u228.5,-110,u228,-109,u229,-110
Sat Feb 25 2023,Miami Heat,103,Charlotte Hornets,108,o226.5,-114,o228.5,-106,o228.5,-110,o229,-110,o228,-110,o229,-110,o228.5,-106,u226.5,-106,u228.5,-114,u228.5,-110,u229,-110,u228,-110,u229,-110,u228.5,-114
Sat Feb 25 2023,Indiana Pacers,121,Orlando Magic,108,o232,-110,o230.5,-110,o229.5,-115,o230,-110,o229.5,-110,o230.5,-108,o230.5,-110,u232,-110,u230.5,-110,u229.5,-105,u230,-110,u229.5,-110,u230.5,-113,u230.5,-110
Sat Feb 25 2023,New Orleans Pelicans,106,New York Knicks,128,o225.5,-110,o223.5,-108,o223.5,-110,o223.5,-110,o223.5,-110,o223.5,-109,o223.5,-108,u225.5,-110,u223.5,-112,u223.5,-110,u223.5,-110,u223.5,-110,u223.5,-112,u223.5,-112
Sat Feb 25 2023,Denver Nuggets,94,Memphis Grizzlies,112,o234,-110,o235.5,-110,o235.5,-110,o235,-110,o235.5,-110,o235,-112,o235.5,-110,u234,-110,u235.5,-110,u235.5,-110,u235,-110,u235.5,-110,u235,-109,u235.5,-110
Sat Feb 25 2023,Boston Celtics,110,Philadelphia 76ers,107,o227,-110,o225.5,-114,o225.5,-110,o225.5,-110,o225,-110,o225.5,-108,o225.5,-114,u227,-110,u225.5,-106,u225.5,-110,u225.5,-110,u225,-110,u225.5,-113,u225.5,-106
Sat Feb 25 2023,San Antonio Spurs,102,Utah Jazz,118,o242,-110,o241,-112,o240.5,-115,o240.5,-110,o241,-110,o241,-110,o241,-112,u242,-110,u241,-108,u240.5,-105,u240.5,-110,u241,-110,u241,-110,u241,-108
Sun Feb 26 2023,Phoenix Suns,101,Milwaukee Bucks,104,o225.5,-110,o231.5,-110,o231.5,-115,o232,-110,o231,-110,o231,-112,o231.5,-110,u225.5,-110,u231.5,-110,u231.5,-105,u232,-110,u231,-110,u231,-109,u231.5,-110
Sun Feb 26 2023,Brooklyn Nets,127,Atlanta Hawks,129,o229.5,-110,o233.5,-110,o233.5,-110,o233.5,-110,o233.5,-110,o233,-112,o233.5,-110,u229.5,-110,u233.5,-110,u233.5,-110,u233.5,-110,u233.5,-110,u233,-108,u233.5,-110
Sun Feb 26 2023,Washington Wizards,82,Chicago Bulls,102,o226.5,-112,o223.5,-110,o223.5,-110,o223,-110,o223,-110,o223.5,-108,o223.5,-110,u226.5,-108,u223.5,-110,u223.5,-110,u223,-110,u223,-110,u223.5,-113,u223.5,-110
Sun Feb 26 2023,Los Angeles Lakers,111,Dallas Mavericks,108,o237,-110,o236,-110,o235.5,-110,o236,-110,o235.5,-110,o235.5,-112,o236,-110,u237,-110,u236,-110,u235.5,-110,u236,-110,u235.5,-110,u235.5,-109,u236,-110
Sun Feb 26 2023,Toronto Raptors,93,Cleveland Cavaliers,118,o214.5,-110,o218.5,-110,o218.5,-110,o218.5,-110,o218.5,-110,o218.5,-110,o218.5,-110,u214.5,-110,u218.5,-110,u218.5,-110,u218.5,-110,u218.5,-110,u218.5,-110,u218.5,-110
Sun Feb 26 2023,Sacramento Kings,124,Oklahoma City Thunder,115,o241,-110,o239.5,-110,o239.5,-110,o239,-110,o238.5,-110,o239.5,-110,o239,-110,u241,-110,u239.5,-112,u239.5,-110,u239,-110,u238.5,-110,u239.5,-110,u239,-110
Sun Feb 26 2023,Minnesota Timberwolves,104,Golden State Warriors,109,o233,-110,o237,-110,o237.5,-110,o237,-110,o237,-110,o237,-113,o237,-110,u233,-110,u237,-110,u237.5,-110,u237,-110,u237,-110,u237,-108,u237,-110
Sun Feb 26 2023,Houston Rockets,114,Portland Trail Blazers,131,o232,-110,o230.5,-108,o230.5,-110,o230,-110,o230.5,-110,o230.5,-109,o230.5,-110,u232,-110,u230.5,-112,u230.5,-110,u230,-110,u230.5,-110,u230.5,-112,u230.5,-110
Sun Feb 26 2023,Los Angeles Clippers,124,Denver Nuggets,134,o227.5,-110,o236.5,-112,o236.5,-110,o236,-110,o235.5,-110,o235.5,-113,o236.5,-112,u227.5,-110,u236.5,-108,u236.5,-110,u236,-110,u235.5,-110,u235.5,-108,u236.5,-108
Mon Feb 27 2023,Detroit Pistons,106,Charlotte Hornets,117,o237,-110,o233.5,-110,o233.5,-110,o233,-110,o233,-110,o234,-113,o233.5,-110,u237,-110,u233.5,-110,u233.5,-110,u233,-110,u233,-110,u234,-108,u233.5,-110
Mon Feb 27 2023,Miami Heat,101,Philadelphia 76ers,99,o216,-110,o217,-110,o216.5,-115,o217,-110,o217,-110,o217,-108,o217,-110,u216,-110,u217,-110,u216.5,-105,u217,-110,u217,-110,u217,-113,u217,-110
Mon Feb 27 2023,Boston Celtics,94,New York Knicks,109,o224.5,-110,o224.5,-110,o224.5,-110,o224.5,-110,o224.5,-110,o224.5,-108,o224.5,-110,u224.5,-110,u224.5,-110,u224.5,-110,u224.5,-110,u224.5,-110,u224.5,-113,u224.5,-110
Mon Feb 27 2023,Orlando Magic,101,New Orleans Pelicans,93,o226.5,-110,o229.5,-108,o229.5,-110,o229.5,-110,o230,-110,o229,-112,o229.5,-108,u226.5,-110,u229.5,-112,u229.5,-110,u229.5,-110,u230,-110,u229,-109,u229.5,-112
Tue Feb 28 2023,Washington Wizards,119,Atlanta Hawks,116,o233.5,-110,o233.5,-112,o233.5,-110,o233,-110,o233,-110,o234,-109,o233.5,-112,u233.5,-110,u233.5,-108,u233.5,-110,u233,-110,u233,-110,u234,-112,u233.5,-108
Tue Feb 28 2023,Milwaukee Bucks,118,Brooklyn Nets,104,o226.5,-110,o232,-110,o231.5,-110,o232,-110,o232,-110,o231.5,-113,o232,-110,u226.5,-110,u232,-110,u231.5,-110,u232,-110,u232,-110,u231.5,-108,u232,-110
Tue Feb 28 2023,Los Angeles Lakers,109,Memphis Grizzlies,121,o235.5,-110,o229.5,-112,o230.5,-110,o230.5,-110,o231,-110,o230.5,-110,o229.5,-112,u235.5,-110,u229.5,-108,u230.5,-110,u230.5,-110,u231,-110,u230.5,-110,u229.5,-108
Tue Feb 28 2023,Chicago Bulls,98,Toronto Raptors,104,o221,-110,o219.5,-108,o219.5,-110,o219.5,-110,o219.5,-110,o219.5,-112,o219.5,-108,u221,-110,u219.5,-112,u219.5,-110,u219.5,-110,u219.5,-110,u219.5,-109,u219.5,-112
Tue Feb 28 2023,Denver Nuggets,133,Houston Rockets,112,o232.5,-110,o232.5,-110,o232.5,-115,o231.5,-110,o232.5,-110,o232,-109,o232.5,-110,u232.5,-110,u232.5,-110,u232.5,-105,u231.5,-110,u232.5,-110,u232,-112,u232.5,-110
Tue Feb 28 2023,Sacramento Kings,123,Oklahoma City Thunder,117,o237.5,-110,o231,-110,o230.5,-110,o230,-110,o230,-110,o230.5,-110,o231,-110,u237.5,-110,u231,-110,u230.5,-110,u230,-110,u230,-110,u230.5,-110,u231,-110
Tue Feb 28 2023,Indiana Pacers,124,Dallas Mavericks,122,o236,-112,o236,-108,o236.5,-110,o236.5,-110,o236,-110,o236.5,-110,o236,-108,u236,-108,u236,-112,u236.5,-110,u236.5,-110,u236,-110,u236.5,-110,u236,-112
Tue Feb 28 2023,San Antonio Spurs,102,Utah Jazz,94,o236.5,-110,o235.5,-110,o235.5,-115,o235.5,-110,o236,-105,o235.5,-112,o235.5,-110,u236.5,-110,u235.5,-110,u235.5,-105,u235.5,-110,u236,-115,u235.5,-109,u235.5,-110
Tue Feb 28 2023,Portland Trail Blazers,105,Golden State Warriors,123,o236,-110,o234,-110,o233.5,-120,o234.5,-110,o234,-110,o234.5,-109,o234,-110,u236,-110,u234,-110,u233.5,even,u234.5,-110,u234,-110,u234.5,-112,u234,-110
Tue Feb 28 2023,Minnesota Timberwolves,108,Los Angeles Clippers,101,o232.5,-112,o231.5,-110,o232.5,-110,o232,-110,o231,-110,o232.5,-108,o231.5,-110,u232.5,-108,u231.5,-110,u232.5,-110,u232,-110,u231,-110,u232.5,-113,u231.5,-110
Wed Mar 1 2023,Phoenix Suns,105,Charlotte Hornets,91,o229,-110,o228.5,-110,o228.5,-115,o228.5,-110,o227.5,-110,o228,-112,o229,-110,u229,-110,u228.5,-110,u228.5,-105,u228.5,-110,u227.5,-110,u228,-109,u229,-110
Wed Mar 1 2023,Chicago Bulls,117,Detroit Pistons,115,o226.5,-110,o223,-112,o222.5,-115,o222,-110,o223,-110,o223,-109,o223,-112,u226.5,-110,u223,-108,u222.5,-105,u222,-110,u223,-110,u223,-112,u223,-108
Wed Mar 1 2023,Cleveland Cavaliers,113,Boston Celtics,117,o223,-110,o219,-110,o218.5,-115,o219,-110,o219.5,-110,o219,-112,o219,-110,u223,-110,u219,-110,u218.5,-105,u219,-110,u219.5,-110,u219,-109,u219,-110
Wed Mar 1 2023,Philadelphia 76ers,119,Miami Heat,96,o215,-110,o216.5,-110,o216.5,-110,o216,-110,o216.5,-110,o216.5,-108,o215.5,-110,u215,-110,u216.5,-110,u216.5,-110,u216,-110,u216.5,-110,u216.5,-113,u215.5,-110
Wed Mar 1 2023,Brooklyn Nets,118,New York Knicks,142,o222.5,-110,o223.5,-110,o223.5,-110,o223.5,-110,o223.5,-105,o223.5,-110,o223.5,-110,u222.5,-110,u223.5,-110,u223.5,-110,u223.5,-110,u223.5,-115,u223.5,-110,u223.5,-110
Wed Mar 1 2023,Memphis Grizzlies,113,Houston Rockets,99,o234,-110,o231.5,-110,o231.5,-110,o231.5,-110,o231.5,-115,o231.5,-110,o231.5,-110,u234,-110,u231.5,-110,u231.5,-110,u231.5,-110,u231.5,-105,u231.5,-110,u231.5,-110
Wed Mar 1 2023,Orlando Magic,117,Milwaukee Bucks,139,o224.5,-110,o229,-110,o229.5,-110,o229,-110,o229.5,-110,o229,-112,o229,-110,u224.5,-110,u229,-110,u229.5,-110,u229,-110,u229.5,-110,u229,-109,u229,-110
Wed Mar 1 2023,Los Angeles Lakers,123,Oklahoma City Thunder,117,o229.5,-110,o228.5,-110,o228.5,-110,o228.5,-110,o229,-110,o228.5,-109,o228,-110,u229.5,-110,u228.5,-110,u228.5,-110,u228.5,-110,u229,-110,u228.5,-112,u228,-110
Wed Mar 1 2023,New Orleans Pelicans,121,Portland Trail Blazers,110,o232.5,-110,o235,-110,o234.5,-110,o234.5,-110,o234.5,-110,o235.5,-108,o235,-110,u232.5,-110,u235,-110,u234.5,-110,u234.5,-110,u234.5,-110,u235.5,-113,u235,-110
Thu Mar 2 2023,Toronto Raptors,108,Washington Wizards,119,o224.5,-110,o221.5,-110,o222.5,-110,o223,-110,o222.5,-110,o222.5,-108,o221.5,-112,u224.5,-110,u221.5,-110,u222.5,-110,u223,-110,u222.5,-110,u222.5,-113,u221.5,-110
Thu Mar 2 2023,Philadelphia 76ers,126,Dallas Mavericks,133,o228.5,-110,o229,-110,o229.5,-110,o229.5,-110,o229,-110,o229,-110,o229,-110,u228.5,-110,u229,-110,u229.5,-110,u229.5,-110,u229,-110,u229,-110,u229,-110
Thu Mar 2 2023,Indiana Pacers,99,San Antonio Spurs,110,o239.5,-110,o233.5,-112,o234.5,-115,o235,-110,o235,-110,o234.5,-113,o233.5,-112,u239.5,-110,u233.5,-108,u234.5,-105,u235,-110,u235,-110,u234.5,-108,u233.5,-108
Thu Mar 2 2023,Los Angeles Clippers,91,Golden State Warriors,115,o234,-110,o231.5,-112,o231.5,-110,o231.5,-110,o232,-110,o231.5,-108,o231.5,-112,u234,-110,u231.5,-108,u231.5,-110,u231.5,-110,u232,-110,u231.5,-113,u231.5,-108
Fri Mar 3 2023,Orlando Magic,117,Charlotte Hornets,106,o227,-110,o225,-110,o224.5,-115,o225,-110,o225,-110,o225,-113,o225,-110,u227,-110,u225,-110,u224.5,-105,u225,-110,u225,-110,u225,-108,u225,-110
Fri Mar 3 2023,Portland Trail Blazers,111,Atlanta Hawks,129,o239.5,-110,o242,-110,o241.5,-115,o242,-110,o242,-110,o242,-113,o242,-110,u239.5,-110,u242,-110,u241.5,-105,u242,-110,u242,-110,u242,-108,u242,-110
Fri Mar 3 2023,Brooklyn Nets,115,Boston Celtics,105,o228,-110,o227,-110,o227.5,-110,o227,-110,o227.5,-110,o227.5,-110,o227,-110,u228,-110,u227,-110,u227.5,-110,u227,-110,u227.5,-110,u227.5,-110,u227,-110
Fri Mar 3 2023,Phoenix Suns,125,Chicago Bulls,104,o222.5,-110,o224.5,-110,o224.5,-110,o224.5,-110,o224.5,-110,o224.5,-110,o224.5,-110,u222.5,-110,u224.5,-110,u224.5,-110,u224.5,-110,u224.5,-110,u224.5,-110,u224.5,-110
Fri Mar 3 2023,New York Knicks,122,Miami Heat,120,o215.5,-108,o216.5,-110,o216.5,-110,o217,-110,o217,-110,o217,-112,o216.5,-110,u215.5,-112,u216.5,-110,u216.5,-110,u217,-110,u217,-110,u217,-109,u216.5,-110
Fri Mar 3 2023,Utah Jazz,103,Oklahoma City Thunder,130,o234,-110,o230.5,-110,o230.5,-110,o230.5,-110,o230.5,-110,o231,-108,o230.5,-110,u234,-110,u230.5,-110,u230.5,-110,u230.5,-110,u230.5,-110,u231,-113,u230.5,-110
Fri Mar 3 2023,Memphis Grizzlies,97,Denver Nuggets,113,o233.5,-110,o234.5,-110,o234.5,-115,o234.5,-110,o235,-110,o234.5,-113,o234.5,-110,u233.5,-110,u234.5,-110,u234.5,-105,u234.5,-110,u235,-110,u234.5,-108,u234.5,-110
Fri Mar 3 2023,New Orleans Pelicans,99,Golden State Warriors,108,o230.5,-110,o232,-110,o231.5,-110,o231.5,-110,o230.5,-110,o231.5,-110,o232,-110,u230.5,-110,u232,-110,u231.5,-110,u231.5,-110,u230.5,-110,u231.5,-110,u232,-110
Fri Mar 3 2023,Los Angeles Clippers,127,Sacramento Kings,128,o241,-110,o239.5,-110,o240.5,-110,o240,-110,o240,-115,o239.5,-109,o239.5,-110,u241,-110,u239.5,-110,u240.5,-110,u240,-110,u240,-105,u239.5,-112,u239.5,-110
Fri Mar 3 2023,Minnesota Timberwolves,110,Los Angeles Lakers,102,o229,-110,o226,-110,o225.5,-115,o226,-110,o226,-110,o226,-110,o226,-110,u229,-110,u226,-110,u225.5,-105,u226,-110,u226,-110,u226,-110,u226,-110
Sat Mar 4 2023,Toronto Raptors,116,Washington Wizards,109,o222.5,-110,o222.5,-110,o222.5,-110,o222.5,-110,o222.5,-110,o222.5,-110,o222.5,-110,u222.5,-110,u222.5,-110,u222.5,-110,u222.5,-110,u222.5,-110,u222.5,-110,u222.5,-110
Sat Mar 4 2023,Detroit Pistons,90,Cleveland Cavaliers,114,o220,-110,o219,-110,o219.5,-110,o219.5,-110,o219,-110,o219,-113,o219,-110,u220,-110,u219,-110,u219.5,-110,u219.5,-110,u219,-110,u219,-108,u219,-110
Sat Mar 4 2023,Atlanta Hawks,109,Miami Heat,117,o225.5,-110,o226.5,-110,o226.5,-110,o226.5,-110,o226.5,-110,o226.5,-113,o226.5,-110,u225.5,-110,u226.5,-110,u226.5,-110,u226.5,-110,u226.5,-110,u226.5,-108,u226.5,-110
Sat Mar 4 2023,Houston Rockets,122,San Antonio Spurs,110,o231,-110,o230.5,-110,o230.5,-110,o230,-110,o230.5,-110,o231,-109,o230.5,-110,u231,-110,u230.5,-110,u230.5,-110,u230,-110,u230.5,-110,u231,-112,u230.5,-110
Sat Mar 4 2023,Philadelphia 76ers,133,Milwaukee Bucks,130,o228.5,-110,o232.5,-110,o232.5,-110,o232.5,-110,o232.5,-110,o232.5,-112,o232.5,-110,u228.5,-110,u232.5,-110,u232.5,-110,u232.5,-110,u232.5,-110,u232.5,-109,u232.5,-110
Sat Mar 4 2023,Minnesota Timberwolves,138,Sacramento Kings,134,o238,-110,o237.5,-110,o237.5,-110,o238,-110,o237.5,-110,o238,-112,o237.5,-110,u238,-110,u237.5,-110,u237.5,-110,u238,-110,u237.5,-110,u238,-109,u237.5,-110
Sun Mar 5 2023,Phoenix Suns,130,Dallas Mavericks,126,o232.5,-110,o234,-110,o233.5,-110,o233.5,-110,o233.5,-110,o234.5,-112,o234,-110,u232.5,-110,u234,-110,u233.5,-110,u233.5,-110,u233.5,-110,u234.5,-109,u234,-110
Sun Mar 5 2023,Indiana Pacers,125,Chicago Bulls,122,o227,-110,o227,-110,o226.5,-115,o227,-110,o227.5,-110,o227,-109,o227,-110,u227,-110,u227,-110,u226.5,-105,u227,-110,u227.5,-110,u227,-112,u227,-110
Sun Mar 5 2023,Golden State Warriors,105,Los Angeles Lakers,113,o234.5,-110,o234.5,-110,o234.5,-110,o234.5,-110,o234.5,-110,o234.5,-110,o234.5,-110,u234.5,-110,u234.5,-110,u234.5,-110,u234.5,-110,u234.5,-110,u234.5,-110,u234.5,-110
Sun Mar 5 2023,Charlotte Hornets,86,Brooklyn Nets,102,o224,-110,o229.5,-110,o229.5,-110,o230,-110,o230,-110,o228,-108,o229.5,-110,u224,-110,u229.5,-110,u229.5,-110,u230,-110,u230,-110,u228,-113,u229.5,-110
Sun Mar 5 2023,Portland Trail Blazers,122,Orlando Magic,119,o228,-110,o231.5,-112,o231.5,-115,o231.5,-110,o232,-110,o232,-109,o231.5,-112,u228,-110,u231.5,-108,u231.5,-105,u231.5,-110,u232,-110,u232,-112,u231.5,-108
Sun Mar 5 2023,San Antonio Spurs,110,Houston Rockets,142,o230.5,-110,o232,-110,o232.5,-110,o232.5,-110,o232.5,-115,o233,-108,o233,-110,u230.5,-110,u232,-110,u232.5,-110,u232.5,-110,u232.5,-105,u233,-113,u233,-110
Sun Mar 5 2023,Utah Jazz,119,Oklahoma City Thunder,129,o237,-110,o236,-110,o235.5,-110,o236,-110,o235,-115,o235,-113,o236,-110,u237,-110,u236,-110,u235.5,-110,u236,-110,u235,-105,u235,-108,u236,-110
Sun Mar 5 2023,New York Knicks,131,Boston Celtics,129,o227.5,-110,o225.5,-110,o226.5,-105,o226,-110,o225.5,-110,o225.5,-112,o225.5,-110,u227.5,-110,u225.5,-110,u226.5,-115,u226,-110,u225.5,-110,u225.5,-109,u225.5,-110
Sun Mar 5 2023,Milwaukee Bucks,117,Washington Wizards,111,o229,-110,o228.5,-110,o227.5,-115,o227.5,-110,o228.5,-110,o228,-113,o228.5,-110,u229,-110,u228.5,-110,u227.5,-105,u227.5,-110,u228.5,-110,u228,-108,u228.5,-110
Sun Mar 5 2023,Memphis Grizzlies,129,Los Angeles Clippers,135,o228,-110,o228.5,-108,o227.5,-115,o227.5,-110,o228,-110,o228,-108,o228.5,-108,u228,-110,u228.5,-112,u227.5,-105,u227.5,-110,u228,-110,u228,-113,u228.5,-112
Mon Mar 6 2023,Boston Celtics,114,Cleveland Cavaliers,118,o219.5,-110,o218.5,-110,o218.5,-110,o218.5,-110,o219,-110,o218,-112,o218.5,-110,u219.5,-110,u218.5,-110,u218.5,-110,u218.5,-110,u219,-110,u218,-109,u218.5,-110
Mon Mar 6 2023,Portland Trail Blazers,110,Detroit Pistons,104,o230.5,-108,o230,-114,o230.5,-105,o230,-110,o230.5,-105,o230.5,-112,o230,-110,u230.5,-112,u230,-106,u230.5,-115,u230,-110,u230.5,-115,u230.5,-109,u230,-110
Mon Mar 6 2023,Philadelphia 76ers,147,Indiana Pacers,143,o233,-110,o234.5,-110,o234.5,-110,o235,-110,o234.5,-110,o234,-113,o234.5,-110,u233,-110,u234.5,-110,u234.5,-110,u235,-110,u234.5,-110,u234,-108,u234.5,-110
Mon Mar 6 2023,Atlanta Hawks,128,Miami Heat,130,o227,-110,o230.5,-112,o230.5,-110,o230.5,-110,o230.5,-115,o231,-112,o230.5,-112,u227,-110,u230.5,-108,u230.5,-110,u230.5,-110,u230.5,-105,u231,-109,u230.5,-108
Mon Mar 6 2023,Toronto Raptors,113,Denver Nuggets,118,o227.5,-110,o229,-110,o229.5,-110,o229.5,-110,o229,-110,o229.5,-108,o229,-110,u227.5,-110,u229,-110,u229.5,-110,u229.5,-110,u229,-110,u229.5,-113,u229,-110
Mon Mar 6 2023,New Orleans Pelicans,108,Sacramento Kings,123,o239,-110,o234.5,-110,o233.5,-115,o234,-110,o234,-110,o234,-110,o234.5,-110,u239,-110,u234.5,-110,u233.5,-105,u234,-110,u234,-110,u234,-110,u234.5,-110
Tue Mar 7 2023,Washington Wizards,119,Detroit Pistons,117,o227.5,-110,o223,-110,o222.5,-110,o222.5,-110,o223,-115,o223,-108,o223,-110,u227.5,-110,u223,-110,u222.5,-110,u222.5,-110,u223,-105,u223,-112,u223,-110
Tue Mar 7 2023,Milwaukee Bucks,134,Orlando Magic,123,o232.5,-110,o228,-110,o227.5,-115,o228,-110,o228,-110,o228.5,-112,o228,-110,u232.5,-110,u228,-110,u227.5,-105,u228,-110,u228,-110,u228.5,-109,u228,-110
Tue Mar 7 2023,Philadelphia 76ers,117,Minnesota Timberwolves,94,o229,-110,o227,-110,o226.5,-110,o226,-110,o226.5,-110,o227,-110,o227,-110,u229,-110,u227,-110,u226.5,-110,u226,-110,u226.5,-110,u227,-110,u227,-110
Tue Mar 7 2023,Charlotte Hornets,112,New York Knicks,105,o228.5,-110,o225,-110,o225.5,-110,o225,-110,o225,-110,o225,-108,o225,-110,u228.5,-110,u225,-110,u225.5,-110,u225,-110,u225,-110,u225,-113,u225,-110
Tue Mar 7 2023,Brooklyn Nets,118,Houston Rockets,96,o229.5,-110,o230.5,-110,o231.5,-110,o231,-110,o231,-110,o231.5,-109,o230.5,-110,u229.5,-110,u230.5,-110,u231.5,-110,u231,-110,u231,-110,u231.5,-112,u230.5,-110
Tue Mar 7 2023,Golden State Warriors,128,Oklahoma City Thunder,137,o241.5,-110,o244,-110,o243.5,-110,o244,-110,o244,-110,o244,-108,o244,-110,u241.5,-110,u244,-110,u243.5,-110,u244,-110,u244,-110,u244,-113,u244,-110
Tue Mar 7 2023,Utah Jazz,116,Dallas Mavericks,120,o232,-110,o236,-110,o235.5,-115,o236,-110,o235.5,-110,o236,-109,o236,-110,u232,-110,u236,-110,u235.5,-105,u236,-110,u235.5,-110,u236,-112,u236,-110
Tue Mar 7 2023,Memphis Grizzlies,103,Los Angeles Lakers,112,o226.5,-108,o224,-110,o223.5,-115,o224,-110,o224.5,-110,o224.5,-112,o224,-110,u226.5,-112,u224,-110,u223.5,-105,u224,-110,u224.5,-110,u224.5,-109,u224,-110
Wed Mar 8 2023,Atlanta Hawks,122,Washington Wizards,120,o233.5,-110,o237.5,-110,o237.5,-110,o237.5,-110,o237.5,-110,o237.5,-112,o237.5,-110,u233.5,-110,u237.5,-110,u237.5,-110,u237.5,-110,u237.5,-110,u237.5,-109,u237.5,-110
Wed Mar 8 2023,Portland Trail Blazers,93,Boston Celtics,115,o232,-110,o231,-110,o230.5,-110,o231,-110,o231,-110,o230.5,-110,o231,-110,u232,-110,u231,-110,u230.5,-110,u231,-110,u231,-110,u230.5,-110,u231,-110
Wed Mar 8 2023,Cleveland Cavaliers,104,Miami Heat,100,o212.5,-110,o215.5,-108,o215.5,-110,o215.5,-110,o215.5,-110,o215.5,-110,o215.5,-108,u212.5,-110,u215.5,-112,u215.5,-110,u215.5,-110,u215.5,-110,u215.5,-110,u215.5,-112
Wed Mar 8 2023,Dallas Mavericks,106,New Orleans Pelicans,113,o231,-108,o234,-110,o233.5,-110,o233.5,-110,o233.5,-115,o234,-112,o234,-110,u231,-112,u234,-110,u233.5,-110,u233.5,-110,u233.5,-105,u234,-109,u234,-110
Wed Mar 8 2023,Chicago Bulls,117,Denver Nuggets,96,o229.5,-110,o225.5,-110,o225.5,-110,o225.5,-110,o225.5,-110,o225.5,-110,o225.5,-110,u229.5,-110,u225.5,-110,u225.5,-110,u225.5,-110,u225.5,-110,u225.5,-110,u225.5,-110
Wed Mar 8 2023,Oklahoma City Thunder,101,Phoenix Suns,132,o234,-110,o232,-110,o231.5,-110,o232.5,-110,o231.5,-110,o231.5,-112,o232,-110,u234,-110,u232,-110,u231.5,-110,u232.5,-110,u231.5,-110,u231.5,-109,u232,-110
Wed Mar 8 2023,Toronto Raptors,100,Los Angeles Clippers,108,o229,-110,o230.5,-110,o230.5,-110,o230.5,-110,o230,-115,o230,-108,o230.5,-110,u229,-110,u230.5,-110,u230.5,-110,u230.5,-110,u230,-105,u230,-113,u230.5,-110
Thu Mar 9 2023,Charlotte Hornets,113,Detroit Pistons,103,o226.5,-108,o225.5,-110,o225.5,-105,o226,-110,o225.5,-110,o226,-109,o225.5,-110,u226.5,-112,u225.5,-110,u225.5,-115,u226,-110,u225.5,-110,u226,-112,u225.5,-110
Thu Mar 9 2023,Houston Rockets,125,Indiana Pacers,134,o235.5,-110,o236.5,-110,o236.5,-110,o237,-110,o237,-110,o236.5,-108,o236.5,-110,u235.5,-110,u236.5,-110,u236.5,-110,u237,-110,u237,-110,u236.5,-113,u236.5,-110
Thu Mar 9 2023,Utah Jazz,131,Orlando Magic,124,o232,-110,o233,-110,o232.5,-115,o233,-110,o233,-110,o233,-113,o233,-110,u232,-110,u233,-110,u232.5,-105,u233,-110,u233,-110,u233,-108,u233,-110
Thu Mar 9 2023,Golden State Warriors,110,Memphis Grizzlies,131,o235.5,-110,o236,-110,o235.5,-110,o236,-110,o236,-110,o235.5,-110,o236,-110,u235.5,-110,u236,-110,u235.5,-110,u236,-110,u236,-110,u235.5,-110,u236,-110
Thu Mar 9 2023,Brooklyn Nets,113,Milwaukee Bucks,118,o231,-110,o233,-110,o233.5,-110,o233.5,-110,o233.5,-110,o233.5,-108,o233,-110,u231,-110,u233,-110,u233.5,-110,u233.5,-110,u233.5,-110,u233.5,-113,u233,-110
Thu Mar 9 2023,New York Knicks,117,Sacramento Kings,122,o235,-110,o240,-110,o239.5,-110,o240,-110,o241,-110,o240,-110,o240,-110,u235,-110,u240,-110,u239.5,-110,u240,-110,u241,-110,u240,-110,u240,-110
Fri Mar 10 2023,Portland Trail Blazers,119,Philadelphia 76ers,120,o229.5,-110,o234.5,-110,o235.5,-110,o235.5,-110,o235.5,-110,o235,-110,o234.5,-110,u229.5,-110,u234.5,-110,u235.5,-110,u235.5,-110,u235.5,-110,u235,-110,u234.5,-110
Fri Mar 10 2023,Atlanta Hawks,114,Washington Wizards,107,o238,-110,o237,-110,o237.5,-110,o236.5,-110,o237,-110,o238,-108,o237.5,-110,u238,-110,u237,-110,u237.5,-110,u236.5,-110,u237,-110,u238,-112,u237.5,-110
Fri Mar 10 2023,Cleveland Cavaliers,115,Miami Heat,119,o214,-110,o211.5,-110,o211.5,-115,o212,-110,o212,-110,o212,-109,o211.5,-110,u214,-110,u211.5,-110,u211.5,-105,u212,-110,u212,-110,u212,-112,u211.5,-110
Fri Mar 10 2023,Brooklyn Nets,124,Minnesota Timberwolves,123,o233.5,-110,o226,-110,o226.5,-110,o226,-110,o226,-110,o226,-109,o226,-110,u233.5,-110,u226,-110,u226.5,-110,u226,-110,u226,-110,u226,-112,u226,-110
Fri Mar 10 2023,Denver Nuggets,120,San Antonio Spurs,128,o234.5,-110,o237,-110,o236.5,-110,o237,-110,o236,-110,o236.5,-113,o237,-110,u234.5,-110,u237,-110,u236.5,-110,u237,-110,u236,-110,u236.5,-108,u237,-110
Fri Mar 10 2023,Toronto Raptors,112,Los Angeles Lakers,122,o224.5,-110,o224.5,-110,o224.5,-110,o224.5,-110,o224.5,-110,o224.5,-112,o224.5,-110,u224.5,-110,u224.5,-110,u224.5,-110,u224.5,-110,u224.5,-110,u224.5,-109,u224.5,-110
Sat Mar 11 2023,New York Knicks,95,Los Angeles Clippers,106,o227,-110,o227,-110,o226.5,-115,o226.5,-110,o227,-105,o227.5,-108,o227,-110,u227,-110,u227,-110,u226.5,-105,u226.5,-110,u227,-115,u227.5,-113,u227,-110
Sat Mar 11 2023,Utah Jazz,119,Charlotte Hornets,111,o231,-110,o229,-112,o228.5,-110,o229.5,-110,o228.5,-110,o229,-109,o229,-112,u231,-110,u229,-108,u228.5,-110,u229.5,-110,u228.5,-110,u229,-112,u229,-108
Sat Mar 11 2023,Indiana Pacers,121,Detroit Pistons,115,o228.5,-110,o228,-110,o228.5,-110,o228,-110,o228,-110,o228.5,-112,o228,-110,u228.5,-110,u228,-110,u228.5,-110,u228,-110,u228,-110,u228.5,-109,u228,-110
Sat Mar 11 2023,Miami Heat,114,Orlando Magic,126,o217,-110,o222,-108,o221.5,-115,o222,-110,o222,-110,o222.5,-109,o222,-108,u217,-110,u222,-112,u221.5,-105,u222,-110,u222,-110,u222.5,-112,u222,-112
Sat Mar 11 2023,Boston Celtics,134,Atlanta Hawks,125,o235,-110,o239,-110,o238.5,-115,o239,-110,o238.5,-110,o238.5,-108,o238,-110,u235,-110,u239,-110,u238.5,-105,u239,-110,u238.5,-110,u238.5,-113,u238,-110
Sat Mar 11 2023,Chicago Bulls,119,Houston Rockets,111,o225.5,-110,o223.5,-112,o224.5,-105,o223.5,-110,o224,-105,o224.5,-109,o223.5,-112,u225.5,-110,u223.5,-108,u224.5,-115,u223.5,-110,u224,-115,u224.5,-112,u223.5,-108
Sat Mar 11 2023,Dallas Mavericks,108,Memphis Grizzlies,112,o223,-110,o221.5,-110,o221.5,-110,o222,-110,o221.5,-110,o222,-108,o221.5,-110,u223,-110,u221.5,-110,u221.5,-110,u222,-110,u221.5,-110,u222,-113,u221.5,-110
Sat Mar 11 2023,Milwaukee Bucks,116,Golden State Warriors,125,o236.5,-110,o240.5,-110,o240.5,-110,o240.5,-110,o241,-110,o240.5,-112,o240.5,-110,u236.5,-110,u240.5,-110,u240.5,-110,u240.5,-110,u241,-110,u240.5,-109,u240.5,-110
Sat Mar 11 2023,Oklahoma City Thunder,110,New Orleans Pelicans,96,o233,-110,o232.5,-110,o232.5,-105,o232.5,-110,o232,-110,o231.5,-110,o232.5,-110,u233,-110,u232.5,-110,u232.5,-115,u232.5,-110,u232,-110,u231.5,-110,u232.5,-110
Sat Mar 11 2023,Sacramento Kings,128,Phoenix Suns,119,o238.5,-110,o240,-110,o240.5,-105,o240.5,-110,o240,-110,o240,-109,o240,-110,u238.5,-110,u240,-110,u240.5,-115,u240.5,-110,u240,-110,u240,-112,u240,-110
Sun Mar 12 2023,Brooklyn Nets,122,Denver Nuggets,120,o232,-110,o229,-112,o228.5,-115,o229.5,-110,o229,-110,o229,-112,o229,-112,u232,-110,u229,-108,u228.5,-105,u229.5,-110,u229,-110,u229,-109,u229,-108
Sun Mar 12 2023,Cleveland Cavaliers,114,Charlotte Hornets,108,o220.5,-110,o220,-108,o220.5,-110,o220.5,-110,o220.5,-110,o220.5,-113,o220,-108,u220.5,-110,u220,-112,u220.5,-110,u220.5,-110,u220.5,-110,u220.5,-108,u220,-112
Sun Mar 12 2023,Washington Wizards,93,Philadelphia 76ers,112,o231,-110,o227.5,-110,o227.5,-110,o227,-110,o228,-105,o227.5,-108,o227.5,-110,u231,-110,u227.5,-110,u227.5,-110,u227,-110,u228,-115,u227.5,-113,u227.5,-110
Sun Mar 12 2023,Portland Trail Blazers,110,New Orleans Pelicans,127,o229.5,-110,o221.5,-110,o221.5,-110,o221.5,-110,o221.5,-110,o221.5,-108,o221.5,-110,u229.5,-110,u221.5,-110,u221.5,-110,u221.5,-110,u221.5,-110,u221.5,-113,u221.5,-110
Sun Mar 12 2023,Oklahoma City Thunder,102,San Antonio Spurs,90,o236,-110,o236.5,-110,o236.5,-110,o236.5,-110,o237,-110,o236,-112,o236.5,-110,u236,-110,u236.5,-110,u236.5,-110,u236.5,-110,u237,-110,u236,-109,u236.5,-110
Sun Mar 12 2023,New York Knicks,112,Los Angeles Lakers,108,o224,-110,o226,-110,o225.5,-110,o225.5,-110,o226.5,-115,o225.5,-110,o226,-110,u224,-110,u226,-110,u225.5,-110,u225.5,-110,u226.5,-105,u225.5,-110,u226,-110
Mon Mar 13 2023,Indiana Pacers,97,Detroit Pistons,117,N/A,o226,-110,o226.5,-110,o226.5,-110,o226,-110,o226.5,-110,o227,-112,o226.5,-110,N/A,u226,-110,u226.5,-110,u226.5,-110,u226,-110,u226.5,-110,u227,-109
Mon Mar 13 2023,Minnesota Timberwolves,136,Atlanta Hawks,115,N/A,o241,-110,o241.5,-110,o241.5,-110,o244.5,-110,o241.5,-110,o241.5,-109,o241.5,-110,N/A,u241,-110,u241.5,-110,u241.5,-110,u244.5,-110,u241.5,-110,u241.5,-112
Mon Mar 13 2023,Memphis Grizzlies,104,Dallas Mavericks,88,N/A,o219.5,-110,o219.5,-110,o219.5,-115,o224.5,-110,o219.5,-110,o219.5,-109,o219.5,-110,N/A,u219.5,-110,u219.5,-110,u219.5,-105,u224.5,-110,u219.5,-110,u219.5,-112
Mon Mar 13 2023,Utah Jazz,115,Miami Heat,119,N/A,o226,-110,o226,-110,o225.5,-115,o226,-110,o226,-110,o226,-108,o226,-110,N/A,u226,-110,u226,-110,u225.5,-105,u226,-110,u226,-110,u226,-113
Mon Mar 13 2023,Boston Celtics,109,Houston Rockets,111,N/A,o233,-110,o232.5,-110,o232.5,-115,o233,-110,o233,-110,o232,-110,o232.5,-110,N/A,u233,-110,u232.5,-110,u232.5,-105,u233,-110,u233,-110,u232,-110
Mon Mar 13 2023,Phoenix Suns,112,Golden State Warriors,123,N/A,o234.5,-110,o234.5,-110,o234.5,-115,o234.5,-110,o235,-110,o235.5,-109,o234.5,-110,N/A,u234.5,-110,u234.5,-110,u234.5,-105,u234.5,-110,u235,-110,u235.5,-112
Mon Mar 13 2023,Milwaukee Bucks,133,Sacramento Kings,124,N/A,o246,-110,o246.5,-110,o245.5,-115,o246.5,-110,o246,-110,o246.5,-112,o246.5,-110,N/A,u246,-110,u246.5,-110,u245.5,-105,u246.5,-110,u246,-110,u246.5,-109
Tue Mar 14 2023,Cleveland Cavaliers,120,Charlotte Hornets,104,o221.5,-110,o218.5,-110,o218.5,-110,o218.5,-110,o218.5,-110,o218.5,-110,o218.5,-110,u221.5,-110,u218.5,-110,u218.5,-110,u218.5,-110,u218.5,-110,u218.5,-110,u218.5,-110
Tue Mar 14 2023,Detroit Pistons,97,Washington Wizards,117,o224.5,-110,o221.5,-110,o221.5,-110,o222,-110,o221.5,-110,o221.5,-109,o221.5,-110,u224.5,-110,u221.5,-110,u221.5,-110,u222,-110,u221.5,-110,u221.5,-112,u221.5,-110
Tue Mar 14 2023,Denver Nuggets,110,Toronto Raptors,125,o228.5,-110,o228.5,-110,o228.5,-110,o228,-110,o228.5,-110,o229,-110,o228.5,-110,u228.5,-110,u228.5,-110,u228.5,-110,u228,-110,u228.5,-110,u229,-110,u228.5,-110
Tue Mar 14 2023,Los Angeles Lakers,123,New Orleans Pelicans,108,o225.5,-110,o227.5,-110,o227.5,-110,o227.5,-110,o227.5,-110,o227.5,-110,o227.5,-110,u225.5,-110,u227.5,-110,u227.5,-110,u227.5,-110,u227.5,-110,u227.5,-110,u227.5,-110
Tue Mar 14 2023,Brooklyn Nets,107,Oklahoma City Thunder,121,o231.5,-110,o233.5,-110,o233.5,-110,o233.5,-110,o233.5,-105,o233,-113,o233.5,-110,u231.5,-110,u233.5,-110,u233.5,-110,u233.5,-110,u233.5,-115,u233,-108,u233.5,-110
Tue Mar 14 2023,Orlando Magic,114,San Antonio Spurs,132,o227.5,-110,o232.5,-110,o233.5,-110,o233,-110,o233,-110,o232.5,-109,o232.5,-110,u227.5,-110,u232.5,-110,u233.5,-110,u233,-110,u233,-110,u232.5,-112,u232.5,-110
Tue Mar 14 2023,Milwaukee Bucks,116,Phoenix Suns,104,o233,-110,o231.5,-110,o231.5,-110,o231.5,-110,o231.5,-110,o231.5,-109,o231.5,-110,u233,-110,u231.5,-110,u231.5,-110,u231.5,-110,u231.5,-110,u231.5,-112,u231.5,-110
Tue Mar 14 2023,New York Knicks,123,Portland Trail Blazers,107,o228,-110,o229,-110,o229.5,-110,o229,-110,o229,-110,o228.5,-109,o229,-110,u228,-110,u229,-110,u229.5,-110,u229,-110,u229,-110,u228.5,-112,u229,-110
Wed Mar 15 2023,Philadelphia 76ers,118,Cleveland Cavaliers,109,o219.5,-110,o222,-108,o221.5,-110,o222,-110,o221.5,-110,o222,-110,o222,-108,u219.5,-110,u222,-112,u221.5,-110,u222,-110,u221.5,-110,u222,-110,u222,-112
Wed Mar 15 2023,Memphis Grizzlies,119,Miami Heat,138,o220,-110,o219.5,-110,o219.5,-110,o219.5,-110,o219.5,-110,o219.5,-113,o219.5,-110,u220,-110,u219.5,-110,u219.5,-110,u219.5,-110,u219.5,-110,u219.5,-108,u219.5,-110
Wed Mar 15 2023,Sacramento Kings,117,Chicago Bulls,114,o239,-110,o237,-110,o237.5,-110,o237,-110,o237.5,-110,o236.5,-113,o237,-110,u239,-110,u237,-110,u237.5,-110,u237,-110,u237.5,-110,u236.5,-108,u237,-110
Wed Mar 15 2023,Los Angeles Lakers,110,Houston Rockets,114,o230.5,-110,o233,-110,o233.5,-110,o233,-110,o233,-110,o233,-112,o233,-110,u230.5,-110,u233,-110,u233.5,-110,u233,-110,u233,-110,u233,-109,u233,-110
Wed Mar 15 2023,Boston Celtics,104,Minnesota Timberwolves,102,o233.5,-110,o231.5,-110,o230.5,-115,o231.5,-110,o230.5,-110,o232,-109,o231.5,-110,u233.5,-110,u231.5,-110,u230.5,-105,u231.5,-110,u230.5,-110,u232,-112,u231.5,-110
Wed Mar 15 2023,Dallas Mavericks,137,San Antonio Spurs,128,o233.5,-110,o226,-110,o226.5,-110,o226,-110,o226,-110,o227,-110,o226,-110,u233.5,-110,u226,-110,u226.5,-110,u226,-110,u226,-110,u227,-110,u226,-110
Wed Mar 15 2023,Golden State Warriors,126,Los Angeles Clippers,134,o233.5,-112,o236.5,-110,o236.5,-110,o236,-110,o236,-115,o236,-110,o236.5,-110,u233.5,-108,u236.5,-110,u236.5,-110,u236,-110,u236,-105,u236,-110,u236.5,-110
Thu Mar 16 2023,Denver Nuggets,119,Detroit Pistons,100,o228.5,-110,o230.5,-112,o230.5,-110,o230.5,-110,o230.5,-110,o230.5,-108,o230.5,-112,u228.5,-110,u230.5,-108,u230.5,-110,u230.5,-110,u230.5,-110,u230.5,-113,u230.5,-108
Thu Mar 16 2023,Sacramento Kings,101,Brooklyn Nets,96,o237.5,-110,o237.5,-110,o237.5,-115,o238,-110,o238,-110,o238,-110,o237.5,-110,u237.5,-110,u237.5,-110,u237.5,-105,u238,-110,u238,-110,u238,-110,u237.5,-110
Thu Mar 16 2023,Oklahoma City Thunder,111,Toronto Raptors,128,o231.5,-110,o231,-108,o231.5,-105,o231.5,-110,o231,-110,o231,-110,o231,-108,u231.5,-110,u231,-112,u231.5,-115,u231.5,-110,u231,-110,u231,-110,u231,-112
Thu Mar 16 2023,Indiana Pacers,139,Milwaukee Bucks,123,o237,-110,o236,-112,o235.5,-115,o236,-110,o236,-105,o236,-110,o236,-112,u237,-110,u236,-108,u235.5,-105,u236,-110,u236,-115,u236,-110,u236,-108
Thu Mar 16 2023,Orlando Magic,113,Phoenix Suns,116,o228.5,-110,o228.5,-110,o228.5,-110,o228,-110,o228,-110,o228.5,-113,o228.5,-110,u228.5,-110,u228.5,-110,u228.5,-110,u228,-110,u228,-110,u228.5,-108,u228.5,-110
Fri Mar 17 2023,Philadelphia 76ers,121,Charlotte Hornets,82,o227,-110,o229,-110,o228.5,-110,o228.5,-110,o228.5,-110,o228.5,-109,o229,-110,u227,-110,u229,-110,u228.5,-110,u228.5,-110,u228.5,-110,u228.5,-112,u229,-110
Fri Mar 17 2023,Golden State Warriors,119,Atlanta Hawks,127,o247.5,-110,o247,-110,o247.5,-110,o247.5,-110,o247.5,-110,o247.5,-112,o247,-110,u247.5,-110,u247,-110,u247.5,-110,u247.5,-110,u247.5,-110,u247.5,-109,u247,-110
Fri Mar 17 2023,Washington Wizards,94,Cleveland Cavaliers,117,o220,-110,o220.5,-110,o220.5,-110,o220,-110,o220.5,-110,o220,-112,o220.5,-110,u220,-110,u220.5,-110,u220.5,-110,u220,-110,u220.5,-110,u220,-109,u220.5,-110
Fri Mar 17 2023,Minnesota Timberwolves,131,Chicago Bulls,139,o224.5,-110,o222.5,-110,o222.5,-110,o222.5,-110,o221.5,-115,o222.5,-112,o222.5,-110,u224.5,-110,u222.5,-110,u222.5,-110,u222.5,-110,u221.5,-105,u222.5,-109,u222.5,-110
Fri Mar 17 2023,New Orleans Pelicans,112,Houston Rockets,114,o230.5,-110,o228,-108,o228.5,-105,o228,-110,o228,-110,o228,-109,o228,-108,u230.5,-110,u228,-112,u228.5,-115,u228,-110,u228,-110,u228,-112,u228,-112
Fri Mar 17 2023,Memphis Grizzlies,126,San Antonio Spurs,120,o231.5,-108,o234.5,-110,o234.5,-110,o235,-110,o234,-110,o234.5,-110,o234.5,-110,u231.5,-112,u234.5,-110,u234.5,-110,u235,-110,u234,-110,u234.5,-110,u234.5,-110
Fri Mar 17 2023,Boston Celtics,126,Portland Trail Blazers,112,o230.5,-110,o234.5,-108,o234.5,-110,o234.5,-110,o234.5,-110,o234,-110,o234.5,-108,u230.5,-110,u234.5,-112,u234.5,-110,u234.5,-110,u234.5,-110,u234,-110,u234.5,-112
Fri Mar 17 2023,Dallas Mavericks,111,Los Angeles Lakers,110,o223.5,-110,o230.5,-112,o230.5,-115,o231,-110,o232,-105,o230.5,-108,o230.5,-112,u223.5,-110,u230.5,-108,u230.5,-105,u231,-110,u232,-115,u230.5,-113,u230.5,-108
Sat Mar 18 2023,Denver Nuggets,110,New York Knicks,116,o229.5,-110,o231,-110,o231.5,-110,o231.5,-110,o231.5,-110,o230.5,-110,o231,-110,u229.5,-110,u231,-110,u231.5,-110,u231.5,-110,u231.5,-110,u230.5,-110,u231,-110
Sat Mar 18 2023,Orlando Magic,113,Los Angeles Clippers,108,o227,-110,o231.5,-110,o231.5,-115,o232,-110,o231.5,-110,o231.5,-110,o231.5,-110,u227,-110,u231.5,-110,u231.5,-105,u232,-110,u231.5,-110,u231.5,-110,u231.5,-110
Sat Mar 18 2023,Philadelphia 76ers,141,Indiana Pacers,121,o234,-110,o230,-110,o230.5,-110,o230,-110,o230,-110,o230.5,-112,o230,-110,u234,-110,u230,-110,u230.5,-110,u230,-110,u230,-110,u230.5,-109,u230,-110
Sat Mar 18 2023,Minnesota Timberwolves,107,Toronto Raptors,122,o227.5,-110,o222.5,-112,o222.5,-110,o222,-110,o222,-115,o221.5,-112,o222.5,-112,u227.5,-110,u222.5,-108,u222.5,-110,u222,-110,u222,-105,u221.5,-109,u222.5,-108
Sat Mar 18 2023,Miami Heat,99,Chicago Bulls,113,o218,-110,o216.5,-110,o215.5,-115,o216,-110,o216.5,-110,o216,-109,o216.5,-110,u218,-110,u216.5,-110,u215.5,-105,u216,-110,u216.5,-110,u216,-112,u216.5,-110
Sat Mar 18 2023,Golden State Warriors,119,Memphis Grizzlies,133,o236.5,-110,o235,-110,o235.5,-105,o235,-110,o235,-115,o235,-112,o235,-110,u236.5,-110,u235,-110,u235.5,-115,u235,-110,u235,-105,u235,-109,u235,-110
Sat Mar 18 2023,Sacramento Kings,132,Washington Wizards,118,o236,-110,o235,-110,o235.5,-110,o235.5,-110,o235,-110,o235.5,-112,o235,-110,u236,-110,u235,-110,u235.5,-110,u235.5,-110,u235,-110,u235.5,-109,u235,-110
Sat Mar 18 2023,Boston Celtics,117,Utah Jazz,118,o233.5,-110,o233,-110,o233.5,-105,o233,-110,o233,-110,o233.5,-108,o233,-110,u233.5,-110,u233,-110,u233.5,-115,u233,-110,u233,-110,u233.5,-113,u233,-110
Sun Mar 19 2023,Denver Nuggets,108,Brooklyn Nets,102,o232.5,-110,o228.5,-110,o228.5,-110,o228,-110,o228.5,-110,o228,-108,o228.5,-110,u232.5,-110,u228.5,-110,u228.5,-110,u228,-110,u228.5,-110,u228,-113,u228.5,-110
Sun Mar 19 2023,Phoenix Suns,120,Oklahoma City Thunder,124,o234.5,-110,o234,-110,o234.5,-110,o234,-110,o234,-110,o234.5,-109,o234,-110,u234.5,-110,u234,-110,u234.5,-110,u234,-110,u234,-110,u234.5,-112,u234,-110
Sun Mar 19 2023,Atlanta Hawks,118,San Antonio Spurs,126,o245,-110,o245.5,-110,o245.5,-110,o246,-110,o246,-110,o245.5,-109,o245.5,-110,u245,-110,u245.5,-110,u245.5,-110,u246,-110,u246,-110,u245.5,-112,u245.5,-110
Sun Mar 19 2023,Miami Heat,112,Detroit Pistons,100,o218.5,-110,o218.5,-110,o218.5,-110,o218.5,-110,o218.5,-110,o218.5,-108,o218.5,-110,u218.5,-110,u218.5,-110,u218.5,-110,u218.5,-110,u218.5,-110,u218.5,-113,u218.5,-110
Sun Mar 19 2023,New Orleans Pelicans,117,Houston Rockets,107,o227.5,-110,o226.5,-110,o225.5,-110,o226,-110,o225.5,-110,o226,-109,o226.5,-110,u227.5,-110,u226.5,-110,u225.5,-110,u226,-110,u225.5,-110,u226,-112,u226.5,-110
Sun Mar 19 2023,Toronto Raptors,111,Milwaukee Bucks,118,o232.5,-110,o234,-110,o234.5,-110,o234,-110,o234,-110,o234.5,-108,o234,-110,u232.5,-110,u234,-110,u234.5,-110,u234,-110,u234,-110,u234.5,-113,u234,-110
Sun Mar 19 2023,Los Angeles Clippers,117,Portland Trail Blazers,102,o230,-110,o236,-110,o235.5,-115,o236,-110,o236.5,-105,o235.5,-112,o236,-110,u230,-110,u236,-110,u235.5,-105,u236,-110,u236.5,-115,u235.5,-109,u236,-110
Sun Mar 19 2023,Orlando Magic,105,Los Angeles Lakers,111,o230,-110,o230,-110,o229.5,-110,o230,-110,o229.5,-110,o231,-108,o230,-110,u230,-112,u230,-110,u229.5,-110,u230,-110,u229.5,-110,u231,-113,u230,-110
Mon Mar 20 2023,Indiana Pacers,109,Charlotte Hornets,115,o232,-110,o235.5,-110,o235.5,-110,o235.5,-110,o235,-110,o236,-109,o235.5,-110,u232,-110,u235.5,-110,u235.5,-110,u235.5,-110,u235,-110,u236,-112,u235.5,-110
Mon Mar 20 2023,Chicago Bulls,109,Philadelphia 76ers,105,o224.5,-110,o226.5,-110,o226.5,-110,o226,-110,o227.5,-115,o225.5,-113,o226.5,-110,u224.5,-110,u226.5,-110,u226.5,-110,u226,-110,u227.5,-105,u225.5,-108,u226.5,-110
Mon Mar 20 2023,Minnesota Timberwolves,140,New York Knicks,134,o229,-110,o228,-108,o227.5,-110,o227.5,-110,o227.5,-115,o227.5,-112,o228,-108,u229,-110,u228,-112,u227.5,-110,u227.5,-110,u227.5,-105,u227.5,-109,u228,-112
Mon Mar 20 2023,Golden State Warriors,121,Houston Rockets,108,o238,-110,o233.5,-110,o234.5,-110,o234,-110,o234.5,-110,o234,-109,o233.5,-110,u238,-110,u233.5,-110,u234.5,-110,u234,-110,u234.5,-110,u234,-112,u233.5,-110
Mon Mar 20 2023,Dallas Mavericks,108,Memphis Grizzlies,112,o228.5,-110,o228,-110,o227.5,-110,o227,-110,o227.5,-110,o227,-112,o228,-110,u228.5,-110,u228,-110,u227.5,-110,u227,-110,u227.5,-110,u227,-109,u228,-110
Mon Mar 20 2023,Sacramento Kings,120,Utah Jazz,128,o238.5,-110,o240,-110,o239.5,-110,o239.5,-110,o239,-110,o239.5,-110,o240,-110,u238.5,-110,u240,-110,u239.5,-110,u239.5,-110,u239,-110,u239.5,-110,u240,-110
Tue Mar 21 2023,Washington Wizards,112,Orlando Magic,122,o227,-110,o224,-110,o224.5,-105,o223.5,-110,o224,-110,o223.5,-112,o224,-110,u227,-110,u224,-110,u224.5,-115,u223.5,-110,u224,-110,u223.5,-109,u224,-110
Tue Mar 21 2023,Detroit Pistons,107,Atlanta Hawks,129,o238.5,-110,o237.5,-110,o237.5,-105,o236.5,-110,o237,-105,o236.5,-109,o237.5,-110,u238.5,-110,u237.5,-110,u237.5,-115,u236.5,-110,u237,-115,u236.5,-112,u237.5,-110
Tue Mar 21 2023,Cleveland Cavaliers,115,Brooklyn Nets,109,o218.5,-110,o217,-110,o216.5,-115,o216.5,-110,o216.5,-110,o216.5,-109,o217,-110,u218.5,-110,u217,-110,u216.5,-105,u216.5,-110,u216.5,-110,u216.5,-112,u217,-110
Tue Mar 21 2023,San Antonio Spurs,84,New Orleans Pelicans,119,o235.5,-110,o230.5,-110,o230.5,-110,o230.5,-110,o230,-110,o231,-108,o230.5,-110,u235.5,-110,u230.5,-110,u230.5,-110,u230.5,-110,u230,-110,u231,-113,u230.5,-110
Tue Mar 21 2023,Boston Celtics,132,Sacramento Kings,109,o238.5,-110,o238,-110,o237.5,-110,o238,-110,o238,-105,o238,-112,o238,-110,u238.5,-110,u238,-110,u237.5,-110,u238,-110,u238,-115,u238,-109,u238,-110
Tue Mar 21 2023,Oklahoma City Thunder,101,Los Angeles Clippers,100,o236.5,-110,o238,-108,o237.5,-110,o237.5,-110,o237,-115,o237.5,-108,o238,-108,u236.5,-110,u238,-112,u237.5,-110,u237.5,-110,u237,-105,u237.5,-113,u238,-112
Wed Mar 22 2023,Denver Nuggets,118,Washington Wizards,104,o228.5,-110,o225.5,-110,o225.5,-110,o225.5,-110,o225.5,-110,o225.5,-110,o225.5,-110,u228.5,-110,u225.5,-110,u225.5,-110,u225.5,-110,u225.5,-110,u225.5,-110,u225.5,-110
Wed Mar 22 2023,Golden State Warriors,127,Dallas Mavericks,125,o233.5,-110,o237,-110,o236.5,-110,o236.5,-110,o237,-110,o236.5,-113,o237,-110,u233.5,-110,u237,-110,u236.5,-110,u236.5,-110,u237,-110,u236.5,-108,u237,-110
Wed Mar 22 2023,New York Knicks,120,Miami Heat,127,o221,-110,o223.5,-110,o223.5,-110,o223.5,-110,o223.5,-110,o224,-109,o223.5,-110,u221,-110,u223.5,-110,u223.5,-110,u223.5,-110,u223.5,-110,u224,-112,u223.5,-110
Wed Mar 22 2023,Indiana Pacers,118,Toronto Raptors,114,o234.5,-110,o232,-110,o231.5,-110,o232,-110,o231.5,-110,o232,-108,o232,-110,u234.5,-110,u232,-110,u231.5,-110,u232,-110,u231.5,-110,u232,-112,u232,-110
Wed Mar 22 2023,Philadelphia 76ers,116,Chicago Bulls,91,o222,-110,o220,-112,o219.5,-110,o220,-110,o219.5,-110,o219.5,-112,o220,-112,u222,-110,u220,-108,u219.5,-110,u220,-110,u219.5,-110,u219.5,-109,u220,-108
Wed Mar 22 2023,Houston Rockets,125,Memphis Grizzlies,130,o226,-108,o232,-110,o231.5,-110,o232.5,-110,o232,-110,o232,-110,o232,-110,u226,-112,u232,-110,u231.5,-110,u232.5,-110,u232,-110,u232,-110,u232,-110
Wed Mar 22 2023,San Antonio Spurs,94,Milwaukee Bucks,130,o233,-110,o237.5,-110,o237.5,-110,o237.5,-110,o237,-110,o237.5,-109,o237.5,-110,u233,-110,u237.5,-110,u237.5,-110,u237.5,-110,u237,-110,u237.5,-112,u237.5,-110
Wed Mar 22 2023,Atlanta Hawks,124,Minnesota Timberwolves,125,o228.5,-110,o241.5,-110,o240.5,-115,o242,-110,o241.5,-110,o242,-110,o241.5,-110,u228.5,-110,u241.5,-110,u240.5,-105,u242,-110,u241.5,-110,u242,-110,u241.5,-110
Wed Mar 22 2023,Portland Trail Blazers,127,Utah Jazz,115,o233.5,-110,o235.5,-108,o234.5,-115,o235,-110,o235,-115,o235,-113,o235.5,-108,u233.5,-110,u235.5,-112,u234.5,-105,u235,-110,u235,-105,u235,-108,u235.5,-112
Wed Mar 22 2023,Phoenix Suns,111,Los Angeles Lakers,122,o227.5,-108,o227.5,-110,o227.5,-110,o227.5,-110,o227.5,-110,o228,-109,o227.5,-110,u227.5,-112,u227.5,-110,u227.5,-110,u227.5,-110,u227.5,-110,u228,-112,u227.5,-110
Thu Mar 23 2023,New York Knicks,106,Orlando Magic,111,o230,-110,o226,-110,o226.5,-110,o226,-110,o226,-110,o226,-108,o226,-110,u230,-110,u226,-110,u226.5,-110,u226,-110,u226,-110,u226,-113,u226,-110
Thu Mar 23 2023,Cleveland Cavaliers,116,Brooklyn Nets,114,o218,-112,o219,-110,o219.5,-110,o219,-110,o219,-110,o219,-109,o219,-110,u218,-108,u219,-110,u219.5,-110,u219,-110,u219,-110,u219,-112,u219,-110
Thu Mar 23 2023,Charlotte Hornets,96,New Orleans Pelicans,115,o225.5,-112,o225.5,-110,o225.5,-115,o225.5,-110,o226.5,-105,o225.5,-112,o225.5,-110,u225.5,-108,u225.5,-110,u225.5,-105,u225.5,-110,u226.5,-115,u225.5,-109,u225.5,-110
Thu Mar 23 2023,Oklahoma City Thunder,105,Los Angeles Clippers,127,o232,-108,o231,-110,o230.5,-110,o231,-110,o230,-110,o231.5,-112,o231,-110,u232,-112,u231,-110,u230.5,-110,u231,-110,u230,-110,u231.5,-109,u231,-110
Fri Mar 24 2023,Indiana Pacers,95,Boston Celtics,120,o234.5,-110,o236.5,-110,o236.5,-110,o236.5,-110,o236,-110,o236,-112,o236.5,-110,u234.5,-110,u236.5,-110,u236.5,-110,u236.5,-110,u236,-110,u236,-109,u236.5,-110
Fri Mar 24 2023,San Antonio Spurs,124,Washington Wizards,136,o228,-110,o228.5,-110,o228.5,-110,o229,-110,o229,-110,o229,-108,o228.5,-110,u228,-110,u228.5,-110,u228.5,-110,u229,-110,u229,-110,u229,-113,u228.5,-110
Fri Mar 24 2023,Detroit Pistons,97,Toronto Raptors,118,o224,-110,o223.5,-112,o224.5,-110,o224,-110,o224,-110,o224,-112,o223.5,-112,u224,-110,u223.5,-108,u224.5,-110,u224,-110,u224,-110,u224,-109,u223.5,-108
Fri Mar 24 2023,Houston Rockets,114,Memphis Grizzlies,151,o234,-110,o233.5,-110,o233.5,-110,o233.5,-110,o234.5,-110,o234,-109,o233.5,-110,u234,-110,u233.5,-110,u233.5,-110,u233.5,-110,u234.5,-110,u234,-112,u233.5,-110
Fri Mar 24 2023,Charlotte Hornets,117,Dallas Mavericks,109,o228.5,-110,o229,-110,o229.5,-110,o229,-110,o229,-110,o228.5,-110,o229,-110,u228.5,-110,u229,-110,u229.5,-110,u229,-110,u229,-110,u228.5,-110,u229,-110
Fri Mar 24 2023,Milwaukee Bucks,144,Utah Jazz,116,o235,-110,o233.5,-110,o233.5,-115,o233.5,-110,o234,-110,o235,-112,o233.5,-110,u235,-110,u233.5,-110,u233.5,-105,u233.5,-110,u234,-110,u235,-109,u233.5,-110
Fri Mar 24 2023,Philadelphia 76ers,112,Golden State Warriors,120,o235.5,-110,o233,-110,o232.5,-115,o233,-110,o233,-110,o234,-110,o233,-110,u235.5,-110,u233,-110,u232.5,-105,u233,-110,u233,-110,u234,-110,u233,-110
Fri Mar 24 2023,Chicago Bulls,124,Portland Trail Blazers,96,o227,-110,o219.5,-112,o219.5,-115,o220,-110,o219.5,-110,o219.5,-110,o219.5,-112,u227,-110,u219.5,-108,u219.5,-115,u220,-110,u219.5,-110,u219.5,-110,u219.5,-108
Fri Mar 24 2023,Phoenix Suns,127,Sacramento Kings,135,o241,-110,o239,-110,o239.5,-110,o239.5,-110,o239,-110,o238,-112,o239,-110,u241,-110,u239,-110,u239.5,-120,u239.5,-110,u239,-110,u238,-109,u239,-110
Fri Mar 24 2023,Oklahoma City Thunder,111,Los Angeles Lakers,116,o233,-110,o230.5,-110,o230.5,-110,o230.5,-110,o230.5,-110,o230,-112,o230.5,-110,u233,-110,u230.5,-110,u230.5,-110,u230.5,-110,u230.5,-110,u230,-109,u230.5,-110
Sat Mar 25 2023,Indiana Pacers,130,Atlanta Hawks,143,o239.5,-110,o250,-110,o249.5,-115,o249,-110,o249,-110,o249,-113,o250,-110,u239.5,-110,u250,-110,u249.5,-105,u249,-110,u249,-110,u249,-108,u250,-110
Sat Mar 25 2023,Brooklyn Nets,129,Miami Heat,100,o222,-110,o221,-110,o221.5,-110,o221,-110,o221.5,-110,o221,-113,o221,-110,u222,-110,u221,-110,u221.5,-110,u221,-110,u221.5,-110,u221,-108,u221,-110
Sat Mar 25 2023,Milwaukee Bucks,106,Denver Nuggets,129,o235,-110,o237,-110,o237.5,-110,o238,-110,o237.5,-105,o237.5,-110,o237,-110,u235,-110,u237,-110,u237.5,-110,u238,-110,u237.5,-115,u237.5,-110,u237,-110
Sat Mar 25 2023,Philadelphia 76ers,105,Phoenix Suns,125,o227,-110,o224.5,-112,o224.5,-115,o225,-110,o225,-110,o224.5,-108,o224.5,-112,u227,-110,u224.5,-108,u224.5,-105,u225,-110,u225,-110,u224.5,-113,u224.5,-108
Sat Mar 25 2023,Utah Jazz,113,Sacramento Kings,121,o240,-110,o235,-110,o234.5,-110,o234.5,-110,o234,-110,o234.5,-110,o235,-110,u240,-110,u235,-110,u234.5,-110,u234.5,-110,u234,-110,u234.5,-110,u235,-110
Sat Mar 25 2023,New Orleans Pelicans,131,Los Angeles Clippers,110,o224.5,-110,o224.5,-108,o224.5,-110,o224,-110,o224.5,-115,o224,-113,o224.5,-108,u224.5,-110,u224.5,-112,u224.5,-110,u224,-110,u224.5,-105,u224,-108,u224.5,-112
Sun Mar 26 2023,Dallas Mavericks,104,Charlotte Hornets,110,o228,-110,o232.5,-110,o232.5,-110,o232.5,-110,o232,-110,o231.5,-108,o232.5,-110,u228,-110,u232.5,-110,u232.5,-110,u232.5,-110,u232,-110,u231.5,-113,u232.5,-110
Sun Mar 26 2023,Chicago Bulls,118,Los Angeles Lakers,108,o226,-110,o223.5,-110,o223.5,-115,o224,-110,o224,-105,o224.5,-112,o223.5,-110,u226,-110,u223.5,-110,u223.5,-105,u224,-110,u224,-115,u224.5,-109,u223.5,-110
Sun Mar 26 2023,Memphis Grizzlies,123,Atlanta Hawks,119,o243.5,-110,o248,-110,o247.5,-110,o248.5,-110,o247.5,-110,o248.5,-109,o248,-110,u243.5,-110,u248,-110,u247.5,-110,u248.5,-110,u247.5,-110,u248.5,-112,u248,-110
Sun Mar 26 2023,San Antonio Spurs,93,Boston Celtics,137,o231.5,-110,o231.5,-110,o231.5,-110,o232.5,-110,o232,-110,o231,-113,o231.5,-110,u231.5,-110,u231.5,-110,u231.5,-110,u232.5,-110,u232,-110,u231,-108,u231.5,-110
Sun Mar 26 2023,Houston Rockets,91,Cleveland Cavaliers,108,o223,-110,o228,-110,o228.5,-110,o228.5,-110,o228.5,-110,o228,-109,o228,-110,u223,-110,u228,-110,u228.5,-110,u228.5,-110,u228.5,-110,u228,-112,u228,-110
Sun Mar 26 2023,Brooklyn Nets,106,Orlando Magic,119,o226,-110,o225.5,-110,o225.5,-110,o226,-110,o226.5,-110,o225.5,-112,o225.5,-110,u226,-110,u225.5,-110,u225.5,-110,u226,-110,u226.5,-110,u225.5,-109,u225.5,-110
Sun Mar 26 2023,Washington Wizards,104,Toronto Raptors,114,o222,-110,o220.5,-110,o220.5,-105,o220,-110,o220.5,-110,o220.5,-109,o220.5,-110,u222,-110,u220.5,-110,u220.5,-115,u220,-110,u220.5,-110,u220.5,-112,u220.5,-110
Sun Mar 26 2023,Oklahoma City Thunder,118,Portland Trail Blazers,112,o230.5,-110,o232.5,-110,o232.5,-110,o232.5,-110,o232.5,-110,o232,-109,o232.5,-110,u230.5,-110,u232.5,-110,u232.5,-110,u232.5,-110,u232.5,-110,u232,-112,u232.5,-110
Sun Mar 26 2023,Minnesota Timberwolves,99,Golden State Warriors,96,o239,-110,o241.5,-110,o241.5,-110,o241.5,-110,o241.5,-110,o241,-112,o241.5,-110,u239,-110,u241.5,-110,u241.5,-110,u241.5,-110,u241.5,-110,u241,-109,u241.5,-110
Mon Mar 27 2023,Milwaukee Bucks,126,Detroit Pistons,117,o232,-110,o226.5,-110,o226.5,-110,o226.5,-110,o226,-110,o227.5,-109,o226.5,-110,u232,-110,u226.5,-110,u226.5,-110,u226.5,-110,u226,-110,u227.5,-112,u226.5,-110
Mon Mar 27 2023,Dallas Mavericks,127,Indiana Pacers,104,o234,-110,o238,-112,o237.5,-115,o238,-110,o238,-110,o238,-112,o238,-112,u234,-110,u238,-108,u237.5,-105,u238,-110,u238,-110,u238,-109,u238,-108
Mon Mar 27 2023,Houston Rockets,115,New York Knicks,137,o230.5,-110,o230,-110,o229.5,-115,o229,-110,o229,-110,o229,-112,o230,-110,u230.5,-110,u230,-110,u229.5,-105,u229,-110,u229,-110,u229,-109,u230,-110
Mon Mar 27 2023,Phoenix Suns,117,Utah Jazz,103,o233.5,-110,o234.5,-110,o234.5,-110,o234.5,-110,o234.5,-105,o235,-110,o234.5,-110,u233.5,-110,u234.5,-110,u234.5,-110,u234.5,-110,u234.5,-115,u235,-110,u234.5,-110
Mon Mar 27 2023,Philadelphia 76ers,111,Denver Nuggets,116,o229.5,-110,o227.5,-110,o227.5,-110,o227,-110,o227,-110,o227.5,-108,o227.5,-110,u229.5,-110,u227.5,-110,u227.5,-110,u227,-110,u227,-110,u227.5,-113,u227.5,-110
Mon Mar 27 2023,New Orleans Pelicans,124,Portland Trail Blazers,90,o229.5,-110,o226.5,-112,o226.5,-110,o226,-110,o226.5,-110,o226.5,-109,o226.5,-112,u229.5,-110,u226.5,-108,u226.5,-110,u226,-110,u226.5,-110,u226.5,-112,u226.5,-108
Mon Mar 27 2023,Minnesota Timberwolves,119,Sacramento Kings,115,o240.5,-110,o240,-110,o239.5,-110,o240,-110,o240,-110,o239.5,-110,o240,-110,u240.5,-110,u240,-110,u239.5,-110,u240,-110,u240,-110,u239.5,-110,u240,-110
Mon Mar 27 2023,Chicago Bulls,112,Los Angeles Clippers,124,o220.5,-110,o220.5,-112,o219.5,-110,o219.5,-110,o219.5,-110,o220,-110,o220.5,-112,u220.5,-110,u220.5,-108,u219.5,-110,u219.5,-110,u219.5,-110,u220,-110,u220.5,-108
Tue Mar 28 2023,Boston Celtics,111,Washington Wizards,130,o227,-110,o222.5,-110,o222.5,-110,o222.5,-110,o222.5,-110,o222.5,-112,o222.5,-110,u227,-110,u222.5,-110,u222.5,-110,u222.5,-110,u222.5,-110,u222.5,-109,u222.5,-110
Tue Mar 28 2023,Cleveland Cavaliers,118,Atlanta Hawks,120,o234.5,-106,o239,-110,o238.5,-115,o239,-110,o239,-110,o239,-108,o239,-110,u234.5,-114,u239,-110,u238.5,-105,u239,-110,u239,-110,u239,-113,u239,-110
Tue Mar 28 2023,Miami Heat,92,Toronto Raptors,106,o218.5,-110,o218.5,-110,o218.5,-110,o218.5,-110,o218,-110,o219,-108,o218.5,-110,u218.5,-110,u218.5,-110,u218.5,-110,u218.5,-110,u218,-110,u219,-113,u218.5,-110
Tue Mar 28 2023,Orlando Magic,108,Memphis Grizzlies,113,o235.5,-110,o229,-112,o228.5,-115,o229,-110,o229,-110,o229,-112,o229,-112,u235.5,-110,u229,-108,u228.5,-105,u229,-110,u229,-110,u229,-109,u229,-108
Tue Mar 28 2023,Charlotte Hornets,137,Oklahoma City Thunder,134,o234,-110,o227,-110,o226.5,-115,o226.5,-110,o226.5,-110,o227,-108,o227,-110,u234,-110,u227,-110,u226.5,-105,u226.5,-110,u226.5,-110,u227,-113,u227,-110
Tue Mar 28 2023,New Orleans Pelicans,109,Golden State Warriors,120,o234.5,-110,o234.5,-112,o234.5,-115,o234.5,-110,o235,-110,o234.5,-108,o234.5,-112,u234.5,-110,u234.5,-108,u234.5,-105,u234.5,-110,u235,-110,u234.5,-113,u234.5,-108
Wed Mar 29 2023,Milwaukee Bucks,149,Indiana Pacers,136,o238.5,-110,o237,-110,o236.5,-115,o237,-110,o237,-115,o236.5,-112,o237,-110,u238.5,-110,u237,-110,u236.5,-105,u237,-110,u237,-105,u236.5,-109,u237,-110
Wed Mar 29 2023,Houston Rockets,114,Brooklyn Nets,123,o229.5,-112,o231,-110,o231.5,-110,o231,-110,o231,-110,o231,-110,o231.5,-110,u229.5,-110,u231,-110,u231.5,-110,u231,-110,u231,-110,u231,-110,u231.5,-110
Wed Mar 29 2023,Miami Heat,92,New York Knicks,101,o223,-110,o225,-110,o225.5,-110,o226,-110,o226,-110,o225,-112,o225,-112,u223,-110,u225,-110,u225.5,-110,u226,-110,u226,-110,u225,-108,u225,-108
Wed Mar 29 2023,Dallas Mavericks,108,Philadelphia 76ers,116,o231,-110,o233,-110,o233.5,-110,o233.5,-110,o233,-110,o233,-110,o233,-110,u231,-110,u233,-110,u233.5,-110,u233.5,-110,u233,-110,u233,-110,u233,-110
Wed Mar 29 2023,Los Angeles Lakers,121,Chicago Bulls,110,o225.5,-110,o228,-108,o228.5,-110,o228.5,-110,o228.5,-110,o228.5,-108,o228,-108,u225.5,-110,u228,-112,u228.5,-110,u228.5,-110,u228.5,-110,u228.5,-113,u228,-112
Wed Mar 29 2023,Los Angeles Clippers,141,Memphis Grizzlies,132,o234.5,-110,o231,-110,o230.5,-110,o231,-110,o231,-110,o229.5,-109,o230.5,-110,u234.5,-110,u231,-110,u230.5,-110,u231,-110,u231,-110,u229.5,-112,u230.5,-110
Wed Mar 29 2023,Detroit Pistons,106,Oklahoma City Thunder,107,o232,-110,o228.5,-110,o228.5,-110,o228.5,-110,o228.5,-110,o228.5,-110,o228.5,-110,u232,-110,u228.5,-110,u228.5,-110,u228.5,-110,u228.5,-110,u228.5,-110,u228.5,-110
Wed Mar 29 2023,Utah Jazz,128,San Antonio Spurs,117,o233,-110,o234.5,-112,o234.5,-110,o234.5,-110,o234.5,-110,o234.5,-113,o234.5,-112,u233,-110,u234.5,-108,u234.5,-110,u234.5,-110,u234.5,-110,u234.5,-108,u234.5,-108
Wed Mar 29 2023,Minnesota Timberwolves,100,Phoenix Suns,107,o235,-110,o233,-110,o233.5,-110,o233,-110,o233,-110,o233,-110,o233,-110,u235,-110,u233,-110,u233.5,-110,u233,-110,u233,-110,u233,-110,u233,-110
Wed Mar 29 2023,Sacramento Kings,120,Portland Trail Blazers,80,o234,-110,o235.5,-110,o235.5,-115,o235.5,-110,o235.5,-110,o235,-109,o235.5,-110,u234,-110,u235.5,-110,u235.5,-105,u235.5,-110,u235.5,-110,u235,-112,u235.5,-110
Thu Mar 30 2023,Boston Celtics,140,Milwaukee Bucks,99,o236.5,-110,o238,-110,o237.5,-115,o238,-110,o238,-110,o238,-109,o238,-110,u236.5,-110,u238,-110,u237.5,-105,u238,-110,u238,-110,u238,-112,u238,-110
Thu Mar 30 2023,New Orleans Pelicans,107,Denver Nuggets,88,o231.5,-110,o225,-110,o224.5,-110,o224,-110,o224.5,-110,o224.5,-112,o225,-110,u231.5,-110,u225,-110,u224.5,-110,u224,-110,u224.5,-110,u224.5,-109,u225,-110
Fri Mar 31 2023,Chicago Bulls,121,Charlotte Hornets,91,o224,-110,o223.5,-112,o223.5,-110,o223.5,-110,o223.5,-110,o222.5,-112,o223,-110,u224,-110,u223.5,-108,u223.5,-110,u223.5,-110,u223.5,-110,u222.5,-109,u223,-110
Fri Mar 31 2023,Oklahoma City Thunder,117,Indiana Pacers,121,o236.5,-110,o243,-110,o243.5,-115,o243,-110,o243,-110,o243.5,-109,o242.5,-110,u236.5,-110,u243,-110,u243.5,-110,u243,-110,u243,-110,u243.5,-112,u242.5,-110
Fri Mar 31 2023,Toronto Raptors,110,Philadelphia 76ers,117,o225,-110,o223.5,-110,o223.5,-110,o223.5,-110,o223,-110,o223,-108,o223.5,-110,u225,-110,u223.5,-110,u223.5,-110,u223.5,-110,u223,-110,u223,-113,u223.5,-110
Fri Mar 31 2023,Orlando Magic,116,Washington Wizards,109,o230.5,-110,o224.5,-110,o223.5,-115,o224.5,-110,o224,-110,o224,-113,o224,-108,u230.5,-110,u224.5,-110,u223.5,-105,u224.5,-110,u224,-110,u224,-108,u224,-112
Fri Mar 31 2023,Utah Jazz,114,Boston Celtics,122,o232,-110,o233,-110,o232.5,-110,o233,-110,o233,-110,o232,-112,o233,-110,u232,-110,u233,-110,u232.5,-110,u233,-110,u233,-110,u232,-109,u233,-110
Fri Mar 31 2023,Atlanta Hawks,107,Brooklyn Nets,124,o242.5,-110,o240.5,-110,o240.5,-110,o240.5,-110,o240,-115,o240.5,-112,o240.5,-110,u242.5,-110,u240.5,-110,u240.5,-110,u240.5,-110,u240,-105,u240.5,-109,u240.5,-110
Fri Mar 31 2023,New York Knicks,130,Cleveland Cavaliers,116,o220.5,-110,o220,-110,o220.5,-110,o219.5,-110,o220,-110,o220,-113,o220,-110,u220.5,-110,u220,-110,u220.5,-110,u219.5,-110,u220,-110,u220,-108,u220,-110
Fri Mar 31 2023,Detroit Pistons,115,Houston Rockets,121,o229.5,-110,o228,-110,o229.5,-110,o229,-110,o229.5,-110,o228,-109,o228,-110,u229.5,-112,u228,-110,u229.5,-110,u229,-110,u229.5,-110,u228,-112,u228,-110
Fri Mar 31 2023,Los Angeles Clippers,94,Memphis Grizzlies,108,o233,-110,o236.5,-112,o236.5,-110,o237,-110,o237,-110,o236.5,-112,o236.5,-112,u233,-110,u236.5,-108,u236.5,-110,u237,-110,u237,-110,u236.5,-109,u236.5,-108
Fri Mar 31 2023,Los Angeles Lakers,123,Minnesota Timberwolves,111,o232.5,-110,o232,-110,o232.5,-110,o232.5,-110,o232,-110,o232.5,-110,o232,-110,u232.5,-110,u232,-110,u232.5,-110,u232.5,-110,u232,-110,u232.5,-110,u232,-110
Fri Mar 31 2023,San Antonio Spurs,115,Golden State Warriors,130,o238,-110,o242,-110,o241.5,-110,o242,-110,o241.5,-110,o241.5,-109,o242,-110,u238,-110,u242,-110,u241.5,-110,u242,-110,u241.5,-110,u241.5,-112,u242,-110
Fri Mar 31 2023,Sacramento Kings,138,Portland Trail Blazers,114,o231,-110,o230,-110,o230.5,-115,o230.5,-110,o230,-115,o231,-109,o230,-110,u231,-110,u230,-110,u230.5,-105,u230.5,-110,u230,-105,u231,-112,u230,-110
Fri Mar 31 2023,Denver Nuggets,93,Phoenix Suns,100,o226.5,-110,o223.5,-110,o223.5,-110,o223.5,-110,o223.5,-110,o224,-108,o223.5,-110,u226.5,-110,u223.5,-110,u223.5,-110,u223.5,-110,u223.5,-110,u224,-113,u223.5,-110
Sat Apr 1 2023,Dallas Mavericks,122,Miami Heat,129,o224.5,-110,o224.5,-110,o224.5,-110,o224.5,-110,o224.5,-110,o224,-112,o224.5,-110,u224.5,-110,u224.5,-110,u224.5,-110,u224.5,-110,u224.5,-110,u224,-109,u224.5,-110
Sat Apr 1 2023,Los Angeles Clippers,114,New Orleans Pelicans,122,o224.5,-110,o227.5,-110,o227.5,-110,o227,-110,o227.5,-110,o227,-110,o227.5,-110,u224.5,-110,u227.5,-110,u227.5,-110,u227,-110,u227.5,-110,u227,-110,u227.5,-110
Sun Apr 2 2023,Toronto Raptors,128,Charlotte Hornets,108,o224,-110,o221,-110,o220.5,-110,o221,-110,o220.5,-110,o220.5,-110,o221,-110,u224,-110,u221,-110,u220.5,-110,u221,-110,u220.5,-110,u220.5,-110,u221,-110
Sun Apr 2 2023,Utah Jazz,110,Brooklyn Nets,111,o232,-110,o231.5,-110,o230.5,-110,o230,-110,o230.5,-110,o230.5,-109,o230.5,-110,u232,-110,u231.5,-110,u230.5,-110,u230,-110,u230.5,-110,u230.5,-112,u230.5,-110
Sun Apr 2 2023,Memphis Grizzlies,107,Chicago Bulls,128,o225.5,-108,o228.5,-110,o228.5,-110,o228.5,-110,o228.5,-110,o228,-113,o228.5,-110,u225.5,-112,u228.5,-110,u228.5,-110,u228.5,-110,u228.5,-110,u228,-108,u228.5,-110
Sun Apr 2 2023,Portland Trail Blazers,107,Minnesota Timberwolves,105,o226.5,-110,o223.5,-110,o223.5,-110,o223.5,-110,o223,-110,o223,-112,o224,-110,u226.5,-110,u223.5,-110,u223.5,-110,u223.5,-110,u223,-110,u223,-109,u224,-110
Sun Apr 2 2023,Dallas Mavericks,130,Atlanta Hawks,132,o242.5,-110,o246,-110,o246.5,-110,o246,-110,o246,-110,o246.5,-110,o246,-110,u242.5,-110,u246,-110,u246.5,-110,u246,-110,u246,-110,u246.5,-110,u246,-110
Sun Apr 2 2023,Washington Wizards,109,New York Knicks,118,o222.5,-110,o221.5,-110,o221.5,-115,o222,-110,o222,-105,o222,-109,o221.5,-110,u222.5,-110,u221.5,-110,u221.5,-105,u222,-110,u222,-115,u222,-112,u221.5,-110
Sun Apr 2 2023,Detroit Pistons,102,Orlando Magic,128,o224.5,-110,o225,-112,o224.5,-115,o225,-110,o225,-110,o225,-108,o225,-112,u224.5,-110,u225,-108,u224.5,-105,u225,-110,u225,-110,u225,-113,u225,-108
Sun Apr 2 2023,San Antonio Spurs,142,Sacramento Kings,134,o244,-108,o243.5,-110,o243.5,-110,o243.5,-110,o243,-115,o244,-113,o243.5,-110,u244,-112,u243.5,-110,u243.5,-110,u243.5,-110,u243,-105,u244,-108,u243.5,-110
Sun Apr 2 2023,Los Angeles Lakers,134,Houston Rockets,109,o233,-110,o236,-110,o235.5,-115,o236,-110,o235,-110,o236,-112,o236,-110,u233,-110,u236,-110,u235.5,-105,u236,-110,u235,-110,u236,-109,u236,-110
Sun Apr 2 2023,Phoenix Suns,128,Oklahoma City Thunder,118,o234,-110,o237,-110,o236.5,-110,o237,-110,o237.5,-110,o237,-113,o237,-110,u234,-110,u237,-110,u236.5,-110,u237,-110,u237.5,-110,u237,-108,u237,-110
Sun Apr 2 2023,Indiana Pacers,105,Cleveland Cavaliers,115,o229.5,-110,o231,-108,o230.5,-115,o231,-110,o231,-110,o231,-112,o231,-108,u229.5,-110,u231,-112,u230.5,-105,u231,-110,u231,-110,u231,-109,u231,-112
Sun Apr 2 2023,Philadelphia 76ers,104,Milwaukee Bucks,117,o233.5,-110,o236,-110,o236.5,-110,o236,-110,o236,-110,o236.5,-108,o236,-110,u233.5,-110,u236,-110,u236.5,-110,u236,-110,u236,-110,u236.5,-113,u236,-110
Sun Apr 2 2023,Golden State Warriors,110,Denver Nuggets,112,o237.5,-110,o231.5,-110,o230.5,-110,o231.5,-110,o231.5,-110,o231,-108,o231.5,-110,u237.5,-110,u231.5,-110,u230.5,-110,u231.5,-110,u231.5,-110,u231,-113,u231.5,-110
Tue Apr 4 2023,Toronto Raptors,120,Charlotte Hornets,100,o225,-110,o222.5,-110,o222.5,-110,o222.5,-110,o223,-105,o223,-108,o222.5,-110,u225,-110,u222.5,-110,u222.5,-110,u222.5,-110,u223,-115,u223,-113,u222.5,-110
Tue Apr 4 2023,Miami Heat,118,Detroit Pistons,105,o221,-110,o218,-110,o217.5,-115,o217.5,-110,o217.5,-110,o218,-109,o218,-110,u221,-110,u218,-110,u217.5,-105,u217.5,-110,u217.5,-110,u218,-112,u218,-110
Tue Apr 4 2023,Cleveland Cavaliers,117,Orlando Magic,113,o221.5,-110,o223,-110,o222.5,-115,o222.5,-110,o222.5,-115,o222.5,-109,o223,-110,u221.5,-110,u223,-110,u222.5,-105,u222.5,-110,u222.5,-105,u222.5,-112,u223,-110
Tue Apr 4 2023,Milwaukee Bucks,140,Washington Wizards,128,o231,-110,o230,-110,o230.5,-110,o230,-110,o230.5,-110,o231.5,-112,o230,-110,u231,-110,u230,-110,u230.5,-110,u230,-110,u230.5,-110,u231.5,-109,u230,-110
Tue Apr 4 2023,Minnesota Timberwolves,107,Brooklyn Nets,102,o227.5,-110,o225,-110,o224.5,-110,o224.5,-110,o225,-110,o224.5,-108,o225,-110,u227.5,-110,u225,-110,u224.5,-110,u224.5,-110,u225,-110,u224.5,-113,u225,-110
Tue Apr 4 2023,Atlanta Hawks,123,Chicago Bulls,105,o234.5,-110,o227.5,-110,o227.5,-115,o227,-110,o227.5,-110,o228,-112,o227.5,-110,u234.5,-110,u227.5,-110,u227.5,-105,u227,-110,u227.5,-110,u228,-109,u227.5,-110
Tue Apr 4 2023,Denver Nuggets,103,Houston Rockets,124,o231,-110,o232.5,-110,o232.5,-110,o232.5,-110,o232.5,-110,o232.5,-109,o232.5,-110,u231,-110,u232.5,-110,u232.5,-110,u232.5,-110,u232.5,-110,u232.5,-112,u232.5,-110
Tue Apr 4 2023,Portland Trail Blazers,109,Memphis Grizzlies,119,o233.5,-110,o229,-110,o229.5,-110,o229,-110,o229,-110,o228.5,-112,o229,-110,u233.5,-110,u229,-110,u229.5,-110,u229,-110,u229,-110,u228.5,-109,u229,-110
Tue Apr 4 2023,Sacramento Kings,121,New Orleans Pelicans,103,o237.5,-110,o235.5,-110,o235.5,-115,o235.5,-110,o235,-110,o236.5,-109,o235.5,-110,u237.5,-110,u235.5,-110,u235.5,-105,u235.5,-110,u235,-110,u236.5,-112,u235.5,-110
Tue Apr 4 2023,Boston Celtics,101,Philadelphia 76ers,103,o232.5,-110,o227,-110,o227.5,-110,o227,-110,o226.5,-110,o227.5,-113,o227,-110,u232.5,-110,u227,-110,u227.5,-110,u227,-110,u226.5,-110,u227.5,-108,u227,-110
Tue Apr 4 2023,Los Angeles Lakers,135,Utah Jazz,133,o235,-110,o234.5,-110,o234.5,-115,o234.5,-110,o234.5,-110,o235.5,-109,o234.5,-110,u235,-110,u234.5,-110,u234.5,-105,u234.5,-110,u234.5,-110,u235.5,-112,u234.5,-110
Tue Apr 4 2023,Oklahoma City Thunder,125,Golden State Warriors,136,o241,-110,o241,-118,o240.5,-110,o240.5,-110,o241,-110,o241,-112,o241,-118,u241,-110,u241,-104,u240.5,-110,u240.5,-110,u241,-110,u241,-108,u241,-104
Tue Apr 4 2023,San Antonio Spurs,94,Phoenix Suns,115,o237,-110,o235.5,-108,o235.5,-110,o235,-110,o235.5,-110,o234.5,-112,o235.5,-108,u237,-110,u235.5,-112,u235.5,-110,u235,-110,u235.5,-110,u234.5,-109,u235.5,-112
Wed Apr 5 2023,Brooklyn Nets,123,Detroit Pistons,108,o224.5,-110,o218,-110,o217.5,-115,o218,-110,o217.5,-110,o217.5,-109,o218,-110,u224.5,-110,u218,-110,u217.5,-105,u218,-110,u217.5,-110,u217.5,-112,u218,-110
Wed Apr 5 2023,New York Knicks,138,Indiana Pacers,129,o234.5,-110,o229.5,-110,o229.5,-110,o229.5,-110,o229.5,-110,o229.5,-112,o229.5,-110,u234.5,-110,u229.5,-110,u229.5,-110,u229.5,-110,u229.5,-110,u229.5,-109,u229.5,-110
Wed Apr 5 2023,Washington Wizards,116,Atlanta Hawks,134,o233.5,-110,o236,-110,o235.5,-110,o236,-110,o235.5,-110,o235.5,-110,o236,-110,u233.5,-110,u236,-110,u235.5,-110,u236,-110,u235.5,-110,u235.5,-110,u236,-110
Wed Apr 5 2023,Toronto Raptors,93,Boston Celtics,97,o225,-110,o222.5,-110,o222.5,-110,o223,-110,o222.5,-110,o223,-113,o222.5,-110,u225,-110,u222.5,-110,u222.5,-110,u223,-110,u222.5,-110,u223,-108,u222.5,-110
Wed Apr 5 2023,Chicago Bulls,92,Milwaukee Bucks,105,o231,-110,o230,-110,o229.5,-115,o230,-110,o230,-110,o230,-109,o230,-110,u231,-110,u230,-110,u229.5,-105,u230,-110,u230,-110,u230,-112,u230,-110
Wed Apr 5 2023,Memphis Grizzlies,131,New Orleans Pelicans,138,o232.5,-110,o226,-110,o225.5,-110,o226,-110,o226,-110,o225.5,-110,o226,-110,u232.5,-110,u226,-110,u225.5,-110,u226,-110,u226,-110,u225.5,-110,u226,-110
Wed Apr 5 2023,Sacramento Kings,119,Dallas Mavericks,123,o245.5,-110,o242.5,-112,o243.5,-105,o243,-110,o243,-110,o243,-108,o242.5,-112,u245.5,-110,u242.5,-108,u243.5,-115,u243,-110,u243,-110,u243,-113,u242.5,-108
Wed Apr 5 2023,Los Angeles Lakers,118,Los Angeles Clippers,125,o230.5,-110,o232,-108,o231.5,-110,o231,-110,o231,-115,o231.5,-112,o232,-108,u230.5,-110,u232,-112,u231.5,-110,u231,-110,u231,-105,u231.5,-109,u232,-112
Thu Apr 6 2023,Cleveland Cavaliers,118,Orlando Magic,94,o223,-110,o214,-110,o213.5,-110,o214.5,-110,o213.5,-110,o213.5,-113,o214,-110,u223,-110,u214,-110,u213.5,-110,u214.5,-110,u213.5,-110,u213.5,-108,u214,-110
Thu Apr 6 2023,Miami Heat,129,Philadelphia 76ers,101,o220.5,-110,o219.5,-110,o219.5,-110,o219.5,-110,o219.5,-110,o219.5,-108,o219.5,-110,u220.5,-110,u219.5,-110,u219.5,-110,u219.5,-110,u219.5,-110,u219.5,-113,u219.5,-110
Thu Apr 6 2023,Portland Trail Blazers,127,San Antonio Spurs,129,o230,-108,o228,-112,o228.5,-110,o228,-110,o228.5,-110,o228,-110,o228,-112,u230,-112,u228,-108,u228.5,-110,u228,-110,u228.5,-110,u228,-110,u228,-108
Thu Apr 6 2023,Oklahoma City Thunder,114,Utah Jazz,98,o236.5,-110,o240.5,-110,o240.5,-110,o240,-110,o240,-110,o239.5,-110,o240.5,-110,u236.5,-110,u240.5,-110,u240.5,-110,u240,-110,u240,-110,u239.5,-110,u240.5,-110
Thu Apr 6 2023,Denver Nuggets,115,Phoenix Suns,119,o223.5,-110,o222.5,-110,o222.5,-110,o222,-110,o222,-110,o222,-112,o222.5,-110,u223.5,-110,u222.5,-110,u222.5,-110,u222,-110,u222,-110,u222,-109,u222.5,-110
Fri Apr 7 2023,Houston Rockets,112,Charlotte Hornets,109,o228,-110,o230.5,-110,o230.5,-110,o230,-110,o230.5,-110,o230,-108,o230.5,-110,u228,-110,u230.5,-110,u230.5,-110,u230,-110,u230.5,-110,u230,-113,u230.5,-110
Fri Apr 7 2023,Detroit Pistons,122,Indiana Pacers,115,o230,-110,o233,-110,o232.5,-110,o233,-110,o233.5,-110,o232.5,-109,o233,-110,u230,-110,u233,-110,u232.5,-110,u233,-110,u233.5,-110,u232.5,-112,u233,-110
Fri Apr 7 2023,Miami Heat,108,Washington Wizards,114,o218.5,-106,o218,-110,o217.5,-110,o217,-110,o218,-110,o217,-110,o218,-110,u218.5,-114,u218,-110,u217.5,-110,u217,-110,u218,-110,u217,-110,u218,-110
Fri Apr 7 2023,Philadelphia 76ers,136,Atlanta Hawks,131,o233.5,-110,o236,-110,o235.5,-110,o236,-110,o235.5,-110,o235.5,-109,o236,-110,u233.5,-110,u236,-110,u235.5,-110,u236,-110,u235.5,-110,u235.5,-112,u236,-110
Fri Apr 7 2023,Toronto Raptors,102,Boston Celtics,121,o222.5,-110,o223,-110,o223.5,-110,o223,-110,o223,-105,o223.5,-110,o223,-110,u222.5,-110,u223,-110,u223.5,-110,u223,-110,u223,-115,u223.5,-110,u223,-110
Fri Apr 7 2023,Orlando Magic,84,Brooklyn Nets,101,o220,-110,o221.5,-110,o220.5,-115,o221,-110,o221,-115,o221.5,-108,o221.5,-110,u220,-110,u221.5,-110,u220.5,-105,u221,-110,u221,-105,u221.5,-113,u221.5,-110
Fri Apr 7 2023,Memphis Grizzlies,137,Milwaukee Bucks,114,o226.5,-110,o230.5,-110,o229.5,-115,o230.5,-110,o230.5,-110,o231.5,-108,o230,-110,u226.5,-110,u230.5,-110,u229.5,-105,u230.5,-110,u230.5,-110,u231.5,-113,u230,-110
Fri Apr 7 2023,New York Knicks,105,New Orleans Pelicans,113,o226,-108,o223.5,-110,o223.5,-110,o223.5,-110,o223,-115,o223,-112,o223.5,-110,u226,-112,u223.5,-110,u223.5,-110,u223.5,-110,u223,-105,u223,-109,u223.5,-110
Fri Apr 7 2023,Chicago Bulls,115,Dallas Mavericks,112,o230.5,-110,o216,-110,o216.5,-110,o216,-110,o216,-115,o215.5,-109,o216,-110,u230.5,-110,u216,-110,u216.5,-110,u216,-110,u216,-105,u215.5,-112,u216,-110
Fri Apr 7 2023,Golden State Warriors,119,Sacramento Kings,97,o235.5,-110,o233,-110,o233.5,-115,o233,-110,o234,-105,o233.5,-112,o234,-110,u235.5,-110,u233,-110,u233.5,-105,u233,-110,u234,-115,u233.5,-109,u234,-110
Fri Apr 7 2023,Phoenix Suns,107,Los Angeles Lakers,121,o225.5,-110,o225,-110,o224.5,-115,o225,-110,o225,-105,o224.5,-113,o225,-110,u225.5,-110,u225,-110,u224.5,-105,u225,-110,u225,-115,u224.5,-108,u225,-110
Sat Apr 8 2023,Denver Nuggets,114,Utah Jazz,118,N/A,o229,-110,o229.5,-105,o228.5,-115,o229,-110,o229,-110,o229.5,-109,o229.5,-105,N/A,u229,-110,u229.5,-115,u228.5,-105,u229,-110,u229,-110,u229.5,-112
Sat Apr 8 2023,Portland Trail Blazers,125,Los Angeles Clippers,136,N/A,o230,-110,o230.5,-110,o230.5,-110,o230,-110,o230.5,-110,o229.5,-112,o230.5,-110,N/A,u230,-110,u230.5,-110,u230.5,-110,u230,-110,u230.5,-110,u229.5,-109
Sat Apr 8 2023,Minnesota Timberwolves,151,San Antonio Spurs,131,N/A,o234.5,-110,o234,-110,o234.5,-110,o234.5,-110,o234.5,-110,o234,-112,o234,-110,N/A,u234.5,-110,u234,-110,u234.5,-110,u234.5,-110,u234.5,-110,u234,-109
Sun Apr 9 2023,Atlanta Hawks,114,Boston Celtics,120,o227.5,-110,o224.5,-110,o224.5,-110,o224.5,-110,o224.5,-110,o224.5,-113,o224.5,-110,u227.5,-110,u224.5,-110,u224.5,-110,u224.5,-110,u224.5,-110,u224.5,-108,u224.5,-110
Sun Apr 9 2023,Philadelphia 76ers,134,Brooklyn Nets,105,o217.5,-110,o219,-110,o218.5,-110,o218.5,-110,o219,-105,o219.5,-109,o219,-110,u217.5,-110,u219,-110,u218.5,-110,u218.5,-110,u219,-115,u219.5,-112,u219,-110
Sun Apr 9 2023,Detroit Pistons,81,Chicago Bulls,103,o220.5,-110,o220.5,-110,o220.5,-110,o221,-110,o220.5,-110,o220,-110,o220.5,-110,u220.5,-110,u220.5,-110,u220.5,-110,u221,-110,u220.5,-110,u220,-110,u220.5,-110
Sun Apr 9 2023,Charlotte Hornets,106,Cleveland Cavaliers,95,o216,-110,o216.5,-108,o215.5,-115,o216,-110,o216,-110,o215,-109,o216.5,-108,u216,-110,u216.5,-112,u215.5,-105,u216,-110,u216,-110,u215,-112,u216.5,-112
Sun Apr 9 2023,Orlando Magic,110,Miami Heat,123,o213.5,-110,o217.5,-110,o217.5,-110,o217.5,-110,o217.5,-110,o217.5,-110,o217.5,-110,u213.5,-110,u217.5,-110,u217.5,-110,u217.5,-110,u217.5,-110,u217.5,-110,u217.5,-110
Sun Apr 9 2023,Indiana Pacers,141,New York Knicks,136,o228.5,-110,o231.5,-110,o231.5,-110,o231.5,-110,o231,-110,o231,-109,o231.5,-110,u228.5,-110,u231.5,-110,u231.5,-110,u231.5,-110,u231,-110,u231,-112,u231.5,-110
Sun Apr 9 2023,Milwaukee Bucks,105,Toronto Raptors,121,o225.5,-110,o221,-110,o220.5,-115,o221,-110,o221,-110,o221,-109,o221,-110,u225.5,-110,u221,-110,u220.5,-105,u221,-110,u221,-110,u221,-112,u221,-110
Sun Apr 9 2023,Houston Rockets,114,Washington Wizards,109,o227.5,-110,o231,-110,o230.5,-110,o231.5,-110,o231,-110,o230.5,-109,o231,-110,u227.5,-110,u231,-110,u230.5,-110,u231.5,-110,u231,-110,u230.5,-112,u231,-110
Sun Apr 9 2023,San Antonio Spurs,138,Dallas Mavericks,117,o229.5,-110,o232.5,-110,o232.5,-110,o232.5,-110,o232.5,-110,o232,-109,o232.5,-110,u229.5,-110,u232.5,-110,u232.5,-110,u232.5,-110,u232.5,-110,u232,-112,u232.5,-110
Sun Apr 9 2023,Sacramento Kings,95,Denver Nuggets,109,o231.5,-110,o229.5,-112,o229.5,-110,o230,-110,o230,-110,o230,-109,o229.5,-112,u231.5,-110,u229.5,-108,u229.5,-110,u230,-110,u230,-110,u230,-112,u229.5,-108
Sun Apr 9 2023,Utah Jazz,117,Los Angeles Lakers,128,o231.5,-110,o235,-110,o234.5,-115,o235,-110,o235,-110,o235,-108,o235,-110,u231.5,-110,u235,-110,u234.5,-105,u235,-110,u235,-110,u235,-113,u235,-110
Sun Apr 9 2023,New Orleans Pelicans,108,Minnesota Timberwolves,113,o227,-110,o226,-110,o226.5,-110,o226.5,-110,o227,-110,o226,-110,o226,-110,u227,-110,u226,-110,u226.5,-110,u226.5,-110,u227,-110,u226,-110,u226,-110
Sun Apr 9 2023,Memphis Grizzlies,100,Oklahoma City Thunder,115,o230.5,-110,o229,-110,o228.5,-115,o229.5,-110,o228.5,-110,o230,-109,o229,-110,u230.5,-110,u229,-110,u228.5,-105,u229.5,-110,u228.5,-110,u230,-112,u229,-110
Sun Apr 9 2023,Los Angeles Clippers,119,Phoenix Suns,114,o225,-110,o225,-110,o224.5,-115,o225,-110,o225,-110,o224.5,-112,o225,-110,u225,-110,u225,-110,u224.5,-105,u225,-110,u225,-110,u224.5,-109,u225,-110
Sun Apr 9 2023,Golden State Warriors,157,Portland Trail Blazers,101,o233,-110,o234,-110,o234.5,-110,o234,-110,o234.5,-110,o233.5,-113,o234,-110,u233,-110,u234,-110,u234.5,-110,u234,-110,u234.5,-110,u233.5,-108,u234,-110
Tue Apr 11 2023,Atlanta Hawks,116,Miami Heat,105,o227.5,-110,o227.5,-110,o227.5,-110,o227,-110,o227.5,-110,o227.5,-110,o227.5,-110,u227.5,-110,u227.5,-110,u227.5,-110,u227,-110,u227.5,-110,u227.5,-110,u227.5,-110
Tue Apr 11 2023,Minnesota Timberwolves,102,Los Angeles Lakers,108,o227.5,-110,o233.5,-108,o233.5,-110,o233.5,-110,o233.5,-110,o233.5,-110,o233.5,-108,u227.5,-110,u233.5,-112,u233.5,-110,u233.5,-110,u233.5,-110,u233.5,-110,u233.5,-112
Wed Apr 12 2023,Chicago Bulls,109,Toronto Raptors,105,o216,-110,o212.5,-110,o212.5,-110,o212.5,-110,o212.5,-110,o212.5,-109,o212.5,-110,u216,-110,u212.5,-110,u212.5,-110,u212.5,-110,u212.5,-110,u212.5,-112,u212.5,-110
Wed Apr 12 2023,Oklahoma City Thunder,123,New Orleans Pelicans,118,o231,-110,o226.5,-110,o226.5,-110,o226.5,-110,o226.5,-115,o227,-108,o226.5,-110,u231,-110,u226.5,-110,u226.5,-110,u226.5,-110,u226.5,-105,u227,-113,u226.5,-110
Fri Apr 14 2023,Chicago Bulls,91,Miami Heat,102,o208,-110,o208.5,-112,o208.5,-115,o209,-110,o208.5,-110,o208.5,-113,o208.5,-112,u208,-110,u208.5,-108,u208.5,-105,u209,-110,u208.5,-110,u208.5,-108,u208.5,-108
Fri Apr 14 2023,Oklahoma City Thunder,95,Minnesota Timberwolves,120,o229.5,-110,o228.5,-108,o228.5,-110,o228.5,-110,o228.5,-110,o229,-108,o228.5,-108,u229.5,-110,u228.5,-112,u228.5,-110,u228.5,-110,u228.5,-110,u229,-113,u228.5,-112
Sat Apr 15 2023,Brooklyn Nets,101,Philadelphia 76ers,121,o216.5,-110,o214,-108,o213.5,-110,o213.5,-110,o214,-110,o213.5,-109,o214,-108,u216.5,-110,u214,-112,u213.5,-110,u213.5,-110,u214,-110,u213.5,-112,u214,-112
Sat Apr 15 2023,Atlanta Hawks,99,Boston Celtics,112,o229.5,-110,o231.5,-110,o231.5,-110,o231.5,-110,o231.5,-110,o231.5,-109,o231.5,-110,u229.5,-110,u231.5,-110,u231.5,-110,u231.5,-110,u231.5,-110,u231.5,-112,u231.5,-110
Sat Apr 15 2023,New York Knicks,101,Cleveland Cavaliers,97,o217.5,-110,o215.5,-110,o215.5,-110,o215.5,-110,o216.5,-110,o216,-112,o215.5,-110,u217.5,-110,u215.5,-110,u215.5,-110,u215.5,-110,u216.5,-110,u216,-109,u215.5,-110
Sat Apr 15 2023,Golden State Warriors,123,Sacramento Kings,126,o237.5,-110,o237,-110,o237.5,-110,o237.5,-110,o237.5,-110,o237.5,-113,o237,-110,u237.5,-110,u237,-110,u237.5,-110,u237.5,-110,u237.5,-110,u237.5,-108,u237,-110
Sun Apr 16 2023,Los Angeles Lakers,128,Memphis Grizzlies,112,o228.5,-110,o228.5,-110,o227.5,-115,o228,-110,o228,-110,o228.5,-108,o228.5,-110,u228.5,-110,u228.5,-110,u227.5,-105,u228,-110,u228,-110,u228.5,-113,u228.5,-110
Sun Apr 16 2023,Miami Heat,130,Milwaukee Bucks,117,o218.5,-112,o221,-110,o220.5,-115,o221,-110,o221,-110,o221.5,-112,o221,-110,u218.5,-108,u221,-110,u220.5,-105,u221,-110,u221,-110,u221.5,-109,u221,-110
Sun Apr 16 2023,Los Angeles Clippers,115,Phoenix Suns,110,o227.5,-110,o225.5,-112,o225.5,-110,o225.5,-110,o225.5,-110,o225.5,-110,o225.5,-112,u227.5,-110,u225.5,-108,u225.5,-110,u225.5,-110,u225.5,-110,u225.5,-110,u225.5,-108
Sun Apr 16 2023,Minnesota Timberwolves,80,Denver Nuggets,109,o224.5,-110,o224.5,-110,o224.5,-110,o225,-110,o225,-110,o225,-108,o224.5,-110,u224.5,-110,u224.5,-110,u224.5,-110,u225,-110,u225,-110,u225,-113,u224.5,-110
Mon Apr 17 2023,Brooklyn Nets,84,Philadelphia 76ers,96,o214.5,-110,o212,-110,o210.5,-110,o211.5,-115,o211.5,-110,o211,-108,o212,-110,u214.5,-110,u212,-110,u210.5,-110,u211.5,-105,u211.5,-110,u211,-113,u212,-110
Mon Apr 17 2023,Golden State Warriors,106,Sacramento Kings,114,o240,-110,o238.5,-110,o238.5,-110,o238.5,-110,o238.5,-110,o238.5,-112,o238.5,-110,u240,-110,u238.5,-110,u238.5,-110,u238.5,-110,u238.5,-110,u238.5,-109,u238.5,-110
Tue Apr 18 2023,Atlanta Hawks,106,Boston Celtics,119,o228,-110,o230.5,-110,o230.5,-115,o231.5,-115,o230.5,-110,o231,-108,o230.5,-110,u228,-110,u230.5,-110,u230.5,-105,u231.5,-105,u230.5,-110,u231,-113,u230.5,-110
Tue Apr 18 2023,New York Knicks,90,Cleveland Cavaliers,107,o213.5,-110,o214,-110,o214.5,-110,o214.5,-110,o214,-110,o214,-112,o214,-110,u213.5,-110,u214,-110,u214.5,-110,u214.5,-110,u214,-110,u214,-109,u214,-110
Tue Apr 18 2023,Los Angeles Clippers,109,Phoenix Suns,123,o225.5,-110,o227,-110,o227.5,-105,o227.5,-110,o227.5,-110,o227.5,-108,o227.5,-110,u225.5,-110,u227,-110,u227.5,-115,u227.5,-110,u227.5,-110,u227.5,-113,u227.5,-110
Wed Apr 19 2023,Los Angeles Lakers,93,Memphis Grizzlies,103,o228,-110,o223,-110,o222.5,-110,o223,-110,o223.5,-110,o222.5,-112,o223,-110,u228,-110,u223,-110,u222.5,-110,u223,-110,u223.5,-110,u222.5,-109,u223,-110
Wed Apr 19 2023,Miami Heat,122,Milwaukee Bucks,138,o220,-110,o216.5,-108,o216.5,-115,o216.5,-110,o216.5,-110,o216.5,-108,o216.5,-108,u220,-110,u216.5,-112,u216.5,-105,u216.5,-110,u216.5,-110,u216.5,-113,u216.5,-112
Wed Apr 19 2023,Minnesota Timberwolves,113,Denver Nuggets,122,o223.5,-110,o222,-110,o221.5,-115,o221.5,-110,o222,-110,o222,-110,o222,-110,u223.5,-110,u222,-110,u221.5,-105,u221.5,-110,u222,-110,u222,-110,u222,-110
Thu Apr 20 2023,Philadelphia 76ers,102,Brooklyn Nets,97,o208.5,-108,o209.5,-110,o209.5,-110,o210,-110,o209.5,-110,o209.5,-109,o209.5,-110,u208.5,-112,u209.5,-110,u209.5,-110,u210,-110,u209.5,-110,u209.5,-112,u209.5,-110
Thu Apr 20 2023,Sacramento Kings,97,Golden State Warriors,114,o238.5,-110,o241,-110,o240.5,-110,o241,-110,o241,-110,o241,-112,o241,-110,u238.5,-110,u241,-110,u240.5,-110,u241,-110,u241,-110,u241,-109,u241,-110
Thu Apr 20 2023,Phoenix Suns,129,Los Angeles Clippers,124,o228,-110,o225.5,-110,o225.5,-110,o225,-110,o225,-110,o225.5,-112,o225.5,-110,u228,-110,u225.5,-110,u225.5,-110,u225,-110,u225,-110,u225.5,-109,u225.5,-110
Fri Apr 21 2023,Boston Celtics,122,Atlanta Hawks,130,o227.5,-110,o228.5,-110,o228.5,-110,o229.5,-110,o228.5,-110,o229,-112,o229,-110,u227.5,-110,u228.5,-110,u228.5,-110,u229.5,-110,u228.5,-110,u229,-109,u229,-110
Fri Apr 21 2023,Cleveland Cavaliers,79,New York Knicks,99,o211,-110,o211.5,-110,o211.5,-110,o211.5,-110,o211.5,-110,o211.5,-109,o211.5,-110,u211,-110,u211.5,-110,u211.5,-110,u211.5,-110,u211.5,-110,u211.5,-112,u211.5,-110
Fri Apr 21 2023,Denver Nuggets,120,Minnesota Timberwolves,111,o223,-110,o223.5,-110,o222.5,-110,o222.5,-110,o223,-110,o223,-110,o223.5,-110,u223,-110,u223.5,-110,u222.5,-110,u222.5,-110,u223,-110,u223,-110,u223.5,-110
Sat Apr 22 2023,Philadelphia 76ers,96,Brooklyn Nets,88,o208.5,-110,o210.5,-110,o210.5,-110,o210.5,-110,o210,-110,o210,-112,o210.5,-110,u208.5,-110,u210.5,-110,u210.5,-110,u210.5,-110,u210,-110,u210,-109,u210.5,-110
Sat Apr 22 2023,Phoenix Suns,112,Los Angeles Clippers,100,o228,-110,o227.5,-110,o227.5,-110,o228,-110,o227.5,-110,o227,-112,o227.5,-110,u228,-110,u227.5,-110,u227.5,-110,u228,-110,u227.5,-110,u227,-109,u227.5,-110
Sat Apr 22 2023,Milwaukee Bucks,99,Miami Heat,121,o218.5,-110,o215,-112,o216.5,-110,o215.5,-110,o215.5,-110,o215.5,-108,o215,-112,u218.5,-110,u215,-108,u216.5,-110,u215.5,-110,u215.5,-110,u215.5,-113,u215,-108
Sat Apr 22 2023,Memphis Grizzlies,101,Los Angeles Lakers,111,o220,-110,o222,-110,o221.5,-110,o221.5,-110,o222,-110,o222,-108,o222,-110,u220,-110,u222,-110,u221.5,-110,u221.5,-110,u222,-110,u222,-113,u222,-110
Sun Apr 23 2023,Cleveland Cavaliers,93,New York Knicks,102,o205,-110,o203.5,-110,o203.5,-110,o203.5,-110,o204,-110,o203.5,-109,o203.5,-110,u205,-110,u203.5,-110,u203.5,-110,u203.5,-110,u204,-110,u203.5,-112,u203.5,-110
Sun Apr 23 2023,Sacramento Kings,125,Golden State Warriors,126,o238,-110,o236.5,-108,o236.5,-110,o236,-110,o236,-110,o236,-110,o236.5,-108,u238,-110,u236.5,-112,u236.5,-110,u236,-110,u236,-110,u236,-110,u236.5,-112
Sun Apr 23 2023,Boston Celtics,129,Atlanta Hawks,121,o231.5,-110,o231,-110,o230.5,-115,o231,-110,o231,-110,o231,-112,o231,-110,u231.5,-110,u231,-110,u230.5,-105,u231,-110,u231,-110,u231,-109,u231,-110
Sun Apr 23 2023,Denver Nuggets,108,Minnesota Timberwolves,114,o224.5,-110,o222.5,-110,o222.5,-110,o222.5,-110,o223,-110,o222.5,-112,o222.5,-110,u224.5,-110,u222.5,-110,u222.5,-110,u222.5,-110,u223,-110,u222.5,-109,u222.5,-110
Mon Apr 24 2023,Milwaukee Bucks,114,Miami Heat,119,o217.5,-110,o217.5,-108,o218.5,-110,o217.5,-110,o217.5,-110,o218,-110,o217.5,-108,u217.5,-110,u217.5,-112,u218.5,-110,u217.5,-110,u217.5,-110,u218,-110,u217.5,-112
Mon Apr 24 2023,Memphis Grizzlies,111,Los Angeles Lakers,117,o221,-110,o224.5,-110,o223.5,-115,o224.5,-110,o223.5,-110,o223.5,-113,o224.5,-110,u221,-110,u224.5,-110,u223.5,-105,u224.5,-110,u223.5,-110,u223.5,-108,u224.5,-110
Tue Apr 25 2023,Atlanta Hawks,119,Boston Celtics,117,N/A,o230.5,-110,o230.5,-110,o230.5,-110,o230.5,-110,N/A,u230.5,-110,u230.5,-110,u230.5,-110,u230.5,-110,,,,,,,,,,
Tue Apr 25 2023,Minnesota Timberwolves,109,Denver Nuggets,112,N/A,o220.5,-110,o220.5,-110,o220,-110,o220.5,-110,N/A,u220.5,-110,u220.5,-110,u220,-110,u220.5,-110,,,,,,,,,,
Tue Apr 25 2023,Los Angeles Clippers,130,Phoenix Suns,136,N/A,o226,-110,o225.5,-110,o225,-110,o226,-110,N/A,u226,-110,u225.5,-110,u225,-110,u226,-110,,,,,,,,,,
Wed Apr 26 2023,New York Knicks,106,Cleveland Cavaliers,95,o203,-110,o202.5,-110,o202.5,-110,o203,-110,o203,-110,o201.5,-110,o202.5,-110,u203,-110,u202.5,-110,u202.5,-110,u203,-110,u203,-110,u201.5,-110,u202.5,-110
Wed Apr 26 2023,Los Angeles Lakers,99,Memphis Grizzlies,116,o221,-110,o222.5,-110,o222.5,-110,o222.5,-110,o222.5,-110,o222,-112,o222.5,-110,u221,-110,u222.5,-110,u222.5,-110,u222.5,-110,u222.5,-110,u222,-109,u222.5,-110
Wed Apr 26 2023,Miami Heat,128,Milwaukee Bucks,126,o220,-108,o219.5,-110,o218.5,-115,o219.5,-110,o219.5,-110,o218.5,-112,o219.5,-110,u220,-112,u219.5,-110,u218.5,-105,u219.5,-110,u219.5,-110,u218.5,-109,u219.5,-110
Wed Apr 26 2023,Golden State Warriors,123,Sacramento Kings,116,o237.5,-110,o233.5,-108,o233.5,-105,o234,-110,o234,-110,o234,-108,o233.5,-108,u237.5,-110,u233.5,-112,u233.5,-115,u234,-110,u234,-110,u234,-113,u233.5,-112
Thu Apr 27 2023,Boston Celtics,128,Atlanta Hawks,120,o232.5,-110,o230.5,-110,o230.5,-115,o229.5,-110,o230,-110,o230.5,-109,o230.5,-110,u232.5,-110,u230.5,-110,u230.5,-105,u229.5,-110,u230,-110,u230.5,-112,u230.5,-110
Fri Apr 28 2023,Sacramento Kings,118,Golden State Warriors,99,o235,-110,o236,-110,o236.5,-110,o237,-110,o236.5,-110,o236.5,-112,o236,-110,u235,-110,u236,-110,u236.5,-110,u237,-110,u236.5,-110,u236.5,-109,u236,-110
Fri Apr 28 2023,Memphis Grizzlies,85,Los Angeles Lakers,125,o220,-110,o219.5,-110,o219.5,-110,o219.5,-110,o220,-110,o220,-112,o219.5,-110,u220,-110,u219.5,-110,u219.5,-110,u219.5,-110,u220,-110,u220,-109,u219.5,-110
Sat Apr 29 2023,Phoenix Suns,107,Denver Nuggets,125,o225,-110,o227,-110,o227.5,-110,o227.5,-110,o227,-110,o228,-112,o227,-110,u225,-110,u227,-110,u227.5,-110,u227.5,-110,u227,-110,u228,-109,u227,-110
Sun Apr 30 2023,Miami Heat,108,New York Knicks,101,o207,-110,o210,-110,o210.5,-110,o210,-110,o210,-110,o210,-112,o210,-110,u207,-110,u210,-110,u210.5,-110,u210,-110,u210,-110,u210,-109,u210,-110
Sun Apr 30 2023,Golden State Warriors,120,Sacramento Kings,100,o232.5,-110,o229,-110,o229.5,-110,o229,-110,o229.5,-110,o229,-110,o229,-110,u232.5,-110,u229,-110,u229.5,-110,u229,-110,u229.5,-110,u229,-110,u229,-110
Mon May 1 2023,Philadelphia 76ers,119,Boston Celtics,115,o215,-110,o215,-110,o214.5,-115,o215.5,-115,o215,-110,o214.5,-113,o215,-110,u215,-110,u215,-110,u214.5,-105,u215.5,-105,u215,-110,u214.5,-108,u215,-110
Mon May 1 2023,Phoenix Suns,87,Denver Nuggets,97,o230.5,-110,o229,-112,o229.5,-110,o229,-110,o229,-110,o229,-112,o229,-112,u230.5,-110,u229,-108,u229.5,-110,u229,-110,u229,-110,u229,-109,u229,-108
Tue May 2 2023,Miami Heat,105,New York Knicks,111,o208,-110,o207.5,-110,o207.5,-110,o207.5,-110,o207.5,-110,o207.5,-110,o207.5,-110,u208,-110,u207.5,-110,u207.5,-110,u207.5,-110,u207.5,-110,u207.5,-110,u207.5,-110
Tue May 2 2023,Los Angeles Lakers,117,Golden State Warriors,112,o227.5,-110,o227,-110,o227.5,-105,o227,-110,o227,-110,o227,-112,o227,-110,u227.5,-110,u227,-110,u227.5,-115,u227,-110,u227,-110,u227,-109,u227,-110
Wed May 3 2023,Philadelphia 76ers,87,Boston Celtics,121,o217.5,-110,o215.5,-108,o215.5,-110,o215.5,-115,o215.5,-110,o216,-113,o215.5,-108,u217.5,-110,u215.5,-112,u215.5,-110,u215.5,-105,u215.5,-110,u216,-108,u215.5,-112
Thu May 4 2023,Los Angeles Lakers,100,Golden State Warriors,127,o227.5,-110,o226.5,-110,o226.5,-110,o226.5,-110,o226.5,-110,o226.5,-112,o226.5,-110,u227.5,-110,u226.5,-110,u226.5,-110,u226.5,-110,u226.5,-110,u226.5,-109,u226.5,-110
Fri May 5 2023,Boston Celtics,114,Philadelphia 76ers,102,o214,-110,o214,-108,o213.5,-110,o214.5,-110,o214,-110,o213.5,-109,o214,-108,u214,-110,u214,-112,u213.5,-110,u214.5,-110,u214,-110,u213.5,-112,u214,-112
Fri May 5 2023,Denver Nuggets,114,Phoenix Suns,121,o225.5,-110,o225,-110,o225.5,-110,o225,-110,o225,-110,o225,-112,o225,-110,u225.5,-110,u225,-110,u225.5,-110,u225,-110,u225,-110,u225,-109,u225,-110
Sat May 6 2023,New York Knicks,86,Miami Heat,105,o208.5,-110,o207,-110,o207.5,-110,o207.5,-110,o207.5,-115,o207,-112,o207,-110,u208.5,-110,u207,-110,u207.5,-110,u207.5,-110,u207.5,-105,u207,-109,u207,-110
Sat May 6 2023,Golden State Warriors,97,Los Angeles Lakers,127,o229.5,-110,o229.5,-110,o229.5,-115,o230,-110,o229,-110,o229,-110,o229.5,-110,u229.5,-110,u229.5,-110,u229.5,-105,u230,-110,u229,-110,u229,-110,u229.5,-110
Sun May 7 2023,Boston Celtics,115,Philadelphia 76ers,116,o214,-110,o213.5,-110,o213.5,-110,o214,-115,o214,-110,o213.5,-112,o213.5,-110,u214,-110,u213.5,-110,u213.5,-110,u214,-105,u214,-110,u213.5,-109,u213.5,-110
Sun May 7 2023,Denver Nuggets,124,Phoenix Suns,129,o226,-110,o226,-110,o226.5,-105,o226,-110,o226,-110,o226,-112,o226,-110,u226,-110,u226,-110,u226.5,-115,u226,-110,u226,-110,u226,-109,u226,-110
Mon May 8 2023,New York Knicks,101,Miami Heat,109,o206.5,-110,o209.5,-110,o209.5,-115,o210,-110,o210,-110,o209.5,-108,o209.5,-110,u206.5,-110,u209.5,-110,u209.5,-105,u210,-110,u210,-110,u209.5,-113,u209.5,-110
Mon May 8 2023,Golden State Warriors,101,Los Angeles Lakers,104,o228.5,-110,o228,-110,o228.5,-105,o228,-110,o228,-110,o228,-110,o228,-110,u228.5,-110,u228,-110,u228.5,-115,u228,-110,u228,-110,u228,-110,u228,-110
Tue May 9 2023,Philadelphia 76ers,115,Boston Celtics,103,o214.5,-110,o213.5,-110,o213.5,-110,o213.5,-110,o213.5,-110,o213.5,-113,o213.5,-110,u214.5,-110,u213.5,-110,u213.5,-110,u213.5,-110,u213.5,-110,u213.5,-108,u213.5,-110
Tue May 9 2023,Phoenix Suns,102,Denver Nuggets,118,o229,-110,o227.5,-108,o227.5,-110,o227.5,-110,o227.5,-110,o227,-112,o227.5,-108,u229,-110,u227.5,-112,u227.5,-110,u227.5,-110,u227.5,-110,u227,-109,u227.5,-112
Wed May 10 2023,Miami Heat,103,New York Knicks,112,o210,-110,o209.5,-110,o209.5,-110,o209.5,-110,o209.5,-110,o209.5,-110,o209.5,-110,u210,-110,u209.5,-110,u209.5,-110,u209.5,-110,u209.5,-110,u209.5,-110,u209.5,-110
Wed May 10 2023,Los Angeles Lakers,106,Golden State Warriors,121,o226.5,-110,o223.5,-110,o223.5,-110,o223.5,-110,o223.5,-110,o223,-109,o223,-110,u226.5,-110,u223.5,-110,u223.5,-110,u223.5,-110,u223.5,-110,u223,-112,u223,-110
Thu May 11 2023,Boston Celtics,95,Philadelphia 76ers,86,o214.5,-110,o210.5,-112,o210.5,-115,o211,-110,o211.5,-110,o210.5,-113,o210.5,-112,u214.5,-110,u210.5,-108,u210.5,-105,u211,-110,u211.5,-110,u210.5,-108,u210.5,-108
Thu May 11 2023,Denver Nuggets,125,Phoenix Suns,100,o226.5,-110,o226,-110,o225.5,-110,o226,-110,o226,-110,o226,-110,o226,-110,u226.5,-110,u226,-110,u225.5,-110,u226,-110,u226,-110,u226,-110,u226,-110
Fri May 12 2023,New York Knicks,92,Miami Heat,96,o210,-110,o204.5,-110,o205.5,-105,o205,-115,o205,-110,o204.5,-109,o204.5,-110,u210,-110,u204.5,-110,u205.5,-115,u205,-105,u205,-110,u204.5,-112,u204.5,-110
Fri May 12 2023,Golden State Warriors,101,Los Angeles Lakers,122,o223.5,-110,o218,-110,o218.5,-105,o217.5,-110,o218.5,-110,o218,-113,o218,-110,u223.5,-110,u218,-110,u218.5,-115,u217.5,-110,u218.5,-110,u218,-108,u218,-110
Sun May 14 2023,Philadelphia 76ers,88,Boston Celtics,112,o205.5,-110,o201.5,-110,o201.5,-110,o201,-110,o202,-115,o201,-112,o201.5,-110,u205.5,-110,u201.5,-110,u201.5,-110,u201,-110,u202,-105,u201,-109,u201.5,-110
Tue May 16 2023,Los Angeles Lakers,126,Denver Nuggets,132,o223,-110,o223,-110,o222.5,-110,o222,-115,o222.5,-110,o222.5,-110,o222.5,-110,u223,-110,u223,-110,u222.5,-110,u222,-105,u222.5,-110,u222.5,-110,u222.5,-110
Wed May 17 2023,Miami Heat,123,Boston Celtics,116,o210,-110,o212,-110,o212.5,-110,o212,-110,o211.5,-110,o213,-108,o212,-110,u210,-110,u212,-110,u212.5,-110,u212,-110,u211.5,-110,u213,-112,u212,-110
Thu May 18 2023,Los Angeles Lakers,103,Denver Nuggets,108,o225.5,-110,o225.5,-110,o225.5,-110,o225.5,-110,o225.5,-110,o225.5,-110,o225.5,-110,u225.5,-110,u225.5,-110,u225.5,-110,u225.5,-110,u225.5,-110,u225.5,-110,u225.5,-110
Fri May 19 2023,Miami Heat,111,Boston Celtics,105,o224.5,-110,o215,-110,o214.5,-115,o216,-110,o215,-110,o215,-110,o215,-110,u224.5,-110,u215,-110,u214.5,-105,u216,-110,u215,-110,u215,-110,u215,-110
Sat May 20 2023,Denver Nuggets,119,Los Angeles Lakers,108,o222.5,-110,o222.5,-110,o222.5,-110,o223,-110,o223,-110,o223,-110,o222.5,-110,u222.5,-110,u222.5,-110,u222.5,-110,u223,-110,u223,-110,u223,-110,u222.5,-110
Sun May 21 2023,Boston Celtics,102,Miami Heat,128,o213,-110,o214,-112,o214.5,-110,o214.5,-110,o214.5,-110,o214.5,-109,o214,-112,u213,-110,u214,-108,u214.5,-110,u214.5,-110,u214.5,-110,u214.5,-112,u214,-108
Mon May 22 2023,Denver Nuggets,113,Los Angeles Lakers,111,o221.5,-110,o226,-110,o225.5,-115,o225.5,-110,o225.5,-110,o226,-110,o226,-110,u221.5,-110,u226,-110,u225.5,-105,u225.5,-110,u225.5,-110,u226,-110,u226,-110
Tue May 23 2023,Boston Celtics,116,Miami Heat,99,o214.5,-110,o216.5,-110,o216.5,-110,o215.5,-110,o216.5,-110,o217,-110,o216.5,-110,u214.5,-110,u216.5,-110,u216.5,-110,u215.5,-110,u216.5,-110,u217,-110,u216.5,-110
Thu May 25 2023,Miami Heat,97,Boston Celtics,110,o215,-110,o214.5,-112,o214.5,-115,o215,-110,o215,-110,o214.5,-109,o214.5,-112,u215,-110,u214.5,-108,u214.5,-105,u215,-110,u215,-110,u214.5,-112,u214.5,-108
Sat May 27 2023,Boston Celtics,104,Miami Heat,103,o213,-110,o209,-110,o209.5,-105,o209,-110,o209.5,-110,o208.5,-113,o209,-110,u213,-110,u209,-110,u209.5,-115,u209,-110,u209.5,-110,u208.5,-108,u209,-110
Mon May 29 2023,Miami Heat,103,Boston Celtics,84,o206.5,-110,o204,-112,o204.5,-105,o204,-115,o204,-110,o204,-110,o204,-112,u206.5,-110,u204,-108,u204.5,-115,u204,-105,u204,-110,u204,-110,u204,-108
Thu Jun 1 2023,Miami Heat,93,Denver Nuggets,104,o218.5,-110,o218.5,-112,o218.5,-110,o218.5,-110,o219,-110,o219,-108,o218.5,-112,u218.5,-110,u218.5,-110,u218.5,-110,u218.5,-110,u219,-110,u219,-113,u218.5,-110
Sun Jun 4 2023,Miami Heat,111,Denver Nuggets,108,o212.5,-110,o216,-110,o216.5,-110,o217,-110,o216.5,-110,o216,-109,o216,-110,u212.5,-110,u216,-110,u216.5,-110,u217,-110,u216.5,-110,u216,-112,u216,-110
Wed Jun 7 2023,Denver Nuggets,109,Miami Heat,94,o214.5,-110,o213,-110,o212.5,-110,o212.5,-105,o213,-110,o213,-108,o213,-110,u214.5,-110,u213,-110,u212.5,-110,u212.5,-115,u213,-110,u213,-113,u213,-110
Fri Jun 9 2023,Denver Nuggets,108,Miami Heat,95,o210.5,-110,o211,-110,o211.5,-110,o211.5,-110,o211.5,-110,o211.5,-113,o211,-110,u210.5,-110,u211,-110,u211.5,-110,u211.5,-110,u211.5,-110,u211.5,-108,u211,-110
Mon Jun 12 2023,Miami Heat,89,Denver Nuggets,94,o208.5,-110,o209.5,-112,o210.5,-105,o209.5,-105,o210,-110,o210,-110,o209.5,-112,u208.5,-110,u209.5,-108,u210.5,-115,u209.5,-115,u210,-110,u210,-110,u209.5,-108
