3.308805142136310162e-01,8.651123250787698948e-01
-3.359321251176560219e-01,6.148314361752099666e-01
-3.359321251176560219e-01,-2.194381935033227760e-01
8.082577446439835611e-02,-7.199999713104424659e-01
-5.026352849504778231e-01,1.142696583680903460e-01
1.414451053126972502e+00,-6.365730083425891195e-01
-8.587738536842340342e-02,-5.258426756761620802e-02
2.475289342972201156e-01,-6.365730083425891195e-01
-6.693384447832995132e-01,-6.365730083425891195e-01
-4.192837050340669225e-01,-5.258426756761620802e-02
1.331099473210561435e+00,-1.137134786149708754e+00
-9.193931845325321595e-01,6.148314361752099666e-01
-6.693384447832995132e-01,-7.199999713104424659e-01
1.641773543808092428e-01,-6.365730083425891195e-01
-1.919612143529462633e+00,-2.305112267699654716e+00
-8.360416046161213144e-01,-1.554269600988975153e+00
9.143415736285070983e-01,-3.028651564711760669e-01
1.997912112541848639e+00,1.532528028821596111e+00
-1.086096344365353961e+00,-1.137134786149708754e+00
-1.252799504198175651e+00,-6.365730083425891195e-01
-6.693384447832995132e-01,-5.531460453747358841e-01
-1.692289652848342763e-01,-9.702808602140022831e-01
-5.859868648668886681e-01,1.198820176950182947e+00
1.331099473210561435e+00,5.314044732073567312e-01
1.581154212959794192e+00,8.651123250787698948e-01
1.247747893294150590e+00,6.148314361752099666e-01
-1.692289652848342763e-01,-2.194381935033227760e-01
8.082577446439835611e-02,-8.868538972461490477e-01
1.641773543808092428e-01,6.982583991430633130e-01
1.081044733461328899e+00,3.645505472716502049e-01
1.247747893294150590e+00,-1.637696563956828610e+00
-3.359321251176560219e-01,-3.028651564711760669e-01
-6.693384447832995132e-01,7.816853621109165484e-01
-1.419502664030997563e+00,1.782808917725155817e+00
3.308805142136310162e-01,5.314044732073567312e-01
-1.692289652848342763e-01,-5.531460453747358841e-01
-5.859868648668886681e-01,-9.702808602140022831e-01
1.081044733461328899e+00,-5.531460453747358841e-01
-5.026352849504778231e-01,1.142696583680903460e-01
7.476384137956854081e-01,4.479775102395034403e-01
2.475289342972201156e-01,-8.034269342782957013e-01
9.976931535449180544e-01,1.198820176950182947e+00
-8.587738536842340342e-02,-1.721123526924681846e+00
-5.859868648668886681e-01,3.645505472716502049e-01
-1.252799504198175651e+00,-2.138258341763948245e+00
-9.193931845325321595e-01,-5.258426756761620802e-02
-9.193931845325321595e-01,3.645505472716502049e-01
-4.192837050340669225e-01,-1.360112305354694850e-01
9.143415736285070983e-01,1.532528028821596111e+00
1.641773543808092428e-01,-8.034269342782957013e-01
-2.525805452012451768e-01,1.615954991789449346e+00
-1.169447924281764806e+00,3.645505472716502049e-01
-1.692289652848342763e-01,-2.194381935033227760e-01
-1.586205823863819253e+00,-6.365730083425891195e-01
-6.693384447832995132e-01,1.532528028821596111e+00
-1.752908983696640943e+00,-1.053707823181855519e+00
4.142320941300418613e-01,-2.194381935033227760e-01
-1.169447924281764806e+00,-4.697190824068825932e-01
1.497802633043383347e+00,1.532528028821596111e+00
-3.359321251176560219e-01,2.811235843037969140e-01
-3.359321251176560219e-01,6.982583991430633130e-01
7.476384137956854081e-01,1.532528028821596111e+00
-1.002744764448943116e+00,-5.531460453747358841e-01
-1.169447924281764806e+00,-4.697190824068825932e-01
4.975836740464527619e-01,-1.470842638021121918e+00
1.331099473210561435e+00,7.816853621109165484e-01
-2.525805452012451768e-01,1.976966213359436231e-01
-2.525805452012451768e-01,6.148314361752099666e-01
9.976931535449180544e-01,-4.697190824068825932e-01
1.914560532625437794e+00,-3.028651564711760669e-01
-1.669557403780230098e+00,-2.194381935033227760e-01
1.581154212959794192e+00,6.148314361752099666e-01
-8.587738536842340342e-02,-2.138258341763948245e+00
1.164396313377739745e+00,1.142696583680903460e-01
-4.192837050340669225e-01,2.811235843037969140e-01
-9.193931845325321595e-01,-3.862921194390293023e-01
9.143415736285070983e-01,1.115393213982329712e+00
-1.002744764448943116e+00,1.142696583680903460e-01
-1.692289652848342763e-01,6.982583991430633130e-01
-1.692289652848342763e-01,7.816853621109165484e-01
-2.525805452012522788e-03,2.811235843037969140e-01
-2.525805452012522788e-03,3.645505472716502049e-01
9.976931535449180544e-01,3.084269540023706901e-02
8.082577446439835611e-02,-5.531460453747358841e-01
1.641773543808092428e-01,6.148314361752099666e-01
3.308805142136310162e-01,-3.862921194390293023e-01
8.309899937120962532e-01,6.982583991430633130e-01
-8.587738536842340342e-02,-2.054831378796095009e+00
-1.586205823863819253e+00,-3.028651564711760669e-01
-4.192837050340669225e-01,4.479775102395034403e-01
8.082577446439835611e-02,1.031966251014476477e+00
-1.252799504198175651e+00,-7.199999713104424659e-01
-6.693384447832995132e-01,-1.360112305354694850e-01
-3.359321251176560219e-01,6.982583991430633130e-01
-2.525805452012451768e-01,4.479775102395034403e-01
1.641773543808092428e-01,-6.365730083425891195e-01
4.142320941300418613e-01,-3.862921194390293023e-01
-3.359321251176560219e-01,3.084269540023706901e-02
-3.359321251176560219e-01,1.949662843660862510e+00
-4.192837050340669225e-01,-4.697190824068825932e-01
-6.693384447832995132e-01,4.479775102395034403e-01
-1.669557403780230098e+00,-1.721123526924681846e+00
-4.192837050340669225e-01,-1.387415675053268682e+00
-3.359321251176560219e-01,3.084269540023706901e-02
-4.192837050340669225e-01,3.084269540023706901e-02
-5.026352849504778231e-01,3.084269540023706901e-02
6.642868338792744520e-01,-3.862921194390293023e-01
-2.525805452012522788e-03,-1.360112305354694850e-01
-5.026352849504778231e-01,-4.697190824068825932e-01
-8.587738536842340342e-02,-1.387415675053268682e+00
-2.086315303362284546e+00,-8.034269342782957013e-01
-3.359321251176560219e-01,-1.220561749117562211e+00
-1.836260563613051788e+00,3.084269540023706901e-02
2.498021592040313710e+00,-1.303988712085415447e+00
-1.086096344365353961e+00,-1.053707823181855519e+00
-1.692289652848342763e-01,-8.034269342782957013e-01
3.308805142136310162e-01,3.645505472716502049e-01
1.331099473210561435e+00,1.198820176950182947e+00
7.476384137956854081e-01,-4.697190824068825932e-01
-8.587738536842340342e-02,-2.305112267699654716e+00
-1.169447924281764806e+00,-1.220561749117562211e+00
-5.859868648668886681e-01,-9.702808602140022831e-01
1.247747893294150590e+00,-2.471966193635361186e+00
4.975836740464527619e-01,6.148314361752099666e-01
-1.169447924281764806e+00,1.198820176950182947e+00
-2.525805452012522788e-03,-8.034269342782957013e-01
-2.525805452012451768e-01,-3.862921194390293023e-01
-6.693384447832995132e-01,-1.360112305354694850e-01
1.641773543808092428e-01,-1.137134786149708754e+00
-4.192837050340669225e-01,-8.034269342782957013e-01
1.414451053126972502e+00,3.084269540023706901e-02
1.081044733461328899e+00,6.148314361752099666e-01
-1.252799504198175651e+00,-1.804550489892535081e+00
6.642868338792744520e-01,6.982583991430633130e-01
1.664505792876205037e+00,1.976966213359436231e-01
-1.586205823863819253e+00,-6.365730083425891195e-01
3.308805142136310162e-01,1.115393213982329712e+00
-1.002744764448943116e+00,8.651123250787698948e-01
-2.586424782860749616e+00,-1.137134786149708754e+00
8.082577446439835611e-02,-1.303988712085415447e+00
-1.336151084114586496e+00,-1.053707823181855519e+00
-7.526900246997104693e-01,-2.194381935033227760e-01
-2.525805452012451768e-01,-1.137134786149708754e+00
-4.192837050340669225e-01,-1.303988712085415447e+00
1.747857372792615882e+00,9.485392880466231302e-01
-8.360416046161213144e-01,-3.028651564711760669e-01
7.476384137956854081e-01,1.115393213982329712e+00
-2.086315303362284546e+00,-1.303988712085415447e+00
-1.252799504198175651e+00,1.142696583680903460e-01
-2.525805452012451768e-01,-7.199999713104424659e-01
-1.336151084114586496e+00,-3.862921194390293023e-01
-3.359321251176560219e-01,-8.034269342782957013e-01
5.809352539628636070e-01,-7.199999713104424659e-01
1.641773543808092428e-01,-5.531460453747358841e-01
-1.586205823863819253e+00,-1.637696563956828610e+00
-2.525805452012522788e-03,3.084269540023706901e-02
2.475289342972201156e-01,1.949662843660862510e+00
3.308805142136310162e-01,2.811235843037969140e-01
-2.169666883278695391e+00,-1.804550489892535081e+00
-6.693384447832995132e-01,-1.721123526924681846e+00
7.476384137956854081e-01,2.811235843037969140e-01
9.976931535449180544e-01,2.811235843037969140e-01
-8.587738536842340342e-02,1.031966251014476477e+00
-2.336370043111517081e+00,-3.028651564711760669e-01
-3.359321251176560219e-01,3.084269540023706901e-02
1.641773543808092428e-01,-3.862921194390293023e-01
1.331099473210561435e+00,1.142696583680903460e-01
1.914560532625437794e+00,1.365674102885889418e+00
9.143415736285070983e-01,5.314044732073567312e-01
-1.002744764448943116e+00,-1.360112305354694850e-01
5.809352539628636070e-01,9.485392880466231302e-01
-6.693384447832995132e-01,-2.194381935033227760e-01
-1.502854243947408408e+00,-9.702808602140022831e-01
-8.587738536842340342e-02,1.142696583680903460e-01
-5.859868648668886681e-01,-1.721123526924681846e+00
-8.587738536842340342e-02,1.282247139918036183e+00
-1.336151084114586496e+00,-1.360112305354694850e-01
-8.587738536842340342e-02,4.479775102395034403e-01
-2.525805452012522788e-03,1.365674102885889418e+00
-1.669557403780230098e+00,-3.862921194390293023e-01
-8.360416046161213144e-01,-1.360112305354694850e-01
-1.002744764448943116e+00,-8.034269342782957013e-01
5.809352539628636070e-01,-1.360112305354694850e-01
-2.525805452012451768e-01,-1.721123526924681846e+00
-8.587738536842340342e-02,4.479775102395034403e-01
3.308805142136310162e-01,-6.365730083425891195e-01
-7.526900246997104693e-01,1.976966213359436231e-01
-3.359321251176560219e-01,4.479775102395034403e-01
1.641773543808092428e-01,1.365674102885889418e+00
-8.587738536842340342e-02,1.142696583680903460e-01
-5.859868648668886681e-01,2.811235843037969140e-01
2.664724751873135400e+00,1.615954991789449346e+00
1.331099473210561435e+00,6.982583991430633130e-01
-1.752908983696640943e+00,-1.137134786149708754e+00
-1.252799504198175651e+00,-8.868538972461490477e-01
1.081044733461328899e+00,-1.053707823181855519e+00
1.641773543808092428e-01,5.314044732073567312e-01
-8.360416046161213144e-01,3.084269540023706901e-02
1.641773543808092428e-01,-3.862921194390293023e-01
-8.587738536842340342e-02,-8.868538972461490477e-01
7.476384137956854081e-01,8.651123250787698948e-01
-8.587738536842340342e-02,-2.194381935033227760e-01
7.476384137956854081e-01,-8.034269342782957013e-01
6.642868338792744520e-01,-8.034269342782957013e-01
-1.502854243947408408e+00,1.365674102885889418e+00
-9.193931845325321595e-01,-2.194381935033227760e-01
-1.002744764448943116e+00,-1.053707823181855519e+00
4.142320941300418613e-01,-3.862921194390293023e-01
-2.525805452012451768e-01,1.142696583680903460e-01
6.642868338792744520e-01,3.117640325210808250e+00
9.976931535449180544e-01,-2.194381935033227760e-01
1.081044733461328899e+00,-6.365730083425891195e-01
6.642868338792744520e-01,3.645505472716502049e-01
1.081044733461328899e+00,-1.220561749117562211e+00
-7.526900246997104693e-01,-3.028651564711760669e-01
-1.252799504198175651e+00,-2.194381935033227760e-01
-2.525805452012451768e-01,6.982583991430633130e-01
-1.002744764448943116e+00,-1.971404415828241552e+00
-5.859868648668886681e-01,-1.053707823181855519e+00
4.975836740464527619e-01,1.198820176950182947e+00
-3.359321251176560219e-01,-7.199999713104424659e-01
-8.587738536842340342e-02,1.198820176950182947e+00
-1.836260563613051788e+00,-1.637696563956828610e+00
-5.859868648668886681e-01,-7.199999713104424659e-01
7.476384137956854081e-01,1.365674102885889418e+00
-9.193931845325321595e-01,-4.697190824068825932e-01
-4.192837050340669225e-01,-7.199999713104424659e-01
-1.169447924281764806e+00,-2.054831378796095009e+00
-2.525805452012451768e-01,4.479775102395034403e-01
-1.169447924281764806e+00,9.485392880466231302e-01
3.308805142136310162e-01,-5.531460453747358841e-01
1.664505792876205037e+00,1.532528028821596111e+00
-1.002744764448943116e+00,-3.862921194390293023e-01
6.642868338792744520e-01,1.031966251014476477e+00
7.476384137956854081e-01,6.982583991430633130e-01
-2.525805452012522788e-03,-1.360112305354694850e-01
-8.587738536842340342e-02,-5.531460453747358841e-01
4.142320941300418613e-01,-2.194381935033227760e-01
-1.336151084114586496e+00,2.811235843037969140e-01
-1.502854243947408408e+00,3.084269540023706901e-02
1.331099473210561435e+00,1.782808917725155817e+00
-9.193931845325321595e-01,-8.034269342782957013e-01
1.641773543808092428e-01,9.485392880466231302e-01
-2.169666883278695391e+00,-2.194381935033227760e-01
1.164396313377739745e+00,3.645505472716502049e-01
-1.252799504198175651e+00,-1.554269600988975153e+00
-1.752908983696640943e+00,6.148314361752099666e-01
-9.193931845325321595e-01,-1.360112305354694850e-01
-9.193931845325321595e-01,6.148314361752099666e-01
-5.026352849504778231e-01,4.479775102395034403e-01
-1.692289652848342763e-01,2.811235843037969140e-01
-1.002744764448943116e+00,-8.868538972461490477e-01
-2.503073202944338771e+00,1.031966251014476477e+00
1.331099473210561435e+00,2.811235843037969140e-01
8.082577446439835611e-02,4.479775102395034403e-01
-5.859868648668886681e-01,-5.258426756761620802e-02
-2.525805452012522788e-03,-5.531460453747358841e-01
-2.525805452012451768e-01,-6.365730083425891195e-01
-6.693384447832995132e-01,-5.258426756761620802e-02
-1.002744764448943116e+00,-7.199999713104424659e-01
-1.419502664030997563e+00,-1.360112305354694850e-01
1.641773543808092428e-01,-1.220561749117562211e+00
-5.859868648668886681e-01,-5.258426756761620802e-02
-8.587738536842340342e-02,7.816853621109165484e-01
-6.693384447832995132e-01,-2.194381935033227760e-01
-8.587738536842340342e-02,-1.470842638021121918e+00
4.142320941300418613e-01,-2.194381935033227760e-01
1.497802633043383347e+00,8.651123250787698948e-01
1.331099473210561435e+00,-4.697190824068825932e-01
9.976931535449180544e-01,3.084269540023706901e-02
-5.026352849504778231e-01,6.982583991430633130e-01
-4.192837050340669225e-01,-4.697190824068825932e-01
-5.026352849504778231e-01,-1.387415675053268682e+00
1.581154212959794192e+00,1.115393213982329712e+00
-7.526900246997104693e-01,5.314044732073567312e-01
7.476384137956854081e-01,1.031966251014476477e+00
3.308805142136310162e-01,1.031966251014476477e+00
-1.692289652848342763e-01,1.365674102885889418e+00
-5.026352849504778231e-01,-4.697190824068825932e-01
-9.193931845325321595e-01,1.142696583680903460e-01
4.975836740464527619e-01,6.148314361752099666e-01
-6.693384447832995132e-01,-1.804550489892535081e+00
-9.193931845325321595e-01,-6.365730083425891195e-01
4.142320941300418613e-01,1.115393213982329712e+00
8.082577446439835611e-02,-9.702808602140022831e-01
-1.086096344365353961e+00,-8.868538972461490477e-01
-6.693384447832995132e-01,1.976966213359436231e-01
2.498021592040313710e+00,1.866235880693009275e+00
-8.587738536842340342e-02,-2.194381935033227760e-01
-1.336151084114586496e+00,-3.862921194390293023e-01
1.997912112541848639e+00,-1.360112305354694850e-01
-1.086096344365353961e+00,-1.360112305354694850e-01
-5.859868648668886681e-01,-1.470842638021121918e+00
6.642868338792744520e-01,1.198820176950182947e+00
-9.193931845325321595e-01,-1.804550489892535081e+00
1.164396313377739745e+00,6.148314361752099666e-01
1.664505792876205037e+00,-1.053707823181855519e+00
1.641773543808092428e-01,6.982583991430633130e-01
-1.002744764448943116e+00,-9.702808602140022831e-01
1.164396313377739745e+00,2.199943732564422216e+00
-6.693384447832995132e-01,2.033089806628715746e+00
-9.193931845325321595e-01,-5.531460453747358841e-01
-2.086315303362284546e+00,-1.303988712085415447e+00
-1.002744764448943116e+00,-8.868538972461490477e-01
-2.525805452012522788e-03,1.115393213982329712e+00
8.082577446439835611e-02,-7.199999713104424659e-01
7.476384137956854081e-01,1.142696583680903460e-01
2.475289342972201156e-01,-5.258426756761620802e-02
2.247966852291081175e+00,-4.697190824068825932e-01
-2.525805452012522788e-03,3.084269540023706901e-02
4.142320941300418613e-01,-3.028651564711760669e-01
-2.336370043111517081e+00,-2.194381935033227760e-01
9.976931535449180544e-01,-6.365730083425891195e-01
6.642868338792744520e-01,1.532528028821596111e+00
-5.026352849504778231e-01,-2.194381935033227760e-01
-3.359321251176560219e-01,-1.053707823181855519e+00
-1.002744764448943116e+00,-5.531460453747358841e-01
-4.192837050340669225e-01,8.651123250787698948e-01
-1.692289652848342763e-01,2.811235843037969140e-01
-1.086096344365353961e+00,3.645505472716502049e-01
-2.525805452012522788e-03,1.365674102885889418e+00
-8.587738536842340342e-02,7.816853621109165484e-01
8.082577446439835611e-02,1.782808917725155817e+00
-3.359321251176560219e-01,1.031966251014476477e+00
9.976931535449180544e-01,1.282247139918036183e+00
2.475289342972201156e-01,1.142696583680903460e-01
-3.359321251176560219e-01,1.142696583680903460e-01
5.809352539628636070e-01,3.084269540023706901e-02
-6.693384447832995132e-01,-1.360112305354694850e-01
-1.419502664030997563e+00,-7.199999713104424659e-01
1.664505792876205037e+00,1.115393213982329712e+00
-3.359321251176560219e-01,1.142696583680903460e-01
3.308805142136310162e-01,-1.387415675053268682e+00
7.476384137956854081e-01,4.479775102395034403e-01
4.975836740464527619e-01,1.949662843660862510e+00
-1.692289652848342763e-01,2.811235843037969140e-01
6.642868338792744520e-01,-1.303988712085415447e+00
8.309899937120962532e-01,-1.637696563956828610e+00
-6.693384447832995132e-01,-1.637696563956828610e+00
1.831208952709026727e+00,1.031966251014476477e+00
-4.192837050340669225e-01,4.479775102395034403e-01
-1.002744764448943116e+00,3.645505472716502049e-01
2.475289342972201156e-01,-3.862921194390293023e-01
-5.859868648668886681e-01,4.479775102395034403e-01
1.664505792876205037e+00,-1.721123526924681846e+00
-8.360416046161213144e-01,-1.971404415828241552e+00
7.476384137956854081e-01,-3.028651564711760669e-01
-2.669776362777160461e+00,-1.971404415828241552e+00
-1.002744764448943116e+00,-4.697190824068825932e-01
1.414451053126972502e+00,2.811235843037969140e-01
-1.086096344365353961e+00,3.084269540023706901e-02
4.975836740464527619e-01,1.142696583680903460e-01
-3.359321251176560219e-01,-1.137134786149708754e+00
6.642868338792744520e-01,-1.360112305354694850e-01
2.475289342972201156e-01,-4.697190824068825932e-01
8.309899937120962532e-01,1.365674102885889418e+00
-1.669557403780230098e+00,-1.220561749117562211e+00
-1.692289652848342763e-01,1.198820176950182947e+00
-8.587738536842340342e-02,-9.702808602140022831e-01
-9.193931845325321595e-01,3.084269540023706901e-02
2.475289342972201156e-01,-1.637696563956828610e+00
2.475289342972201156e-01,-5.258426756761620802e-02
-1.692289652848342763e-01,3.084269540023706901e-02
2.475289342972201156e-01,5.314044732073567312e-01
-2.002963723445873701e+00,-2.194381935033227760e-01
-2.525805452012522788e-03,8.651123250787698948e-01
-1.692289652848342763e-01,-5.258426756761620802e-02
-9.193931845325321595e-01,6.148314361752099666e-01
-2.525805452012522788e-03,8.651123250787698948e-01
1.641773543808092428e-01,4.479775102395034403e-01
-1.252799504198175651e+00,-9.702808602140022831e-01
8.309899937120962532e-01,6.982583991430633130e-01
9.976931535449180544e-01,-1.470842638021121918e+00
-2.525805452012451768e-01,-5.258426756761620802e-02
-3.359321251176560219e-01,1.976966213359436231e-01
6.642868338792744520e-01,3.645505472716502049e-01
6.642868338792744520e-01,-1.137134786149708754e+00
-1.692289652848342763e-01,4.479775102395034403e-01
-3.359321251176560219e-01,-2.194381935033227760e-01
2.475289342972201156e-01,3.645505472716502049e-01
-5.859868648668886681e-01,-1.721123526924681846e+00
7.476384137956854081e-01,1.449101065853742876e+00
-8.360416046161213144e-01,-1.360112305354694850e-01
3.308805142136310162e-01,1.031966251014476477e+00
4.142320941300418613e-01,-6.365730083425891195e-01
-5.859868648668886681e-01,-8.868538972461490477e-01
1.641773543808092428e-01,-3.862921194390293023e-01
1.914560532625437794e+00,1.449101065853742876e+00
8.082577446439835611e-02,-7.199999713104424659e-01
-9.193931845325321595e-01,-4.697190824068825932e-01
1.641773543808092428e-01,2.366797658500128687e+00
-5.026352849504778231e-01,6.148314361752099666e-01
-2.525805452012451768e-01,-5.258426756761620802e-02
4.142320941300418613e-01,6.982583991430633130e-01
9.143415736285070983e-01,1.115393213982329712e+00
9.143415736285070983e-01,1.142696583680903460e-01
-1.169447924281764806e+00,-3.028651564711760669e-01
-1.169447924281764806e+00,-3.862921194390293023e-01
-2.525805452012522788e-03,1.282247139918036183e+00
7.476384137956854081e-01,6.148314361752099666e-01
-1.752908983696640943e+00,-1.554269600988975153e+00
-2.169666883278695391e+00,-2.805674045506774572e+00
-8.587738536842340342e-02,-1.303988712085415447e+00
-8.360416046161213144e-01,1.031966251014476477e+00
8.082577446439835611e-02,4.479775102395034403e-01
-1.692289652848342763e-01,-3.028651564711760669e-01
-8.587738536842340342e-02,1.449101065853742876e+00
-1.669557403780230098e+00,-2.194381935033227760e-01
-8.360416046161213144e-01,6.148314361752099666e-01
-1.692289652848342763e-01,1.031966251014476477e+00
-1.336151084114586496e+00,-3.862921194390293023e-01
-1.086096344365353961e+00,4.479775102395034403e-01
7.476384137956854081e-01,1.976966213359436231e-01
2.331318432207492020e+00,1.532528028821596111e+00
4.975836740464527619e-01,7.816853621109165484e-01
9.143415736285070983e-01,1.615954991789449346e+00
1.247747893294150590e+00,3.645505472716502049e-01
9.143415736285070983e-01,6.148314361752099666e-01
-2.525805452012451768e-01,-6.365730083425891195e-01
1.247747893294150590e+00,-3.028651564711760669e-01
-6.693384447832995132e-01,-2.138258341763948245e+00
1.247747893294150590e+00,2.116516769596568981e+00
-2.086315303362284546e+00,-1.387415675053268682e+00
-1.692289652848342763e-01,-6.365730083425891195e-01
-1.002744764448943116e+00,2.199943732564422216e+00
1.331099473210561435e+00,1.365674102885889418e+00
-1.692289652848342763e-01,-1.721123526924681846e+00
9.976931535449180544e-01,-8.034269342782957013e-01
7.476384137956854081e-01,-2.194381935033227760e-01
3.308805142136310162e-01,-5.531460453747358841e-01
-8.587738536842340342e-02,1.976966213359436231e-01
-5.859868648668886681e-01,1.976966213359436231e-01
4.975836740464527619e-01,3.084269540023706901e-02
8.082577446439835611e-02,-2.054831378796095009e+00
-8.587738536842340342e-02,-4.697190824068825932e-01
-2.525805452012451768e-01,1.198820176950182947e+00
-4.192837050340669225e-01,8.651123250787698948e-01
-1.669557403780230098e+00,-1.137134786149708754e+00
-1.692289652848342763e-01,-1.220561749117562211e+00
-1.169447924281764806e+00,-1.303988712085415447e+00
-5.026352849504778231e-01,-1.721123526924681846e+00
-1.336151084114586496e+00,6.148314361752099666e-01
-3.359321251176560219e-01,-5.258426756761620802e-02
8.082577446439835611e-02,1.976966213359436231e-01
-1.502854243947408408e+00,-1.971404415828241552e+00
-3.359321251176560219e-01,-8.034269342782957013e-01
9.143415736285070983e-01,4.479775102395034403e-01
1.081044733461328899e+00,-4.697190824068825932e-01
1.081044733461328899e+00,2.867359436307248544e+00
1.641773543808092428e-01,2.811235843037969140e-01
3.308805142136310162e-01,2.811235843037969140e-01
-1.169447924281764806e+00,5.314044732073567312e-01
-1.002744764448943116e+00,-9.702808602140022831e-01
9.976931535449180544e-01,8.651123250787698948e-01
9.143415736285070983e-01,-8.868538972461490477e-01
-5.859868648668886681e-01,3.084269540023706901e-02
1.247747893294150590e+00,2.811235843037969140e-01
6.642868338792744520e-01,6.148314361752099666e-01
-7.526900246997104693e-01,1.198820176950182947e+00
9.976931535449180544e-01,2.811235843037969140e-01
1.081044733461328899e+00,-3.862921194390293023e-01
-2.525805452012522788e-03,-1.053707823181855519e+00
-1.586205823863819253e+00,1.365674102885889418e+00
-2.525805452012522788e-03,-4.697190824068825932e-01
-1.836260563613051788e+00,-8.868538972461490477e-01
-5.859868648668886681e-01,-1.360112305354694850e-01
-1.669557403780230098e+00,-2.194381935033227760e-01
-2.525805452012451768e-01,-6.365730083425891195e-01
3.308805142136310162e-01,-3.028651564711760669e-01
-2.525805452012522788e-03,2.283370695532275452e+00
-2.525805452012522788e-03,-8.034269342782957013e-01
2.475289342972201156e-01,-4.697190824068825932e-01
-7.526900246997104693e-01,-1.387415675053268682e+00
-1.252799504198175651e+00,-1.220561749117562211e+00
5.809352539628636070e-01,1.532528028821596111e+00
-6.693384447832995132e-01,8.651123250787698948e-01
3.308805142136310162e-01,8.651123250787698948e-01
-8.587738536842340342e-02,3.645505472716502049e-01
-2.525805452012522788e-03,1.449101065853742876e+00
8.082577446439835611e-02,2.811235843037969140e-01
-6.693384447832995132e-01,1.198820176950182947e+00
-3.359321251176560219e-01,4.479775102395034403e-01
-1.086096344365353961e+00,1.976966213359436231e-01
4.142320941300418613e-01,-7.199999713104424659e-01
4.142320941300418613e-01,1.142696583680903460e-01
-8.587738536842340342e-02,-8.034269342782957013e-01
-1.692289652848342763e-01,-6.365730083425891195e-01
1.247747893294150590e+00,7.816853621109165484e-01
-5.026352849504778231e-01,3.645505472716502049e-01
9.976931535449180544e-01,-1.303988712085415447e+00
9.976931535449180544e-01,-3.862921194390293023e-01
1.747857372792615882e+00,1.198820176950182947e+00
4.975836740464527619e-01,-3.028651564711760669e-01
1.641773543808092428e-01,6.982583991430633130e-01
4.142320941300418613e-01,1.949662843660862510e+00
-3.359321251176560219e-01,6.148314361752099666e-01
9.976931535449180544e-01,1.031966251014476477e+00
9.976931535449180544e-01,1.142696583680903460e-01
2.414670012123902865e+00,1.282247139918036183e+00
-2.525805452012451768e-01,-2.194381935033227760e-01
1.664505792876205037e+00,1.976966213359436231e-01
-1.669557403780230098e+00,-2.194381935033227760e-01
7.476384137956854081e-01,8.651123250787698948e-01
-2.525805452012522788e-03,6.982583991430633130e-01
1.331099473210561435e+00,-4.697190824068825932e-01
-1.692289652848342763e-01,3.084269540023706901e-02
-9.193931845325321595e-01,8.651123250787698948e-01
8.082577446439835611e-02,1.115393213982329712e+00
9.143415736285070983e-01,-2.194381935033227760e-01
9.976931535449180544e-01,-6.365730083425891195e-01
8.082577446439835611e-02,1.198820176950182947e+00
6.642868338792744520e-01,8.651123250787698948e-01
-6.693384447832995132e-01,-4.697190824068825932e-01
-2.525805452012522788e-03,-8.034269342782957013e-01
-1.002744764448943116e+00,4.479775102395034403e-01
-9.193931845325321595e-01,9.485392880466231302e-01
-4.192837050340669225e-01,-7.199999713104424659e-01
-1.252799504198175651e+00,-3.028651564711760669e-01
-2.525805452012522788e-03,2.811235843037969140e-01
4.142320941300418613e-01,2.811235843037969140e-01
-5.026352849504778231e-01,-3.028651564711760669e-01
1.081044733461328899e+00,9.485392880466231302e-01
-2.525805452012522788e-03,4.479775102395034403e-01
1.081044733461328899e+00,1.615954991789449346e+00
-2.525805452012451768e-01,3.084269540023706901e-02
4.975836740464527619e-01,-8.034269342782957013e-01
1.641773543808092428e-01,5.314044732073567312e-01
8.082577446439835611e-02,1.115393213982329712e+00
4.975836740464527619e-01,-1.303988712085415447e+00
1.414451053126972502e+00,4.479775102395034403e-01
-7.526900246997104693e-01,-2.194381935033227760e-01
4.142320941300418613e-01,1.365674102885889418e+00
8.082577446439835611e-02,6.148314361752099666e-01
2.475289342972201156e-01,9.485392880466231302e-01
4.975836740464527619e-01,6.982583991430633130e-01
-8.587738536842340342e-02,1.976966213359436231e-01
9.976931535449180544e-01,8.651123250787698948e-01
1.414451053126972502e+00,1.282247139918036183e+00
-8.360416046161213144e-01,-1.137134786149708754e+00
8.309899937120962532e-01,-8.034269342782957013e-01
-4.192837050340669225e-01,-2.305112267699654716e+00
1.081044733461328899e+00,7.816853621109165484e-01
-1.002744764448943116e+00,3.084269540023706901e-02
2.475289342972201156e-01,-9.702808602140022831e-01
1.641773543808092428e-01,-1.637696563956828610e+00
1.081044733461328899e+00,6.148314361752099666e-01
-1.692289652848342763e-01,6.148314361752099666e-01
-4.192837050340669225e-01,1.976966213359436231e-01
4.142320941300418613e-01,-1.721123526924681846e+00
-2.503073202944338771e+00,-1.137134786149708754e+00
6.642868338792744520e-01,-5.258426756761620802e-02
1.747857372792615882e+00,2.450224621467982367e+00
8.082577446439835611e-02,5.314044732073567312e-01
-1.692289652848342763e-01,3.645505472716502049e-01
-8.360416046161213144e-01,1.949662843660862510e+00
-1.692289652848342763e-01,-8.034269342782957013e-01
-1.692289652848342763e-01,6.982583991430633130e-01
2.331318432207492020e+00,2.283370695532275452e+00
-5.859868648668886681e-01,1.615954991789449346e+00
-2.525805452012451768e-01,-1.303988712085415447e+00
-2.525805452012522788e-03,6.148314361752099666e-01
3.308805142136310162e-01,2.867359436307248544e+00
3.308805142136310162e-01,-5.258426756761620802e-02
1.497802633043383347e+00,-7.199999713104424659e-01
-2.086315303362284546e+00,-2.138258341763948245e+00
1.641773543808092428e-01,8.651123250787698948e-01
1.081044733461328899e+00,1.115393213982329712e+00
8.082577446439835611e-02,1.142696583680903460e-01
-7.526900246997104693e-01,-1.220561749117562211e+00
-8.587738536842340342e-02,4.479775102395034403e-01
-5.859868648668886681e-01,-2.194381935033227760e-01
-4.192837050340669225e-01,2.811235843037969140e-01
7.476384137956854081e-01,2.811235843037969140e-01
-3.359321251176560219e-01,-3.028651564711760669e-01
5.809352539628636070e-01,1.142696583680903460e-01
8.309899937120962532e-01,-5.258426756761620802e-02
9.143415736285070983e-01,-1.721123526924681846e+00
1.497802633043383347e+00,-1.360112305354694850e-01
-1.836260563613051788e+00,5.314044732073567312e-01
-1.169447924281764806e+00,-6.365730083425891195e-01
1.081044733461328899e+00,-3.028651564711760669e-01
-4.192837050340669225e-01,-1.137134786149708754e+00
-8.587738536842340342e-02,-6.365730083425891195e-01
2.081263692458259484e+00,-5.531460453747358841e-01
-2.525805452012451768e-01,9.485392880466231302e-01
-3.359321251176560219e-01,4.479775102395034403e-01
-4.192837050340669225e-01,4.479775102395034403e-01
1.641773543808092428e-01,1.031966251014476477e+00
-7.526900246997104693e-01,-1.637696563956828610e+00
8.082577446439835611e-02,1.198820176950182947e+00
6.642868338792744520e-01,3.084269540023706901e-02
4.142320941300418613e-01,8.651123250787698948e-01
3.308805142136310162e-01,9.485392880466231302e-01
1.641773543808092428e-01,-1.220561749117562211e+00
1.914560532625437794e+00,1.532528028821596111e+00
8.309899937120962532e-01,-3.862921194390293023e-01
-6.693384447832995132e-01,1.142696583680903460e-01
-1.692289652848342763e-01,3.084269540023706901e-02
4.142320941300418613e-01,6.148314361752099666e-01
-9.193931845325321595e-01,-1.220561749117562211e+00
-7.526900246997104693e-01,-1.637696563956828610e+00
-3.359321251176560219e-01,3.645505472716502049e-01
-8.587738536842340342e-02,-1.470842638021121918e+00
-8.587738536842340342e-02,-6.365730083425891195e-01
1.581154212959794192e+00,-3.028651564711760669e-01
-1.169447924281764806e+00,-7.199999713104424659e-01
-1.692289652848342763e-01,-7.199999713104424659e-01
-2.525805452012522788e-03,4.479775102395034403e-01
-3.359321251176560219e-01,5.314044732073567312e-01
-1.692289652848342763e-01,1.699381954757302582e+00
2.475289342972201156e-01,2.617078547403688837e+00
-1.692289652848342763e-01,-3.028651564711760669e-01
5.809352539628636070e-01,1.365674102885889418e+00
8.082577446439835611e-02,3.084269540023706901e-02
9.976931535449180544e-01,-2.194381935033227760e-01
-3.359321251176560219e-01,-8.034269342782957013e-01
-1.002744764448943116e+00,-2.194381935033227760e-01
4.142320941300418613e-01,1.615954991789449346e+00
-1.336151084114586496e+00,-1.303988712085415447e+00
8.082577446439835611e-02,-8.868538972461490477e-01
8.082577446439835611e-02,7.816853621109165484e-01
-2.525805452012522788e-03,2.811235843037969140e-01
1.331099473210561435e+00,1.615954991789449346e+00
-1.336151084114586496e+00,8.651123250787698948e-01
1.641773543808092428e-01,1.615954991789449346e+00
1.664505792876205037e+00,-1.360112305354694850e-01
-3.359321251176560219e-01,-1.470842638021121918e+00
-9.193931845325321595e-01,-6.365730083425891195e-01
8.082577446439835611e-02,6.982583991430633130e-01
4.975836740464527619e-01,-5.258426756761620802e-02
4.975836740464527619e-01,-2.194381935033227760e-01
2.475289342972201156e-01,-4.697190824068825932e-01
-2.525805452012522788e-03,-3.862921194390293023e-01
-8.587738536842340342e-02,-6.365730083425891195e-01
2.581373171956724555e+00,-2.194381935033227760e-01
9.143415736285070983e-01,-4.697190824068825932e-01
2.475289342972201156e-01,4.479775102395034403e-01
-4.192837050340669225e-01,-3.028651564711760669e-01
1.641773543808092428e-01,-1.053707823181855519e+00
8.082577446439835611e-02,1.949662843660862510e+00
-1.502854243947408408e+00,-3.862921194390293023e-01
7.476384137956854081e-01,-8.034269342782957013e-01
1.414451053126972502e+00,-3.028651564711760669e-01
8.082577446439835611e-02,-1.053707823181855519e+00
-9.193931845325321595e-01,-4.697190824068825932e-01
4.142320941300418613e-01,1.142696583680903460e-01
4.975836740464527619e-01,1.699381954757302582e+00
3.308805142136310162e-01,-9.702808602140022831e-01
-1.086096344365353961e+00,4.479775102395034403e-01
4.142320941300418613e-01,1.365674102885889418e+00
-8.587738536842340342e-02,-1.137134786149708754e+00
1.581154212959794192e+00,2.811235843037969140e-01
2.475289342972201156e-01,2.811235843037969140e-01
8.309899937120962532e-01,2.033089806628715746e+00
-2.525805452012522788e-03,-3.028651564711760669e-01
1.414451053126972502e+00,1.976966213359436231e-01
4.975836740464527619e-01,1.365674102885889418e+00
-8.360416046161213144e-01,-2.194381935033227760e-01
8.309899937120962532e-01,4.479775102395034403e-01
1.164396313377739745e+00,1.976966213359436231e-01
-2.525805452012522788e-03,4.479775102395034403e-01
1.081044733461328899e+00,7.816853621109165484e-01
-5.859868648668886681e-01,1.699381954757302582e+00
1.581154212959794192e+00,2.033089806628715746e+00
7.476384137956854081e-01,1.198820176950182947e+00
-1.252799504198175651e+00,-8.034269342782957013e-01
-2.525805452012522788e-03,5.314044732073567312e-01
5.809352539628636070e-01,-4.697190824068825932e-01
1.414451053126972502e+00,5.314044732073567312e-01
2.475289342972201156e-01,-8.868538972461490477e-01
7.476384137956854081e-01,1.142696583680903460e-01
8.082577446439835611e-02,-5.258426756761620802e-02
9.143415736285070983e-01,-1.470842638021121918e+00
-5.859868648668886681e-01,8.651123250787698948e-01
-8.360416046161213144e-01,8.651123250787698948e-01
4.142320941300418613e-01,5.314044732073567312e-01
2.475289342972201156e-01,-3.862921194390293023e-01
1.081044733461328899e+00,-6.365730083425891195e-01
4.142320941300418613e-01,4.479775102395034403e-01
1.081044733461328899e+00,1.031966251014476477e+00
-8.587738536842340342e-02,1.142696583680903460e-01
-6.693384447832995132e-01,-1.721123526924681846e+00
-2.525805452012451768e-01,6.148314361752099666e-01
9.143415736285070983e-01,1.949662843660862510e+00
5.809352539628636070e-01,-1.360112305354694850e-01
-1.919612143529462633e+00,-5.258426756761620802e-02
1.497802633043383347e+00,8.651123250787698948e-01
-1.692289652848342763e-01,1.532528028821596111e+00
3.308805142136310162e-01,-8.034269342782957013e-01
6.642868338792744520e-01,5.314044732073567312e-01
-2.525805452012522788e-03,1.976966213359436231e-01
-5.859868648668886681e-01,-9.702808602140022831e-01
4.142320941300418613e-01,1.866235880693009275e+00
7.476384137956854081e-01,1.976966213359436231e-01
-9.193931845325321595e-01,-1.360112305354694850e-01
-7.526900246997104693e-01,-2.194381935033227760e-01
-5.026352849504778231e-01,-3.028651564711760669e-01
1.331099473210561435e+00,9.485392880466231302e-01
-8.587738536842340342e-02,-1.470842638021121918e+00
-1.419502664030997563e+00,-1.303988712085415447e+00
2.475289342972201156e-01,7.816853621109165484e-01
-1.002744764448943116e+00,-1.387415675053268682e+00
-2.525805452012451768e-01,-3.028651564711760669e-01
5.809352539628636070e-01,3.084269540023706901e-02
6.642868338792744520e-01,-3.028651564711760669e-01
3.081482651455190069e+00,1.198820176950182947e+00
-1.252799504198175651e+00,-2.194381935033227760e-01
-1.086096344365353961e+00,-3.862921194390293023e-01
8.082577446439835611e-02,2.811235843037969140e-01
-9.193931845325321595e-01,3.645505472716502049e-01
1.164396313377739745e+00,2.617078547403688837e+00
-1.086096344365353961e+00,1.449101065853742876e+00
-2.525805452012451768e-01,3.084269540023706901e-02
-1.502854243947408408e+00,-1.470842638021121918e+00
-8.360416046161213144e-01,-8.868538972461490477e-01
-1.169447924281764806e+00,-1.470842638021121918e+00
1.164396313377739745e+00,8.651123250787698948e-01
-1.336151084114586496e+00,1.031966251014476477e+00
1.664505792876205037e+00,-5.258426756761620802e-02
5.809352539628636070e-01,8.651123250787698948e-01
1.664505792876205037e+00,1.782808917725155817e+00
-4.192837050340669225e-01,-1.053707823181855519e+00
-1.169447924281764806e+00,-7.199999713104424659e-01
-1.692289652848342763e-01,-1.137134786149708754e+00
1.997912112541848639e+00,1.365674102885889418e+00
5.809352539628636070e-01,5.314044732073567312e-01
9.143415736285070983e-01,1.532528028821596111e+00
-2.525805452012522788e-03,-1.721123526924681846e+00
-7.526900246997104693e-01,-2.194381935033227760e-01
5.809352539628636070e-01,1.142696583680903460e-01
1.414451053126972502e+00,5.314044732073567312e-01
-1.419502664030997563e+00,-3.862921194390293023e-01
-2.525805452012522788e-03,-1.721123526924681846e+00
-1.169447924281764806e+00,-1.721123526924681846e+00
-1.086096344365353961e+00,1.866235880693009275e+00
2.331318432207492020e+00,1.282247139918036183e+00
-1.086096344365353961e+00,-3.862921194390293023e-01
-6.693384447832995132e-01,-4.697190824068825932e-01
-1.086096344365353961e+00,-3.028651564711760669e-01
3.308805142136310162e-01,1.115393213982329712e+00
4.975836740464527619e-01,8.651123250787698948e-01
1.641773543808092428e-01,5.314044732073567312e-01
3.308805142136310162e-01,-1.360112305354694850e-01
1.247747893294150590e+00,-5.531460453747358841e-01
5.809352539628636070e-01,-2.194381935033227760e-01
-2.525805452012451768e-01,1.142696583680903460e-01
-2.525805452012522788e-03,-1.053707823181855519e+00
1.247747893294150590e+00,1.976966213359436231e-01
6.642868338792744520e-01,7.816853621109165484e-01
-1.086096344365353961e+00,-6.365730083425891195e-01
8.309899937120962532e-01,-8.868538972461490477e-01
3.308805142136310162e-01,5.314044732073567312e-01
-1.086096344365353961e+00,-3.028651564711760669e-01
-1.169447924281764806e+00,5.314044732073567312e-01
-2.525805452012451768e-01,1.615954991789449346e+00
4.975836740464527619e-01,-5.531460453747358841e-01
-7.526900246997104693e-01,4.479775102395034403e-01
4.142320941300418613e-01,-3.862921194390293023e-01
1.247747893294150590e+00,3.645505472716502049e-01
1.164396313377739745e+00,-8.034269342782957013e-01
-6.693384447832995132e-01,-3.862921194390293023e-01
-5.859868648668886681e-01,-1.360112305354694850e-01
9.976931535449180544e-01,1.115393213982329712e+00
-1.086096344365353961e+00,-1.554269600988975153e+00
1.331099473210561435e+00,6.148314361752099666e-01
-4.192837050340669225e-01,-1.053707823181855519e+00
1.641773543808092428e-01,6.982583991430633130e-01
-2.525805452012522788e-03,5.314044732073567312e-01
7.476384137956854081e-01,-3.028651564711760669e-01
-1.586205823863819253e+00,-8.868538972461490477e-01
-1.419502664030997563e+00,1.949662843660862510e+00
-5.859868648668886681e-01,-3.028651564711760669e-01
8.082577446439835611e-02,2.811235843037969140e-01
4.975836740464527619e-01,-5.531460453747358841e-01
1.247747893294150590e+00,1.282247139918036183e+00
1.581154212959794192e+00,-1.303988712085415447e+00
-8.587738536842340342e-02,-3.862921194390293023e-01
-2.525805452012522788e-03,1.031966251014476477e+00
-7.526900246997104693e-01,-8.034269342782957013e-01
-1.252799504198175651e+00,-1.360112305354694850e-01
-5.859868648668886681e-01,-3.862921194390293023e-01
3.308805142136310162e-01,1.532528028821596111e+00
-6.693384447832995132e-01,-8.034269342782957013e-01
-8.587738536842340342e-02,1.976966213359436231e-01
-7.526900246997104693e-01,-7.199999713104424659e-01
9.143415736285070983e-01,3.084269540023706901e-02
-5.859868648668886681e-01,-1.804550489892535081e+00
3.308805142136310162e-01,-3.862921194390293023e-01
1.164396313377739745e+00,3.645505472716502049e-01
1.997912112541848639e+00,7.816853621109165484e-01
1.641773543808092428e-01,-6.365730083425891195e-01
8.309899937120962532e-01,7.816853621109165484e-01
1.081044733461328899e+00,1.282247139918036183e+00
2.475289342972201156e-01,-1.303988712085415447e+00
1.747857372792615882e+00,1.031966251014476477e+00
6.642868338792744520e-01,1.115393213982329712e+00
1.641773543808092428e-01,6.148314361752099666e-01
6.642868338792744520e-01,3.117640325210808250e+00
-2.525805452012522788e-03,2.811235843037969140e-01
-4.192837050340669225e-01,1.031966251014476477e+00
4.975836740464527619e-01,-2.194381935033227760e-01
7.476384137956854081e-01,-1.053707823181855519e+00
-5.859868648668886681e-01,-1.053707823181855519e+00
-1.336151084114586496e+00,-6.365730083425891195e-01
-1.252799504198175651e+00,1.031966251014476477e+00
-7.526900246997104693e-01,1.699381954757302582e+00
-1.692289652848342763e-01,-1.387415675053268682e+00
8.082577446439835611e-02,-2.054831378796095009e+00
9.143415736285070983e-01,3.084269540023706901e-02
-7.526900246997104693e-01,1.031966251014476477e+00
2.247966852291081175e+00,3.645505472716502049e-01
9.143415736285070983e-01,-3.862921194390293023e-01
8.082577446439835611e-02,2.116516769596568981e+00
1.164396313377739745e+00,-6.365730083425891195e-01
-9.193931845325321595e-01,-1.470842638021121918e+00
2.475289342972201156e-01,-3.028651564711760669e-01
-5.026352849504778231e-01,3.084269540023706901e-02
-2.002963723445873701e+00,-9.702808602140022831e-01
-8.587738536842340342e-02,2.533651584435835602e+00
1.664505792876205037e+00,1.198820176950182947e+00
-2.336370043111517081e+00,-2.194381935033227760e-01
-7.526900246997104693e-01,1.976966213359436231e-01
-1.169447924281764806e+00,-8.034269342782957013e-01
-1.692289652848342763e-01,3.084269540023706901e-02
-1.252799504198175651e+00,-3.028651564711760669e-01
1.414451053126972502e+00,1.031966251014476477e+00
2.498021592040313710e+00,1.976966213359436231e-01
-2.525805452012451768e-01,-9.702808602140022831e-01
7.476384137956854081e-01,7.816853621109165484e-01
-7.526900246997104693e-01,-5.258426756761620802e-02
-5.026352849504778231e-01,3.084269540023706901e-02
-6.693384447832995132e-01,3.084269540023706901e-02
1.641773543808092428e-01,-8.034269342782957013e-01
1.497802633043383347e+00,1.866235880693009275e+00
3.308805142136310162e-01,-9.702808602140022831e-01
-4.192837050340669225e-01,2.811235843037969140e-01
2.475289342972201156e-01,9.485392880466231302e-01
7.476384137956854081e-01,3.084269540023706901e-02
-5.026352849504778231e-01,1.031966251014476477e+00
-1.502854243947408408e+00,-1.554269600988975153e+00
4.142320941300418613e-01,-7.199999713104424659e-01
2.081263692458259484e+00,1.115393213982329712e+00
7.476384137956854081e-01,-1.360112305354694850e-01
4.975836740464527619e-01,-8.034269342782957013e-01
-1.002744764448943116e+00,-1.470842638021121918e+00
4.975836740464527619e-01,-8.868538972461490477e-01
-5.026352849504778231e-01,-1.053707823181855519e+00
-2.525805452012522788e-03,9.485392880466231302e-01
-5.859868648668886681e-01,7.816853621109165484e-01
5.809352539628636070e-01,8.651123250787698948e-01
-2.002963723445873701e+00,-1.554269600988975153e+00
-3.359321251176560219e-01,-1.053707823181855519e+00
1.247747893294150590e+00,1.449101065853742876e+00
-3.359321251176560219e-01,2.811235843037969140e-01
4.142320941300418613e-01,2.811235843037969140e-01
2.081263692458259484e+00,2.366797658500128687e+00
-3.359321251176560219e-01,1.142696583680903460e-01
8.309899937120962532e-01,1.142696583680903460e-01
-7.526900246997104693e-01,6.148314361752099666e-01
-8.587738536842340342e-02,-6.365730083425891195e-01
-5.859868648668886681e-01,6.982583991430633130e-01
-1.086096344365353961e+00,-2.054831378796095009e+00
-8.360416046161213144e-01,-1.303988712085415447e+00
9.143415736285070983e-01,4.479775102395034403e-01
1.081044733461328899e+00,1.615954991789449346e+00
1.641773543808092428e-01,9.485392880466231302e-01
9.976931535449180544e-01,1.282247139918036183e+00
-2.525805452012522788e-03,6.148314361752099666e-01
-3.359321251176560219e-01,3.645505472716502049e-01
9.143415736285070983e-01,1.532528028821596111e+00
1.081044733461328899e+00,-1.220561749117562211e+00
-2.525805452012451768e-01,3.645505472716502049e-01
-2.525805452012522788e-03,1.142696583680903460e-01
7.476384137956854081e-01,-1.220561749117562211e+00
-3.359321251176560219e-01,9.485392880466231302e-01
-6.693384447832995132e-01,3.084269540023706901e-02
-8.587738536842340342e-02,1.976966213359436231e-01
-1.692289652848342763e-01,1.142696583680903460e-01
-1.419502664030997563e+00,1.449101065853742876e+00
-3.359321251176560219e-01,1.976966213359436231e-01
-9.193931845325321595e-01,3.645505472716502049e-01
-8.587738536842340342e-02,-1.303988712085415447e+00
8.082577446439835611e-02,-8.034269342782957013e-01
2.475289342972201156e-01,-7.199999713104424659e-01
1.641773543808092428e-01,-5.531460453747358841e-01
2.414670012123902865e+00,1.866235880693009275e+00
-5.859868648668886681e-01,-6.365730083425891195e-01
-6.693384447832995132e-01,-4.697190824068825932e-01
-2.525805452012451768e-01,-5.258426756761620802e-02
2.475289342972201156e-01,2.199943732564422216e+00
4.975836740464527619e-01,3.645505472716502049e-01
-1.692289652848342763e-01,6.982583991430633130e-01
2.475289342972201156e-01,1.449101065853742876e+00
1.641773543808092428e-01,-5.531460453747358841e-01
4.975836740464527619e-01,1.699381954757302582e+00
-1.169447924281764806e+00,1.031966251014476477e+00
-2.169666883278695391e+00,1.282247139918036183e+00
6.642868338792744520e-01,-2.194381935033227760e-01
-1.002744764448943116e+00,3.084269540023706901e-02
1.641773543808092428e-01,6.982583991430633130e-01
5.248623729281872485e+00,4.953033510503580317e+00
-1.502854243947408408e+00,-2.054831378796095009e+00
-8.360416046161213144e-01,-6.365730083425891195e-01
6.642868338792744520e-01,-6.365730083425891195e-01
-5.859868648668886681e-01,1.031966251014476477e+00
-1.586205823863819253e+00,-3.028651564711760669e-01
-2.525805452012451768e-01,-7.199999713104424659e-01
-9.193931845325321595e-01,1.976966213359436231e-01
-1.002744764448943116e+00,-9.702808602140022831e-01
1.164396313377739745e+00,1.115393213982329712e+00
-2.586424782860749616e+00,-1.137134786149708754e+00
-1.692289652848342763e-01,-6.365730083425891195e-01
-1.669557403780230098e+00,1.976966213359436231e-01
9.143415736285070983e-01,-5.258426756761620802e-02
-7.526900246997104693e-01,-5.531460453747358841e-01
8.082577446439835611e-02,1.282247139918036183e+00
9.143415736285070983e-01,1.532528028821596111e+00
-5.859868648668886681e-01,1.142696583680903460e-01
-1.002744764448943116e+00,-1.387415675053268682e+00
-1.586205823863819253e+00,-5.531460453747358841e-01
-1.002744764448943116e+00,-1.887977452860388317e+00
4.975836740464527619e-01,3.084269540023706901e-02
4.142320941300418613e-01,-9.702808602140022831e-01
-3.359321251176560219e-01,4.479775102395034403e-01
-1.252799504198175651e+00,-9.702808602140022831e-01
1.664505792876205037e+00,-3.028651564711760669e-01
8.309899937120962532e-01,1.142696583680903460e-01
9.143415736285070983e-01,5.314044732073567312e-01
-9.193931845325321595e-01,-1.804550489892535081e+00
-6.693384447832995132e-01,6.148314361752099666e-01
-4.192837050340669225e-01,-1.220561749117562211e+00
-6.693384447832995132e-01,-2.054831378796095009e+00
3.308805142136310162e-01,-5.258426756761620802e-02
-2.525805452012522788e-03,1.142696583680903460e-01
4.975836740464527619e-01,-1.637696563956828610e+00
4.142320941300418613e-01,2.199943732564422216e+00
-2.525805452012522788e-03,-1.387415675053268682e+00
3.308805142136310162e-01,1.949662843660862510e+00
8.309899937120962532e-01,1.142696583680903460e-01
6.642868338792744520e-01,-4.697190824068825932e-01
-4.192837050340669225e-01,2.811235843037969140e-01
1.081044733461328899e+00,1.449101065853742876e+00
-1.169447924281764806e+00,-4.697190824068825932e-01
-1.836260563613051788e+00,-5.258426756761620802e-02
3.308805142136310162e-01,-8.034269342782957013e-01
-1.692289652848342763e-01,1.115393213982329712e+00
1.641773543808092428e-01,-8.868538972461490477e-01
9.976931535449180544e-01,-9.702808602140022831e-01
7.476384137956854081e-01,3.645505472716502049e-01
-8.360416046161213144e-01,1.198820176950182947e+00
-1.336151084114586496e+00,-2.194381935033227760e-01
-1.169447924281764806e+00,-6.365730083425891195e-01
1.164396313377739745e+00,1.031966251014476477e+00
-2.525805452012451768e-01,-1.137134786149708754e+00
2.475289342972201156e-01,-5.531460453747358841e-01
-1.919612143529462633e+00,-1.360112305354694850e-01
-3.359321251176560219e-01,1.142696583680903460e-01
7.476384137956854081e-01,-4.697190824068825932e-01
1.664505792876205037e+00,1.198820176950182947e+00
2.081263692458259484e+00,1.532528028821596111e+00
1.414451053126972502e+00,8.651123250787698948e-01
9.976931535449180544e-01,5.314044732073567312e-01
-6.693384447832995132e-01,-2.194381935033227760e-01
-2.253018463195106236e+00,-1.137134786149708754e+00
7.476384137956854081e-01,2.811235843037969140e-01
-2.525805452012451768e-01,2.199943732564422216e+00
4.975836740464527619e-01,1.115393213982329712e+00
1.497802633043383347e+00,1.115393213982329712e+00
3.308805142136310162e-01,-3.862921194390293023e-01
1.331099473210561435e+00,1.615954991789449346e+00
8.082577446439835611e-02,1.976966213359436231e-01
-2.525805452012451768e-01,-9.702808602140022831e-01
2.831427911705957534e+00,2.283370695532275452e+00
1.247747893294150590e+00,1.198820176950182947e+00
-2.525805452012522788e-03,1.976966213359436231e-01
-4.192837050340669225e-01,6.148314361752099666e-01
4.975836740464527619e-01,1.142696583680903460e-01
1.747857372792615882e+00,6.148314361752099666e-01
3.308805142136310162e-01,-1.804550489892535081e+00
-8.587738536842340342e-02,-8.868538972461490477e-01
4.142320941300418613e-01,-1.637696563956828610e+00
1.247747893294150590e+00,1.782808917725155817e+00
2.475289342972201156e-01,3.645505472716502049e-01
-8.360416046161213144e-01,-3.028651564711760669e-01
7.476384137956854081e-01,3.645505472716502049e-01
-1.669557403780230098e+00,-5.258426756761620802e-02
-7.526900246997104693e-01,-1.303988712085415447e+00
-5.859868648668886681e-01,-2.194381935033227760e-01
3.308805142136310162e-01,-1.637696563956828610e+00
-1.002744764448943116e+00,1.365674102885889418e+00
-1.086096344365353961e+00,-6.365730083425891195e-01
-2.525805452012522788e-03,-1.053707823181855519e+00
9.976931535449180544e-01,1.532528028821596111e+00
1.497802633043383347e+00,6.982583991430633130e-01
-2.525805452012451768e-01,1.282247139918036183e+00
-2.525805452012522788e-03,1.976966213359436231e-01
3.308805142136310162e-01,5.314044732073567312e-01
4.975836740464527619e-01,3.645505472716502049e-01
8.082577446439835611e-02,-7.199999713104424659e-01
1.641773543808092428e-01,2.811235843037969140e-01
9.143415736285070983e-01,6.148314361752099666e-01
5.809352539628636070e-01,1.031966251014476477e+00
-8.587738536842340342e-02,5.314044732073567312e-01
-1.502854243947408408e+00,-8.034269342782957013e-01
4.975836740464527619e-01,-3.862921194390293023e-01
6.642868338792744520e-01,-5.258426756761620802e-02
8.082577446439835611e-02,8.651123250787698948e-01
1.747857372792615882e+00,7.816853621109165484e-01
4.975836740464527619e-01,-3.862921194390293023e-01
-4.192837050340669225e-01,-3.028651564711760669e-01
2.475289342972201156e-01,7.816853621109165484e-01
-2.525805452012451768e-01,-1.637696563956828610e+00
1.247747893294150590e+00,2.811235843037969140e-01
7.476384137956854081e-01,3.645505472716502049e-01
8.082577446439835611e-02,-6.365730083425891195e-01
-1.669557403780230098e+00,-3.028651564711760669e-01
-2.525805452012451768e-01,9.485392880466231302e-01
-9.193931845325321595e-01,-2.138258341763948245e+00
-8.587738536842340342e-02,-6.365730083425891195e-01
-1.336151084114586496e+00,1.142696583680903460e-01
1.914560532625437794e+00,-5.258426756761620802e-02
-7.526900246997104693e-01,-2.305112267699654716e+00
1.641773543808092428e-01,2.811235843037969140e-01
-3.359321251176560219e-01,-3.862921194390293023e-01
-8.587738536842340342e-02,6.148314361752099666e-01
1.664505792876205037e+00,6.982583991430633130e-01
5.809352539628636070e-01,-9.702808602140022831e-01
-1.336151084114586496e+00,1.142696583680903460e-01
-2.525805452012451768e-01,7.816853621109165484e-01
8.309899937120962532e-01,-6.365730083425891195e-01
-5.026352849504778231e-01,4.479775102395034403e-01
8.082577446439835611e-02,1.365674102885889418e+00
2.475289342972201156e-01,-9.702808602140022831e-01
8.309899937120962532e-01,-7.199999713104424659e-01
4.142320941300418613e-01,-5.531460453747358841e-01
4.975836740464527619e-01,1.866235880693009275e+00
3.308805142136310162e-01,-1.360112305354694850e-01
-2.525805452012451768e-01,-1.360112305354694850e-01
-7.526900246997104693e-01,-1.137134786149708754e+00
1.997912112541848639e+00,1.031966251014476477e+00
1.081044733461328899e+00,1.532528028821596111e+00
4.975836740464527619e-01,-1.303988712085415447e+00
-1.002744764448943116e+00,-1.637696563956828610e+00
-1.692289652848342763e-01,1.031966251014476477e+00
2.164615272374670329e+00,6.148314361752099666e-01
-2.525805452012522788e-03,3.084269540023706901e-02
6.642868338792744520e-01,-2.805674045506774572e+00
4.975836740464527619e-01,9.485392880466231302e-01
-1.586205823863819253e+00,1.142696583680903460e-01
1.497802633043383347e+00,1.949662843660862510e+00
-8.587738536842340342e-02,-1.360112305354694850e-01
1.081044733461328899e+00,3.645505472716502049e-01
1.081044733461328899e+00,-3.028651564711760669e-01
-1.692289652848342763e-01,-4.697190824068825932e-01
-2.525805452012451768e-01,3.084269540023706901e-02
-2.525805452012522788e-03,-6.365730083425891195e-01
2.331318432207492020e+00,4.479775102395034403e-01
-5.026352849504778231e-01,5.314044732073567312e-01
-1.169447924281764806e+00,-2.194381935033227760e-01
4.975836740464527619e-01,1.449101065853742876e+00
1.581154212959794192e+00,1.976966213359436231e-01
3.308805142136310162e-01,1.976966213359436231e-01
-4.192837050340669225e-01,-1.137134786149708754e+00
5.809352539628636070e-01,6.982583991430633130e-01
4.142320941300418613e-01,8.651123250787698948e-01
-8.587738536842340342e-02,-1.303988712085415447e+00
3.308805142136310162e-01,-7.199999713104424659e-01
-1.692289652848342763e-01,1.976966213359436231e-01
3.308805142136310162e-01,-1.137134786149708754e+00
-6.693384447832995132e-01,-3.862921194390293023e-01
-3.359321251176560219e-01,-5.258426756761620802e-02
-3.359321251176560219e-01,-8.868538972461490477e-01
2.247966852291081175e+00,1.532528028821596111e+00
6.642868338792744520e-01,-6.365730083425891195e-01
-4.192837050340669225e-01,-3.028651564711760669e-01
5.809352539628636070e-01,1.031966251014476477e+00
-8.587738536842340342e-02,5.314044732073567312e-01
-5.026352849504778231e-01,1.115393213982329712e+00
1.641773543808092428e-01,-5.531460453747358841e-01
-2.419721623027927926e+00,2.811235843037969140e-01
1.581154212959794192e+00,-5.531460453747358841e-01
-1.002744764448943116e+00,-1.303988712085415447e+00
4.142320941300418613e-01,-9.702808602140022831e-01
1.164396313377739745e+00,7.816853621109165484e-01
5.809352539628636070e-01,9.485392880466231302e-01
4.142320941300418613e-01,-1.360112305354694850e-01
2.475289342972201156e-01,-2.054831378796095009e+00
9.976931535449180544e-01,1.198820176950182947e+00
-1.586205823863819253e+00,1.198820176950182947e+00
9.143415736285070983e-01,7.816853621109165484e-01
1.164396313377739745e+00,-5.258426756761620802e-02
-1.692289652848342763e-01,5.314044732073567312e-01
-5.859868648668886681e-01,-3.862921194390293023e-01
2.475289342972201156e-01,-1.360112305354694850e-01
-1.419502664030997563e+00,-5.258426756761620802e-02
-6.693384447832995132e-01,9.485392880466231302e-01
-1.502854243947408408e+00,3.645505472716502049e-01
9.143415736285070983e-01,1.699381954757302582e+00
-1.336151084114586496e+00,1.976966213359436231e-01
8.082577446439835611e-02,2.950786399275101779e+00
3.308805142136310162e-01,-5.531460453747358841e-01
2.581373171956724555e+00,3.084269540023706901e-02
-8.587738536842340342e-02,3.645505472716502049e-01
9.143415736285070983e-01,-1.637696563956828610e+00
1.164396313377739745e+00,1.615954991789449346e+00
-1.692289652848342763e-01,3.084269540023706901e-02
1.414451053126972502e+00,2.283370695532275452e+00
1.331099473210561435e+00,-1.303988712085415447e+00
-5.859868648668886681e-01,1.115393213982329712e+00
-6.693384447832995132e-01,7.816853621109165484e-01
-2.525805452012522788e-03,4.479775102395034403e-01
1.497802633043383347e+00,-4.697190824068825932e-01
-7.526900246997104693e-01,-4.697190824068825932e-01
4.142320941300418613e-01,-6.365730083425891195e-01
8.309899937120962532e-01,2.811235843037969140e-01
-1.669557403780230098e+00,1.782808917725155817e+00
-1.836260563613051788e+00,-6.365730083425891195e-01
-5.859868648668886681e-01,2.811235843037969140e-01
-7.526900246997104693e-01,-1.360112305354694850e-01
4.142320941300418613e-01,-3.028651564711760669e-01
-1.169447924281764806e+00,-1.637696563956828610e+00
1.081044733461328899e+00,1.142696583680903460e-01
1.164396313377739745e+00,-9.702808602140022831e-01
1.641773543808092428e-01,1.782808917725155817e+00
3.308805142136310162e-01,-1.053707823181855519e+00
-1.692289652848342763e-01,3.084269540023706901e-02
9.143415736285070983e-01,-2.138258341763948245e+00
4.975836740464527619e-01,-5.258426756761620802e-02
-8.587738536842340342e-02,6.982583991430633130e-01
-1.692289652848342763e-01,1.198820176950182947e+00
4.142320941300418613e-01,3.645505472716502049e-01
-1.752908983696640943e+00,-8.034269342782957013e-01
-4.192837050340669225e-01,-2.194381935033227760e-01
1.997912112541848639e+00,1.532528028821596111e+00
-3.359321251176560219e-01,3.645505472716502049e-01
2.998131071538779224e+00,1.699381954757302582e+00
8.082577446439835611e-02,6.148314361752099666e-01
-1.752908983696640943e+00,-1.220561749117562211e+00
-4.192837050340669225e-01,3.084269540023706901e-02
6.642868338792744520e-01,-4.697190824068825932e-01
2.331318432207492020e+00,1.365674102885889418e+00
-5.859868648668886681e-01,-7.199999713104424659e-01
1.247747893294150590e+00,1.142696583680903460e-01
-1.086096344365353961e+00,-7.199999713104424659e-01
5.809352539628636070e-01,-2.972527971442481043e+00
2.247966852291081175e+00,-1.387415675053268682e+00
-5.026352849504778231e-01,-2.305112267699654716e+00
6.642868338792744520e-01,-2.054831378796095009e+00
3.308805142136310162e-01,4.479775102395034403e-01
-2.525805452012451768e-01,1.142696583680903460e-01
2.475289342972201156e-01,-5.531460453747358841e-01
8.082577446439835611e-02,5.314044732073567312e-01
-5.026352849504778231e-01,6.982583991430633130e-01
1.414451053126972502e+00,3.084269540023706901e-02
1.641773543808092428e-01,4.479775102395034403e-01
-1.586205823863819253e+00,-6.365730083425891195e-01
8.309899937120962532e-01,-3.862921194390293023e-01
1.641773543808092428e-01,1.198820176950182947e+00
2.081263692458259484e+00,-1.360112305354694850e-01
-1.669557403780230098e+00,-1.303988712085415447e+00
7.476384137956854081e-01,1.115393213982329712e+00
8.082577446439835611e-02,5.314044732073567312e-01
1.247747893294150590e+00,-6.365730083425891195e-01
-2.525805452012451768e-01,-3.862921194390293023e-01
-5.026352849504778231e-01,1.031966251014476477e+00
-5.026352849504778231e-01,-8.868538972461490477e-01
1.414451053126972502e+00,1.365674102885889418e+00
-3.359321251176560219e-01,1.976966213359436231e-01
-9.193931845325321595e-01,1.031966251014476477e+00
2.414670012123902865e+00,1.532528028821596111e+00
1.747857372792615882e+00,-5.531460453747358841e-01
1.247747893294150590e+00,1.976966213359436231e-01
-6.693384447832995132e-01,-5.258426756761620802e-02
-7.526900246997104693e-01,1.142696583680903460e-01
-2.525805452012451768e-01,-3.028651564711760669e-01
5.809352539628636070e-01,-1.303988712085415447e+00
4.142320941300418613e-01,-8.868538972461490477e-01
3.308805142136310162e-01,-2.194381935033227760e-01
2.247966852291081175e+00,1.031966251014476477e+00
-5.026352849504778231e-01,-1.137134786149708754e+00
8.309899937120962532e-01,-8.868538972461490477e-01
-8.360416046161213144e-01,6.982583991430633130e-01
-3.359321251176560219e-01,2.811235843037969140e-01
6.642868338792744520e-01,-1.053707823181855519e+00
-1.002744764448943116e+00,-1.053707823181855519e+00
1.831208952709026727e+00,1.449101065853742876e+00
9.976931535449180544e-01,1.699381954757302582e+00
-1.586205823863819253e+00,-5.258426756761620802e-02
8.309899937120962532e-01,-6.365730083425891195e-01
2.081263692458259484e+00,1.115393213982329712e+00
2.475289342972201156e-01,1.532528028821596111e+00
-1.669557403780230098e+00,-1.554269600988975153e+00
-1.752908983696640943e+00,-8.868538972461490477e-01
1.497802633043383347e+00,1.866235880693009275e+00
4.975836740464527619e-01,6.148314361752099666e-01
4.142320941300418613e-01,7.816853621109165484e-01
4.142320941300418613e-01,-1.804550489892535081e+00
1.331099473210561435e+00,-1.220561749117562211e+00
1.164396313377739745e+00,1.115393213982329712e+00
8.082577446439835611e-02,-1.470842638021121918e+00
1.641773543808092428e-01,2.811235843037969140e-01
-8.587738536842340342e-02,-5.531460453747358841e-01
7.476384137956854081e-01,-5.258426756761620802e-02
-4.192837050340669225e-01,-1.360112305354694850e-01
1.914560532625437794e+00,1.282247139918036183e+00
-9.193931845325321595e-01,4.479775102395034403e-01
-2.419721623027927926e+00,-1.220561749117562211e+00
1.997912112541848639e+00,-1.360112305354694850e-01
-6.693384447832995132e-01,-2.194381935033227760e-01
1.641773543808092428e-01,-3.028651564711760669e-01
4.975836740464527619e-01,-1.554269600988975153e+00
-5.026352849504778231e-01,4.479775102395034403e-01
8.082577446439835611e-02,1.976966213359436231e-01
9.976931535449180544e-01,1.699381954757302582e+00
3.164834231371600914e+00,1.282247139918036183e+00
8.082577446439835611e-02,3.645505472716502049e-01
1.747857372792615882e+00,-8.868538972461490477e-01
-2.669776362777160461e+00,-1.053707823181855519e+00
-5.859868648668886681e-01,-1.721123526924681846e+00
-2.525805452012451768e-01,6.148314361752099666e-01
2.331318432207492020e+00,1.699381954757302582e+00
-6.693384447832995132e-01,4.479775102395034403e-01
8.082577446439835611e-02,-5.531460453747358841e-01
2.081263692458259484e+00,1.142696583680903460e-01
-1.502854243947408408e+00,-5.531460453747358841e-01
3.308805142136310162e-01,1.031966251014476477e+00
-4.192837050340669225e-01,-2.194381935033227760e-01
-1.086096344365353961e+00,-5.258426756761620802e-02
4.975836740464527619e-01,-1.360112305354694850e-01
3.664943710870065985e+00,-1.220561749117562211e+00
2.475289342972201156e-01,-8.868538972461490477e-01
-9.193931845325321595e-01,-6.365730083425891195e-01
-3.359321251176560219e-01,-8.868538972461490477e-01
8.309899937120962532e-01,1.976966213359436231e-01
-1.836260563613051788e+00,-1.137134786149708754e+00
-1.502854243947408408e+00,3.645505472716502049e-01
-1.002744764448943116e+00,4.479775102395034403e-01
-1.169447924281764806e+00,-3.028651564711760669e-01
-1.002744764448943116e+00,-1.554269600988975153e+00
8.309899937120962532e-01,8.651123250787698948e-01
1.247747893294150590e+00,-3.028651564711760669e-01
1.414451053126972502e+00,1.142696583680903460e-01
1.641773543808092428e-01,-4.697190824068825932e-01
-2.753127942693571306e+00,-5.531460453747358841e-01
-2.419721623027927926e+00,-1.637696563956828610e+00
-5.859868648668886681e-01,-1.360112305354694850e-01
-5.859868648668886681e-01,2.811235843037969140e-01
-1.919612143529462633e+00,-7.199999713104424659e-01
-3.359321251176560219e-01,6.148314361752099666e-01
-1.669557403780230098e+00,-1.053707823181855519e+00
7.476384137956854081e-01,1.866235880693009275e+00
-2.525805452012522788e-03,5.314044732073567312e-01
-9.193931845325321595e-01,-1.554269600988975153e+00
-1.336151084114586496e+00,-1.360112305354694850e-01
1.331099473210561435e+00,6.982583991430633130e-01
7.476384137956854081e-01,1.198820176950182947e+00
-2.836479522609982595e+00,-1.387415675053268682e+00
5.809352539628636070e-01,-3.862921194390293023e-01
-1.419502664030997563e+00,-2.305112267699654716e+00
-8.587738536842340342e-02,-1.303988712085415447e+00
-1.169447924281764806e+00,4.479775102395034403e-01
-1.002744764448943116e+00,-3.862921194390293023e-01
-1.669557403780230098e+00,-1.137134786149708754e+00
9.976931535449180544e-01,8.651123250787698948e-01
1.331099473210561435e+00,4.479775102395034403e-01
-4.192837050340669225e-01,-1.360112305354694850e-01
8.082577446439835611e-02,2.811235843037969140e-01
-1.692289652848342763e-01,1.142696583680903460e-01
4.975836740464527619e-01,1.142696583680903460e-01
-3.359321251176560219e-01,-3.028651564711760669e-01
1.414451053126972502e+00,1.699381954757302582e+00
-5.859868648668886681e-01,-1.721123526924681846e+00
-1.169447924281764806e+00,3.084269540023706901e-02
1.247747893294150590e+00,8.651123250787698948e-01
8.309899937120962532e-01,3.084269540023706901e-02
1.247747893294150590e+00,3.645505472716502049e-01
4.142320941300418613e-01,-1.387415675053268682e+00
-2.336370043111517081e+00,7.816853621109165484e-01
-5.026352849504778231e-01,7.816853621109165484e-01
-4.192837050340669225e-01,-1.220561749117562211e+00
5.809352539628636070e-01,-1.303988712085415447e+00
4.975836740464527619e-01,-5.258426756761620802e-02
-2.169666883278695391e+00,-1.554269600988975153e+00
-6.693384447832995132e-01,-3.862921194390293023e-01
3.308805142136310162e-01,-3.028651564711760669e-01
-2.169666883278695391e+00,4.479775102395034403e-01
-1.086096344365353961e+00,9.485392880466231302e-01
8.082577446439835611e-02,-1.137134786149708754e+00
8.082577446439835611e-02,4.479775102395034403e-01
-2.253018463195106236e+00,-8.868538972461490477e-01
-1.336151084114586496e+00,9.485392880466231302e-01
1.641773543808092428e-01,3.084269540023706901e-02
9.143415736285070983e-01,1.115393213982329712e+00
-1.002744764448943116e+00,-5.531460453747358841e-01
-1.002744764448943116e+00,-9.702808602140022831e-01
1.641773543808092428e-01,-1.053707823181855519e+00
-9.193931845325321595e-01,1.976966213359436231e-01
-8.360416046161213144e-01,-3.028651564711760669e-01
-5.859868648668886681e-01,4.479775102395034403e-01
-1.502854243947408408e+00,-2.471966193635361186e+00
9.976931535449180544e-01,-1.303988712085415447e+00
-1.752908983696640943e+00,-1.637696563956828610e+00
-1.002744764448943116e+00,5.314044732073567312e-01
-2.086315303362284546e+00,-3.028651564711760669e-01
1.081044733461328899e+00,1.365674102885889418e+00
8.309899937120962532e-01,3.084269540023706901e-02
-8.360416046161213144e-01,-6.365730083425891195e-01
-1.692289652848342763e-01,-8.868538972461490477e-01
4.975836740464527619e-01,-6.365730083425891195e-01
-9.193931845325321595e-01,1.031966251014476477e+00
-2.525805452012522788e-03,-3.862921194390293023e-01
2.475289342972201156e-01,-1.387415675053268682e+00
-1.336151084114586496e+00,-4.697190824068825932e-01
-7.526900246997104693e-01,-1.053707823181855519e+00
-8.360416046161213144e-01,-2.638820119571067657e+00
-1.669557403780230098e+00,-9.702808602140022831e-01
-1.692289652848342763e-01,-6.365730083425891195e-01
-3.359321251176560219e-01,-1.804550489892535081e+00
-4.192837050340669225e-01,-1.721123526924681846e+00
-2.002963723445873701e+00,-1.804550489892535081e+00
-4.228071565563073508e-01,1.266515419123980912e+00
9.135272670114147342e-01,2.201207083821188348e-01
9.921351742801042262e-01,9.445478158187926576e-01
-1.208886229243202770e+00,-1.872668713101605320e+00
1.935430061504378685e+00,2.151926328213249029e+00
-8.944546001684445802e-01,-2.275128217233090666e+00
9.135272670114147342e-01,1.668974923255466480e+00
-2.655913420189283114e-01,1.025039716645089749e+00
5.990956379366565443e-01,-1.148241605664931608e+00
-9.730625074371340721e-01,9.445478158187926576e-01
-1.837749487392718928e+00,-3.433225974019607496e-01
1.149350988817483321e+00,7.835640141661984748e-01
4.884028705582984381e-02,-1.067749704838634628e+00
-1.759141580124029547e+00,1.396288075558217434e-01
-1.130278321974513167e+00,2.071434427386952049e+00
2.846640088618984654e-01,3.006126092084159263e-01
9.135272670114147342e-01,-1.228733506491228811e+00
1.935430061504378685e+00,1.910450625734357644e+00
1.070743081548793718e+00,5.913690672952467281e-02
4.418798233992775049e-01,-2.275128217233090666e+00
3.632719161305879574e-01,-1.823387957493665945e-01
-1.444709951049271357e+00,1.025039716645089749e+00
2.060561015932089179e-01,1.347007319950278115e+00
-1.051670414705823564e+00,-7.457821015334461512e-01
4.418798233992775049e-01,-5.043063990545549879e-01
4.884028705582984381e-02,-8.262740023597432426e-01
-1.130278321974513167e+00,-8.262740023597432426e-01
-1.444709951049271357e+00,-7.457821015334461512e-01
-5.014150638249968983e-01,-1.309225407317525791e+00
-2.152181116467477118e+00,-1.148241605664931608e+00
-1.601925765586650341e+00,-1.228733506491228811e+00
9.135272670114147342e-01,-2.135499409677241514e-02
-3.441992492876178034e-01,1.829958724908060663e+00
8.349193597427251312e-01,2.201207083821188348e-01
1.274481943245193705e-01,-1.309225407317525791e+00
-1.869834347502387639e-01,-1.148241605664931608e+00
4.884028705582984381e-02,-5.847982998808519683e-01
4.418798233992775049e-01,-6.652902007071490598e-01
7.563114524740356392e-01,-3.433225974019607496e-01
6.777035452053461473e-01,7.835640141661984748e-01
2.407077505116515859e+00,1.427499220776575095e+00
7.563114524740356392e-01,-1.823387957493665945e-01
1.274481943245193705e-01,-2.628306965756636582e-01
-1.523317858317960738e+00,-3.433225974019607496e-01
-1.523317858317960738e+00,-5.847982998808519683e-01
-4.228071565563073508e-01,8.640559149924955662e-01
-1.869834347502387639e-01,-1.067749704838634628e+00
-8.158466928997549772e-01,-1.953160613927902522e+00
-1.837749487392718928e+00,3.811045100347130177e-01
-8.158466928997549772e-01,5.913690672952467281e-02
-2.655913420189283114e-01,-1.067749704838634628e+00
1.227958896086172924e+00,7.835640141661984748e-01
-2.655913420189283114e-01,3.811045100347130177e-01
4.884028705582984381e-02,8.640559149924955662e-01
8.349193597427251312e-01,-2.135499409677241514e-02
5.204877306679670523e-01,-3.433225974019607496e-01
-2.655913420189283114e-01,-1.470209208970119974e+00
-7.372387856310654852e-01,5.420883116873072005e-01
-5.800229710936863903e-01,-9.872578040123374254e-01
2.846640088618984654e-01,-2.628306965756636582e-01
4.418798233992775049e-01,9.445478158187926576e-01
4.884028705582984381e-02,-3.433225974019607496e-01
-1.051670414705823564e+00,3.811045100347130177e-01
-1.366102043780581754e+00,-2.597095820538279032e+00
1.274481943245193705e-01,8.640559149924955662e-01
-5.800229710936863903e-01,-1.018468949230695031e-01
9.921351742801042262e-01,-1.631193010622714157e+00
-4.228071565563073508e-01,-6.652902007071490598e-01
-8.158466928997549772e-01,-5.847982998808519683e-01
-4.228071565563073508e-01,-8.262740023597432426e-01
-2.976762021285968979e-02,-1.018468949230695031e-01
-8.158466928997549772e-01,2.201207083821188348e-01
-8.944546001684445802e-01,-5.043063990545549879e-01
2.846640088618984654e-01,-1.823387957493665945e-01
-2.702436467348303673e+00,-4.238144982282578410e-01
-1.366102043780581754e+00,-2.135499409677241514e-02
-6.586308783623759933e-01,1.396288075558217434e-01
2.060561015932089179e-01,3.006126092084159263e-01
-5.014150638249968983e-01,-1.018468949230695031e-01
1.070743081548793718e+00,4.615964108610101091e-01
-9.730625074371340721e-01,-1.389717308143822994e+00
-1.208886229243202770e+00,8.640559149924955662e-01
-8.158466928997549772e-01,-3.433225974019607496e-01
1.542390525160930892e+00,-6.652902007071490598e-01
-5.800229710936863903e-01,-1.470209208970119974e+00
-2.152181116467477118e+00,-6.652902007071490598e-01
-1.287494136511892151e+00,-1.631193010622714157e+00
-1.366102043780581754e+00,-8.262740023597432426e-01
-8.158466928997549772e-01,-5.043063990545549879e-01
2.846640088618984654e-01,1.105531617471386729e+00
-1.869834347502387639e-01,-1.309225407317525791e+00
-1.444709951049271357e+00,4.615964108610101091e-01
-1.916357394661408531e+00,-1.309225407317525791e+00
2.846640088618984654e-01,-1.018468949230695031e-01
6.777035452053461473e-01,1.588483022429169278e+00
-5.014150638249968983e-01,1.396288075558217434e-01
1.274481943245193705e-01,5.420883116873072005e-01
1.463782617892241511e+00,2.201207083821188348e-01
2.846640088618984654e-01,-5.847982998808519683e-01
-9.730625074371340721e-01,-4.238144982282578410e-01
4.418798233992775049e-01,-1.148241605664931608e+00
-1.208886229243202770e+00,-9.872578040123374254e-01
5.990956379366565443e-01,-1.792176812275308340e+00
1.227958896086172924e+00,-1.018468949230695031e-01
2.846640088618984654e-01,6.225802125136042919e-01
-7.372387856310654852e-01,5.913690672952467281e-02
5.990956379366565443e-01,6.225802125136042919e-01
-4.228071565563073508e-01,-3.433225974019607496e-01
-8.944546001684445802e-01,-2.135499409677241514e-02
-1.366102043780581754e+00,-2.597095820538279032e+00
-8.944546001684445802e-01,-6.652902007071490598e-01
-2.976762021285968979e-02,-9.067659031860403340e-01
-1.083755274815492303e-01,4.615964108610101091e-01
-2.655913420189283114e-01,-2.628306965756636582e-01
1.306566803354862305e+00,3.006126092084159263e-01
-2.976762021285968979e-02,-2.628306965756636582e-01
-1.366102043780581754e+00,2.201207083821188348e-01
-8.158466928997549772e-01,5.913690672952467281e-02
-2.976762021285968979e-02,-1.067749704838634628e+00
5.204877306679670523e-01,-1.067749704838634628e+00
-1.130278321974513167e+00,-2.677587721364576456e+00
1.274481943245193705e-01,9.445478158187926576e-01
-1.869834347502387639e-01,-5.847982998808519683e-01
-1.051670414705823564e+00,-1.711684911449011137e+00
-5.800229710936863903e-01,-1.792176812275308340e+00
-1.759141580124029547e+00,3.006126092084159263e-01
2.846640088618984654e-01,-1.067749704838634628e+00
-5.800229710936863903e-01,-8.262740023597432426e-01
-4.228071565563073508e-01,-2.194636316406793686e+00
-1.916357394661408531e+00,1.186023518297683932e+00
-2.655913420189283114e-01,-1.018468949230695031e-01
4.884028705582984381e-02,2.312910129865842990e+00
-1.208886229243202770e+00,-1.309225407317525791e+00
4.418798233992775049e-01,5.420883116873072005e-01
3.632719161305879574e-01,-5.043063990545549879e-01
-4.228071565563073508e-01,-3.433225974019607496e-01
5.990956379366565443e-01,7.835640141661984748e-01
-1.523317858317960738e+00,-5.043063990545549879e-01
5.204877306679670523e-01,-6.652902007071490598e-01
1.306566803354862305e+00,-1.823387957493665945e-01
-7.372387856310654852e-01,-3.433225974019607496e-01
-1.208886229243202770e+00,-1.631193010622714157e+00
-1.208886229243202770e+00,-8.262740023597432426e-01
-1.208886229243202770e+00,-9.872578040123374254e-01
-1.869834347502387639e-01,7.030721133399013834e-01
-2.655913420189283114e-01,7.030721133399013834e-01
-5.014150638249968983e-01,-1.228733506491228811e+00
-1.130278321974513167e+00,5.420883116873072005e-01
6.777035452053461473e-01,1.105531617471386729e+00
-1.366102043780581754e+00,-2.628306965756636582e-01
-1.051670414705823564e+00,1.396288075558217434e-01
2.846640088618984654e-01,1.266515419123980912e+00
-2.976762021285968979e-02,-5.847982998808519683e-01
1.070743081548793718e+00,1.186023518297683932e+00
6.777035452053461473e-01,-1.823387957493665945e-01
-8.944546001684445802e-01,-1.018468949230695031e-01
-2.976762021285968979e-02,4.615964108610101091e-01
-9.730625074371340721e-01,-1.389717308143822994e+00
1.070743081548793718e+00,-1.711684911449011137e+00
-1.680533672855339944e+00,-5.847982998808519683e-01
2.060561015932089179e-01,-5.847982998808519683e-01
2.060561015932089179e-01,-9.067659031860403340e-01
-1.869834347502387639e-01,4.615964108610101091e-01
6.777035452053461473e-01,-2.628306965756636582e-01
-1.083755274815492303e-01,-9.067659031860403340e-01
5.990956379366565443e-01,1.990942526560654846e+00
-8.944546001684445802e-01,-8.262740023597432426e-01
-2.976762021285968979e-02,6.225802125136042919e-01
4.884028705582984381e-02,9.445478158187926576e-01
5.990956379366565443e-01,7.030721133399013834e-01
4.418798233992775049e-01,-1.823387957493665945e-01
1.274481943245193705e-01,-9.067659031860403340e-01
-2.976762021285968979e-02,5.913690672952467281e-02
-1.051670414705823564e+00,-5.847982998808519683e-01
2.846640088618984654e-01,8.640559149924955662e-01
-2.466612745542235086e+00,-1.067749704838634628e+00
-4.228071565563073508e-01,-1.550701109796416954e+00
7.563114524740356392e-01,-1.389717308143822994e+00
8.349193597427251312e-01,5.913690672952467281e-02
-5.014150638249968983e-01,-5.043063990545549879e-01
1.070743081548793718e+00,-1.823387957493665945e-01
-1.051670414705823564e+00,-5.043063990545549879e-01
-1.287494136511892151e+00,6.225802125136042919e-01
-1.869834347502387639e-01,-2.275128217233090666e+00
1.274481943245193705e-01,-5.043063990545549879e-01
2.846640088618984654e-01,5.420883116873072005e-01
-6.586308783623759933e-01,5.913690672952467281e-02
-4.228071565563073508e-01,-1.550701109796416954e+00
1.385174710623551908e+00,7.835640141661984748e-01
-1.601925765586650341e+00,-1.631193010622714157e+00
-5.800229710936863903e-01,1.427499220776575095e+00
-2.655913420189283114e-01,2.201207083821188348e-01
-7.372387856310654852e-01,7.030721133399013834e-01
-5.800229710936863903e-01,-4.238144982282578410e-01
4.418798233992775049e-01,-1.792176812275308340e+00
8.349193597427251312e-01,-1.228733506491228811e+00
-1.130278321974513167e+00,1.025039716645089749e+00
-7.372387856310654852e-01,-1.711684911449011137e+00
-8.944546001684445802e-01,-1.550701109796416954e+00
1.542390525160930892e+00,-3.433225974019607496e-01
-7.372387856310654852e-01,-5.043063990545549879e-01
1.274481943245193705e-01,1.427499220776575095e+00
-1.994965301930098134e+00,-1.550701109796416954e+00
-6.586308783623759933e-01,-2.135499409677241514e-02
-5.800229710936863903e-01,1.990942526560654846e+00
-8.158466928997549772e-01,-1.228733506491228811e+00
-5.014150638249968983e-01,-1.711684911449011137e+00
2.846640088618984654e-01,5.420883116873072005e-01
9.135272670114147342e-01,-6.652902007071490598e-01
5.990956379366565443e-01,-9.872578040123374254e-01
-1.916357394661408531e+00,7.030721133399013834e-01
-1.366102043780581754e+00,-4.238144982282578410e-01
-1.759141580124029547e+00,-1.148241605664931608e+00
-1.601925765586650341e+00,-1.148241605664931608e+00
-8.158466928997549772e-01,-1.018468949230695031e-01
-8.158466928997549772e-01,-1.823387957493665945e-01
-8.944546001684445802e-01,1.396288075558217434e-01
-5.800229710936863903e-01,-1.823387957493665945e-01
-4.228071565563073508e-01,-1.067749704838634628e+00
-9.730625074371340721e-01,-3.433225974019607496e-01
-1.601925765586650341e+00,-8.262740023597432426e-01
-8.944546001684445802e-01,-5.043063990545549879e-01
-1.869834347502387639e-01,5.913690672952467281e-02
-4.228071565563073508e-01,-1.792176812275308340e+00
-9.730625074371340721e-01,5.913690672952467281e-02
-1.083755274815492303e-01,7.030721133399013834e-01
-1.523317858317960738e+00,3.006126092084159263e-01
-5.014150638249968983e-01,-1.792176812275308340e+00
-5.014150638249968983e-01,6.225802125136042919e-01
6.777035452053461473e-01,7.835640141661984748e-01
-3.441992492876178034e-01,-7.457821015334461512e-01
-1.083755274815492303e-01,1.507991121602872298e+00
2.846640088618984654e-01,3.006126092084159263e-01
-1.601925765586650341e+00,-1.228733506491228811e+00
-2.230789023736166499e+00,-1.389717308143822994e+00
3.632719161305879574e-01,-2.628306965756636582e-01
-4.228071565563073508e-01,5.913690672952467281e-02
-1.083755274815492303e-01,-1.792176812275308340e+00
-8.158466928997549772e-01,-4.238144982282578410e-01
-1.208886229243202770e+00,-2.135499409677241514e-02
-7.372387856310654852e-01,-6.652902007071490598e-01
-3.441992492876178034e-01,3.006126092084159263e-01
-3.441992492876178034e-01,-2.135499409677241514e-02
-1.083755274815492303e-01,4.615964108610101091e-01
-1.130278321974513167e+00,2.151926328213249029e+00
1.274481943245193705e-01,5.420883116873072005e-01
1.070743081548793718e+00,-5.043063990545549879e-01
-1.444709951049271357e+00,-1.148241605664931608e+00
9.135272670114147342e-01,3.811045100347130177e-01
-5.014150638249968983e-01,-1.823387957493665945e-01
-9.730625074371340721e-01,1.186023518297683932e+00
-4.228071565563073508e-01,6.225802125136042919e-01
5.990956379366565443e-01,5.913690672952467281e-02
-2.976762021285968979e-02,-6.652902007071490598e-01
-6.586308783623759933e-01,1.396288075558217434e-01
-1.523317858317960738e+00,-2.628306965756636582e-01
-2.976762021285968979e-02,-2.758079622190873437e+00
-1.366102043780581754e+00,9.445478158187926576e-01
4.884028705582984381e-02,-1.228733506491228811e+00
4.418798233992775049e-01,-2.135499409677241514e-02
7.563114524740356392e-01,5.420883116873072005e-01
-5.800229710936863903e-01,-1.389717308143822994e+00
-7.372387856310654852e-01,-1.550701109796416954e+00
-7.372387856310654852e-01,-4.238144982282578410e-01
-7.372387856310654852e-01,6.225802125136042919e-01
2.060561015932089179e-01,-5.847982998808519683e-01
8.349193597427251312e-01,3.006126092084159263e-01
1.149350988817483321e+00,3.811045100347130177e-01
-2.655913420189283114e-01,-9.872578040123374254e-01
1.070743081548793718e+00,-5.847982998808519683e-01
2.846640088618984654e-01,5.420883116873072005e-01
1.306566803354862305e+00,1.396288075558217434e-01
-1.287494136511892151e+00,2.201207083821188348e-01
-6.586308783623759933e-01,1.396288075558217434e-01
-5.800229710936863903e-01,1.266515419123980912e+00
4.884028705582984381e-02,-5.847982998808519683e-01
1.149350988817483321e+00,-4.238144982282578410e-01
-1.051670414705823564e+00,3.811045100347130177e-01
9.135272670114147342e-01,1.105531617471386729e+00
-1.051670414705823564e+00,-3.433225974019607496e-01
4.418798233992775049e-01,1.749466824081763461e+00
6.777035452053461473e-01,-1.148241605664931608e+00
1.070743081548793718e+00,-1.872668713101605320e+00
-9.730625074371340721e-01,2.201207083821188348e-01
1.778214246966999701e+00,-9.067659031860403340e-01
-6.586308783623759933e-01,-9.872578040123374254e-01
-1.680533672855339944e+00,-1.228733506491228811e+00
8.349193597427251312e-01,-1.823387957493665945e-01
-8.944546001684445802e-01,-1.148241605664931608e+00
-5.014150638249968983e-01,5.420883116873072005e-01
2.485685412385205240e+00,2.071434427386952049e+00
9.135272670114147342e-01,7.030721133399013834e-01
-8.158466928997549772e-01,-1.711684911449011137e+00
2.846640088618984654e-01,-3.433225974019607496e-01
-1.869834347502387639e-01,-5.847982998808519683e-01
-1.366102043780581754e+00,-5.043063990545549879e-01
2.642901226922584446e+00,2.795861534823625760e+00
8.349193597427251312e-01,2.201207083821188348e-01
-3.441992492876178034e-01,1.266515419123980912e+00
-3.441992492876178034e-01,-1.711684911449011137e+00
6.777035452053461473e-01,-9.067659031860403340e-01
-6.586308783623759933e-01,1.347007319950278115e+00
-2.976762021285968979e-02,-1.148241605664931608e+00
-2.655913420189283114e-01,-1.018468949230695031e-01
-1.051670414705823564e+00,-8.262740023597432426e-01
8.349193597427251312e-01,-2.135499409677241514e-02
7.563114524740356392e-01,1.749466824081763461e+00
-1.601925765586650341e+00,-7.457821015334461512e-01
-8.944546001684445802e-01,-9.067659031860403340e-01
3.632719161305879574e-01,-1.228733506491228811e+00
-8.158466928997549772e-01,3.811045100347130177e-01
-1.869834347502387639e-01,1.427499220776575095e+00
1.070743081548793718e+00,-5.847982998808519683e-01
4.884028705582984381e-02,5.913690672952467281e-02
-8.944546001684445802e-01,-1.631193010622714157e+00
-1.051670414705823564e+00,-5.847982998808519683e-01
-1.366102043780581754e+00,-1.018468949230695031e-01
5.990956379366565443e-01,-1.550701109796416954e+00
3.632719161305879574e-01,-2.135499409677241514e-02
-5.014150638249968983e-01,-2.628306965756636582e-01
-1.869834347502387639e-01,3.006126092084159263e-01
-1.759141580124029547e+00,-1.872668713101605320e+00
1.274481943245193705e-01,-2.114144415580496705e+00
1.227958896086172924e+00,1.266515419123980912e+00
2.328469597847826478e+00,-3.433225974019607496e-01
3.632719161305879574e-01,-1.018468949230695031e-01
1.149350988817483321e+00,3.006126092084159263e-01
7.563114524740356392e-01,3.006126092084159263e-01
-1.287494136511892151e+00,-1.148241605664931608e+00
-2.388004838273545705e+00,3.278812939781408087e+00
-5.014150638249968983e-01,2.201207083821188348e-01
3.632719161305879574e-01,-2.275128217233090666e+00
2.846640088618984654e-01,-5.847982998808519683e-01
5.204877306679670523e-01,-8.262740023597432426e-01
-8.944546001684445802e-01,-1.228733506491228811e+00
-3.441992492876178034e-01,-1.018468949230695031e-01
5.204877306679670523e-01,5.420883116873072005e-01
-1.869834347502387639e-01,-1.631193010622714157e+00
1.620998432429620495e+00,2.071434427386952049e+00
-1.051670414705823564e+00,5.420883116873072005e-01
7.563114524740356392e-01,3.006126092084159263e-01
2.846640088618984654e-01,-9.872578040123374254e-01
1.274481943245193705e-01,-3.433225974019607496e-01
-5.800229710936863903e-01,1.025039716645089749e+00
-9.730625074371340721e-01,-1.711684911449011137e+00
2.060561015932089179e-01,-3.433225974019607496e-01
2.800117041459963652e+00,4.615964108610101091e-01
-8.158466928997549772e-01,-5.847982998808519683e-01
-2.976762021285968979e-02,-2.628306965756636582e-01
1.620998432429620495e+00,1.266515419123980912e+00
-1.523317858317960738e+00,-7.457821015334461512e-01
-1.083755274815492303e-01,5.420883116873072005e-01
1.385174710623551908e+00,1.025039716645089749e+00
3.632719161305879574e-01,-6.652902007071490598e-01
4.884028705582984381e-02,3.811045100347130177e-01
-3.441992492876178034e-01,-1.711684911449011137e+00
-9.730625074371340721e-01,-1.823387957493665945e-01
-4.228071565563073508e-01,5.913690672952467281e-02
9.135272670114147342e-01,-1.018468949230695031e-01
-4.228071565563073508e-01,-2.628306965756636582e-01
-1.130278321974513167e+00,1.186023518297683932e+00
-5.800229710936863903e-01,-1.711684911449011137e+00
-5.800229710936863903e-01,-9.872578040123374254e-01
9.135272670114147342e-01,-1.823387957493665945e-01
-5.800229710936863903e-01,4.615964108610101091e-01
4.884028705582984381e-02,-4.238144982282578410e-01
-1.366102043780581754e+00,3.006126092084159263e-01
7.563114524740356392e-01,3.811045100347130177e-01
-5.800229710936863903e-01,8.640559149924955662e-01
-4.228071565563073508e-01,1.396288075558217434e-01
4.884028705582984381e-02,-1.823387957493665945e-01
-4.228071565563073508e-01,2.201207083821188348e-01
-4.228071565563073508e-01,-1.228733506491228811e+00
2.092645876041757891e+00,-5.847982998808519683e-01
8.349193597427251312e-01,2.201207083821188348e-01
-1.208886229243202770e+00,-5.847982998808519683e-01
1.620998432429620495e+00,2.473893931518437395e+00
1.274481943245193705e-01,2.201207083821188348e-01
6.777035452053461473e-01,-1.228733506491228811e+00
-1.130278321974513167e+00,-2.628306965756636582e-01
1.274481943245193705e-01,9.445478158187926576e-01
1.070743081548793718e+00,1.025039716645089749e+00
-1.287494136511892151e+00,-4.238144982282578410e-01
2.846640088618984654e-01,-5.043063990545549879e-01
-1.759141580124029547e+00,-1.711684911449011137e+00
1.070743081548793718e+00,2.201207083821188348e-01
1.070743081548793718e+00,-4.238144982282578410e-01
-1.287494136511892151e+00,-1.823387957493665945e-01
5.204877306679670523e-01,-1.309225407317525791e+00
-1.523317858317960738e+00,-2.135499409677241514e-02
-4.228071565563073508e-01,-4.238144982282578410e-01
1.070743081548793718e+00,-1.067749704838634628e+00
-5.014150638249968983e-01,4.615964108610101091e-01
-2.655913420189283114e-01,1.396288075558217434e-01
-1.366102043780581754e+00,5.420883116873072005e-01
-1.287494136511892151e+00,-7.457821015334461512e-01
1.385174710623551908e+00,5.913690672952467281e-02
2.060561015932089179e-01,-1.148241605664931608e+00
5.204877306679670523e-01,-5.847982998808519683e-01
-5.014150638249968983e-01,-2.194636316406793686e+00
-9.730625074371340721e-01,5.913690672952467281e-02
5.204877306679670523e-01,-2.135499409677241514e-02
-1.208886229243202770e+00,-4.238144982282578410e-01
-1.208886229243202770e+00,-5.043063990545549879e-01
-5.800229710936863903e-01,-9.067659031860403340e-01
-6.586308783623759933e-01,1.025039716645089749e+00
1.778214246966999701e+00,1.186023518297683932e+00
-5.014150638249968983e-01,4.615964108610101091e-01
-1.444709951049271357e+00,1.186023518297683932e+00
-1.051670414705823564e+00,7.030721133399013834e-01
-1.869834347502387639e-01,1.396288075558217434e-01
-1.130278321974513167e+00,-2.135499409677241514e-02
1.542390525160930892e+00,1.588483022429169278e+00
-3.441992492876178034e-01,-1.228733506491228811e+00
1.274481943245193705e-01,-3.433225974019607496e-01
-1.601925765586650341e+00,1.025039716645089749e+00
1.274481943245193705e-01,-9.872578040123374254e-01
-6.586308783623759933e-01,-1.228733506491228811e+00
-1.869834347502387639e-01,-5.847982998808519683e-01
-8.158466928997549772e-01,2.201207083821188348e-01
2.846640088618984654e-01,-1.018468949230695031e-01
1.699606339698310098e+00,3.006126092084159263e-01
1.149350988817483321e+00,-3.433225974019607496e-01
2.846640088618984654e-01,-6.652902007071490598e-01
-3.441992492876178034e-01,6.225802125136042919e-01
-5.014150638249968983e-01,1.025039716645089749e+00
2.846640088618984654e-01,8.640559149924955662e-01
-3.441992492876178034e-01,2.201207083821188348e-01
5.204877306679670523e-01,-6.652902007071490598e-01
-8.944546001684445802e-01,5.420883116873072005e-01
4.418798233992775049e-01,-5.043063990545549879e-01
1.856822154235689082e+00,3.006126092084159263e-01
1.274481943245193705e-01,-3.433225974019607496e-01
2.060561015932089179e-01,3.811045100347130177e-01
1.463782617892241511e+00,1.186023518297683932e+00
-1.366102043780581754e+00,-1.018468949230695031e-01
5.204877306679670523e-01,1.105531617471386729e+00
1.149350988817483321e+00,-5.043063990545549879e-01
5.204877306679670523e-01,-3.433225974019607496e-01
-1.869834347502387639e-01,2.201207083821188348e-01
-7.372387856310654852e-01,-1.470209208970119974e+00
-7.372387856310654852e-01,6.225802125136042919e-01
-5.014150638249968983e-01,-5.847982998808519683e-01
7.563114524740356392e-01,-1.711684911449011137e+00
-2.976762021285968979e-02,-6.652902007071490598e-01
-1.523317858317960738e+00,-9.067659031860403340e-01
-3.441992492876178034e-01,-9.067659031860403340e-01
3.632719161305879574e-01,7.835640141661984748e-01
4.884028705582984381e-02,3.006126092084159263e-01
-3.441992492876178034e-01,-2.135499409677241514e-02
-2.655913420189283114e-01,2.071434427386952049e+00
-1.083755274815492303e-01,-6.652902007071490598e-01
6.777035452053461473e-01,1.749466824081763461e+00
-5.800229710936863903e-01,-9.872578040123374254e-01
-5.800229710936863903e-01,5.913690672952467281e-02
-8.944546001684445802e-01,1.396288075558217434e-01
5.204877306679670523e-01,-1.550701109796416954e+00
-1.051670414705823564e+00,1.105531617471386729e+00
-1.444709951049271357e+00,-5.043063990545549879e-01
-9.730625074371340721e-01,-2.135499409677241514e-02
-5.800229710936863903e-01,2.201207083821188348e-01
-1.083755274815492303e-01,-1.711684911449011137e+00
-4.228071565563073508e-01,-1.067749704838634628e+00
-6.586308783623759933e-01,-2.135499409677241514e-02
-2.655913420189283114e-01,1.186023518297683932e+00
-1.208886229243202770e+00,-2.628306965756636582e-01
-3.441992492876178034e-01,-1.792176812275308340e+00
-2.655913420189283114e-01,5.420883116873072005e-01
4.884028705582984381e-02,-5.847982998808519683e-01
-8.944546001684445802e-01,-1.228733506491228811e+00
2.060561015932089179e-01,3.006126092084159263e-01
1.149350988817483321e+00,4.615964108610101091e-01
-5.800229710936863903e-01,-1.309225407317525791e+00
4.418798233992775049e-01,-3.433225974019607496e-01
-6.586308783623759933e-01,1.396288075558217434e-01
5.204877306679670523e-01,1.347007319950278115e+00
-4.228071565563073508e-01,1.396288075558217434e-01
2.249861690579136653e+00,-1.018468949230695031e-01
-1.759141580124029547e+00,-8.262740023597432426e-01
2.846640088618984654e-01,4.615964108610101091e-01
5.204877306679670523e-01,-3.433225974019607496e-01
9.921351742801042262e-01,3.006126092084159263e-01
5.204877306679670523e-01,7.030721133399013834e-01
-2.073573209198787737e+00,-1.470209208970119974e+00
-8.158466928997549772e-01,2.634877733171031355e+00
1.385174710623551908e+00,-7.457821015334461512e-01
5.990956379366565443e-01,-1.228733506491228811e+00
2.060561015932089179e-01,4.615964108610101091e-01
-2.976762021285968979e-02,2.634877733171031355e+00
-3.441992492876178034e-01,1.396288075558217434e-01
-5.014150638249968983e-01,-9.067659031860403340e-01
-8.158466928997549772e-01,9.445478158187926576e-01
1.620998432429620495e+00,5.420883116873072005e-01
-5.014150638249968983e-01,-2.628306965756636582e-01
4.884028705582984381e-02,-5.847982998808519683e-01
3.632719161305879574e-01,1.396288075558217434e-01
1.778214246966999701e+00,4.615964108610101091e-01
1.149350988817483321e+00,-2.628306965756636582e-01
1.385174710623551908e+00,-1.018468949230695031e-01
2.060561015932089179e-01,6.225802125136042919e-01
3.632719161305879574e-01,-1.823387957493665945e-01
1.778214246966999701e+00,9.445478158187926576e-01
-1.051670414705823564e+00,-1.872668713101605320e+00
-4.228071565563073508e-01,-2.628306965756636582e-01
-1.601925765586650341e+00,-2.033652514754199725e+00
1.274481943245193705e-01,4.615964108610101091e-01
-1.208886229243202770e+00,-2.114144415580496705e+00
5.204877306679670523e-01,-2.628306965756636582e-01
-1.444709951049271357e+00,-2.355620118059388091e+00
5.990956379366565443e-01,1.588483022429169278e+00
-8.158466928997549772e-01,-5.847982998808519683e-01
-9.730625074371340721e-01,3.006126092084159263e-01
8.349193597427251312e-01,-5.043063990545549879e-01
-1.208886229243202770e+00,-1.309225407317525791e+00
4.884028705582984381e-02,-7.457821015334461512e-01
2.092645876041757891e+00,5.420883116873072005e-01
-1.287494136511892151e+00,-1.018468949230695031e-01
-1.083755274815492303e-01,9.445478158187926576e-01
-1.083755274815492303e-01,-4.238144982282578410e-01
2.060561015932089179e-01,-1.228733506491228811e+00
8.349193597427251312e-01,-1.018468949230695031e-01
9.135272670114147342e-01,5.420883116873072005e-01
-1.083755274815492303e-01,3.811045100347130177e-01
-3.441992492876178034e-01,5.420883116873072005e-01
-2.309396931004856324e+00,-1.309225407317525791e+00
-1.083755274815492303e-01,7.030721133399013834e-01
-2.655913420189283114e-01,2.232418229039546009e+00
2.846640088618984654e-01,1.990942526560654846e+00
5.204877306679670523e-01,4.615964108610101091e-01
8.349193597427251312e-01,6.225802125136042919e-01
8.349193597427251312e-01,3.811045100347130177e-01
1.149350988817483321e+00,-2.135499409677241514e-02
1.070743081548793718e+00,3.811045100347130177e-01
-3.441992492876178034e-01,7.030721133399013834e-01
1.274481943245193705e-01,3.811045100347130177e-01
-4.228071565563073508e-01,-2.628306965756636582e-01
2.846640088618984654e-01,3.006126092084159263e-01
1.856822154235689082e+00,-9.872578040123374254e-01
-1.130278321974513167e+00,-2.033652514754199725e+00
-5.014150638249968983e-01,-2.628306965756636582e-01
2.846640088618984654e-01,1.749466824081763461e+00
9.135272670114147342e-01,1.025039716645089749e+00
6.777035452053461473e-01,-5.847982998808519683e-01
-8.944546001684445802e-01,-7.457821015334461512e-01
4.418798233992775049e-01,-4.238144982282578410e-01
4.418798233992775049e-01,-5.847982998808519683e-01
-1.601925765586650341e+00,-6.652902007071490598e-01
-1.083755274815492303e-01,3.006126092084159263e-01
1.699606339698310098e+00,1.990942526560654846e+00
9.921351742801042262e-01,-5.847982998808519683e-01
4.884028705582984381e-02,-4.238144982282578410e-01
-4.228071565563073508e-01,1.427499220776575095e+00
-1.208886229243202770e+00,-5.847982998808519683e-01
1.070743081548793718e+00,-1.018468949230695031e-01
3.632719161305879574e-01,8.640559149924955662e-01
1.274481943245193705e-01,2.312910129865842990e+00
5.204877306679670523e-01,-4.238144982282578410e-01
3.632719161305879574e-01,-2.135499409677241514e-02
-8.158466928997549772e-01,-1.148241605664931608e+00
-2.152181116467477118e+00,-9.872578040123374254e-01
1.542390525160930892e+00,7.835640141661984748e-01
5.990956379366565443e-01,-2.135499409677241514e-02
-1.523317858317960738e+00,-1.067749704838634628e+00
4.418798233992775049e-01,-1.823387957493665945e-01
4.418798233992775049e-01,-1.823387957493665945e-01
-1.083755274815492303e-01,-7.457821015334461512e-01
-3.441992492876178034e-01,-2.628306965756636582e-01
-1.680533672855339944e+00,5.420883116873072005e-01
-1.051670414705823564e+00,-8.262740023597432426e-01
-1.601925765586650341e+00,-4.238144982282578410e-01
-7.372387856310654852e-01,6.225802125136042919e-01
9.135272670114147342e-01,-1.823387957493665945e-01
-1.083755274815492303e-01,8.640559149924955662e-01
9.921351742801042262e-01,1.507991121602872298e+00
1.620998432429620495e+00,-4.238144982282578410e-01
2.014037968773068066e+00,-5.043063990545549879e-01
1.274481943245193705e-01,7.835640141661984748e-01
6.777035452053461473e-01,1.829958724908060663e+00
3.632719161305879574e-01,-8.262740023597432426e-01
1.070743081548793718e+00,-2.628306965756636582e-01
-2.655913420189283114e-01,2.201207083821188348e-01
-1.366102043780581754e+00,-1.148241605664931608e+00
2.846640088618984654e-01,1.105531617471386729e+00
-2.702436467348303673e+00,-9.872578040123374254e-01
1.070743081548793718e+00,-9.067659031860403340e-01
7.563114524740356392e-01,7.835640141661984748e-01
-1.287494136511892151e+00,-4.238144982282578410e-01
-5.800229710936863903e-01,-9.067659031860403340e-01
-6.586308783623759933e-01,-5.043063990545549879e-01
2.485685412385205240e+00,9.445478158187926576e-01
-8.158466928997549772e-01,-1.309225407317525791e+00
-8.158466928997549772e-01,1.396288075558217434e-01
-2.152181116467477118e+00,-1.228733506491228811e+00
-1.680533672855339944e+00,-6.652902007071490598e-01
1.385174710623551908e+00,6.225802125136042919e-01
-8.158466928997549772e-01,-6.652902007071490598e-01
5.204877306679670523e-01,1.186023518297683932e+00
-8.944546001684445802e-01,-8.262740023597432426e-01
-1.051670414705823564e+00,-2.135499409677241514e-02
1.274481943245193705e-01,-1.631193010622714157e+00
-1.083755274815492303e-01,2.201207083821188348e-01
-2.976762021285968979e-02,-2.628306965756636582e-01
6.777035452053461473e-01,8.640559149924955662e-01
-8.158466928997549772e-01,-1.309225407317525791e+00
-1.759141580124029547e+00,1.749466824081763461e+00
-1.083755274815492303e-01,3.811045100347130177e-01
1.227958896086172924e+00,1.347007319950278115e+00
-1.916357394661408531e+00,-1.953160613927902522e+00
7.563114524740356392e-01,-9.067659031860403340e-01
-2.976762021285968979e-02,-1.067749704838634628e+00
-2.655913420189283114e-01,5.913690672952467281e-02
4.418798233992775049e-01,-1.631193010622714157e+00
-1.916357394661408531e+00,-2.628306965756636582e-01
1.463782617892241511e+00,1.025039716645089749e+00
1.274481943245193705e-01,-1.631193010622714157e+00
2.249861690579136653e+00,5.913690672952467281e-02
5.204877306679670523e-01,1.105531617471386729e+00
-8.158466928997549772e-01,5.420883116873072005e-01
-1.083755274815492303e-01,3.811045100347130177e-01
-1.601925765586650341e+00,1.396288075558217434e-01
1.620998432429620495e+00,-1.823387957493665945e-01
-1.083755274815492303e-01,2.312910129865842990e+00
5.204877306679670523e-01,-1.823387957493665945e-01
-1.759141580124029547e+00,-6.652902007071490598e-01
2.060561015932089179e-01,-1.389717308143822994e+00
-8.158466928997549772e-01,-2.135499409677241514e-02
2.249861690579136653e+00,-1.228733506491228811e+00
6.777035452053461473e-01,1.025039716645089749e+00
3.632719161305879574e-01,-1.823387957493665945e-01
2.060561015932089179e-01,-2.114144415580496705e+00
3.632719161305879574e-01,1.186023518297683932e+00
-5.014150638249968983e-01,-1.228733506491228811e+00
4.418798233992775049e-01,-1.018468949230695031e-01
5.990956379366565443e-01,-2.628306965756636582e-01
-3.441992492876178034e-01,7.030721133399013834e-01
-2.976762021285968979e-02,-1.067749704838634628e+00
-1.869834347502387639e-01,-7.457821015334461512e-01
2.060561015932089179e-01,2.201207083821188348e-01
-1.208886229243202770e+00,-8.262740023597432426e-01
-1.051670414705823564e+00,1.749466824081763461e+00
-1.366102043780581754e+00,-2.628306965756636582e-01
2.014037968773068066e+00,-2.628306965756636582e-01
6.777035452053461473e-01,5.913690672952467281e-02
1.227958896086172924e+00,-7.457821015334461512e-01
-8.158466928997549772e-01,6.225802125136042919e-01
-1.366102043780581754e+00,-5.847982998808519683e-01
-9.730625074371340721e-01,-1.953160613927902522e+00
-8.944546001684445802e-01,4.615964108610101091e-01
-1.869834347502387639e-01,2.201207083821188348e-01
1.856822154235689082e+00,2.232418229039546009e+00
-2.655913420189283114e-01,6.225802125136042919e-01
3.632719161305879574e-01,7.835640141661984748e-01
-8.944546001684445802e-01,-1.872668713101605320e+00
-8.158466928997549772e-01,-5.847982998808519683e-01
-5.800229710936863903e-01,-5.847982998808519683e-01
9.135272670114147342e-01,-3.433225974019607496e-01
-1.130278321974513167e+00,-8.262740023597432426e-01
2.060561015932089179e-01,-1.018468949230695031e-01
-1.837749487392718928e+00,-7.457821015334461512e-01
4.884028705582984381e-02,9.445478158187926576e-01
7.563114524740356392e-01,5.420883116873072005e-01
9.921351742801042262e-01,1.829958724908060663e+00
1.274481943245193705e-01,-7.457821015334461512e-01
-1.366102043780581754e+00,-5.847982998808519683e-01
-4.228071565563073508e-01,4.615964108610101091e-01
3.632719161305879574e-01,1.186023518297683932e+00
-8.944546001684445802e-01,-7.457821015334461512e-01
-1.051670414705823564e+00,5.420883116873072005e-01
5.204877306679670523e-01,-2.135499409677241514e-02
1.463782617892241511e+00,1.507991121602872298e+00
1.856822154235689082e+00,1.588483022429169278e+00
1.274481943245193705e-01,-5.847982998808519683e-01
-2.976762021285968979e-02,-8.262740023597432426e-01
-5.800229710936863903e-01,-1.631193010622714157e+00
9.135272670114147342e-01,4.615964108610101091e-01
-8.944546001684445802e-01,7.835640141661984748e-01
5.204877306679670523e-01,-5.043063990545549879e-01
-5.800229710936863903e-01,-8.262740023597432426e-01
-1.083755274815492303e-01,-1.018468949230695031e-01
-2.976762021285968979e-02,-5.043063990545549879e-01
-1.523317858317960738e+00,-1.389717308143822994e+00
-2.976762021285968979e-02,-5.043063990545549879e-01
5.990956379366565443e-01,-7.457821015334461512e-01
9.921351742801042262e-01,5.420883116873072005e-01
-6.586308783623759933e-01,-2.135499409677241514e-02
-5.014150638249968983e-01,-5.043063990545549879e-01
1.385174710623551908e+00,1.749466824081763461e+00
-1.759141580124029547e+00,-1.389717308143822994e+00
-5.014150638249968983e-01,1.396288075558217434e-01
-5.800229710936863903e-01,-1.018468949230695031e-01
5.204877306679670523e-01,-1.953160613927902522e+00
-1.869834347502387639e-01,1.396288075558217434e-01
-1.130278321974513167e+00,2.201207083821188348e-01
3.632719161305879574e-01,-5.043063990545549879e-01
2.846640088618984654e-01,-1.631193010622714157e+00
4.418798233992775049e-01,-1.823387957493665945e-01
-1.444709951049271357e+00,-5.847982998808519683e-01
1.274481943245193705e-01,4.615964108610101091e-01
1.227958896086172924e+00,1.990942526560654846e+00
-1.366102043780581754e+00,-1.389717308143822994e+00
-1.287494136511892151e+00,-1.309225407317525791e+00
2.846640088618984654e-01,4.615964108610101091e-01
1.274481943245193705e-01,-1.018468949230695031e-01
-2.976762021285968979e-02,3.006126092084159263e-01
4.884028705582984381e-02,-5.043063990545549879e-01
-1.869834347502387639e-01,4.615964108610101091e-01
2.846640088618984654e-01,1.105531617471386729e+00
5.204877306679670523e-01,3.006126092084159263e-01
-2.702436467348303673e+00,1.347007319950278115e+00
-2.655913420189283114e-01,-1.228733506491228811e+00
1.935430061504378685e+00,-5.847982998808519683e-01
-1.366102043780581754e+00,1.507991121602872298e+00
-2.976762021285968979e-02,-3.433225974019607496e-01
-8.158466928997549772e-01,3.006126092084159263e-01
3.822019835952927380e+00,1.186023518297683932e+00
1.274481943245193705e-01,-7.457821015334461512e-01
-4.228071565563073508e-01,7.835640141661984748e-01
-1.051670414705823564e+00,-1.018468949230695031e-01
1.149350988817483321e+00,5.420883116873072005e-01
-3.441992492876178034e-01,-2.135499409677241514e-02
6.777035452053461473e-01,-1.018468949230695031e-01
1.778214246966999701e+00,5.913690672952467281e-02
-3.441992492876178034e-01,-1.148241605664931608e+00
-1.759141580124029547e+00,-5.043063990545549879e-01
4.418798233992775049e-01,1.025039716645089749e+00
-5.014150638249968983e-01,6.225802125136042919e-01
-1.366102043780581754e+00,-2.628306965756636582e-01
3.632719161305879574e-01,4.615964108610101091e-01
1.227958896086172924e+00,-1.018468949230695031e-01
-2.976762021285968979e-02,6.225802125136042919e-01
3.632719161305879574e-01,7.835640141661984748e-01
5.204877306679670523e-01,-5.043063990545549879e-01
2.846640088618984654e-01,-1.018468949230695031e-01
9.921351742801042262e-01,1.588483022429169278e+00
1.149350988817483321e+00,1.829958724908060663e+00
-1.083755274815492303e-01,9.445478158187926576e-01
-3.441992492876178034e-01,1.668974923255466480e+00
-1.869834347502387639e-01,-1.148241605664931608e+00
-6.586308783623759933e-01,-6.652902007071490598e-01
-1.130278321974513167e+00,3.006126092084159263e-01
1.149350988817483321e+00,7.030721133399013834e-01
-2.655913420189283114e-01,-1.018468949230695031e-01
9.135272670114147342e-01,1.427499220776575095e+00
4.418798233992775049e-01,-1.711684911449011137e+00
5.204877306679670523e-01,1.507991121602872298e+00
-3.441992492876178034e-01,3.006126092084159263e-01
2.092645876041757891e+00,-9.067659031860403340e-01
-1.083755274815492303e-01,-1.018468949230695031e-01
-2.655913420189283114e-01,1.186023518297683932e+00
4.884028705582984381e-02,3.006126092084159263e-01
-1.523317858317960738e+00,-1.470209208970119974e+00
5.204877306679670523e-01,8.640559149924955662e-01
7.563114524740356392e-01,8.640559149924955662e-01
-2.655913420189283114e-01,-9.067659031860403340e-01
-1.366102043780581754e+00,8.640559149924955662e-01
-1.051670414705823564e+00,3.811045100347130177e-01
9.921351742801042262e-01,-2.628306965756636582e-01
-2.230789023736166499e+00,-1.067749704838634628e+00
1.274481943245193705e-01,-8.262740023597432426e-01
-8.944546001684445802e-01,5.913690672952467281e-02
-2.655913420189283114e-01,-1.018468949230695031e-01
4.418798233992775049e-01,1.186023518297683932e+00
4.418798233992775049e-01,1.507991121602872298e+00
1.149350988817483321e+00,7.030721133399013834e-01
1.274481943245193705e-01,7.835640141661984748e-01
7.563114524740356392e-01,5.420883116873072005e-01
-2.655913420189283114e-01,-6.652902007071490598e-01
-1.869834347502387639e-01,1.396288075558217434e-01
8.349193597427251312e-01,-2.628306965756636582e-01
-4.228071565563073508e-01,3.006126092084159263e-01
8.349193597427251312e-01,2.201207083821188348e-01
-6.586308783623759933e-01,5.913690672952467281e-02
-4.228071565563073508e-01,-2.628306965756636582e-01
-1.208886229243202770e+00,-9.872578040123374254e-01
1.463782617892241511e+00,4.615964108610101091e-01
2.060561015932089179e-01,-1.309225407317525791e+00
4.418798233992775049e-01,1.025039716645089749e+00
8.349193597427251312e-01,1.266515419123980912e+00
3.632719161305879574e-01,1.186023518297683932e+00
4.884028705582984381e-02,-2.135499409677241514e-02
-5.800229710936863903e-01,-8.262740023597432426e-01
-5.800229710936863903e-01,-1.470209208970119974e+00
9.921351742801042262e-01,3.006126092084159263e-01
3.632719161305879574e-01,1.105531617471386729e+00
-2.655913420189283114e-01,1.588483022429169278e+00
2.846640088618984654e-01,-5.043063990545549879e-01
-5.800229710936863903e-01,1.105531617471386729e+00
-8.944546001684445802e-01,-3.433225974019607496e-01
-1.051670414705823564e+00,-1.470209208970119974e+00
2.014037968773068066e+00,3.006126092084159263e-01
-4.228071565563073508e-01,-2.033652514754199725e+00
-1.130278321974513167e+00,-2.516603919711982051e+00
4.418798233992775049e-01,8.640559149924955662e-01
2.171253783310447272e+00,-2.628306965756636582e-01
-5.014150638249968983e-01,1.396288075558217434e-01
7.563114524740356392e-01,-2.628306965756636582e-01
-4.228071565563073508e-01,1.025039716645089749e+00
-3.441992492876178034e-01,5.420883116873072005e-01
-1.916357394661408531e+00,-1.067749704838634628e+00
-1.208886229243202770e+00,-6.652902007071490598e-01
5.204877306679670523e-01,-2.275128217233090666e+00
8.349193597427251312e-01,-3.433225974019607496e-01
2.171253783310447272e+00,1.396288075558217434e-01
5.204877306679670523e-01,-8.262740023597432426e-01
9.135272670114147342e-01,-9.067659031860403340e-01
1.385174710623551908e+00,1.025039716645089749e+00
4.884028705582984381e-02,-1.067749704838634628e+00
-4.228071565563073508e-01,1.396288075558217434e-01
3.632719161305879574e-01,-1.823387957493665945e-01
2.060561015932089179e-01,1.749466824081763461e+00
1.306566803354862305e+00,-1.631193010622714157e+00
-2.976762021285968979e-02,1.910450625734357644e+00
-9.730625074371340721e-01,-1.018468949230695031e-01
-1.837749487392718928e+00,3.811045100347130177e-01
4.418798233992775049e-01,1.668974923255466480e+00
1.699606339698310098e+00,3.811045100347130177e-01
2.846640088618984654e-01,-1.309225407317525791e+00
1.935430061504378685e+00,2.201207083821188348e-01
-1.366102043780581754e+00,-5.043063990545549879e-01
9.135272670114147342e-01,-1.823387957493665945e-01
5.990956379366565443e-01,-1.067749704838634628e+00
-3.441992492876178034e-01,-3.433225974019607496e-01
7.563114524740356392e-01,1.668974923255466480e+00
-1.916357394661408531e+00,-2.135499409677241514e-02
1.778214246966999701e+00,-3.433225974019607496e-01
2.060561015932089179e-01,-1.148241605664931608e+00
2.060561015932089179e-01,1.396288075558217434e-01
2.328469597847826478e+00,7.030721133399013834e-01
-3.441992492876178034e-01,5.913690672952467281e-02
5.204877306679670523e-01,2.201207083821188348e-01
-1.869834347502387639e-01,1.588483022429169278e+00
2.485685412385205240e+00,6.225802125136042919e-01
8.349193597427251312e-01,1.396288075558217434e-01
-1.759141580124029547e+00,-9.067659031860403340e-01
2.092645876041757891e+00,7.835640141661984748e-01
-5.800229710936863903e-01,-2.628306965756636582e-01
9.921351742801042262e-01,1.829958724908060663e+00
-8.158466928997549772e-01,2.201207083821188348e-01
-5.014150638249968983e-01,5.913690672952467281e-02
1.227958896086172924e+00,5.420883116873072005e-01
1.149350988817483321e+00,2.201207083821188348e-01
1.070743081548793718e+00,-1.018468949230695031e-01
-1.287494136511892151e+00,-6.652902007071490598e-01
4.884028705582984381e-02,-1.823387957493665945e-01
-6.586308783623759933e-01,-4.238144982282578410e-01
1.274481943245193705e-01,3.006126092084159263e-01
-8.158466928997549772e-01,-1.148241605664931608e+00
4.418798233992775049e-01,4.615964108610101091e-01
-3.441992492876178034e-01,1.668974923255466480e+00
-1.130278321974513167e+00,-5.043063990545549879e-01
1.542390525160930892e+00,7.030721133399013834e-01
-1.208886229243202770e+00,-6.652902007071490598e-01
-1.916357394661408531e+00,-1.823387957493665945e-01
1.385174710623551908e+00,9.445478158187926576e-01
-2.976762021285968979e-02,7.030721133399013834e-01
9.921351742801042262e-01,-3.433225974019607496e-01
-1.523317858317960738e+00,7.030721133399013834e-01
1.274481943245193705e-01,7.835640141661984748e-01
-6.586308783623759933e-01,1.910450625734357644e+00
-4.228071565563073508e-01,6.225802125136042919e-01
5.204877306679670523e-01,1.025039716645089749e+00
-1.869834347502387639e-01,-9.872578040123374254e-01
2.014037968773068066e+00,-1.953160613927902522e+00
7.563114524740356392e-01,1.347007319950278115e+00
8.349193597427251312e-01,1.186023518297683932e+00
9.135272670114147342e-01,-1.823387957493665945e-01
-1.051670414705823564e+00,-6.652902007071490598e-01
1.620998432429620495e+00,-1.823387957493665945e-01
2.060561015932089179e-01,-2.135499409677241514e-02
-1.083755274815492303e-01,1.396288075558217434e-01
1.274481943245193705e-01,-4.238144982282578410e-01
6.777035452053461473e-01,1.105531617471386729e+00
1.070743081548793718e+00,6.225802125136042919e-01
-5.014150638249968983e-01,-1.631193010622714157e+00
3.632719161305879574e-01,-4.238144982282578410e-01
9.135272670114147342e-01,1.025039716645089749e+00
5.990956379366565443e-01,3.811045100347130177e-01
-6.586308783623759933e-01,-4.238144982282578410e-01
1.274481943245193705e-01,-3.433225974019607496e-01
5.990956379366565443e-01,-6.652902007071490598e-01
1.227958896086172924e+00,5.420883116873072005e-01
1.070743081548793718e+00,7.030721133399013834e-01
1.274481943245193705e-01,2.473893931518437395e+00
-5.014150638249968983e-01,-4.238144982282578410e-01
1.542390525160930892e+00,-4.238144982282578410e-01
-1.083755274815492303e-01,5.913690672952467281e-02
3.632719161305879574e-01,6.225802125136042919e-01
1.149350988817483321e+00,-5.847982998808519683e-01
1.778214246966999701e+00,-1.309225407317525791e+00
1.463782617892241511e+00,-1.018468949230695031e-01
-1.287494136511892151e+00,1.105531617471386729e+00
1.542390525160930892e+00,1.105531617471386729e+00
1.274481943245193705e-01,6.225802125136042919e-01
3.743411928684237999e+00,3.359304840607705067e+00
4.418798233992775049e-01,-9.067659031860403340e-01
1.856822154235689082e+00,-7.457821015334461512e-01
5.990956379366565443e-01,-7.457821015334461512e-01
-2.976762021285968979e-02,2.201207083821188348e-01
-3.441992492876178034e-01,-7.457821015334461512e-01
2.846640088618984654e-01,-5.847982998808519683e-01
-7.372387856310654852e-01,1.266515419123980912e+00
5.204877306679670523e-01,-1.018468949230695031e-01
-1.837749487392718928e+00,-1.550701109796416954e+00
1.542390525160930892e+00,1.749466824081763461e+00
1.306566803354862305e+00,9.445478158187926576e-01
4.884028705582984381e-02,3.006126092084159263e-01
1.227958896086172924e+00,-1.823387957493665945e-01
6.777035452053461473e-01,2.201207083821188348e-01
-1.869834347502387639e-01,1.347007319950278115e+00
1.385174710623551908e+00,1.186023518297683932e+00
-8.158466928997549772e-01,-1.067749704838634628e+00
-1.869834347502387639e-01,-8.262740023597432426e-01
1.149350988817483321e+00,-1.550701109796416954e+00
1.070743081548793718e+00,-1.309225407317525791e+00
1.385174710623551908e+00,8.640559149924955662e-01
-5.014150638249968983e-01,6.225802125136042919e-01
1.856822154235689082e+00,-1.148241605664931608e+00
-8.158466928997549772e-01,5.913690672952467281e-02
-3.441992492876178034e-01,5.420883116873072005e-01
-2.655913420189283114e-01,1.507991121602872298e+00
1.699606339698310098e+00,-1.018468949230695031e-01
2.846640088618984654e-01,3.811045100347130177e-01
-8.944546001684445802e-01,-3.433225974019607496e-01
-1.083755274815492303e-01,-1.823387957493665945e-01
2.846640088618984654e-01,-9.067659031860403340e-01
3.632719161305879574e-01,1.427499220776575095e+00
-2.976762021285968979e-02,-5.847982998808519683e-01
7.563114524740356392e-01,-1.067749704838634628e+00
9.921351742801042262e-01,2.201207083821188348e-01
-1.083755274815492303e-01,9.445478158187926576e-01
1.778214246966999701e+00,1.266515419123980912e+00
7.563114524740356392e-01,7.030721133399013834e-01
-1.130278321974513167e+00,1.105531617471386729e+00
7.563114524740356392e-01,-3.433225974019607496e-01
-1.523317858317960738e+00,7.030721133399013834e-01
1.149350988817483321e+00,1.507991121602872298e+00
-1.869834347502387639e-01,7.030721133399013834e-01
2.846640088618984654e-01,-3.433225974019607496e-01
-1.083755274815492303e-01,-4.238144982282578410e-01
2.846640088618984654e-01,8.640559149924955662e-01
4.418798233992775049e-01,5.913690672952467281e-02
1.274481943245193705e-01,1.668974923255466480e+00
-2.655913420189283114e-01,-2.135499409677241514e-02
7.563114524740356392e-01,1.105531617471386729e+00
5.990956379366565443e-01,2.201207083821188348e-01
6.777035452053461473e-01,5.913690672952467281e-02
-5.014150638249968983e-01,-1.148241605664931608e+00
-1.523317858317960738e+00,1.025039716645089749e+00
2.249861690579136653e+00,-8.262740023597432426e-01
-6.586308783623759933e-01,3.811045100347130177e-01
3.632719161305879574e-01,3.006126092084159263e-01
2.846640088618984654e-01,2.201207083821188348e-01
5.990956379366565443e-01,9.445478158187926576e-01
-1.051670414705823564e+00,1.025039716645089749e+00
-2.152181116467477118e+00,-9.872578040123374254e-01
9.135272670114147342e-01,1.910450625734357644e+00
5.204877306679670523e-01,1.025039716645089749e+00
8.349193597427251312e-01,1.186023518297683932e+00
9.921351742801042262e-01,1.668974923255466480e+00
1.070743081548793718e+00,1.749466824081763461e+00
2.060561015932089179e-01,9.445478158187926576e-01
5.204877306679670523e-01,-6.652902007071490598e-01
-1.051670414705823564e+00,-5.847982998808519683e-01
1.620998432429620495e+00,2.151926328213249029e+00
5.204877306679670523e-01,-1.470209208970119974e+00
4.884028705582984381e-02,1.396288075558217434e-01
-2.655913420189283114e-01,7.835640141661984748e-01
-2.655913420189283114e-01,9.445478158187926576e-01
-2.230789023736166499e+00,1.025039716645089749e+00
-5.014150638249968983e-01,-2.135499409677241514e-02
4.884028705582984381e-02,4.615964108610101091e-01
1.149350988817483321e+00,1.588483022429169278e+00
1.699606339698310098e+00,3.006126092084159263e-01
1.778214246966999701e+00,7.835640141661984748e-01
1.385174710623551908e+00,1.025039716645089749e+00
-5.800229710936863903e-01,-9.872578040123374254e-01
1.274481943245193705e-01,1.668974923255466480e+00
2.564293319653895065e+00,3.006126092084159263e-01
-9.730625074371340721e-01,5.913690672952467281e-02
4.418798233992775049e-01,-8.262740023597432426e-01
3.632719161305879574e-01,-2.628306965756636582e-01
1.274481943245193705e-01,-1.711684911449011137e+00
1.620998432429620495e+00,2.232418229039546009e+00
4.418798233992775049e-01,1.025039716645089749e+00
-5.800229710936863903e-01,1.668974923255466480e+00
-1.083755274815492303e-01,-7.457821015334461512e-01
-1.869834347502387639e-01,-2.758079622190873437e+00
7.563114524740356392e-01,-5.847982998808519683e-01
-2.655913420189283114e-01,-9.067659031860403340e-01
-1.916357394661408531e+00,9.445478158187926576e-01
-2.976762021285968979e-02,3.006126092084159263e-01
1.542390525160930892e+00,-9.067659031860403340e-01
2.846640088618984654e-01,-7.457821015334461512e-01
4.884028705582984381e-02,5.420883116873072005e-01
-2.655913420189283114e-01,5.913690672952467281e-02
-5.014150638249968983e-01,2.201207083821188348e-01
2.846640088618984654e-01,-9.067659031860403340e-01
3.632719161305879574e-01,5.420883116873072005e-01
-3.441992492876178034e-01,4.615964108610101091e-01
2.564293319653895065e+00,7.030721133399013834e-01
-5.800229710936863903e-01,-5.847982998808519683e-01
5.990956379366565443e-01,5.913690672952467281e-02
-2.976762021285968979e-02,8.640559149924955662e-01
-1.444709951049271357e+00,-8.262740023597432426e-01
2.846640088618984654e-01,-5.847982998808519683e-01
7.563114524740356392e-01,-2.628306965756636582e-01
-2.976762021285968979e-02,8.640559149924955662e-01
1.385174710623551908e+00,3.006126092084159263e-01
1.227958896086172924e+00,1.829958724908060663e+00
6.777035452053461473e-01,1.266515419123980912e+00
-1.869834347502387639e-01,-1.018468949230695031e-01
-2.655913420189283114e-01,-7.457821015334461512e-01
-1.130278321974513167e+00,-1.550701109796416954e+00
5.204877306679670523e-01,2.201207083821188348e-01
1.463782617892241511e+00,1.588483022429169278e+00
-3.441992492876178034e-01,1.507991121602872298e+00
1.227958896086172924e+00,5.420883116873072005e-01
1.274481943245193705e-01,2.312910129865842990e+00
1.274481943245193705e-01,7.030721133399013834e-01
2.846640088618984654e-01,8.640559149924955662e-01
3.632719161305879574e-01,-1.018468949230695031e-01
1.935430061504378685e+00,3.811045100347130177e-01
3.114548670534721619e+00,2.232418229039546009e+00
2.060561015932089179e-01,1.186023518297683932e+00
-5.014150638249968983e-01,5.913690672952467281e-02
5.990956379366565443e-01,-2.135499409677241514e-02
3.632719161305879574e-01,-6.652902007071490598e-01
2.014037968773068066e+00,-7.457821015334461512e-01
3.193156577803411000e+00,-2.628306965756636582e-01
-8.944546001684445802e-01,-5.043063990545549879e-01
1.699606339698310098e+00,3.006126092084159263e-01
-2.655913420189283114e-01,3.811045100347130177e-01
6.777035452053461473e-01,2.201207083821188348e-01
1.385174710623551908e+00,-1.823387957493665945e-01
2.846640088618984654e-01,-2.135499409677241514e-02
-8.944546001684445802e-01,1.347007319950278115e+00
1.542390525160930892e+00,5.913690672952467281e-02
-4.228071565563073508e-01,1.025039716645089749e+00
8.349193597427251312e-01,8.640559149924955662e-01
4.884028705582984381e-02,1.105531617471386729e+00
4.884028705582984381e-02,-1.872668713101605320e+00
2.014037968773068066e+00,1.186023518297683932e+00
-5.014150638249968983e-01,-9.067659031860403340e-01
1.935430061504378685e+00,7.030721133399013834e-01
-6.586308783623759933e-01,-2.135499409677241514e-02
-3.441992492876178034e-01,7.030721133399013834e-01
1.070743081548793718e+00,1.347007319950278115e+00
5.204877306679670523e-01,6.225802125136042919e-01
-9.730625074371340721e-01,-9.067659031860403340e-01
1.463782617892241511e+00,9.445478158187926576e-01
9.135272670114147342e-01,5.420883116873072005e-01
-1.083755274815492303e-01,7.030721133399013834e-01
1.149350988817483321e+00,-1.631193010622714157e+00
-1.366102043780581754e+00,7.835640141661984748e-01
-5.800229710936863903e-01,1.427499220776575095e+00
1.306566803354862305e+00,-1.148241605664931608e+00
7.563114524740356392e-01,2.151926328213249029e+00
-1.083755274815492303e-01,1.427499220776575095e+00
-2.976762021285968979e-02,1.396288075558217434e-01
7.563114524740356392e-01,1.266515419123980912e+00
9.921351742801042262e-01,-1.067749704838634628e+00
-8.944546001684445802e-01,1.427499220776575095e+00
5.990956379366565443e-01,5.913690672952467281e-02
-1.916357394661408531e+00,-1.711684911449011137e+00
1.385174710623551908e+00,1.025039716645089749e+00
-1.083755274815492303e-01,-1.470209208970119974e+00
1.149350988817483321e+00,-5.847982998808519683e-01
4.884028705582984381e-02,-2.628306965756636582e-01
-1.287494136511892151e+00,-1.872668713101605320e+00
-5.014150638249968983e-01,-4.238144982282578410e-01
1.699606339698310098e+00,7.030721133399013834e-01
7.563114524740356392e-01,3.006126092084159263e-01
-2.655913420189283114e-01,2.201207083821188348e-01
-2.655913420189283114e-01,1.396288075558217434e-01
-8.158466928997549772e-01,1.396288075558217434e-01
-9.730625074371340721e-01,3.006126092084159263e-01
1.778214246966999701e+00,9.445478158187926576e-01
-1.083755274815492303e-01,-1.018468949230695031e-01
-1.523317858317960738e+00,-1.389717308143822994e+00
5.990956379366565443e-01,-2.135499409677241514e-02
-8.944546001684445802e-01,1.186023518297683932e+00
4.418798233992775049e-01,1.266515419123980912e+00
9.135272670114147342e-01,-4.238144982282578410e-01
-6.586308783623759933e-01,8.640559149924955662e-01
4.884028705582984381e-02,-1.823387957493665945e-01
-9.730625074371340721e-01,1.105531617471386729e+00
8.349193597427251312e-01,1.668974923255466480e+00
6.777035452053461473e-01,-5.847982998808519683e-01
1.227958896086172924e+00,3.811045100347130177e-01
-5.800229710936863903e-01,5.420883116873072005e-01
-1.444709951049271357e+00,-1.018468949230695031e-01
1.306566803354862305e+00,7.835640141661984748e-01
1.856822154235689082e+00,-1.228733506491228811e+00
-4.228071565563073508e-01,4.615964108610101091e-01
-5.014150638249968983e-01,1.749466824081763461e+00
-5.800229710936863903e-01,2.201207083821188348e-01
-2.976762021285968979e-02,1.186023518297683932e+00
2.407077505116515859e+00,1.507991121602872298e+00
-6.586308783623759933e-01,-3.433225974019607496e-01
-7.372387856310654852e-01,-1.148241605664931608e+00
4.884028705582984381e-02,7.835640141661984748e-01
1.274481943245193705e-01,-6.652902007071490598e-01
-1.130278321974513167e+00,3.811045100347130177e-01
1.227958896086172924e+00,-4.238144982282578410e-01
9.921351742801042262e-01,-1.148241605664931608e+00
-1.869834347502387639e-01,-6.652902007071490598e-01
3.632719161305879574e-01,-1.018468949230695031e-01
-1.444709951049271357e+00,1.588483022429169278e+00
-8.944546001684445802e-01,-1.389717308143822994e+00
-5.800229710936863903e-01,1.266515419123980912e+00
4.884028705582984381e-02,-1.309225407317525791e+00
-1.869834347502387639e-01,1.396288075558217434e-01
4.418798233992775049e-01,-1.067749704838634628e+00
-4.228071565563073508e-01,-7.457821015334461512e-01
2.060561015932089179e-01,1.829958724908060663e+00
-4.228071565563073508e-01,2.201207083821188348e-01
4.418798233992775049e-01,9.445478158187926576e-01
-1.083755274815492303e-01,3.811045100347130177e-01
7.563114524740356392e-01,-1.018468949230695031e-01
-7.372387856310654852e-01,2.201207083821188348e-01
2.846640088618984654e-01,-1.823387957493665945e-01
-6.586308783623759933e-01,-3.433225974019607496e-01
1.778214246966999701e+00,9.445478158187926576e-01
-7.372387856310654852e-01,9.445478158187926576e-01
-4.228071565563073508e-01,-1.823387957493665945e-01
2.060561015932089179e-01,3.006126092084159263e-01
1.070743081548793718e+00,7.030721133399013834e-01
-1.130278321974513167e+00,9.445478158187926576e-01
1.935430061504378685e+00,1.588483022429169278e+00
6.777035452053461473e-01,3.811045100347130177e-01
-1.869834347502387639e-01,-1.389717308143822994e+00
1.070743081548793718e+00,1.507991121602872298e+00
4.884028705582984381e-02,1.347007319950278115e+00
4.418798233992775049e-01,7.835640141661984748e-01
8.349193597427251312e-01,5.913690672952467281e-02
1.227958896086172924e+00,5.420883116873072005e-01
4.884028705582984381e-02,1.266515419123980912e+00
-2.655913420189283114e-01,-1.067749704838634628e+00
1.227958896086172924e+00,2.201207083821188348e-01
-5.800229710936863903e-01,1.105531617471386729e+00
9.135272670114147342e-01,5.420883116873072005e-01
2.092645876041757891e+00,5.420883116873072005e-01
2.060561015932089179e-01,-2.135499409677241514e-02
-1.869834347502387639e-01,-6.652902007071490598e-01
5.990956379366565443e-01,-3.433225974019607496e-01
-1.208886229243202770e+00,-7.457821015334461512e-01
-1.869834347502387639e-01,1.588483022429169278e+00
8.349193597427251312e-01,6.225802125136042919e-01
1.620998432429620495e+00,1.910450625734357644e+00
-2.976762021285968979e-02,8.640559149924955662e-01
-5.800229710936863903e-01,-1.792176812275308340e+00
-5.014150638249968983e-01,1.910450625734357644e+00
1.070743081548793718e+00,1.347007319950278115e+00
9.921351742801042262e-01,4.615964108610101091e-01
3.632719161305879574e-01,8.640559149924955662e-01
3.428980299609479587e+00,6.225802125136042919e-01
4.884028705582984381e-02,-8.262740023597432426e-01
1.274481943245193705e-01,1.507991121602872298e+00
2.092645876041757891e+00,1.507991121602872298e+00
3.632719161305879574e-01,-2.135499409677241514e-02
3.632719161305879574e-01,2.634877733171031355e+00
7.563114524740356392e-01,-8.262740023597432426e-01
4.418798233992775049e-01,8.640559149924955662e-01
1.385174710623551908e+00,-1.823387957493665945e-01
-1.869834347502387639e-01,-2.135499409677241514e-02
-5.800229710936863903e-01,2.634877733171031355e+00
6.777035452053461473e-01,5.913690672952467281e-02
1.542390525160930892e+00,5.420883116873072005e-01
9.135272670114147342e-01,4.615964108610101091e-01
2.060561015932089179e-01,-2.628306965756636582e-01
6.777035452053461473e-01,-1.872668713101605320e+00
2.328469597847826478e+00,1.668974923255466480e+00
-1.051670414705823564e+00,4.615964108610101091e-01
-1.366102043780581754e+00,1.396288075558217434e-01
3.632719161305879574e-01,-1.823387957493665945e-01
-2.976762021285968979e-02,-1.711684911449011137e+00
-7.372387856310654852e-01,6.225802125136042919e-01
1.699606339698310098e+00,8.640559149924955662e-01
4.418798233992775049e-01,7.030721133399013834e-01
-3.441992492876178034e-01,5.420883116873072005e-01
4.418798233992775049e-01,2.634877733171031355e+00
-1.083755274815492303e-01,5.420883116873072005e-01
1.385174710623551908e+00,-4.238144982282578410e-01
1.778214246966999701e+00,2.201207083821188348e-01
-1.208886229243202770e+00,-1.067749704838634628e+00
5.204877306679670523e-01,-1.148241605664931608e+00
4.418798233992775049e-01,7.835640141661984748e-01
1.070743081548793718e+00,-1.823387957493665945e-01
4.884028705582984381e-02,7.835640141661984748e-01
1.699606339698310098e+00,1.396288075558217434e-01
4.884028705582984381e-02,-1.067749704838634628e+00
-5.014150638249968983e-01,5.420883116873072005e-01
5.990956379366565443e-01,-1.389717308143822994e+00
-6.586308783623759933e-01,2.071434427386952049e+00
-2.976762021285968979e-02,1.396288075558217434e-01
-6.586308783623759933e-01,1.347007319950278115e+00
9.135272670114147342e-01,1.266515419123980912e+00
3.632719161305879574e-01,6.225802125136042919e-01
9.135272670114147342e-01,1.266515419123980912e+00
-1.208886229243202770e+00,1.266515419123980912e+00
-2.976762021285968979e-02,8.640559149924955662e-01
2.060561015932089179e-01,1.347007319950278115e+00
1.699606339698310098e+00,-8.262740023597432426e-01
3.632719161305879574e-01,-1.550701109796416954e+00
-1.869834347502387639e-01,5.420883116873072005e-01
4.418798233992775049e-01,4.615964108610101091e-01
1.856822154235689082e+00,4.615964108610101091e-01
-2.976762021285968979e-02,1.396288075558217434e-01
-2.466612745542235086e+00,1.347007319950278115e+00
1.274481943245193705e-01,-5.043063990545549879e-01
-6.586308783623759933e-01,7.030721133399013834e-01
8.349193597427251312e-01,1.749466824081763461e+00
3.632719161305879574e-01,2.393402030692139970e+00
-7.372387856310654852e-01,-1.389717308143822994e+00
-8.944546001684445802e-01,4.615964108610101091e-01
1.306566803354862305e+00,1.829958724908060663e+00
-1.083755274815492303e-01,1.025039716645089749e+00
4.418798233992775049e-01,1.749466824081763461e+00
1.620998432429620495e+00,2.201207083821188348e-01
2.328469597847826478e+00,-1.018468949230695031e-01
-1.208886229243202770e+00,-5.043063990545549879e-01
1.274481943245193705e-01,1.105531617471386729e+00
-2.655913420189283114e-01,5.420883116873072005e-01
1.149350988817483321e+00,7.030721133399013834e-01
8.349193597427251312e-01,1.507991121602872298e+00
2.878724948728653033e+00,2.393402030692139970e+00
-1.680533672855339944e+00,2.151926328213249029e+00
1.463782617892241511e+00,-3.433225974019607496e-01
5.204877306679670523e-01,-1.823387957493665945e-01
1.274481943245193705e-01,-2.516603919711982051e+00
-1.083755274815492303e-01,3.006126092084159263e-01
-4.228071565563073508e-01,-1.823387957493665945e-01
-5.014150638249968983e-01,1.668974923255466480e+00
-5.014150638249968983e-01,1.396288075558217434e-01
-1.869834347502387639e-01,-8.262740023597432426e-01
-3.441992492876178034e-01,-8.262740023597432426e-01
-8.158466928997549772e-01,-1.470209208970119974e+00
1.620998432429620495e+00,4.615964108610101091e-01
1.274481943245193705e-01,1.588483022429169278e+00
-1.869834347502387639e-01,9.445478158187926576e-01
-1.444709951049271357e+00,3.006126092084159263e-01
3.632719161305879574e-01,3.006126092084159263e-01
-1.837749487392718928e+00,-1.470209208970119974e+00
-8.158466928997549772e-01,-1.018468949230695031e-01
-9.730625074371340721e-01,5.913690672952467281e-02
-4.228071565563073508e-01,-1.018468949230695031e-01
-2.655913420189283114e-01,1.186023518297683932e+00
-3.441992492876178034e-01,3.006126092084159263e-01
-1.051670414705823564e+00,1.025039716645089749e+00
1.227958896086172924e+00,2.201207083821188348e-01
-1.869834347502387639e-01,2.201207083821188348e-01
-4.228071565563073508e-01,-8.262740023597432426e-01
3.632719161305879574e-01,-1.018468949230695031e-01
-4.228071565563073508e-01,-1.309225407317525791e+00
1.306566803354862305e+00,5.420883116873072005e-01
6.777035452053461473e-01,1.396288075558217434e-01
4.884028705582984381e-02,-2.135499409677241514e-02
1.274481943245193705e-01,-2.436112018885685071e+00
3.632719161305879574e-01,-2.135499409677241514e-02
-5.800229710936863903e-01,-1.018468949230695031e-01
-8.158466928997549772e-01,-9.067659031860403340e-01
-2.976762021285968979e-02,-6.652902007071490598e-01
6.777035452053461473e-01,6.225802125136042919e-01
7.563114524740356392e-01,-1.309225407317525791e+00
9.135272670114147342e-01,1.186023518297683932e+00
4.884028705582984381e-02,-2.033652514754199725e+00
-5.014150638249968983e-01,5.420883116873072005e-01
5.204877306679670523e-01,5.913690672952467281e-02
-5.014150638249968983e-01,-1.872668713101605320e+00
-2.545220652810924911e+00,-7.457821015334461512e-01
-1.208886229243202770e+00,-1.148241605664931608e+00
-2.976762021285968979e-02,-2.135499409677241514e-02
-9.730625074371340721e-01,5.913690672952467281e-02
-7.372387856310654852e-01,3.811045100347130177e-01
-8.944546001684445802e-01,-7.457821015334461512e-01
1.778214246966999701e+00,-1.148241605664931608e+00
4.418798233992775049e-01,-1.823387957493665945e-01
-8.944546001684445802e-01,-1.228733506491228811e+00
3.632719161305879574e-01,-4.238144982282578410e-01
-6.586308783623759933e-01,-1.792176812275308340e+00
5.990956379366565443e-01,3.811045100347130177e-01
-1.366102043780581754e+00,-4.238144982282578410e-01
3.632719161305879574e-01,7.835640141661984748e-01
-1.837749487392718928e+00,-1.823387957493665945e-01
-6.586308783623759933e-01,-4.238144982282578410e-01
-5.014150638249968983e-01,6.225802125136042919e-01
-2.976762021285968979e-02,1.427499220776575095e+00
-2.388004838273545705e+00,-9.872578040123374254e-01
-1.208886229243202770e+00,-6.652902007071490598e-01
-6.586308783623759933e-01,-6.652902007071490598e-01
2.060561015932089179e-01,2.473893931518437395e+00
-6.586308783623759933e-01,-2.135499409677241514e-02
-1.083755274815492303e-01,3.811045100347130177e-01
5.204877306679670523e-01,-2.628306965756636582e-01
-8.944546001684445802e-01,-8.262740023597432426e-01
-1.916357394661408531e+00,7.030721133399013834e-01
-2.309396931004856324e+00,-1.018468949230695031e-01
4.884028705582984381e-02,-3.433225974019607496e-01
-1.130278321974513167e+00,1.829958724908060663e+00
-8.158466928997549772e-01,-1.711684911449011137e+00
-1.837749487392718928e+00,1.396288075558217434e-01
-1.083755274815492303e-01,-1.309225407317525791e+00
-1.051670414705823564e+00,-1.018468949230695031e-01
-2.230789023736166499e+00,-1.823387957493665945e-01
1.070743081548793718e+00,-1.711684911449011137e+00
-1.869834347502387639e-01,5.420883116873072005e-01
-1.759141580124029547e+00,5.913690672952467281e-02
1.385174710623551908e+00,-7.457821015334461512e-01
5.990956379366565443e-01,1.186023518297683932e+00
-2.976762021285968979e-02,-6.652902007071490598e-01
-2.976762021285968979e-02,-9.067659031860403340e-01
-2.152181116467477118e+00,-7.457821015334461512e-01
-2.976762021285968979e-02,6.225802125136042919e-01
-1.287494136511892151e+00,-2.516603919711982051e+00
4.884028705582984381e-02,7.030721133399013834e-01
1.274481943245193705e-01,-6.652902007071490598e-01
-7.372387856310654852e-01,-1.228733506491228811e+00
8.349193597427251312e-01,-2.628306965756636582e-01
-1.680533672855339944e+00,-3.433225974019607496e-01
-7.372387856310654852e-01,3.811045100347130177e-01
-1.869834347502387639e-01,-1.148241605664931608e+00
-1.208886229243202770e+00,-5.847982998808519683e-01
-5.014150638249968983e-01,-1.711684911449011137e+00
-9.860312273777330772e-01,9.948907892256871888e-01
3.676876445814756256e-01,-2.845569303798090033e-01
2.084266008215687194e-01,6.750288593243132240e-01
-3.489870523381054523e-01,6.750288593243132240e-01
-3.489870523381054523e-01,3.530499952156503779e-02
-3.489870523381054523e-01,3.530499952156503779e-02
1.287960789416152663e-01,-1.084211755133244193e+00
7.658402539812428911e-01,7.549943417996567430e-01
1.004731819621103250e+00,-6.843843427565265980e-01
1.562145472780777311e+00,5.150978943736261861e-01
-8.267701836178261710e-01,-1.246259654291219932e-01
1.004731819621103250e+00,7.549943417996567430e-01
6.862097321012894380e-01,-1.004246272657900674e+00
-7.471396617378727179e-01,-5.244533778058395601e-01
-1.065661749257686530e+00,-1.246259654291219932e-01
-9.860312273777330772e-01,2.034442061405152824e+00
9.251012977411497973e-01,-1.404073685034618268e+00
2.880571227015221725e-01,2.034442061405152824e+00
7.658402539812428911e-01,-3.645224128551525222e-01
8.454707758611963442e-01,-4.466048295377847421e-02
-1.897260085781985184e-01,-4.444878953304960412e-01
1.323253907140917063e+00,5.150978943736261861e-01
1.482514950900823969e+00,5.950633768489697051e-01
-1.897260085781985184e-01,-1.883866579886679382e+00
1.084362341501056592e+00,-5.244533778058395601e-01
2.084266008215687194e-01,5.150978943736261861e-01
3.676876445814756256e-01,-1.246259654291219932e-01
1.163992863381010157e+00,1.234787236651717857e+00
-6.675091398579192647e-01,-5.244533778058395601e-01
1.004731819621103250e+00,-3.163314299492175685e+00
-1.304553314897546779e+00,-1.164177237608587712e+00
6.862097321012894380e-01,3.530499952156503779e-02
-5.878786179779658116e-01,-5.244533778058395601e-01
-1.384183836777500343e+00,4.351324118982826117e-01
-1.100954866982450792e-01,1.394718201602404895e+00
-3.489870523381054523e-01,-3.645224128551525222e-01
1.402884429020870405e+00,1.234787236651717857e+00
3.676876445814756256e-01,-1.004246272657900674e+00
-1.623075402417360591e+00,1.154821754176374338e+00
3.676876445814756256e-01,-1.246259654291219932e-01
6.862097321012894380e-01,1.234787236651717857e+00
-1.100954866982450792e-01,-2.845569303798090033e-01
-3.046496481829162606e-02,9.149253067503436698e-01
2.880571227015221725e-01,-4.444878953304960412e-01
-1.304553314897546779e+00,-2.123763027312709717e+00
3.676876445814756256e-01,-5.244533778058395601e-01
3.676876445814756256e-01,-1.246259654291219932e-01
2.880571227015221725e-01,-4.444878953304960412e-01
-1.463814358657453685e+00,-1.004246272657900674e+00
2.597342257220172090e+00,-1.244142720083931231e+00
5.269486883413825318e-01,-4.444878953304960412e-01
-2.021228011817127967e+00,-1.246259654291219932e-01
2.880571227015221725e-01,9.948907892256871888e-01
-8.267701836178261710e-01,9.149253067503436698e-01
-2.693565304581519992e-01,5.150978943736261861e-01
2.358450691580312064e+00,2.594200438732557679e+00
-3.489870523381054523e-01,1.074856271701030819e+00
5.269486883413825318e-01,-1.084211755133244193e+00
7.658402539812428911e-01,-4.444878953304960412e-01
-5.082480960980123585e-01,1.234787236651717857e+00
-9.860312273777330772e-01,5.150978943736261861e-01
1.721406516540684217e+00,1.394718201602404895e+00
3.676876445814756256e-01,-1.643970132460648825e+00
6.065792102213359849e-01,7.549943417996567430e-01
-2.260119577456988438e+00,-1.004246272657900674e+00
1.287960789416152663e-01,-2.603555922164770831e+00
-4.286175742180589054e-01,-1.404073685034618268e+00
-2.693565304581519992e-01,-1.564004649985305306e+00
-2.260119577456988438e+00,-1.564004649985305306e+00
-1.463814358657453685e+00,-1.324108202559274750e+00
2.084266008215687194e-01,-1.324108202559274750e+00
-1.224922793017593436e+00,1.074856271701030819e+00
1.482514950900823969e+00,-2.845569303798090033e-01
-1.897260085781985184e-01,-7.643498252318701169e-01
-4.286175742180589054e-01,-7.643498252318701169e-01
-9.064007054977796241e-01,-5.244533778058395601e-01
9.251012977411497973e-01,-1.164177237608587712e+00
-1.384183836777500343e+00,-8.443153077072136359e-01
-4.286175742180589054e-01,-8.443153077072136359e-01
-2.693565304581519992e-01,-1.084211755133244193e+00
4.916555706166182704e-02,1.154821754176374338e+00
-1.224922793017593436e+00,-1.723935614935992344e+00
3.676876445814756256e-01,5.950633768489697051e-01
8.454707758611963442e-01,5.950633768489697051e-01
9.251012977411497973e-01,7.549943417996567430e-01
-2.693565304581519992e-01,-1.484039167509961787e+00
1.004731819621103250e+00,-2.845569303798090033e-01
1.482514950900823969e+00,-2.845569303798090033e-01
-2.693565304581519992e-01,4.351324118982826117e-01
4.916555706166182704e-02,-4.444878953304960412e-01
8.454707758611963442e-01,1.954476578929809527e+00
-2.260119577456988438e+00,-7.643498252318701169e-01
-8.267701836178261710e-01,4.351324118982826117e-01
1.287960789416152663e-01,-3.645224128551525222e-01
-1.702705924297314155e+00,4.351324118982826117e-01
1.163992863381010157e+00,1.152704819969085498e-01
1.287960789416152663e-01,-1.004246272657900674e+00
2.880571227015221725e-01,9.948907892256871888e-01
5.269486883413825318e-01,2.752014469475955738e-01
-4.286175742180589054e-01,1.954476578929809527e+00
-1.224922793017593436e+00,1.394718201602404895e+00
-1.384183836777500343e+00,-1.643970132460648825e+00
3.676876445814756256e-01,8.349598242750002619e-01
3.676876445814756256e-01,3.530499952156503779e-02
-3.046496481829162606e-02,-3.645224128551525222e-01
-3.489870523381054523e-01,1.152704819969085498e-01
-1.384183836777500343e+00,-6.044188602811830791e-01
1.960298082180544688e+00,2.274338508831183603e+00
-7.471396617378727179e-01,-1.484039167509961787e+00
-3.489870523381054523e-01,-6.044188602811830791e-01
-9.064007054977796241e-01,-4.466048295377847421e-02
2.880571227015221725e-01,1.394718201602404895e+00
-3.046496481829162606e-02,-2.045914479044655121e-01
2.880571227015221725e-01,8.349598242750002619e-01
-2.693565304581519992e-01,-9.242807901825571548e-01
1.004731819621103250e+00,1.234787236651717857e+00
-1.897260085781985184e-01,7.549943417996567430e-01
-1.384183836777500343e+00,-1.803901097411335863e+00
1.004731819621103250e+00,3.551669294229390927e-01
5.269486883413825318e-01,-2.845569303798090033e-01
4.473181664614290787e-01,1.794545613979122489e+00
-5.082480960980123585e-01,-2.045914479044655121e-01
-3.489870523381054523e-01,2.752014469475955738e-01
5.269486883413825318e-01,-2.045914479044655121e-01
-8.267701836178261710e-01,-1.883866579886679382e+00
-1.702705924297314155e+00,1.554649166553091932e+00
-1.100954866982450792e-01,1.952359644722520826e-01
1.562145472780777311e+00,4.351324118982826117e-01
-5.082480960980123585e-01,1.952359644722520826e-01
2.880571227015221725e-01,3.551669294229390927e-01
2.597342257220172090e+00,8.349598242750002619e-01
2.880571227015221725e-01,-7.643498252318701169e-01
-5.082480960980123585e-01,3.530499952156503779e-02
1.084362341501056592e+00,3.551669294229390927e-01
1.323253907140917063e+00,9.149253067503436698e-01
-1.702705924297314155e+00,-1.004246272657900674e+00
1.084362341501056592e+00,7.549943417996567430e-01
-1.065661749257686530e+00,-4.466048295377847421e-02
1.084362341501056592e+00,-1.084211755133244193e+00
-1.224922793017593436e+00,-2.123763027312709717e+00
1.243623385260963499e+00,1.394718201602404895e+00
1.402884429020870405e+00,2.752014469475955738e-01
2.084266008215687194e-01,-1.883866579886679382e+00
6.862097321012894380e-01,-8.443153077072136359e-01
-1.861966968057221061e+00,-1.324108202559274750e+00
-5.082480960980123585e-01,-5.244533778058395601e-01
-1.861966968057221061e+00,-2.845569303798090033e-01
-8.267701836178261710e-01,-1.723935614935992344e+00
7.658402539812428911e-01,-1.084211755133244193e+00
-3.489870523381054523e-01,1.234787236651717857e+00
-1.384183836777500343e+00,-4.466048295377847421e-02
-3.046496481829162606e-02,-4.466048295377847421e-02
8.454707758611963442e-01,1.154821754176374338e+00
1.801037038420637781e+00,1.954476578929809527e+00
3.676876445814756256e-01,7.549943417996567430e-01
4.473181664614290787e-01,-2.043797544837366420e+00
4.473181664614290787e-01,-1.004246272657900674e+00
4.916555706166182704e-02,-8.443153077072136359e-01
-5.878786179779658116e-01,-1.404073685034618268e+00
-5.878786179779658116e-01,-1.564004649985305306e+00
-1.100954866982450792e-01,-9.242807901825571548e-01
3.676876445814756256e-01,-2.845569303798090033e-01
5.269486883413825318e-01,-4.444878953304960412e-01
1.323253907140917063e+00,-1.084211755133244193e+00
-4.286175742180589054e-01,-1.246259654291219932e-01
1.641775994660730875e+00,1.074856271701030819e+00
-2.693565304581519992e-01,9.948907892256871888e-01
-1.897260085781985184e-01,-6.044188602811830791e-01
-2.693565304581519992e-01,-1.246259654291219932e-01
-5.878786179779658116e-01,1.152704819969085498e-01
-3.046496481829162606e-02,-2.043797544837366420e+00
-1.145292271137639872e+00,9.149253067503436698e-01
-6.675091398579192647e-01,-5.244533778058395601e-01
-1.897260085781985184e-01,-4.466048295377847421e-02
1.084362341501056592e+00,1.154821754176374338e+00
-1.543444880537407249e+00,2.752014469475955738e-01
-1.304553314897546779e+00,-4.466048295377847421e-02
2.119559125940451594e+00,-1.004246272657900674e+00
-1.623075402417360591e+00,-7.643498252318701169e-01
2.880571227015221725e-01,7.549943417996567430e-01
1.287960789416152663e-01,2.752014469475955738e-01
-5.878786179779658116e-01,-5.244533778058395601e-01
6.862097321012894380e-01,-1.004246272657900674e+00
-4.286175742180589054e-01,-4.466048295377847421e-02
-5.082480960980123585e-01,-3.003383334541488647e+00
4.473181664614290787e-01,-9.242807901825571548e-01
-1.897260085781985184e-01,-6.044188602811830791e-01
1.323253907140917063e+00,8.349598242750002619e-01
-1.224922793017593436e+00,1.314752719127061376e+00
-2.180489055577034652e+00,-1.723935614935992344e+00
-1.145292271137639872e+00,-3.645224128551525222e-01
1.084362341501056592e+00,-6.843843427565265980e-01
-5.878786179779658116e-01,-3.645224128551525222e-01
9.251012977411497973e-01,9.948907892256871888e-01
-1.463814358657453685e+00,2.752014469475955738e-01
6.862097321012894380e-01,9.948907892256871888e-01
-3.489870523381054523e-01,3.530499952156503779e-02
2.880571227015221725e-01,3.530499952156503779e-02
-8.267701836178261710e-01,5.150978943736261861e-01
-7.471396617378727179e-01,4.351324118982826117e-01
1.880667560300591123e+00,2.754131403683244717e+00
1.004731819621103250e+00,-4.466048295377847421e-02
-1.897260085781985184e-01,3.551669294229390927e-01
2.880571227015221725e-01,8.349598242750002619e-01
-3.046496481829162606e-02,-8.443153077072136359e-01
-1.145292271137639872e+00,-1.324108202559274750e+00
-1.897260085781985184e-01,-7.643498252318701169e-01
-9.860312273777330772e-01,6.750288593243132240e-01
-1.224922793017593436e+00,1.952359644722520826e-01
1.287960789416152663e-01,-5.244533778058395601e-01
6.065792102213359849e-01,-6.843843427565265980e-01
5.269486883413825318e-01,1.314752719127061376e+00
9.251012977411497973e-01,-2.045914479044655121e-01
-6.675091398579192647e-01,-8.443153077072136359e-01
5.269486883413825318e-01,5.950633768489697051e-01
1.287960789416152663e-01,9.948907892256871888e-01
-1.100954866982450792e-01,7.549943417996567430e-01
-2.419380621216895122e+00,-9.242807901825571548e-01
3.676876445814756256e-01,-1.164177237608587712e+00
8.454707758611963442e-01,3.551669294229390927e-01
-4.286175742180589054e-01,5.950633768489697051e-01
1.482514950900823969e+00,1.074856271701030819e+00
-1.384183836777500343e+00,-7.643498252318701169e-01
1.004731819621103250e+00,1.234787236651717857e+00
2.084266008215687194e-01,-2.045914479044655121e-01
-1.100954866982450792e-01,5.950633768489697051e-01
-8.267701836178261710e-01,-1.803901097411335863e+00
1.721406516540684217e+00,-3.645224128551525222e-01
6.862097321012894380e-01,-4.466048295377847421e-02
-2.693565304581519992e-01,1.154821754176374338e+00
-3.489870523381054523e-01,-8.443153077072136359e-01
-9.064007054977796241e-01,-3.645224128551525222e-01
-6.675091398579192647e-01,2.274338508831183603e+00
-3.489870523381054523e-01,-6.843843427565265980e-01
2.880571227015221725e-01,1.314752719127061376e+00
-8.267701836178261710e-01,6.750288593243132240e-01
1.287960789416152663e-01,2.752014469475955738e-01
-5.878786179779658116e-01,5.150978943736261861e-01
2.084266008215687194e-01,1.314752719127061376e+00
-2.693565304581519992e-01,3.551669294229390927e-01
-2.100858533697081310e+00,-1.164177237608587712e+00
2.880571227015221725e-01,-3.645224128551525222e-01
4.473181664614290787e-01,3.530499952156503779e-02
6.065792102213359849e-01,-7.643498252318701169e-01
-2.693565304581519992e-01,1.394718201602404895e+00
1.084362341501056592e+00,7.549943417996567430e-01
-9.860312273777330772e-01,-3.645224128551525222e-01
-1.861966968057221061e+00,-4.444878953304960412e-01
-1.384183836777500343e+00,-3.645224128551525222e-01
3.676876445814756256e-01,-5.244533778058395601e-01
-3.489870523381054523e-01,7.549943417996567430e-01
7.658402539812428911e-01,-4.444878953304960412e-01
1.641775994660730875e+00,1.234787236651717857e+00
-1.897260085781985184e-01,-2.443624957214083793e+00
-4.286175742180589054e-01,-4.444878953304960412e-01
2.880571227015221725e-01,-3.645224128551525222e-01
-4.286175742180589054e-01,-2.045914479044655121e-01
-4.286175742180589054e-01,9.149253067503436698e-01
-7.471396617378727179e-01,-1.244142720083931231e+00
-5.878786179779658116e-01,2.752014469475955738e-01
-3.046496481829162606e-02,8.349598242750002619e-01
-8.267701836178261710e-01,-6.843843427565265980e-01
-1.543444880537407249e+00,-4.444878953304960412e-01
-1.897260085781985184e-01,-6.044188602811830791e-01
-1.463814358657453685e+00,1.152704819969085498e-01
-5.082480960980123585e-01,-3.645224128551525222e-01
3.676876445814756256e-01,-1.004246272657900674e+00
1.163992863381010157e+00,1.474683684077748413e+00
-2.419380621216895122e+00,-8.443153077072136359e-01
1.163992863381010157e+00,9.149253067503436698e-01
5.269486883413825318e-01,-1.484039167509961787e+00
2.836233822860032561e+00,9.948907892256871888e-01
3.676876445814756256e-01,-1.803901097411335863e+00
-1.897260085781985184e-01,5.150978943736261861e-01
-8.267701836178261710e-01,5.950633768489697051e-01
9.251012977411497973e-01,7.549943417996567430e-01
2.084266008215687194e-01,1.074856271701030819e+00
-5.878786179779658116e-01,-6.044188602811830791e-01
1.163992863381010157e+00,-4.466048295377847421e-02
-1.224922793017593436e+00,-1.404073685034618268e+00
1.402884429020870405e+00,-4.466048295377847421e-02
-3.046496481829162606e-02,-6.044188602811830791e-01
-1.623075402417360591e+00,4.351324118982826117e-01
1.402884429020870405e+00,1.952359644722520826e-01
4.473181664614290787e-01,1.234787236651717857e+00
6.065792102213359849e-01,-2.045914479044655121e-01
-7.471396617378727179e-01,1.952359644722520826e-01
2.756603300980079219e+00,2.914062368633931754e+00
-5.878786179779658116e-01,-2.845569303798090033e-01
-3.489870523381054523e-01,-1.084211755133244193e+00
1.402884429020870405e+00,6.750288593243132240e-01
-7.471396617378727179e-01,-2.045914479044655121e-01
-1.065661749257686530e+00,-1.004246272657900674e+00
-4.286175742180589054e-01,1.714580131503778970e+00
5.269486883413825318e-01,-2.845569303798090033e-01
1.960298082180544688e+00,-5.244533778058395601e-01
-1.897260085781985184e-01,-3.645224128551525222e-01
1.721406516540684217e+00,-8.443153077072136359e-01
9.251012977411497973e-01,-3.645224128551525222e-01
6.862097321012894380e-01,9.149253067503436698e-01
3.676876445814756256e-01,1.714580131503778970e+00
1.641775994660730875e+00,6.750288593243132240e-01
-3.046496481829162606e-02,-4.444878953304960412e-01
-5.082480960980123585e-01,3.551669294229390927e-01
5.269486883413825318e-01,-1.246259654291219932e-01
-1.100954866982450792e-01,1.394718201602404895e+00
8.454707758611963442e-01,2.752014469475955738e-01
-3.489870523381054523e-01,-7.643498252318701169e-01
7.658402539812428911e-01,-1.084211755133244193e+00
-6.675091398579192647e-01,-1.004246272657900674e+00
-1.941597489937174403e+00,-6.843843427565265980e-01
-2.693565304581519992e-01,-1.246259654291219932e-01
-8.267701836178261710e-01,8.349598242750002619e-01
-3.046496481829162606e-02,2.752014469475955738e-01
4.916555706166182704e-02,-1.723935614935992344e+00
2.836233822860032561e+00,2.752014469475955738e-01
7.658402539812428911e-01,-6.044188602811830791e-01
2.880571227015221725e-01,-7.643498252318701169e-01
-1.463814358657453685e+00,1.152704819969085498e-01
2.084266008215687194e-01,3.530499952156503779e-02
6.065792102213359849e-01,8.349598242750002619e-01
9.251012977411497973e-01,3.551669294229390927e-01
9.251012977411497973e-01,-6.044188602811830791e-01
2.119559125940451594e+00,6.750288593243132240e-01
-1.304553314897546779e+00,7.549943417996567430e-01
-4.286175742180589054e-01,-7.643498252318701169e-01
-1.543444880537407249e+00,-2.845569303798090033e-01
6.065792102213359849e-01,1.952359644722520826e-01
-9.860312273777330772e-01,-2.045914479044655121e-01
2.084266008215687194e-01,5.150978943736261861e-01
5.269486883413825318e-01,-1.643970132460648825e+00
7.658402539812428911e-01,1.554649166553091932e+00
1.004731819621103250e+00,-1.084211755133244193e+00
-3.046496481829162606e-02,-5.244533778058395601e-01
5.269486883413825318e-01,5.950633768489697051e-01
-2.693565304581519992e-01,9.149253067503436698e-01
1.641775994660730875e+00,1.714580131503778970e+00
-1.897260085781985184e-01,4.351324118982826117e-01
1.402884429020870405e+00,1.794545613979122489e+00
-1.145292271137639872e+00,5.150978943736261861e-01
-6.675091398579192647e-01,-1.404073685034618268e+00
-1.897260085781985184e-01,-7.643498252318701169e-01
-1.623075402417360591e+00,-1.004246272657900674e+00
1.287960789416152663e-01,-2.045914479044655121e-01
-1.384183836777500343e+00,5.150978943736261861e-01
-5.082480960980123585e-01,-9.242807901825571548e-01
1.323253907140917063e+00,3.530499952156503779e-02
8.454707758611963442e-01,1.154821754176374338e+00
-9.064007054977796241e-01,-6.044188602811830791e-01
1.287960789416152663e-01,5.150978943736261861e-01
1.084362341501056592e+00,-4.466048295377847421e-02
4.916555706166182704e-02,5.150978943736261861e-01
-3.046496481829162606e-02,7.549943417996567430e-01
-1.224922793017593436e+00,-1.164177237608587712e+00
-8.267701836178261710e-01,1.394718201602404895e+00
2.084266008215687194e-01,-1.723935614935992344e+00
-1.145292271137639872e+00,-5.244533778058395601e-01
6.065792102213359849e-01,-1.246259654291219932e-01
-2.693565304581519992e-01,7.549943417996567430e-01
2.039928604060498252e+00,1.952359644722520826e-01
4.473181664614290787e-01,4.351324118982826117e-01
-1.384183836777500343e+00,-6.843843427565265980e-01
2.084266008215687194e-01,1.394718201602404895e+00
6.065792102213359849e-01,-4.466048295377847421e-02
3.676876445814756256e-01,1.314752719127061376e+00
-1.304553314897546779e+00,1.634614649028435451e+00
1.287960789416152663e-01,1.152704819969085498e-01
1.004731819621103250e+00,9.948907892256871888e-01
-4.286175742180589054e-01,5.950633768489697051e-01
-8.267701836178261710e-01,-1.484039167509961787e+00
-3.046496481829162606e-02,-1.404073685034618268e+00
-5.082480960980123585e-01,-1.246259654291219932e-01
2.084266008215687194e-01,4.351324118982826117e-01
2.084266008215687194e-01,5.950633768489697051e-01
-1.897260085781985184e-01,-1.723935614935992344e+00
1.084362341501056592e+00,1.152704819969085498e-01
1.482514950900823969e+00,2.434269473781870641e+00
-2.693565304581519992e-01,-8.443153077072136359e-01
1.084362341501056592e+00,-5.244533778058395601e-01
-1.304553314897546779e+00,-1.244142720083931231e+00
2.880571227015221725e-01,1.314752719127061376e+00
-5.082480960980123585e-01,1.952359644722520826e-01
-1.100954866982450792e-01,1.314752719127061376e+00
9.251012977411497973e-01,-4.466048295377847421e-02
-3.046496481829162606e-02,5.950633768489697051e-01
1.084362341501056592e+00,3.530499952156503779e-02
-9.860312273777330772e-01,6.750288593243132240e-01
1.801037038420637781e+00,3.551669294229390927e-01
-1.384183836777500343e+00,-4.466048295377847421e-02
-1.623075402417360591e+00,-6.843843427565265980e-01
8.454707758611963442e-01,-2.045914479044655121e-01
4.916555706166182704e-02,8.349598242750002619e-01
3.676876445814756256e-01,-4.466048295377847421e-02
7.658402539812428911e-01,4.351324118982826117e-01
-1.897260085781985184e-01,1.152704819969085498e-01
-1.702705924297314155e+00,-2.845569303798090033e-01
-5.082480960980123585e-01,7.549943417996567430e-01
-3.046496481829162606e-02,1.234787236651717857e+00
1.004731819621103250e+00,-2.045914479044655121e-01
6.862097321012894380e-01,-4.466048295377847421e-02
6.065792102213359849e-01,1.474683684077748413e+00
4.916555706166182704e-02,8.349598242750002619e-01
9.251012977411497973e-01,1.714580131503778970e+00
-1.065661749257686530e+00,1.314752719127061376e+00
5.269486883413825318e-01,9.948907892256871888e-01
1.960298082180544688e+00,9.948907892256871888e-01
-9.860312273777330772e-01,-4.466048295377847421e-02
2.597342257220172090e+00,3.530499952156503779e-02
1.004731819621103250e+00,3.530499952156503779e-02
4.916555706166182704e-02,-6.843843427565265980e-01
2.880571227015221725e-01,-6.843843427565265980e-01
1.323253907140917063e+00,9.149253067503436698e-01
-1.782336446177267497e+00,-4.444878953304960412e-01
8.454707758611963442e-01,1.152704819969085498e-01
1.287960789416152663e-01,4.351324118982826117e-01
-7.471396617378727179e-01,-6.044188602811830791e-01
1.801037038420637781e+00,1.234787236651717857e+00
1.323253907140917063e+00,1.394718201602404895e+00
1.287960789416152663e-01,7.549943417996567430e-01
1.163992863381010157e+00,9.149253067503436698e-01
4.916555706166182704e-02,5.950633768489697051e-01
2.084266008215687194e-01,-1.324108202559274750e+00
-1.100954866982450792e-01,-1.324108202559274750e+00
-1.897260085781985184e-01,-1.164177237608587712e+00
5.269486883413825318e-01,-2.045914479044655121e-01
6.862097321012894380e-01,-7.643498252318701169e-01
6.862097321012894380e-01,9.149253067503436698e-01
-1.897260085781985184e-01,6.750288593243132240e-01
-5.082480960980123585e-01,-4.466048295377847421e-02
-1.304553314897546779e+00,-2.845569303798090033e-01
-2.100858533697081310e+00,-1.164177237608587712e+00
1.641775994660730875e+00,1.152704819969085498e-01
-2.021228011817127967e+00,-2.523590439689427534e+00
4.916555706166182704e-02,2.752014469475955738e-01
-9.064007054977796241e-01,-8.443153077072136359e-01
-1.224922793017593436e+00,-1.484039167509961787e+00
2.084266008215687194e-01,7.549943417996567430e-01
1.323253907140917063e+00,-1.244142720083931231e+00
5.269486883413825318e-01,-1.246259654291219932e-01
2.880571227015221725e-01,5.950633768489697051e-01
4.473181664614290787e-01,-9.242807901825571548e-01
-9.860312273777330772e-01,-7.643498252318701169e-01
-1.224922793017593436e+00,-6.044188602811830791e-01
-6.675091398579192647e-01,-2.045914479044655121e-01
2.880571227015221725e-01,8.349598242750002619e-01
4.916555706166182704e-02,-3.645224128551525222e-01
2.880571227015221725e-01,1.234787236651717857e+00
6.862097321012894380e-01,-1.004246272657900674e+00
-1.543444880537407249e+00,-8.443153077072136359e-01
-2.693565304581519992e-01,-1.484039167509961787e+00
-9.064007054977796241e-01,1.554649166553091932e+00
-1.100954866982450792e-01,1.554649166553091932e+00
1.243623385260963499e+00,9.149253067503436698e-01
-3.046496481829162606e-02,-4.466048295377847421e-02
-5.082480960980123585e-01,-1.564004649985305306e+00
5.269486883413825318e-01,1.154821754176374338e+00
-3.489870523381054523e-01,-2.045914479044655121e-01
2.084266008215687194e-01,-5.244533778058395601e-01
-1.897260085781985184e-01,-8.443153077072136359e-01
4.916555706166182704e-02,2.114407543880496565e+00
-4.286175742180589054e-01,-1.246259654291219932e-01
3.676876445814756256e-01,1.794545613979122489e+00
4.916555706166182704e-02,1.154821754176374338e+00
-1.224922793017593436e+00,-4.466048295377847421e-02
-3.046496481829162606e-02,-4.444878953304960412e-01
1.163992863381010157e+00,1.634614649028435451e+00
-2.693565304581519992e-01,2.752014469475955738e-01
5.269486883413825318e-01,1.234787236651717857e+00
-9.860312273777330772e-01,-8.443153077072136359e-01
1.004731819621103250e+00,6.750288593243132240e-01
-1.782336446177267497e+00,1.152704819969085498e-01
-1.145292271137639872e+00,-1.246259654291219932e-01
-1.543444880537407249e+00,1.314752719127061376e+00
7.658402539812428911e-01,2.194373026355839862e+00
-1.384183836777500343e+00,7.549943417996567430e-01
4.916555706166182704e-02,-2.045914479044655121e-01
1.084362341501056592e+00,1.314752719127061376e+00
4.916555706166182704e-02,4.351324118982826117e-01
-3.046496481829162606e-02,7.549943417996567430e-01
-4.286175742180589054e-01,-1.244142720083931231e+00
-1.100954866982450792e-01,-4.444878953304960412e-01
6.065792102213359849e-01,-1.084211755133244193e+00
3.676876445814756256e-01,9.149253067503436698e-01
-1.897260085781985184e-01,4.351324118982826117e-01
7.658402539812428911e-01,1.394718201602404895e+00
-1.463814358657453685e+00,-8.443153077072136359e-01
4.916555706166182704e-02,-2.845569303798090033e-01
4.916555706166182704e-02,1.234787236651717857e+00
-3.489870523381054523e-01,-2.045914479044655121e-01
1.163992863381010157e+00,-1.324108202559274750e+00
1.004731819621103250e+00,-2.845569303798090033e-01
2.084266008215687194e-01,3.551669294229390927e-01
2.880571227015221725e-01,-1.164177237608587712e+00
-9.064007054977796241e-01,-6.044188602811830791e-01
-1.100954866982450792e-01,-1.246259654291219932e-01
-1.897260085781985184e-01,-1.803901097411335863e+00
1.721406516540684217e+00,-2.283693992263396755e+00
-1.623075402417360591e+00,3.551669294229390927e-01
-9.860312273777330772e-01,-2.845569303798090033e-01
5.269486883413825318e-01,-1.084211755133244193e+00
1.243623385260963499e+00,1.074856271701030819e+00
1.482514950900823969e+00,9.149253067503436698e-01
2.084266008215687194e-01,1.394718201602404895e+00
5.269486883413825318e-01,-4.466048295377847421e-02
1.004731819621103250e+00,1.314752719127061376e+00
1.004731819621103250e+00,3.530499952156503779e-02
-8.267701836178261710e-01,-1.803901097411335863e+00
-3.046496481829162606e-02,8.349598242750002619e-01
1.084362341501056592e+00,-1.246259654291219932e-01
4.916555706166182704e-02,3.551669294229390927e-01
-1.384183836777500343e+00,-2.603555922164770831e+00
-1.463814358657453685e+00,5.150978943736261861e-01
1.323253907140917063e+00,-1.244142720083931231e+00
2.084266008215687194e-01,-6.843843427565265980e-01
2.084266008215687194e-01,-1.246259654291219932e-01
9.251012977411497973e-01,1.474683684077748413e+00
1.402884429020870405e+00,-6.044188602811830791e-01
1.641775994660730875e+00,1.152704819969085498e-01
1.880667560300591123e+00,-8.443153077072136359e-01
1.323253907140917063e+00,9.149253067503436698e-01
2.880571227015221725e-01,-4.466048295377847421e-02
-2.658272186856755592e+00,-2.043797544837366420e+00
-4.286175742180589054e-01,-3.645224128551525222e-01
6.862097321012894380e-01,8.349598242750002619e-01
1.084362341501056592e+00,1.554649166553091932e+00
4.473181664614290787e-01,5.150978943736261861e-01
-5.878786179779658116e-01,1.152704819969085498e-01
1.287960789416152663e-01,-7.643498252318701169e-01
4.916555706166182704e-02,-1.246259654291219932e-01
-6.675091398579192647e-01,-1.564004649985305306e+00
-3.489870523381054523e-01,-8.443153077072136359e-01
-1.065661749257686530e+00,5.950633768489697051e-01
6.065792102213359849e-01,8.349598242750002619e-01
4.916555706166182704e-02,1.154821754176374338e+00
-5.878786179779658116e-01,1.952359644722520826e-01
-7.471396617378727179e-01,-6.044188602811830791e-01
-1.897260085781985184e-01,6.750288593243132240e-01
7.658402539812428911e-01,5.950633768489697051e-01
1.243623385260963499e+00,-6.044188602811830791e-01
-6.675091398579192647e-01,-1.246259654291219932e-01
-8.267701836178261710e-01,1.714580131503778970e+00
1.880667560300591123e+00,-6.044188602811830791e-01
-2.693565304581519992e-01,2.752014469475955738e-01
-5.878786179779658116e-01,1.394718201602404895e+00
1.243623385260963499e+00,6.750288593243132240e-01
-5.082480960980123585e-01,9.948907892256871888e-01
-6.675091398579192647e-01,-8.443153077072136359e-01
-2.339750099336941780e+00,2.752014469475955738e-01
1.243623385260963499e+00,-9.242807901825571548e-01
-8.267701836178261710e-01,-1.803901097411335863e+00
-2.737902708736708934e+00,-6.843843427565265980e-01
-9.860312273777330772e-01,1.152704819969085498e-01
-9.064007054977796241e-01,-6.044188602811830791e-01
6.065792102213359849e-01,-1.244142720083931231e+00
-1.304553314897546779e+00,-1.004246272657900674e+00
-5.878786179779658116e-01,1.152704819969085498e-01
1.084362341501056592e+00,5.150978943736261861e-01
-4.286175742180589054e-01,6.750288593243132240e-01
1.084362341501056592e+00,6.750288593243132240e-01
3.676876445814756256e-01,-7.643498252318701169e-01
8.454707758611963442e-01,-1.246259654291219932e-01
8.454707758611963442e-01,1.234787236651717857e+00
6.065792102213359849e-01,1.474683684077748413e+00
-9.860312273777330772e-01,1.714580131503778970e+00
-7.471396617378727179e-01,-1.244142720083931231e+00
-2.339750099336941780e+00,-1.004246272657900674e+00
1.801037038420637781e+00,-4.444878953304960412e-01
4.916555706166182704e-02,1.152704819969085498e-01
-1.304553314897546779e+00,4.351324118982826117e-01
2.880571227015221725e-01,1.794545613979122489e+00
3.676876445814756256e-01,7.549943417996567430e-01
1.721406516540684217e+00,7.549943417996567430e-01
4.916555706166182704e-02,3.551669294229390927e-01
-1.897260085781985184e-01,-1.084211755133244193e+00
-1.897260085781985184e-01,-1.084211755133244193e+00
-4.286175742180589054e-01,6.750288593243132240e-01
-9.860312273777330772e-01,7.549943417996567430e-01
1.323253907140917063e+00,-1.244142720083931231e+00
4.473181664614290787e-01,-2.845569303798090033e-01
-7.471396617378727179e-01,8.349598242750002619e-01
6.065792102213359849e-01,-4.444878953304960412e-01
-1.065661749257686530e+00,3.530499952156503779e-02
-1.224922793017593436e+00,-1.084211755133244193e+00
1.004731819621103250e+00,9.948907892256871888e-01
7.658402539812428911e-01,1.954476578929809527e+00
4.916555706166182704e-02,2.752014469475955738e-01
1.004731819621103250e+00,1.952359644722520826e-01
-1.897260085781985184e-01,-6.044188602811830791e-01
7.658402539812428911e-01,5.150978943736261861e-01
-4.286175742180589054e-01,-1.084211755133244193e+00
-1.100954866982450792e-01,3.551669294229390927e-01
-2.693565304581519992e-01,-1.484039167509961787e+00
-5.878786179779658116e-01,1.314752719127061376e+00
-2.100858533697081310e+00,-1.883866579886679382e+00
-1.782336446177267497e+00,-6.044188602811830791e-01
8.454707758611963442e-01,1.474683684077748413e+00
-1.463814358657453685e+00,2.752014469475955738e-01
-1.463814358657453685e+00,-1.484039167509961787e+00
9.251012977411497973e-01,5.150978943736261861e-01
-1.463814358657453685e+00,-9.242807901825571548e-01
-5.082480960980123585e-01,2.752014469475955738e-01
-3.489870523381054523e-01,-1.324108202559274750e+00
3.676876445814756256e-01,-2.045914479044655121e-01
1.287960789416152663e-01,-1.004246272657900674e+00
3.676876445814756256e-01,-7.643498252318701169e-01
2.039928604060498252e+00,-2.045914479044655121e-01
1.287960789416152663e-01,6.750288593243132240e-01
2.880571227015221725e-01,-4.466048295377847421e-02
1.243623385260963499e+00,1.474683684077748413e+00
-8.267701836178261710e-01,3.530499952156503779e-02
6.065792102213359849e-01,9.948907892256871888e-01
-9.860312273777330772e-01,-1.484039167509961787e+00
-6.675091398579192647e-01,-1.246259654291219932e-01
-5.082480960980123585e-01,1.314752719127061376e+00
1.287960789416152663e-01,5.950633768489697051e-01
-1.065661749257686530e+00,9.948907892256871888e-01
-1.897260085781985184e-01,-5.244533778058395601e-01
2.084266008215687194e-01,-4.466048295377847421e-02
1.287960789416152663e-01,-3.645224128551525222e-01
-1.224922793017593436e+00,-4.466048295377847421e-02
-4.286175742180589054e-01,3.530499952156503779e-02
-5.082480960980123585e-01,2.752014469475955738e-01
-9.064007054977796241e-01,-2.123763027312709717e+00
-8.267701836178261710e-01,-1.004246272657900674e+00
-1.384183836777500343e+00,-1.246259654291219932e-01
1.641775994660730875e+00,-1.643970132460648825e+00
6.065792102213359849e-01,-6.044188602811830791e-01
4.916555706166182704e-02,-7.643498252318701169e-01
-9.064007054977796241e-01,-1.244142720083931231e+00
6.862097321012894380e-01,-1.404073685034618268e+00
-9.860312273777330772e-01,3.551669294229390927e-01
1.163992863381010157e+00,1.554649166553091932e+00
1.287960789416152663e-01,2.194373026355839862e+00
-1.100954866982450792e-01,5.150978943736261861e-01
-1.100954866982450792e-01,-1.084211755133244193e+00
-3.046496481829162606e-02,1.234787236651717857e+00
1.287960789416152663e-01,1.474683684077748413e+00
-1.100954866982450792e-01,-1.004246272657900674e+00
-2.693565304581519992e-01,-1.164177237608587712e+00
3.676876445814756256e-01,-4.466048295377847421e-02
-3.046496481829162606e-02,2.752014469475955738e-01
6.065792102213359849e-01,6.750288593243132240e-01
-3.046496481829162606e-02,1.794545613979122489e+00
-6.675091398579192647e-01,-1.484039167509961787e+00
8.454707758611963442e-01,-1.244142720083931231e+00
1.323253907140917063e+00,-3.645224128551525222e-01
3.676876445814756256e-01,-4.444878953304960412e-01
-3.046496481829162606e-02,-4.466048295377847421e-02
1.801037038420637781e+00,-9.242807901825571548e-01
-2.693565304581519992e-01,-2.045914479044655121e-01
-1.861966968057221061e+00,4.351324118982826117e-01
1.084362341501056592e+00,7.549943417996567430e-01
-7.471396617378727179e-01,-5.244533778058395601e-01
-1.065661749257686530e+00,-2.203728509788053458e+00
-1.897260085781985184e-01,-9.242807901825571548e-01
6.065792102213359849e-01,2.274338508831183603e+00
1.287960789416152663e-01,-1.246259654291219932e-01
8.454707758611963442e-01,1.152704819969085498e-01
-5.878786179779658116e-01,-1.004246272657900674e+00
-5.082480960980123585e-01,-2.045914479044655121e-01
-8.267701836178261710e-01,-4.444878953304960412e-01
1.287960789416152663e-01,-3.645224128551525222e-01
4.916555706166182704e-02,-6.044188602811830791e-01
-1.897260085781985184e-01,-1.484039167509961787e+00
2.084266008215687194e-01,3.551669294229390927e-01
1.004731819621103250e+00,-3.645224128551525222e-01
-2.021228011817127967e+00,-1.004246272657900674e+00
-7.471396617378727179e-01,-1.324108202559274750e+00
1.402884429020870405e+00,-4.444878953304960412e-01
-1.543444880537407249e+00,-5.244533778058395601e-01
-5.878786179779658116e-01,5.950633768489697051e-01
-6.675091398579192647e-01,-4.466048295377847421e-02
-3.046496481829162606e-02,-1.484039167509961787e+00
-1.100954866982450792e-01,1.074856271701030819e+00
4.916555706166182704e-02,7.549943417996567430e-01
-1.065661749257686530e+00,-1.004246272657900674e+00
-8.267701836178261710e-01,-1.244142720083931231e+00
8.454707758611963442e-01,3.551669294229390927e-01
-7.471396617378727179e-01,1.074856271701030819e+00
-1.463814358657453685e+00,-1.324108202559274750e+00
1.004731819621103250e+00,1.554649166553091932e+00
2.880571227015221725e-01,-2.845569303798090033e-01
-3.489870523381054523e-01,-4.466048295377847421e-02
-1.065661749257686530e+00,-1.963832062362022901e+00
-5.878786179779658116e-01,4.351324118982826117e-01
6.862097321012894380e-01,-2.045914479044655121e-01
1.243623385260963499e+00,-5.244533778058395601e-01
1.641775994660730875e+00,1.952359644722520826e-01
-2.897163752496616063e+00,1.152704819969085498e-01
-7.471396617378727179e-01,2.752014469475955738e-01
-5.082480960980123585e-01,1.314752719127061376e+00
2.084266008215687194e-01,-6.843843427565265980e-01
-1.304553314897546779e+00,-6.843843427565265980e-01
-6.675091398579192647e-01,-1.324108202559274750e+00
-1.100954866982450792e-01,3.551669294229390927e-01
1.004731819621103250e+00,-9.242807901825571548e-01
-1.543444880537407249e+00,-2.043797544837366420e+00
1.287960789416152663e-01,-3.645224128551525222e-01
-2.693565304581519992e-01,5.950633768489697051e-01
-3.046496481829162606e-02,-4.444878953304960412e-01
-8.267701836178261710e-01,-8.443153077072136359e-01
-6.675091398579192647e-01,3.530499952156503779e-02
-4.286175742180589054e-01,5.950633768489697051e-01
4.916555706166182704e-02,-1.244142720083931231e+00
3.676876445814756256e-01,6.750288593243132240e-01
2.084266008215687194e-01,-1.484039167509961787e+00
-1.623075402417360591e+00,5.950633768489697051e-01
-1.782336446177267497e+00,-1.246259654291219932e-01
-1.897260085781985184e-01,2.752014469475955738e-01
2.880571227015221725e-01,-2.045914479044655121e-01
1.801037038420637781e+00,1.314752719127061376e+00
-8.267701836178261710e-01,-1.484039167509961787e+00
-2.737902708736708934e+00,1.394718201602404895e+00
-7.471396617378727179e-01,4.351324118982826117e-01
-9.860312273777330772e-01,-2.123763027312709717e+00
2.084266008215687194e-01,-1.244142720083931231e+00
-2.693565304581519992e-01,5.950633768489697051e-01
1.163992863381010157e+00,-7.643498252318701169e-01
-4.286175742180589054e-01,3.530499952156503779e-02
-6.675091398579192647e-01,2.194373026355839862e+00
1.243623385260963499e+00,-2.845569303798090033e-01
2.880571227015221725e-01,-1.484039167509961787e+00
-1.897260085781985184e-01,-2.043797544837366420e+00
1.084362341501056592e+00,-2.523590439689427534e+00
-8.267701836178261710e-01,1.952359644722520826e-01
1.287960789416152663e-01,7.549943417996567430e-01
2.199189647820404936e+00,1.634614649028435451e+00
-1.623075402417360591e+00,1.954476578929809527e+00
-2.100858533697081310e+00,1.634614649028435451e+00
1.402884429020870405e+00,1.234787236651717857e+00
-3.489870523381054523e-01,1.952359644722520826e-01
-2.021228011817127967e+00,-6.843843427565265980e-01
-2.021228011817127967e+00,2.752014469475955738e-01
3.676876445814756256e-01,-1.004246272657900674e+00
-3.046496481829162606e-02,3.551669294229390927e-01
8.454707758611963442e-01,1.952359644722520826e-01
-1.897260085781985184e-01,5.150978943736261861e-01
4.916555706166182704e-02,1.152704819969085498e-01
-6.675091398579192647e-01,-1.246259654291219932e-01
-4.286175742180589054e-01,2.752014469475955738e-01
1.641775994660730875e+00,-3.645224128551525222e-01
1.084362341501056592e+00,-9.242807901825571548e-01
-8.267701836178261710e-01,-7.643498252318701169e-01
1.721406516540684217e+00,1.394718201602404895e+00
1.287960789416152663e-01,-1.244142720083931231e+00
-3.489870523381054523e-01,8.349598242750002619e-01
-4.286175742180589054e-01,-1.324108202559274750e+00
-1.100954866982450792e-01,-9.242807901825571548e-01
1.004731819621103250e+00,-4.466048295377847421e-02
6.065792102213359849e-01,1.714580131503778970e+00
7.658402539812428911e-01,7.549943417996567430e-01
3.676876445814756256e-01,1.634614649028435451e+00
2.039928604060498252e+00,2.274338508831183603e+00
1.562145472780777311e+00,2.752014469475955738e-01
-9.860312273777330772e-01,-9.242807901825571548e-01
-3.046496481829162606e-02,2.114407543880496565e+00
1.562145472780777311e+00,3.530499952156503779e-02
-1.463814358657453685e+00,-8.443153077072136359e-01
1.287960789416152663e-01,-8.443153077072136359e-01
-1.224922793017593436e+00,-5.244533778058395601e-01
1.287960789416152663e-01,3.551669294229390927e-01
-5.878786179779658116e-01,-2.045914479044655121e-01
8.454707758611963442e-01,3.530499952156503779e-02
1.402884429020870405e+00,-8.443153077072136359e-01
-8.267701836178261710e-01,2.752014469475955738e-01
-6.675091398579192647e-01,3.530499952156503779e-02
1.287960789416152663e-01,-9.242807901825571548e-01
-6.675091398579192647e-01,7.549943417996567430e-01
-3.046496481829162606e-02,-5.244533778058395601e-01
1.960298082180544688e+00,2.594200438732557679e+00
1.402884429020870405e+00,1.634614649028435451e+00
-2.693565304581519992e-01,5.950633768489697051e-01
-1.384183836777500343e+00,-9.242807901825571548e-01
6.065792102213359849e-01,6.750288593243132240e-01
1.243623385260963499e+00,5.150978943736261861e-01
-1.100954866982450792e-01,-4.444878953304960412e-01
-1.897260085781985184e-01,1.074856271701030819e+00
1.880667560300591123e+00,1.952359644722520826e-01
1.163992863381010157e+00,-9.242807901825571548e-01
4.473181664614290787e-01,-1.564004649985305306e+00
4.916555706166182704e-02,1.234787236651717857e+00
-1.897260085781985184e-01,9.948907892256871888e-01
-4.286175742180589054e-01,1.714580131503778970e+00
-6.675091398579192647e-01,4.351324118982826117e-01
-5.082480960980123585e-01,-9.242807901825571548e-01
-5.082480960980123585e-01,-2.043797544837366420e+00
3.676876445814756256e-01,-2.845569303798090033e-01
1.004731819621103250e+00,-2.043797544837366420e+00
6.065792102213359849e-01,3.551669294229390927e-01
1.641775994660730875e+00,9.948907892256871888e-01
4.473181664614290787e-01,6.750288593243132240e-01
-1.224922793017593436e+00,-8.443153077072136359e-01
1.004731819621103250e+00,1.474683684077748413e+00
-3.489870523381054523e-01,-1.164177237608587712e+00
1.287960789416152663e-01,-1.404073685034618268e+00
-1.224922793017593436e+00,-1.246259654291219932e-01
6.862097321012894380e-01,-1.244142720083931231e+00
-1.702705924297314155e+00,-9.242807901825571548e-01
-1.100954866982450792e-01,3.551669294229390927e-01
1.084362341501056592e+00,6.750288593243132240e-01
-3.489870523381054523e-01,2.752014469475955738e-01
6.862097321012894380e-01,1.074856271701030819e+00
1.243623385260963499e+00,-1.244142720083931231e+00
1.163992863381010157e+00,1.952359644722520826e-01
-2.693565304581519992e-01,-7.643498252318701169e-01
-8.267701836178261710e-01,-1.564004649985305306e+00
-1.224922793017593436e+00,-5.244533778058395601e-01
-2.021228011817127967e+00,-5.244533778058395601e-01
3.676876445814756256e-01,1.952359644722520826e-01
1.482514950900823969e+00,-6.044188602811830791e-01
-6.675091398579192647e-01,-1.803901097411335863e+00
4.473181664614290787e-01,8.349598242750002619e-01
4.916555706166182704e-02,3.551669294229390927e-01
2.880571227015221725e-01,-5.244533778058395601e-01
-9.064007054977796241e-01,-1.164177237608587712e+00
3.676876445814756256e-01,-5.244533778058395601e-01
1.641775994660730875e+00,9.149253067503436698e-01
2.836233822860032561e+00,-2.845569303798090033e-01
2.084266008215687194e-01,3.530499952156503779e-02
-4.286175742180589054e-01,8.349598242750002619e-01
9.251012977411497973e-01,-1.246259654291219932e-01
6.862097321012894380e-01,-2.845569303798090033e-01
6.065792102213359849e-01,-9.242807901825571548e-01
7.658402539812428911e-01,3.530499952156503779e-02
2.084266008215687194e-01,7.549943417996567430e-01
-3.046496481829162606e-02,5.150978943736261861e-01
-5.878786179779658116e-01,-2.045914479044655121e-01
-6.675091398579192647e-01,-5.244533778058395601e-01
2.880571227015221725e-01,3.551669294229390927e-01
2.880571227015221725e-01,1.394718201602404895e+00
-7.471396617378727179e-01,3.530499952156503779e-02
1.163992863381010157e+00,1.952359644722520826e-01
1.323253907140917063e+00,-1.084211755133244193e+00
-3.046496481829162606e-02,5.150978943736261861e-01
-3.489870523381054523e-01,-5.244533778058395601e-01
4.473181664614290787e-01,-2.845569303798090033e-01
2.880571227015221725e-01,1.154821754176374338e+00
-1.224922793017593436e+00,-5.244533778058395601e-01
-9.064007054977796241e-01,6.750288593243132240e-01
2.084266008215687194e-01,5.150978943736261861e-01
1.323253907140917063e+00,1.952359644722520826e-01
-3.046496481829162606e-02,-2.203728509788053458e+00
4.473181664614290787e-01,1.314752719127061376e+00
4.916555706166182704e-02,7.549943417996567430e-01
-3.489870523381054523e-01,-2.845569303798090033e-01
-8.267701836178261710e-01,-2.845569303798090033e-01
2.084266008215687194e-01,-2.045914479044655121e-01
-4.286175742180589054e-01,-4.466048295377847421e-02
7.658402539812428911e-01,-4.444878953304960412e-01
-5.082480960980123585e-01,9.149253067503436698e-01
-5.082480960980123585e-01,-2.845569303798090033e-01
-7.471396617378727179e-01,-1.324108202559274750e+00
-3.489870523381054523e-01,-1.324108202559274750e+00
-1.897260085781985184e-01,-1.484039167509961787e+00
-1.623075402417360591e+00,3.530499952156503779e-02
1.323253907140917063e+00,1.154821754176374338e+00
-3.489870523381054523e-01,5.150978943736261861e-01
2.039928604060498252e+00,2.114407543880496565e+00
-3.046496481829162606e-02,-1.244142720083931231e+00
-1.224922793017593436e+00,-4.466048295377847421e-02
1.801037038420637781e+00,1.314752719127061376e+00
-1.145292271137639872e+00,-2.845569303798090033e-01
1.287960789416152663e-01,-4.466048295377847421e-02
1.801037038420637781e+00,5.950633768489697051e-01
-5.082480960980123585e-01,6.750288593243132240e-01
3.676876445814756256e-01,7.549943417996567430e-01
3.676876445814756256e-01,3.530499952156503779e-02
-6.675091398579192647e-01,1.152704819969085498e-01
2.084266008215687194e-01,4.351324118982826117e-01
4.916555706166182704e-02,-1.883866579886679382e+00
1.243623385260963499e+00,1.954476578929809527e+00
4.473181664614290787e-01,1.154821754176374338e+00
-3.489870523381054523e-01,-2.043797544837366420e+00
-5.082480960980123585e-01,3.551669294229390927e-01
-4.286175742180589054e-01,-6.044188602811830791e-01
1.084362341501056592e+00,1.234787236651717857e+00
-2.021228011817127967e+00,-1.084211755133244193e+00
4.473181664614290787e-01,9.149253067503436698e-01
1.880667560300591123e+00,-1.004246272657900674e+00
-1.623075402417360591e+00,-5.244533778058395601e-01
-1.623075402417360591e+00,-3.645224128551525222e-01
-1.100954866982450792e-01,1.952359644722520826e-01
-6.675091398579192647e-01,4.351324118982826117e-01
-5.878786179779658116e-01,-2.845569303798090033e-01
-7.471396617378727179e-01,-3.645224128551525222e-01
-1.897260085781985184e-01,-6.843843427565265980e-01
1.402884429020870405e+00,-2.845569303798090033e-01
-1.145292271137639872e+00,4.351324118982826117e-01
1.482514950900823969e+00,1.234787236651717857e+00
-6.675091398579192647e-01,5.950633768489697051e-01
-1.384183836777500343e+00,1.554649166553091932e+00
-1.897260085781985184e-01,1.952359644722520826e-01
-8.267701836178261710e-01,-5.244533778058395601e-01
-1.100954866982450792e-01,-3.645224128551525222e-01
-1.463814358657453685e+00,-3.645224128551525222e-01
-8.267701836178261710e-01,-1.324108202559274750e+00
3.676876445814756256e-01,1.314752719127061376e+00
-5.878786179779658116e-01,9.948907892256871888e-01
6.065792102213359849e-01,1.234787236651717857e+00
6.862097321012894380e-01,3.530499952156503779e-02
-1.100954866982450792e-01,5.150978943736261861e-01
-5.878786179779658116e-01,-1.246259654291219932e-01
1.562145472780777311e+00,-4.466048295377847421e-02
1.287960789416152663e-01,3.551669294229390927e-01
-2.021228011817127967e+00,-1.004246272657900674e+00
2.084266008215687194e-01,-7.643498252318701169e-01
-1.702705924297314155e+00,6.750288593243132240e-01
2.756603300980079219e+00,2.434269473781870641e+00
5.269486883413825318e-01,-2.045914479044655121e-01
-1.224922793017593436e+00,-4.466048295377847421e-02
-1.100954866982450792e-01,-8.443153077072136359e-01
-5.878786179779658116e-01,-6.044188602811830791e-01
-6.675091398579192647e-01,5.950633768489697051e-01
-1.224922793017593436e+00,5.950633768489697051e-01
-4.286175742180589054e-01,3.530499952156503779e-02
6.065792102213359849e-01,1.952359644722520826e-01
2.084266008215687194e-01,-6.843843427565265980e-01
1.721406516540684217e+00,-4.466048295377847421e-02
3.676876445814756256e-01,-7.643498252318701169e-01
2.084266008215687194e-01,-4.444878953304960412e-01
1.721406516540684217e+00,-7.643498252318701169e-01
-1.897260085781985184e-01,-6.843843427565265980e-01
-2.260119577456988438e+00,1.154821754176374338e+00
-3.046496481829162606e-02,5.950633768489697051e-01
-1.384183836777500343e+00,3.530499952156503779e-02
-3.489870523381054523e-01,2.752014469475955738e-01
-3.046496481829162606e-02,2.752014469475955738e-01
4.916555706166182704e-02,1.152704819969085498e-01
1.482514950900823969e+00,-2.845569303798090033e-01
-8.267701836178261710e-01,-2.845569303798090033e-01
3.393647476019706843e+00,-6.044188602811830791e-01
2.880571227015221725e-01,-6.044188602811830791e-01
1.482514950900823969e+00,3.530499952156503779e-02
1.960298082180544688e+00,2.434269473781870641e+00
2.084266008215687194e-01,1.074856271701030819e+00
-3.046496481829162606e-02,6.750288593243132240e-01
-1.897260085781985184e-01,-1.404073685034618268e+00
-5.878786179779658116e-01,1.074856271701030819e+00
2.278820169700358278e+00,2.434269473781870641e+00
8.454707758611963442e-01,-1.564004649985305306e+00
1.323253907140917063e+00,-2.845569303798090033e-01
-2.897163752496616063e+00,-1.643970132460648825e+00
-2.693565304581519992e-01,-1.164177237608587712e+00
-9.064007054977796241e-01,6.750288593243132240e-01
-1.100954866982450792e-01,-5.244533778058395601e-01
-1.384183836777500343e+00,-4.444878953304960412e-01
1.287960789416152663e-01,-2.043797544837366420e+00
-1.145292271137639872e+00,-3.645224128551525222e-01
1.004731819621103250e+00,-4.444878953304960412e-01
2.278820169700358278e+00,1.874511096454466008e+00
3.234386432259799715e+00,-1.404073685034618268e+00
-3.046496481829162606e-02,-4.466048295377847421e-02
1.004731819621103250e+00,9.948907892256871888e-01
-1.100954866982450792e-01,-6.843843427565265980e-01
-7.471396617378727179e-01,-5.244533778058395601e-01
2.084266008215687194e-01,3.551669294229390927e-01
1.402884429020870405e+00,5.150978943736261861e-01
7.658402539812428911e-01,-1.246259654291219932e-01
-3.046496481829162606e-02,-1.084211755133244193e+00
8.454707758611963442e-01,-1.244142720083931231e+00
9.251012977411497973e-01,5.950633768489697051e-01
1.287960789416152663e-01,-1.246259654291219932e-01
7.658402539812428911e-01,1.152704819969085498e-01
6.065792102213359849e-01,-4.466048295377847421e-02
2.358450691580312064e+00,3.313889781010649127e+00
9.251012977411497973e-01,-3.645224128551525222e-01
2.084266008215687194e-01,8.349598242750002619e-01
-4.286175742180589054e-01,-1.484039167509961787e+00
5.269486883413825318e-01,-6.843843427565265980e-01
-1.782336446177267497e+00,-1.564004649985305306e+00
-9.860312273777330772e-01,-2.045914479044655121e-01
1.801037038420637781e+00,4.351324118982826117e-01
-7.471396617378727179e-01,-1.084211755133244193e+00
5.269486883413825318e-01,9.149253067503436698e-01
1.243623385260963499e+00,3.530499952156503779e-02
-6.675091398579192647e-01,-3.645224128551525222e-01
-6.675091398579192647e-01,-1.084211755133244193e+00
-9.064007054977796241e-01,-6.044188602811830791e-01
1.641775994660730875e+00,-1.324108202559274750e+00
2.358450691580312064e+00,-6.044188602811830791e-01
-6.675091398579192647e-01,1.794545613979122489e+00
1.880667560300591123e+00,1.952359644722520826e-01
-5.878786179779658116e-01,-1.564004649985305306e+00
1.801037038420637781e+00,1.794545613979122489e+00
2.199189647820404936e+00,1.794545613979122489e+00
-1.145292271137639872e+00,3.530499952156503779e-02
-1.384183836777500343e+00,1.074856271701030819e+00
6.862097321012894380e-01,-1.084211755133244193e+00
-1.897260085781985184e-01,3.530499952156503779e-02
1.562145472780777311e+00,1.314752719127061376e+00
-1.145292271137639872e+00,-1.246259654291219932e-01
1.163992863381010157e+00,1.634614649028435451e+00
-1.145292271137639872e+00,4.351324118982826117e-01
-1.384183836777500343e+00,4.351324118982826117e-01
-3.489870523381054523e-01,-2.845569303798090033e-01
-9.860312273777330772e-01,6.750288593243132240e-01
4.916555706166182704e-02,7.549943417996567430e-01
4.916555706166182704e-02,6.750288593243132240e-01
1.721406516540684217e+00,2.274338508831183603e+00
-1.702705924297314155e+00,-2.045914479044655121e-01
6.862097321012894380e-01,1.154821754176374338e+00
-5.082480960980123585e-01,1.234787236651717857e+00
-8.267701836178261710e-01,-5.244533778058395601e-01
1.287960789416152663e-01,-6.843843427565265980e-01
1.721406516540684217e+00,1.554649166553091932e+00
-5.878786179779658116e-01,4.351324118982826117e-01
-1.897260085781985184e-01,-1.084211755133244193e+00
1.084362341501056592e+00,5.150978943736261861e-01
-1.145292271137639872e+00,1.874511096454466008e+00
-7.471396617378727179e-01,9.149253067503436698e-01
3.676876445814756256e-01,9.149253067503436698e-01
1.482514950900823969e+00,9.149253067503436698e-01
-4.286175742180589054e-01,-1.004246272657900674e+00
4.916555706166182704e-02,-2.045914479044655121e-01
1.004731819621103250e+00,-1.244142720083931231e+00
1.323253907140917063e+00,-1.324108202559274750e+00
-2.693565304581519992e-01,-1.324108202559274750e+00
-1.100954866982450792e-01,8.349598242750002619e-01
-1.065661749257686530e+00,1.074856271701030819e+00
1.004731819621103250e+00,9.948907892256871888e-01
-3.046496481829162606e-02,-8.443153077072136359e-01
-1.100954866982450792e-01,1.952359644722520826e-01
1.084362341501056592e+00,2.674165921207900976e+00
3.676876445814756256e-01,5.150978943736261861e-01
1.402884429020870405e+00,2.194373026355839862e+00
4.473181664614290787e-01,-4.466048295377847421e-02
6.065792102213359849e-01,-1.004246272657900674e+00
1.402884429020870405e+00,6.750288593243132240e-01
2.880571227015221725e-01,-1.324108202559274750e+00
2.880571227015221725e-01,-4.444878953304960412e-01
-1.384183836777500343e+00,-7.643498252318701169e-01
-5.878786179779658116e-01,1.634614649028435451e+00
-7.471396617378727179e-01,1.152704819969085498e-01
3.676876445814756256e-01,7.549943417996567430e-01
-9.860312273777330772e-01,-9.242807901825571548e-01
-4.286175742180589054e-01,7.549943417996567430e-01
3.676876445814756256e-01,5.950633768489697051e-01
3.676876445814756256e-01,1.234787236651717857e+00
-1.384183836777500343e+00,-8.443153077072136359e-01
-3.489870523381054523e-01,9.948907892256871888e-01
-5.082480960980123585e-01,-1.164177237608587712e+00
8.454707758611963442e-01,9.149253067503436698e-01
1.287960789416152663e-01,-1.803901097411335863e+00
2.438081213460265406e+00,1.634614649028435451e+00
-1.463814358657453685e+00,2.752014469475955738e-01
-1.384183836777500343e+00,-5.244533778058395601e-01
-1.065661749257686530e+00,-8.443153077072136359e-01
-7.471396617378727179e-01,1.152704819969085498e-01
-1.100954866982450792e-01,2.752014469475955738e-01
2.084266008215687194e-01,-7.643498252318701169e-01
4.473181664614290787e-01,4.351324118982826117e-01
-5.082480960980123585e-01,5.950633768489697051e-01
-5.878786179779658116e-01,-1.723935614935992344e+00
-1.897260085781985184e-01,-1.564004649985305306e+00
-1.145292271137639872e+00,7.549943417996567430e-01
-1.100954866982450792e-01,1.152704819969085498e-01
2.880571227015221725e-01,7.549943417996567430e-01
-4.286175742180589054e-01,-4.444878953304960412e-01
8.454707758611963442e-01,9.948907892256871888e-01
-1.623075402417360591e+00,-6.044188602811830791e-01
8.454707758611963442e-01,1.952359644722520826e-01
-1.897260085781985184e-01,4.351324118982826117e-01
1.004731819621103250e+00,-3.645224128551525222e-01
2.278820169700358278e+00,-7.643498252318701169e-01
-2.693565304581519992e-01,7.549943417996567430e-01
-1.543444880537407249e+00,-1.324108202559274750e+00
1.084362341501056592e+00,3.530499952156503779e-02
-1.100954866982450792e-01,1.952359644722520826e-01
9.251012977411497973e-01,6.750288593243132240e-01
-8.267701836178261710e-01,3.530499952156503779e-02
-1.304553314897546779e+00,9.149253067503436698e-01
-1.897260085781985184e-01,8.349598242750002619e-01
4.473181664614290787e-01,1.234787236651717857e+00
6.862097321012894380e-01,-4.444878953304960412e-01
4.916555706166182704e-02,4.351324118982826117e-01
7.658402539812428911e-01,1.874511096454466008e+00
-1.100954866982450792e-01,-1.164177237608587712e+00
4.916555706166182704e-02,3.551669294229390927e-01
3.676876445814756256e-01,1.554649166553091932e+00
7.658402539812428911e-01,-1.084211755133244193e+00
4.473181664614290787e-01,2.514234956257213938e+00
-9.064007054977796241e-01,4.351324118982826117e-01
-1.224922793017593436e+00,-1.004246272657900674e+00
-9.064007054977796241e-01,-7.643498252318701169e-01
2.880571227015221725e-01,2.354303991306526900e+00
4.473181664614290787e-01,-4.466048295377847421e-02
-3.489870523381054523e-01,-2.845569303798090033e-01
1.287960789416152663e-01,-7.643498252318701169e-01
-1.463814358657453685e+00,-6.843843427565265980e-01
9.251012977411497973e-01,-2.845569303798090033e-01
5.269486883413825318e-01,9.948907892256871888e-01
-1.702705924297314155e+00,-1.084211755133244193e+00
-3.489870523381054523e-01,-6.044188602811830791e-01
4.916555706166182704e-02,-2.845569303798090033e-01
-1.065661749257686530e+00,1.554649166553091932e+00
-1.897260085781985184e-01,1.234787236651717857e+00
-2.693565304581519992e-01,1.394718201602404895e+00
-1.897260085781985184e-01,-8.443153077072136359e-01
1.243623385260963499e+00,6.750288593243132240e-01
-1.304553314897546779e+00,5.950633768489697051e-01
-1.543444880537407249e+00,-9.242807901825571548e-01
1.402884429020870405e+00,2.274338508831183603e+00
1.287960789416152663e-01,-2.283693992263396755e+00
-1.304553314897546779e+00,-2.845569303798090033e-01
6.862097321012894380e-01,1.952359644722520826e-01
-1.384183836777500343e+00,-6.044188602811830791e-01
6.065792102213359849e-01,9.948907892256871888e-01
5.269486883413825318e-01,-3.645224128551525222e-01
6.862097321012894380e-01,-7.643498252318701169e-01
-1.304553314897546779e+00,1.952359644722520826e-01
1.641775994660730875e+00,-7.643498252318701169e-01
7.658402539812428911e-01,-1.246259654291219932e-01
-1.224922793017593436e+00,3.530499952156503779e-02
-9.064007054977796241e-01,-1.643970132460648825e+00
2.358450691580312064e+00,1.074856271701030819e+00
-4.286175742180589054e-01,-2.523590439689427534e+00
2.084266008215687194e-01,7.549943417996567430e-01
6.862097321012894380e-01,3.530499952156503779e-02
-1.897260085781985184e-01,8.349598242750002619e-01
2.278820169700358278e+00,2.754131403683244717e+00
-2.100858533697081310e+00,1.952359644722520826e-01
4.916555706166182704e-02,1.314752719127061376e+00
-6.675091398579192647e-01,-1.883866579886679382e+00
-1.100954866982450792e-01,1.074856271701030819e+00
-5.082480960980123585e-01,-1.004246272657900674e+00
1.163992863381010157e+00,1.952359644722520826e-01
1.287960789416152663e-01,-1.004246272657900674e+00
-5.878786179779658116e-01,-1.244142720083931231e+00
-3.489870523381054523e-01,1.952359644722520826e-01
1.323253907140917063e+00,9.149253067503436698e-01
-3.046496481829162606e-02,1.074856271701030819e+00
-2.021228011817127967e+00,9.948907892256871888e-01
-5.082480960980123585e-01,7.549943417996567430e-01
-7.471396617378727179e-01,4.351324118982826117e-01
-1.897260085781985184e-01,-4.466048295377847421e-02
-1.065661749257686530e+00,8.349598242750002619e-01
-2.260119577456988438e+00,-2.123763027312709717e+00
-3.046496481829162606e-02,3.551669294229390927e-01
1.243623385260963499e+00,-1.246259654291219932e-01
3.676876445814756256e-01,-8.443153077072136359e-01
-4.286175742180589054e-01,1.554649166553091932e+00
-1.224922793017593436e+00,-4.444878953304960412e-01
1.084362341501056592e+00,4.351324118982826117e-01
-9.064007054977796241e-01,-7.643498252318701169e-01
-5.878786179779658116e-01,4.351324118982826117e-01
-2.693565304581519992e-01,1.152704819969085498e-01
-1.897260085781985184e-01,-5.244533778058395601e-01
6.065792102213359849e-01,-1.246259654291219932e-01
-1.782336446177267497e+00,-6.843843427565265980e-01
-5.878786179779658116e-01,-1.084211755133244193e+00
6.065792102213359849e-01,1.474683684077748413e+00
2.880571227015221725e-01,-1.246259654291219932e-01
2.084266008215687194e-01,5.950633768489697051e-01
-6.675091398579192647e-01,-1.324108202559274750e+00
-6.675091398579192647e-01,-6.843843427565265980e-01
3.676876445814756256e-01,3.530499952156503779e-02
-1.543444880537407249e+00,-5.244533778058395601e-01
-1.623075402417360591e+00,9.948907892256871888e-01
-2.180489055577034652e+00,-2.603555922164770831e+00
1.287960789416152663e-01,-8.443153077072136359e-01
3.676876445814756256e-01,-8.443153077072136359e-01
-1.861966968057221061e+00,-2.045914479044655121e-01
1.482514950900823969e+00,-7.643498252318701169e-01
4.916555706166182704e-02,8.349598242750002619e-01
5.269486883413825318e-01,-4.444878953304960412e-01
-5.082480960980123585e-01,4.351324118982826117e-01
-2.693565304581519992e-01,4.351324118982826117e-01
-9.064007054977796241e-01,5.950633768489697051e-01
-6.675091398579192647e-01,-2.845569303798090033e-01
9.251012977411497973e-01,5.150978943736261861e-01
-1.065661749257686530e+00,-6.044188602811830791e-01
9.330505144745313562e-01,1.374119662064549718e+00
-7.069260164256523371e-01,-5.321097494842811498e-02
1.179046994109558932e+00,1.056935076061665590e+00
6.870540348395037800e-01,-2.118032679498700888e-01
-2.100906067690808232e+00,-1.480541611961405879e+00
1.343044647199577168e+00,1.056935076061665590e+00
-7.889248429706614552e-01,5.811581970573397316e-01
-1.444915455330734844e+00,-4.496917074520330182e-01
-8.709236695156706842e-01,-3.703955609513120417e-01
3.106342247943035331e-02,5.811581970573397316e-01
-1.280917802240716608e+00,-1.004764732957079909e+00
-1.280917802240716608e+00,8.983427830602237485e-01
-2.149330571555971847e-01,-1.004764732957079909e+00
5.230563817494854328e-01,-1.004764732957079909e+00
5.230563817494854328e-01,-1.325071214491491123e-01
2.491028218829705931e+00,7.397504900587816845e-01
-3.789307102456155318e-01,-5.321097494842811498e-02
8.510516879295221271e-01,-1.084060879457800830e+00
-1.329342306105880112e-01,2.608517155229287190e-02
-5.093540406557883066e-02,-8.461724399556379561e-01
1.015049341019540474e+00,2.639736110544558256e-01
-1.116920149150698149e+00,-2.194206930467894612e+00
-2.969318837006063583e-01,-3.703955609513120417e-01
9.330505144745313562e-01,-5.321097494842811498e-02
-2.018907241145799336e+00,-1.401245465460684958e+00
1.671039953379614085e+00,1.056935076061665590e+00
5.230563817494854328e-01,-1.325071214491491123e-01
-9.529224960606798023e-01,-7.668762934549169241e-01
6.050552082944946619e-01,-1.401245465460684958e+00
-2.149330571555971847e-01,-2.273503076968615755e+00
-9.529224960606798023e-01,-2.118032679498700888e-01
1.015049341019540474e+00,1.056935076061665590e+00
9.330505144745313562e-01,8.983427830602237485e-01
-2.428901373870845148e+00,2.608517155229287190e-02
9.330505144745313562e-01,1.374119662064549718e+00
-1.526914281875744184e+00,5.811581970573397316e-01
1.835037606469632321e+00,1.691304248067433624e+00
8.510516879295221271e-01,5.018620505566188106e-01
-1.329342306105880112e-01,2.639736110544558256e-01
-7.889248429706614552e-01,5.811581970573397316e-01
-1.034921322605689031e+00,-6.082840004534749712e-01
-1.362916628785725726e+00,-1.321949318959963815e+00
-1.280917802240716608e+00,-6.875801469541960032e-01
-4.609295367906247609e-01,-7.668762934549169241e-01
1.130622490244395373e-01,2.639736110544558256e-01
1.130622490244395373e-01,1.294823515563828575e+00
1.917036433014641439e+00,8.190466365595027165e-01
-5.093540406557883066e-02,2.608517155229287190e-02
-1.198918975695707489e+00,-1.401245465460684958e+00
-7.889248429706614552e-01,-1.480541611961405879e+00
-1.198918975695707489e+00,-1.325071214491491123e-01
-1.116920149150698149e+00,-5.321097494842811498e-02
-1.329342306105880112e-01,-5.289878539527540502e-01
-1.608913108420753302e+00,5.811581970573397316e-01
3.106342247943035331e-02,3.432697575551768021e-01
-2.264903720780826912e+00,-1.401245465460684958e+00
-1.280917802240716608e+00,3.432697575551768021e-01
-4.609295367906247609e-01,2.639736110544558256e-01
6.050552082944946619e-01,-3.703955609513120417e-01
1.950610755694487108e-01,9.776389295609446695e-01
-7.069260164256523371e-01,-1.084060879457800830e+00
3.967007096639870944e+00,3.594411764084737282e+00
6.050552082944946619e-01,-1.325071214491491123e-01
-1.198918975695707489e+00,-2.118032679498700888e-01
8.510516879295221271e-01,-2.118032679498700888e-01
-3.789307102456155318e-01,-1.242653172459242894e+00
-2.969318837006063583e-01,7.397504900587816845e-01
-1.116920149150698149e+00,-7.668762934549169241e-01
4.410575552044762593e-01,8.190466365595027165e-01
-1.280917802240716608e+00,-8.461724399556379561e-01
1.015049341019540474e+00,-1.718430051463568864e+00
-7.069260164256523371e-01,-6.875801469541960032e-01
-3.789307102456155318e-01,-5.321097494842811498e-02
6.870540348395037800e-01,-2.118032679498700888e-01
-7.889248429706614552e-01,-8.461724399556379561e-01
1.343044647199577168e+00,-2.118032679498700888e-01
-5.429283633356338790e-01,1.846774645537348492e-01
-1.329342306105880112e-01,2.608517155229287190e-02
-1.608913108420753302e+00,-2.035614637466452770e+00
2.770599021144579122e-01,-6.082840004534749712e-01
-4.609295367906247609e-01,1.846774645537348492e-01
1.671039953379614085e+00,-2.910994144505910652e-01
-1.444915455330734844e+00,-2.035614637466452770e+00
1.507042300289595627e+00,1.215527369063107654e+00
-1.280917802240716608e+00,-3.703955609513120417e-01
-8.709236695156706842e-01,1.294823515563828575e+00
1.950610755694487108e-01,-1.639133904962847721e+00
-6.249271898806431080e-01,-1.321949318959963815e+00
1.671039953379614085e+00,-1.325071214491491123e-01
-1.362916628785725726e+00,-6.082840004534749712e-01
-9.529224960606798023e-01,1.846774645537348492e-01
1.179046994109558932e+00,1.770600394568154545e+00
-2.969318837006063583e-01,-1.004764732957079909e+00
1.917036433014641439e+00,-5.289878539527540502e-01
-1.329342306105880112e-01,1.053813180530138588e-01
6.050552082944946619e-01,1.136231222562386733e+00
7.690528613845130090e-01,7.397504900587816845e-01
6.870540348395037800e-01,2.608517155229287190e-02
-8.709236695156706842e-01,-3.703955609513120417e-01
6.050552082944946619e-01,-5.321097494842811498e-02
-1.362916628785725726e+00,-8.461724399556379561e-01
-1.772910761510771760e+00,-2.910994144505910652e-01
-7.069260164256523371e-01,7.397504900587816845e-01
-3.789307102456155318e-01,6.604543435580607635e-01
1.950610755694487108e-01,-1.559837758462126800e+00
1.130622490244395373e-01,1.294823515563828575e+00
7.690528613845130090e-01,8.983427830602237485e-01
8.510516879295221271e-01,1.929192687569596609e+00
-3.789307102456155318e-01,-4.496917074520330182e-01
-5.429283633356338790e-01,-5.289878539527540502e-01
1.507042300289595627e+00,8.983427830602237485e-01
-2.149330571555971847e-01,-2.035614637466452770e+00
1.130622490244395373e-01,6.604543435580607635e-01
1.097048167564549814e+00,-3.703955609513120417e-01
-7.889248429706614552e-01,-4.496917074520330182e-01
-3.789307102456155318e-01,-5.321097494842811498e-02
-2.018907241145799336e+00,4.225659040558977786e-01
1.950610755694487108e-01,-1.004764732957079909e+00
8.510516879295221271e-01,-2.910994144505910652e-01
6.870540348395037800e-01,9.776389295609446695e-01
9.330505144745313562e-01,-6.875801469541960032e-01
-3.789307102456155318e-01,-8.461724399556379561e-01
-1.116920149150698149e+00,-1.004764732957079909e+00
-8.709236695156706842e-01,-7.668762934549169241e-01
6.870540348395037800e-01,1.846774645537348492e-01
-2.510900200415854489e+00,-1.401245465460684958e+00
1.999035259559650779e+00,1.846774645537348492e-01
3.590587286594670857e-01,-2.118032679498700888e-01
5.230563817494854328e-01,-1.480541611961405879e+00
2.245031739194678355e+00,7.397504900587816845e-01
-2.149330571555971847e-01,1.053813180530138588e-01
-8.709236695156706842e-01,-1.163357025958521973e+00
-1.329342306105880112e-01,-8.461724399556379561e-01
-3.789307102456155318e-01,1.053813180530138588e-01
8.510516879295221271e-01,5.018620505566188106e-01
-2.149330571555971847e-01,-2.035614637466452770e+00
1.130622490244395373e-01,2.008488834070317530e+00
1.950610755694487108e-01,8.983427830602237485e-01
1.950610755694487108e-01,-6.875801469541960032e-01
7.690528613845130090e-01,1.053813180530138588e-01
-3.789307102456155318e-01,2.639736110544558256e-01
1.950610755694487108e-01,-2.910994144505910652e-01
9.330505144745313562e-01,2.639736110544558256e-01
9.330505144745313562e-01,-3.703955609513120417e-01
-1.854909588055780878e+00,-1.163357025958521973e+00
-2.100906067690808232e+00,-1.325071214491491123e-01
-1.116920149150698149e+00,-1.163357025958521973e+00
-2.149330571555971847e-01,3.432697575551768021e-01
-7.069260164256523371e-01,5.811581970573397316e-01
1.179046994109558932e+00,6.604543435580607635e-01
1.015049341019540474e+00,1.846774645537348492e-01
2.770599021144579122e-01,5.018620505566188106e-01
-9.529224960606798023e-01,-4.496917074520330182e-01
6.870540348395037800e-01,3.432697575551768021e-01
-1.116920149150698149e+00,-5.321097494842811498e-02
1.835037606469632321e+00,2.167081127071759372e+00
-1.444915455330734844e+00,-8.461724399556379561e-01
2.770599021144579122e-01,1.294823515563828575e+00
-1.362916628785725726e+00,5.811581970573397316e-01
2.770599021144579122e-01,-5.289878539527540502e-01
-2.149330571555971847e-01,-1.242653172459242894e+00
3.590587286594670857e-01,8.983427830602237485e-01
1.343044647199577168e+00,1.532711955065991560e+00
-6.249271898806431080e-01,-5.289878539527540502e-01
1.130622490244395373e-01,1.215527369063107654e+00
-1.444915455330734844e+00,-9.254685864563589881e-01
-3.789307102456155318e-01,-2.910994144505910652e-01
-1.329342306105880112e-01,-1.325071214491491123e-01
-7.069260164256523371e-01,-1.325071214491491123e-01
-3.789307102456155318e-01,-4.496917074520330182e-01
2.163032912649669015e+00,2.639736110544558256e-01
6.870540348395037800e-01,1.136231222562386733e+00
-4.609295367906247609e-01,-1.004764732957079909e+00
-1.116920149150698149e+00,-1.084060879457800830e+00
5.230563817494854328e-01,-1.325071214491491123e-01
-7.069260164256523371e-01,-2.352799223469336454e+00
-6.249271898806431080e-01,-8.461724399556379561e-01
-1.362916628785725726e+00,-2.910994144505910652e-01
1.179046994109558932e+00,-6.082840004534749712e-01
-7.069260164256523371e-01,-2.118032679498700888e-01
8.510516879295221271e-01,2.639736110544558256e-01
-7.889248429706614552e-01,2.960042592078969470e+00
2.770599021144579122e-01,-1.401245465460684958e+00
-9.529224960606798023e-01,-1.004764732957079909e+00
1.671039953379614085e+00,1.053813180530138588e-01
8.510516879295221271e-01,9.776389295609446695e-01
-8.709236695156706842e-01,-3.703955609513120417e-01
-7.889248429706614552e-01,7.397504900587816845e-01
-4.609295367906247609e-01,8.190466365595027165e-01
3.590587286594670857e-01,-2.114910783967173913e+00
-1.198918975695707489e+00,1.532711955065991560e+00
3.590587286594670857e-01,-9.254685864563589881e-01
-2.149330571555971847e-01,1.532711955065991560e+00
-5.093540406557883066e-02,3.432697575551768021e-01
-9.529224960606798023e-01,-2.194206930467894612e+00
1.130622490244395373e-01,-8.461724399556379561e-01
-1.854909588055780878e+00,-1.797726197964289785e+00
2.770599021144579122e-01,-1.401245465460684958e+00
-5.429283633356338790e-01,1.846774645537348492e-01
4.410575552044762593e-01,5.811581970573397316e-01
-2.969318837006063583e-01,-5.321097494842811498e-02
-5.429283633356338790e-01,-2.910994144505910652e-01
1.753038779924623203e+00,2.008488834070317530e+00
1.999035259559650779e+00,1.136231222562386733e+00
-1.608913108420753302e+00,-9.254685864563589881e-01
-1.362916628785725726e+00,2.325673420073201214e+00
-8.709236695156706842e-01,8.983427830602237485e-01
-1.116920149150698149e+00,2.608517155229287190e-02
-1.772910761510771760e+00,-2.910994144505910652e-01
-6.249271898806431080e-01,-1.401245465460684958e+00
-1.280917802240716608e+00,-6.082840004534749712e-01
-5.429283633356338790e-01,-4.496917074520330182e-01
1.507042300289595627e+00,1.929192687569596609e+00
1.097048167564549814e+00,6.604543435580607635e-01
-6.249271898806431080e-01,1.215527369063107654e+00
6.050552082944946619e-01,9.776389295609446695e-01
-1.116920149150698149e+00,2.639736110544558256e-01
4.410575552044762593e-01,-3.703955609513120417e-01
1.589041126834604745e+00,1.136231222562386733e+00
-5.429283633356338790e-01,1.846774645537348492e-01
-7.889248429706614552e-01,2.404969566573922357e+00
-1.526914281875744184e+00,-1.321949318959963815e+00
-1.329342306105880112e-01,2.608517155229287190e-02
6.870540348395037800e-01,7.397504900587816845e-01
-8.709236695156706842e-01,-1.163357025958521973e+00
4.410575552044762593e-01,1.846774645537348492e-01
-3.789307102456155318e-01,-1.325071214491491123e-01
6.870540348395037800e-01,2.639736110544558256e-01
3.106342247943035331e-02,-6.875801469541960032e-01
-2.018907241145799336e+00,2.608517155229287190e-02
-5.429283633356338790e-01,-2.118032679498700888e-01
-1.329342306105880112e-01,-3.703955609513120417e-01
-1.690911934965762420e+00,-6.875801469541960032e-01
7.690528613845130090e-01,1.215527369063107654e+00
2.163032912649669015e+00,8.190466365595027165e-01
-6.249271898806431080e-01,-9.254685864563589881e-01
1.950610755694487108e-01,-5.289878539527540502e-01
-5.429283633356338790e-01,2.639736110544558256e-01
-1.329342306105880112e-01,1.691304248067433624e+00
-2.149330571555971847e-01,-5.289878539527540502e-01
-1.854909588055780878e+00,-7.668762934549169241e-01
2.770599021144579122e-01,1.056935076061665590e+00
1.179046994109558932e+00,2.608517155229287190e-02
-7.069260164256523371e-01,-7.668762934549169241e-01
-8.709236695156706842e-01,3.432697575551768021e-01
-1.198918975695707489e+00,-9.254685864563589881e-01
5.230563817494854328e-01,-1.480541611961405879e+00
6.050552082944946619e-01,7.397504900587816845e-01
2.770599021144579122e-01,-6.875801469541960032e-01
-8.709236695156706842e-01,-1.242653172459242894e+00
2.770599021144579122e-01,-1.084060879457800830e+00
-5.429283633356338790e-01,3.432697575551768021e-01
-5.093540406557883066e-02,6.604543435580607635e-01
-7.889248429706614552e-01,-8.461724399556379561e-01
4.410575552044762593e-01,-6.875801469541960032e-01
-7.069260164256523371e-01,6.604543435580607635e-01
-1.608913108420753302e+00,-1.242653172459242894e+00
-1.034921322605689031e+00,1.056935076061665590e+00
-2.149330571555971847e-01,3.432697575551768021e-01
8.510516879295221271e-01,5.018620505566188106e-01
-7.069260164256523371e-01,-1.325071214491491123e-01
1.950610755694487108e-01,-9.254685864563589881e-01
2.409029392284696591e+00,1.532711955065991560e+00
2.770599021144579122e-01,-2.118032679498700888e-01
6.870540348395037800e-01,1.849896541068875466e+00
-1.690911934965762420e+00,-6.875801469541960032e-01
-2.969318837006063583e-01,-5.321097494842811498e-02
-5.093540406557883066e-02,-4.496917074520330182e-01
-1.690911934965762420e+00,-2.352799223469336454e+00
6.870540348395037800e-01,-2.118032679498700888e-01
-7.889248429706614552e-01,-1.401245465460684958e+00
-5.429283633356338790e-01,-6.082840004534749712e-01
-6.249271898806431080e-01,-1.480541611961405879e+00
-4.609295367906247609e-01,7.397504900587816845e-01
-5.429283633356338790e-01,-2.910994144505910652e-01
-1.116920149150698149e+00,-4.496917074520330182e-01
7.690528613845130090e-01,2.608517155229287190e-02
-6.249271898806431080e-01,-4.496917074520330182e-01
-6.249271898806431080e-01,9.776389295609446695e-01
-1.116920149150698149e+00,-1.004764732957079909e+00
4.410575552044762593e-01,5.018620505566188106e-01
3.106342247943035331e-02,3.594411764084737282e+00
-1.198918975695707489e+00,1.929192687569596609e+00
-1.329342306105880112e-01,-5.289878539527540502e-01
3.590587286594670857e-01,-4.496917074520330182e-01
1.950610755694487108e-01,-6.875801469541960032e-01
2.770599021144579122e-01,-1.004764732957079909e+00
-1.034921322605689031e+00,1.532711955065991560e+00
-2.969318837006063583e-01,-6.875801469541960032e-01
-1.198918975695707489e+00,-1.004764732957079909e+00
-5.093540406557883066e-02,1.374119662064549718e+00
1.179046994109558932e+00,2.960042592078969470e+00
-1.329342306105880112e-01,-6.875801469541960032e-01
-1.362916628785725726e+00,-7.668762934549169241e-01
-2.592899026960863385e+00,-6.875801469541960032e-01
5.230563817494854328e-01,-6.875801469541960032e-01
-1.854909588055780878e+00,1.532711955065991560e+00
1.950610755694487108e-01,-5.289878539527540502e-01
1.343044647199577168e+00,-1.480541611961405879e+00
1.343044647199577168e+00,5.811581970573397316e-01
6.050552082944946619e-01,-1.242653172459242894e+00
8.510516879295221271e-01,-2.118032679498700888e-01
1.835037606469632321e+00,1.770600394568154545e+00
-4.609295367906247609e-01,-1.321949318959963815e+00
-1.116920149150698149e+00,3.432697575551768021e-01
-1.608913108420753302e+00,-5.289878539527540502e-01
1.343044647199577168e+00,-7.668762934549169241e-01
2.770599021144579122e-01,1.215527369063107654e+00
1.589041126834604745e+00,4.225659040558977786e-01
-1.444915455330734844e+00,-5.321097494842811498e-02
-9.529224960606798023e-01,-5.289878539527540502e-01
-2.969318837006063583e-01,-1.004764732957079909e+00
2.770599021144579122e-01,6.604543435580607635e-01
8.510516879295221271e-01,-1.321949318959963815e+00
4.410575552044762593e-01,1.136231222562386733e+00
1.950610755694487108e-01,5.018620505566188106e-01
1.507042300289595627e+00,-1.639133904962847721e+00
6.870540348395037800e-01,-2.910994144505910652e-01
2.327030565739687251e+00,1.532711955065991560e+00
3.106342247943035331e-02,-6.875801469541960032e-01
-1.444915455330734844e+00,-2.035614637466452770e+00
-7.889248429706614552e-01,-3.703955609513120417e-01
-1.280917802240716608e+00,-3.703955609513120417e-01
-8.709236695156706842e-01,-1.163357025958521973e+00
-6.249271898806431080e-01,-5.321097494842811498e-02
1.343044647199577168e+00,2.087784980571038673e+00
-1.608913108420753302e+00,5.018620505566188106e-01
-5.429283633356338790e-01,-6.082840004534749712e-01
2.081034086104660119e+00,2.608517155229287190e-02
-2.182904894235817572e+00,1.374119662064549718e+00
-5.429283633356338790e-01,-7.668762934549169241e-01
-1.362916628785725726e+00,2.246377273572480515e+00
-1.329342306105880112e-01,1.846774645537348492e-01
1.130622490244395373e-01,1.056935076061665590e+00
-7.069260164256523371e-01,-6.082840004534749712e-01
9.330505144745313562e-01,-4.496917074520330182e-01
-4.609295367906247609e-01,-2.118032679498700888e-01
-5.429283633356338790e-01,-2.118032679498700888e-01
1.999035259559650779e+00,5.018620505566188106e-01
-5.093540406557883066e-02,-5.289878539527540502e-01
-2.149330571555971847e-01,-1.321949318959963815e+00
1.179046994109558932e+00,2.325673420073201214e+00
-5.093540406557883066e-02,-1.084060879457800830e+00
-1.854909588055780878e+00,-2.118032679498700888e-01
-1.444915455330734844e+00,-1.639133904962847721e+00
6.870540348395037800e-01,4.225659040558977786e-01
-7.889248429706614552e-01,-2.118032679498700888e-01
-4.609295367906247609e-01,-7.668762934549169241e-01
-1.329342306105880112e-01,9.776389295609446695e-01
-5.429283633356338790e-01,-1.797726197964289785e+00
-5.093540406557883066e-02,-8.461724399556379561e-01
-2.969318837006063583e-01,1.053813180530138588e-01
8.510516879295221271e-01,1.770600394568154545e+00
-1.526914281875744184e+00,-1.242653172459242894e+00
-1.936908414600789996e+00,1.846774645537348492e-01
4.410575552044762593e-01,-2.118032679498700888e-01
5.230563817494854328e-01,7.397504900587816845e-01
-1.198918975695707489e+00,-2.035614637466452770e+00
1.130622490244395373e-01,-1.639133904962847721e+00
1.950610755694487108e-01,-3.703955609513120417e-01
-7.069260164256523371e-01,1.849896541068875466e+00
1.343044647199577168e+00,2.639736110544558256e-01
3.590587286594670857e-01,-3.703955609513120417e-01
1.130622490244395373e-01,1.136231222562386733e+00
-1.444915455330734844e+00,-1.480541611961405879e+00
1.097048167564549814e+00,7.397504900587816845e-01
3.590587286594670857e-01,-2.910994144505910652e-01
5.230563817494854328e-01,-2.910994144505910652e-01
9.330505144745313562e-01,-1.325071214491491123e-01
-9.529224960606798023e-01,1.053813180530138588e-01
1.950610755694487108e-01,-2.118032679498700888e-01
1.589041126834604745e+00,-4.496917074520330182e-01
-1.329342306105880112e-01,2.639736110544558256e-01
-5.093540406557883066e-02,-1.004764732957079909e+00
-2.264903720780826912e+00,-3.145760688476546552e+00
1.343044647199577168e+00,1.053813180530138588e-01
-3.789307102456155318e-01,1.053813180530138588e-01
1.097048167564549814e+00,3.432697575551768021e-01
-6.249271898806431080e-01,-9.254685864563589881e-01
8.510516879295221271e-01,5.018620505566188106e-01
-7.069260164256523371e-01,-2.118032679498700888e-01
-3.789307102456155318e-01,-2.910994144505910652e-01
3.106342247943035331e-02,1.215527369063107654e+00
9.330505144745313562e-01,4.225659040558977786e-01
-2.149330571555971847e-01,9.776389295609446695e-01
-7.069260164256523371e-01,-2.118032679498700888e-01
3.590587286594670857e-01,-4.496917074520330182e-01
1.589041126834604745e+00,5.018620505566188106e-01
-2.100906067690808232e+00,-4.496917074520330182e-01
-7.889248429706614552e-01,-1.321949318959963815e+00
-1.772910761510771760e+00,-2.910994144505910652e-01
-4.609295367906247609e-01,-1.325071214491491123e-01
-8.709236695156706842e-01,-2.669983809472220582e+00
1.835037606469632321e+00,5.018620505566188106e-01
1.950610755694487108e-01,1.612008101566712481e+00
-2.969318837006063583e-01,-2.910994144505910652e-01
3.106342247943035331e-02,4.225659040558977786e-01
7.690528613845130090e-01,2.639736110544558256e-01
-3.789307102456155318e-01,-2.910994144505910652e-01
3.106342247943035331e-02,-2.118032679498700888e-01
-7.069260164256523371e-01,-2.118032679498700888e-01
-7.069260164256523371e-01,-6.082840004534749712e-01
7.690528613845130090e-01,2.404969566573922357e+00
-2.149330571555971847e-01,-9.254685864563589881e-01
-7.069260164256523371e-01,-2.910994144505910652e-01
-9.529224960606798023e-01,5.811581970573397316e-01
-1.034921322605689031e+00,-1.004764732957079909e+00
1.130622490244395373e-01,-1.084060879457800830e+00
-2.149330571555971847e-01,-6.875801469541960032e-01
-5.093540406557883066e-02,-2.910994144505910652e-01
-2.969318837006063583e-01,-1.084060879457800830e+00
9.330505144745313562e-01,1.056935076061665590e+00
-5.429283633356338790e-01,2.608517155229287190e-02
-1.329342306105880112e-01,-7.668762934549169241e-01
1.130622490244395373e-01,7.397504900587816845e-01
3.106342247943035331e-02,-5.289878539527540502e-01
-5.429283633356338790e-01,-1.325071214491491123e-01
-4.609295367906247609e-01,4.225659040558977786e-01
9.330505144745313562e-01,3.432697575551768021e-01
-2.969318837006063583e-01,1.053813180530138588e-01
-4.609295367906247609e-01,5.018620505566188106e-01
-1.444915455330734844e+00,1.053813180530138588e-01
6.050552082944946619e-01,7.397504900587816845e-01
2.770599021144579122e-01,1.294823515563828575e+00
-2.149330571555971847e-01,1.056935076061665590e+00
5.230563817494854328e-01,-1.163357025958521973e+00
-8.709236695156706842e-01,-2.910994144505910652e-01
-6.249271898806431080e-01,4.225659040558977786e-01
-7.069260164256523371e-01,-5.289878539527540502e-01
2.770599021144579122e-01,-4.496917074520330182e-01
1.130622490244395373e-01,7.397504900587816845e-01
6.870540348395037800e-01,-4.496917074520330182e-01
-2.149330571555971847e-01,9.776389295609446695e-01
1.015049341019540474e+00,-8.461724399556379561e-01
3.590587286594670857e-01,5.018620505566188106e-01
1.917036433014641439e+00,-2.910994144505910652e-01
2.327030565739687251e+00,9.776389295609446695e-01
-3.789307102456155318e-01,2.608517155229287190e-02
-2.969318837006063583e-01,-2.118032679498700888e-01
-1.444915455330734844e+00,5.018620505566188106e-01
-1.772910761510771760e+00,3.432697575551768021e-01
1.130622490244395373e-01,4.225659040558977786e-01
1.425043473744586509e+00,-6.875801469541960032e-01
6.050552082944946619e-01,6.604543435580607635e-01
1.179046994109558932e+00,-2.910994144505910652e-01
3.590587286594670857e-01,5.811581970573397316e-01
8.510516879295221271e-01,1.846774645537348492e-01
-1.280917802240716608e+00,-7.668762934549169241e-01
-5.429283633356338790e-01,-4.496917074520330182e-01
2.819023525009742404e+00,1.846774645537348492e-01
1.950610755694487108e-01,-1.325071214491491123e-01
-7.069260164256523371e-01,-1.480541611961405879e+00
1.950610755694487108e-01,-6.875801469541960032e-01
-5.429283633356338790e-01,2.608517155229287190e-02
6.050552082944946619e-01,-8.461724399556379561e-01
-1.329342306105880112e-01,6.604543435580607635e-01
-5.429283633356338790e-01,2.639736110544558256e-01
3.106342247943035331e-02,-5.289878539527540502e-01
1.130622490244395373e-01,-1.004764732957079909e+00
-7.069260164256523371e-01,1.532711955065991560e+00
-1.362916628785725726e+00,-2.432095369970057597e+00
-1.034921322605689031e+00,-8.461724399556379561e-01
-5.093540406557883066e-02,-1.242653172459242894e+00
-4.609295367906247609e-01,-6.875801469541960032e-01
3.590587286594670857e-01,6.604543435580607635e-01
5.230563817494854328e-01,1.294823515563828575e+00
-5.429283633356338790e-01,-8.461724399556379561e-01
-1.116920149150698149e+00,-1.163357025958521973e+00
1.130622490244395373e-01,-2.114910783967173913e+00
1.130622490244395373e-01,2.608517155229287190e-02
-1.198918975695707489e+00,-6.082840004534749712e-01
-5.093540406557883066e-02,5.018620505566188106e-01
1.950610755694487108e-01,-1.242653172459242894e+00
-1.034921322605689031e+00,5.811581970573397316e-01
-2.428901373870845148e+00,2.639736110544558256e-01
-1.034921322605689031e+00,-3.703955609513120417e-01
4.410575552044762593e-01,3.432697575551768021e-01
-1.362916628785725726e+00,-1.956318490965731849e+00
-2.969318837006063583e-01,-1.004764732957079909e+00
2.491028218829705931e+00,6.604543435580607635e-01
-8.709236695156706842e-01,-1.325071214491491123e-01
-1.329342306105880112e-01,1.849896541068875466e+00
1.130622490244395373e-01,-2.118032679498700888e-01
1.425043473744586509e+00,5.811581970573397316e-01
7.690528613845130090e-01,-4.496917074520330182e-01
-1.034921322605689031e+00,-1.242653172459242894e+00
3.590587286594670857e-01,5.811581970573397316e-01
-5.429283633356338790e-01,3.432697575551768021e-01
1.130622490244395373e-01,1.136231222562386733e+00
-1.280917802240716608e+00,-3.703955609513120417e-01
-7.889248429706614552e-01,-1.559837758462126800e+00
-4.609295367906247609e-01,8.190466365595027165e-01
1.015049341019540474e+00,-8.461724399556379561e-01
3.590587286594670857e-01,7.397504900587816845e-01
-2.428901373870845148e+00,-6.875801469541960032e-01
9.330505144745313562e-01,2.639736110544558256e-01
-1.329342306105880112e-01,-1.639133904962847721e+00
-1.116920149150698149e+00,1.846774645537348492e-01
-4.609295367906247609e-01,-2.035614637466452770e+00
-5.429283633356338790e-01,1.374119662064549718e+00
1.950610755694487108e-01,3.432697575551768021e-01
-1.116920149150698149e+00,3.432697575551768021e-01
-7.889248429706614552e-01,-5.289878539527540502e-01
9.330505144745313562e-01,-9.254685864563589881e-01
-1.444915455330734844e+00,3.432697575551768021e-01
-5.429283633356338790e-01,-5.289878539527540502e-01
-2.969318837006063583e-01,3.432697575551768021e-01
-1.329342306105880112e-01,-5.289878539527540502e-01
1.097048167564549814e+00,2.639736110544558256e-01
-2.838895506595890961e+00,-2.273503076968615755e+00
-7.069260164256523371e-01,-1.163357025958521973e+00
-2.182904894235817572e+00,-1.084060879457800830e+00
3.106342247943035331e-02,8.190466365595027165e-01
-1.329342306105880112e-01,-7.668762934549169241e-01
1.015049341019540474e+00,1.215527369063107654e+00
1.130622490244395373e-01,1.056935076061665590e+00
-3.789307102456155318e-01,-2.910994144505910652e-01
-2.100906067690808232e+00,-6.082840004534749712e-01
9.330505144745313562e-01,-7.668762934549169241e-01
-2.149330571555971847e-01,4.225659040558977786e-01
1.130622490244395373e-01,5.811581970573397316e-01
1.950610755694487108e-01,8.190466365595027165e-01
2.409029392284696591e+00,1.053813180530138588e-01
8.510516879295221271e-01,-8.461724399556379561e-01
-1.329342306105880112e-01,-1.321949318959963815e+00
3.106342247943035331e-02,2.639736110544558256e-01
8.510516879295221271e-01,-5.289878539527540502e-01
3.106342247943035331e-02,-6.875801469541960032e-01
2.770599021144579122e-01,1.215527369063107654e+00
1.015049341019540474e+00,5.811581970573397316e-01
3.106342247943035331e-02,-6.875801469541960032e-01
6.050552082944946619e-01,1.136231222562386733e+00
5.230563817494854328e-01,1.846774645537348492e-01
1.753038779924623203e+00,1.770600394568154545e+00
3.106342247943035331e-02,7.397504900587816845e-01
6.050552082944946619e-01,-7.668762934549169241e-01
8.510516879295221271e-01,1.053813180530138588e-01
-9.529224960606798023e-01,-5.289878539527540502e-01
3.590587286594670857e-01,-6.875801469541960032e-01
-1.772910761510771760e+00,-9.254685864563589881e-01
1.950610755694487108e-01,5.811581970573397316e-01
-1.362916628785725726e+00,-1.084060879457800830e+00
1.015049341019540474e+00,1.846774645537348492e-01
1.425043473744586509e+00,1.056935076061665590e+00
-5.093540406557883066e-02,4.225659040558977786e-01
-5.429283633356338790e-01,1.056935076061665590e+00
-1.034921322605689031e+00,-1.325071214491491123e-01
3.590587286594670857e-01,2.608517155229287190e-02
-7.889248429706614552e-01,-1.084060879457800830e+00
3.106342247943035331e-02,-7.668762934549169241e-01
1.130622490244395373e-01,5.018620505566188106e-01
2.770599021144579122e-01,-7.668762934549169241e-01
-1.936908414600789996e+00,3.432697575551768021e-01
1.507042300289595627e+00,1.053813180530138588e-01
1.130622490244395373e-01,-2.118032679498700888e-01
9.330505144745313562e-01,-3.703955609513120417e-01
-1.772910761510771760e+00,8.190466365595027165e-01
9.330505144745313562e-01,1.846774645537348492e-01
-2.969318837006063583e-01,-5.289878539527540502e-01
-2.149330571555971847e-01,8.190466365595027165e-01
-5.429283633356338790e-01,1.215527369063107654e+00
-2.969318837006063583e-01,-1.163357025958521973e+00
3.590587286594670857e-01,-5.321097494842811498e-02
-1.034921322605689031e+00,-2.910994144505910652e-01
-7.069260164256523371e-01,2.639736110544558256e-01
-1.526914281875744184e+00,2.608517155229287190e-02
-7.889248429706614552e-01,-1.325071214491491123e-01
1.015049341019540474e+00,-1.325071214491491123e-01
1.950610755694487108e-01,3.432697575551768021e-01
4.410575552044762593e-01,-6.082840004534749712e-01
8.510516879295221271e-01,1.691304248067433624e+00
-1.362916628785725726e+00,-1.163357025958521973e+00
-1.526914281875744184e+00,-2.910994144505910652e-01
1.507042300289595627e+00,1.053813180530138588e-01
1.343044647199577168e+00,-5.289878539527540502e-01
-8.709236695156706842e-01,-2.910994144505910652e-01
-1.329342306105880112e-01,2.087784980571038673e+00
-4.609295367906247609e-01,2.167081127071759372e+00
-2.149330571555971847e-01,-1.084060879457800830e+00
1.179046994109558932e+00,-2.118032679498700888e-01
-1.608913108420753302e+00,-2.910994144505910652e-01
3.106342247943035331e-02,-7.668762934549169241e-01
9.330505144745313562e-01,-9.254685864563589881e-01
8.510516879295221271e-01,8.983427830602237485e-01
1.343044647199577168e+00,2.639736110544558256e-01
-2.018907241145799336e+00,-3.703955609513120417e-01
-7.069260164256523371e-01,7.397504900587816845e-01
-4.609295367906247609e-01,-6.875801469541960032e-01
-5.429283633356338790e-01,1.053813180530138588e-01
-1.526914281875744184e+00,-1.004764732957079909e+00
5.230563817494854328e-01,-2.118032679498700888e-01
-1.280917802240716608e+00,-9.254685864563589881e-01
-7.889248429706614552e-01,2.608517155229287190e-02
5.230563817494854328e-01,-6.875801469541960032e-01
1.130622490244395373e-01,1.846774645537348492e-01
2.770599021144579122e-01,-5.321097494842811498e-02
-9.529224960606798023e-01,1.215527369063107654e+00
-5.093540406557883066e-02,8.190466365595027165e-01
6.050552082944946619e-01,-4.496917074520330182e-01
-5.093540406557883066e-02,6.604543435580607635e-01
-7.069260164256523371e-01,1.215527369063107654e+00
1.097048167564549814e+00,-1.242653172459242894e+00
-6.249271898806431080e-01,1.215527369063107654e+00
4.410575552044762593e-01,-7.668762934549169241e-01
-3.789307102456155318e-01,3.432697575551768021e-01
-8.709236695156706842e-01,-5.289878539527540502e-01
-3.789307102456155318e-01,1.846774645537348492e-01
-5.429283633356338790e-01,-1.084060879457800830e+00
1.589041126834604745e+00,6.604543435580607635e-01
-2.018907241145799336e+00,-1.004764732957079909e+00
5.230563817494854328e-01,-4.496917074520330182e-01
1.343044647199577168e+00,8.190466365595027165e-01
6.870540348395037800e-01,4.225659040558977786e-01
8.510516879295221271e-01,-1.163357025958521973e+00
1.015049341019540474e+00,1.215527369063107654e+00
1.753038779924623203e+00,2.008488834070317530e+00
1.917036433014641439e+00,1.453415808565270639e+00
-1.280917802240716608e+00,7.397504900587816845e-01
2.770599021144579122e-01,2.639736110544558256e-01
-1.772910761510771760e+00,-1.004764732957079909e+00
3.106342247943035331e-02,2.167081127071759372e+00
-1.329342306105880112e-01,2.608517155229287190e-02
3.590587286594670857e-01,-3.703955609513120417e-01
8.510516879295221271e-01,5.811581970573397316e-01
1.130622490244395373e-01,5.811581970573397316e-01
1.835037606469632321e+00,1.374119662064549718e+00
5.230563817494854328e-01,-1.242653172459242894e+00
1.015049341019540474e+00,5.018620505566188106e-01
2.081034086104660119e+00,-7.668762934549169241e-01
-1.690911934965762420e+00,-2.035614637466452770e+00
4.410575552044762593e-01,4.225659040558977786e-01
9.330505144745313562e-01,-5.321097494842811498e-02
-1.280917802240716608e+00,-2.910994144505910652e-01
1.097048167564549814e+00,1.846774645537348492e-01
-3.789307102456155318e-01,5.018620505566188106e-01
-7.889248429706614552e-01,8.190466365595027165e-01
-7.069260164256523371e-01,-4.496917074520330182e-01
3.590587286594670857e-01,-4.496917074520330182e-01
-8.709236695156706842e-01,-5.289878539527540502e-01
9.330505144745313562e-01,3.432697575551768021e-01
5.230563817494854328e-01,-1.325071214491491123e-01
-3.789307102456155318e-01,-2.352799223469336454e+00
-3.789307102456155318e-01,-2.114910783967173913e+00
1.130622490244395373e-01,-4.496917074520330182e-01
1.261045820654568050e+00,2.639736110544558256e-01
1.950610755694487108e-01,4.225659040558977786e-01
-1.034921322605689031e+00,-1.325071214491491123e-01
-2.969318837006063583e-01,2.087784980571038673e+00
-2.969318837006063583e-01,-1.004764732957079909e+00
7.690528613845130090e-01,4.225659040558977786e-01
-1.854909588055780878e+00,4.225659040558977786e-01
1.097048167564549814e+00,1.294823515563828575e+00
-5.093540406557883066e-02,-4.496917074520330182e-01
-3.789307102456155318e-01,1.136231222562386733e+00
7.690528613845130090e-01,1.053813180530138588e-01
-1.280917802240716608e+00,-4.496917074520330182e-01
-1.280917802240716608e+00,-8.461724399556379561e-01
-1.280917802240716608e+00,5.018620505566188106e-01
1.507042300289595627e+00,1.691304248067433624e+00
-8.709236695156706842e-01,-1.639133904962847721e+00
-5.093540406557883066e-02,3.432697575551768021e-01
-4.609295367906247609e-01,6.604543435580607635e-01
1.130622490244395373e-01,-2.035614637466452770e+00
8.510516879295221271e-01,3.432697575551768021e-01
1.507042300289595627e+00,-1.321949318959963815e+00
1.097048167564549814e+00,-5.321097494842811498e-02
1.425043473744586509e+00,2.608517155229287190e-02
1.835037606469632321e+00,9.776389295609446695e-01
4.410575552044762593e-01,-7.668762934549169241e-01
1.179046994109558932e+00,-5.321097494842811498e-02
-1.329342306105880112e-01,-1.163357025958521973e+00
6.050552082944946619e-01,-5.321097494842811498e-02
-1.034921322605689031e+00,-2.511391516470778740e+00
9.330505144745313562e-01,3.432697575551768021e-01
1.671039953379614085e+00,8.983427830602237485e-01
1.950610755694487108e-01,-5.289878539527540502e-01
3.106342247943035331e-02,2.167081127071759372e+00
-6.249271898806431080e-01,-1.084060879457800830e+00
1.507042300289595627e+00,4.225659040558977786e-01
-2.969318837006063583e-01,-5.321097494842811498e-02
8.510516879295221271e-01,-1.325071214491491123e-01
6.050552082944946619e-01,-5.289878539527540502e-01
1.950610755694487108e-01,-6.875801469541960032e-01
-1.608913108420753302e+00,-3.703955609513120417e-01
-5.093540406557883066e-02,3.432697575551768021e-01
-5.093540406557883066e-02,-5.289878539527540502e-01
1.835037606469632321e+00,3.118634885080411312e+00
-1.329342306105880112e-01,1.053813180530138588e-01
-2.149330571555971847e-01,8.190466365595027165e-01
-1.116920149150698149e+00,-2.118032679498700888e-01
1.130622490244395373e-01,-1.242653172459242894e+00
1.507042300289595627e+00,2.087784980571038673e+00
3.590587286594670857e-01,-1.004764732957079909e+00
-1.526914281875744184e+00,2.608517155229287190e-02
-1.329342306105880112e-01,-2.118032679498700888e-01
1.835037606469632321e+00,1.294823515563828575e+00
-2.969318837006063583e-01,-1.242653172459242894e+00
1.261045820654568050e+00,3.432697575551768021e-01
-1.526914281875744184e+00,-1.242653172459242894e+00
-5.429283633356338790e-01,1.846774645537348492e-01
1.179046994109558932e+00,-1.325071214491491123e-01
2.770599021144579122e-01,1.374119662064549718e+00
-1.198918975695707489e+00,-6.875801469541960032e-01
-1.329342306105880112e-01,-9.254685864563589881e-01
1.671039953379614085e+00,3.039338738579690169e+00
1.835037606469632321e+00,-6.875801469541960032e-01
-3.789307102456155318e-01,1.846774645537348492e-01
3.590587286594670857e-01,9.776389295609446695e-01
1.343044647199577168e+00,-5.289878539527540502e-01
7.690528613845130090e-01,1.136231222562386733e+00
1.130622490244395373e-01,9.776389295609446695e-01
7.690528613845130090e-01,-1.004764732957079909e+00
3.590587286594670857e-01,-2.910994144505910652e-01
-2.969318837006063583e-01,6.604543435580607635e-01
5.230563817494854328e-01,1.136231222562386733e+00
-5.429283633356338790e-01,5.018620505566188106e-01
-8.709236695156706842e-01,-5.289878539527540502e-01
1.097048167564549814e+00,-7.668762934549169241e-01
-4.609295367906247609e-01,-1.639133904962847721e+00
6.050552082944946619e-01,1.612008101566712481e+00
8.510516879295221271e-01,1.215527369063107654e+00
3.106342247943035331e-02,2.087784980571038673e+00
1.343044647199577168e+00,1.846774645537348492e-01
3.106342247943035331e-02,-4.496917074520330182e-01
1.343044647199577168e+00,5.018620505566188106e-01
-3.789307102456155318e-01,4.225659040558977786e-01
-1.526914281875744184e+00,-2.194206930467894612e+00
-7.069260164256523371e-01,-1.877022344465010706e+00
1.671039953379614085e+00,-5.321097494842811498e-02
-2.969318837006063583e-01,2.608517155229287190e-02
-1.280917802240716608e+00,2.639736110544558256e-01
-8.709236695156706842e-01,8.190466365595027165e-01
-1.690911934965762420e+00,1.053813180530138588e-01
1.507042300289595627e+00,2.608517155229287190e-02
-2.969318837006063583e-01,8.983427830602237485e-01
1.015049341019540474e+00,1.215527369063107654e+00
-1.329342306105880112e-01,3.432697575551768021e-01
-2.149330571555971847e-01,1.294823515563828575e+00
-7.069260164256523371e-01,1.294823515563828575e+00
1.130622490244395373e-01,-1.004764732957079909e+00
2.327030565739687251e+00,1.691304248067433624e+00
1.130622490244395373e-01,-7.668762934549169241e-01
1.179046994109558932e+00,3.432697575551768021e-01
1.015049341019540474e+00,1.846774645537348492e-01
-1.116920149150698149e+00,5.018620505566188106e-01
-3.789307102456155318e-01,1.929192687569596609e+00
-2.346902547325835808e+00,-1.321949318959963815e+00
-1.329342306105880112e-01,2.608517155229287190e-02
-4.609295367906247609e-01,-3.703955609513120417e-01
7.690528613845130090e-01,-3.703955609513120417e-01
-5.093540406557883066e-02,9.776389295609446695e-01
-9.529224960606798023e-01,1.136231222562386733e+00
-7.069260164256523371e-01,1.294823515563828575e+00
-2.149330571555971847e-01,2.639736110544558256e-01
-8.709236695156706842e-01,2.639736110544558256e-01
-1.854909588055780878e+00,1.294823515563828575e+00
6.050552082944946619e-01,5.018620505566188106e-01
1.343044647199577168e+00,5.811581970573397316e-01
-6.249271898806431080e-01,-2.910994144505910652e-01
8.510516879295221271e-01,-4.496917074520330182e-01
-1.034921322605689031e+00,-1.401245465460684958e+00
3.106342247943035331e-02,1.215527369063107654e+00
-6.249271898806431080e-01,-6.082840004534749712e-01
1.179046994109558932e+00,5.018620505566188106e-01
-7.889248429706614552e-01,-5.321097494842811498e-02
5.230563817494854328e-01,9.776389295609446695e-01
8.510516879295221271e-01,-1.325071214491491123e-01
-2.969318837006063583e-01,5.018620505566188106e-01
6.050552082944946619e-01,5.018620505566188106e-01
-2.969318837006063583e-01,-5.321097494842811498e-02
3.590587286594670857e-01,-5.289878539527540502e-01
-7.889248429706614552e-01,-3.703955609513120417e-01
-1.608913108420753302e+00,1.136231222562386733e+00
-1.116920149150698149e+00,-6.082840004534749712e-01
2.770599021144579122e-01,3.432697575551768021e-01
3.106342247943035331e-02,-1.401245465460684958e+00
4.410575552044762593e-01,-1.004764732957079909e+00
-1.280917802240716608e+00,-1.639133904962847721e+00
1.097048167564549814e+00,3.432697575551768021e-01
6.050552082944946619e-01,5.018620505566188106e-01
3.590587286594670857e-01,2.325673420073201214e+00
1.179046994109558932e+00,5.811581970573397316e-01
5.230563817494854328e-01,-3.703955609513120417e-01
-7.069260164256523371e-01,7.397504900587816845e-01
1.130622490244395373e-01,-1.325071214491491123e-01
1.999035259559650779e+00,2.167081127071759372e+00
3.106342247943035331e-02,4.225659040558977786e-01
-3.789307102456155318e-01,-1.084060879457800830e+00
2.770599021144579122e-01,2.608517155229287190e-02
1.835037606469632321e+00,-1.639133904962847721e+00
-1.329342306105880112e-01,1.846774645537348492e-01
-1.936908414600789996e+00,-2.907872248974383567e+00
-3.789307102456155318e-01,-6.082840004534749712e-01
1.261045820654568050e+00,1.770600394568154545e+00
1.261045820654568050e+00,1.929192687569596609e+00
3.106342247943035331e-02,8.190466365595027165e-01
1.015049341019540474e+00,5.018620505566188106e-01
7.690528613845130090e-01,1.136231222562386733e+00
1.950610755694487108e-01,-9.254685864563589881e-01
-8.709236695156706842e-01,9.776389295609446695e-01
-6.249271898806431080e-01,-2.118032679498700888e-01
2.770599021144579122e-01,1.056935076061665590e+00
5.230563817494854328e-01,2.008488834070317530e+00
2.770599021144579122e-01,-5.289878539527540502e-01
-4.609295367906247609e-01,2.639736110544558256e-01
-4.609295367906247609e-01,1.136231222562386733e+00
1.130622490244395373e-01,2.639736110544558256e-01
-1.608913108420753302e+00,-9.254685864563589881e-01
3.106342247943035331e-02,4.225659040558977786e-01
2.770599021144579122e-01,-1.321949318959963815e+00
-5.429283633356338790e-01,-1.325071214491491123e-01
3.590587286594670857e-01,-3.703955609513120417e-01
3.106342247943035331e-02,1.374119662064549718e+00
-3.789307102456155318e-01,-5.321097494842811498e-02
-7.889248429706614552e-01,2.639736110544558256e-01
7.690528613845130090e-01,2.639736110544558256e-01
1.835037606469632321e+00,2.246377273572480515e+00
1.015049341019540474e+00,4.225659040558977786e-01
1.261045820654568050e+00,-5.289878539527540502e-01
1.097048167564549814e+00,1.294823515563828575e+00
-6.249271898806431080e-01,-1.559837758462126800e+00
-5.429283633356338790e-01,-5.321097494842811498e-02
1.179046994109558932e+00,1.294823515563828575e+00
1.999035259559650779e+00,-6.082840004534749712e-01
9.330505144745313562e-01,-5.289878539527540502e-01
1.950610755694487108e-01,-3.703955609513120417e-01
-3.789307102456155318e-01,-1.163357025958521973e+00
-7.889248429706614552e-01,4.225659040558977786e-01
1.343044647199577168e+00,3.432697575551768021e-01
-7.889248429706614552e-01,2.608517155229287190e-02
1.950610755694487108e-01,-6.875801469541960032e-01
-4.609295367906247609e-01,3.432697575551768021e-01
1.425043473744586509e+00,1.846774645537348492e-01
1.130622490244395373e-01,-7.668762934549169241e-01
3.590587286594670857e-01,-2.114910783967173913e+00
-2.969318837006063583e-01,-1.325071214491491123e-01
1.130622490244395373e-01,-6.875801469541960032e-01
-4.609295367906247609e-01,8.983427830602237485e-01
-1.034921322605689031e+00,5.018620505566188106e-01
7.690528613845130090e-01,-2.118032679498700888e-01
1.130622490244395373e-01,1.053813180530138588e-01
4.410575552044762593e-01,1.215527369063107654e+00
-2.428901373870845148e+00,1.136231222562386733e+00
5.230563817494854328e-01,1.056935076061665590e+00
-6.249271898806431080e-01,1.453415808565270639e+00
3.590587286594670857e-01,-9.254685864563589881e-01
-5.429283633356338790e-01,-4.496917074520330182e-01
6.870540348395037800e-01,9.776389295609446695e-01
1.130622490244395373e-01,1.294823515563828575e+00
2.163032912649669015e+00,1.691304248067433624e+00
3.590587286594670857e-01,2.608517155229287190e-02
1.130622490244395373e-01,8.190466365595027165e-01
1.015049341019540474e+00,2.087784980571038673e+00
1.671039953379614085e+00,-1.325071214491491123e-01
-1.116920149150698149e+00,8.983427830602237485e-01
-2.510900200415854489e+00,5.018620505566188106e-01
-2.149330571555971847e-01,-1.242653172459242894e+00
1.097048167564549814e+00,7.397504900587816845e-01
-1.034921322605689031e+00,1.846774645537348492e-01
-1.329342306105880112e-01,4.225659040558977786e-01
6.050552082944946619e-01,-5.289878539527540502e-01
1.130622490244395373e-01,-1.480541611961405879e+00
-7.889248429706614552e-01,-4.496917074520330182e-01
-1.362916628785725726e+00,-3.703955609513120417e-01
-3.789307102456155318e-01,-2.118032679498700888e-01
1.589041126834604745e+00,5.811581970573397316e-01
1.507042300289595627e+00,1.056935076061665590e+00
1.130622490244395373e-01,2.167081127071759372e+00
-1.329342306105880112e-01,-7.668762934549169241e-01
-7.069260164256523371e-01,-1.639133904962847721e+00
2.770599021144579122e-01,-7.668762934549169241e-01
-3.789307102456155318e-01,1.846774645537348492e-01
-8.709236695156706842e-01,-5.289878539527540502e-01
-2.149330571555971847e-01,-5.321097494842811498e-02
4.410575552044762593e-01,-2.114910783967173913e+00
1.179046994109558932e+00,1.849896541068875466e+00
6.050552082944946619e-01,2.246377273572480515e+00
-9.529224960606798023e-01,-1.321949318959963815e+00
-5.429283633356338790e-01,-9.254685864563589881e-01
6.050552082944946619e-01,1.056935076061665590e+00
-2.018907241145799336e+00,1.612008101566712481e+00
-5.429283633356338790e-01,2.639736110544558256e-01
1.950610755694487108e-01,-1.325071214491491123e-01
6.870540348395037800e-01,1.294823515563828575e+00
-6.249271898806431080e-01,1.532711955065991560e+00
3.590587286594670857e-01,9.776389295609446695e-01
5.230563817494854328e-01,1.294823515563828575e+00
1.950610755694487108e-01,2.639736110544558256e-01
1.950610755694487108e-01,-6.875801469541960032e-01
-1.854909588055780878e+00,-6.082840004534749712e-01
3.106342247943035331e-02,-2.118032679498700888e-01
1.950610755694487108e-01,1.053813180530138588e-01
3.590587286594670857e-01,-1.084060879457800830e+00
-1.444915455330734844e+00,-2.194206930467894612e+00
1.589041126834604745e+00,1.849896541068875466e+00
3.106342247943035331e-02,-1.718430051463568864e+00
6.050552082944946619e-01,1.612008101566712481e+00
-8.709236695156706842e-01,-5.289878539527540502e-01
9.330505144745313562e-01,1.053813180530138588e-01
1.097048167564549814e+00,-2.118032679498700888e-01
1.261045820654568050e+00,2.608517155229287190e-02
1.015049341019540474e+00,9.776389295609446695e-01
1.589041126834604745e+00,-4.496917074520330182e-01
1.343044647199577168e+00,-1.956318490965731849e+00
-1.772910761510771760e+00,-6.082840004534749712e-01
-2.969318837006063583e-01,-2.910994144505910652e-01
4.410575552044762593e-01,-1.325071214491491123e-01
-5.429283633356338790e-01,-7.668762934549169241e-01
1.507042300289595627e+00,5.811581970573397316e-01
2.327030565739687251e+00,1.691304248067433624e+00
-1.329342306105880112e-01,-1.480541611961405879e+00
4.410575552044762593e-01,-1.004764732957079909e+00
1.015049341019540474e+00,1.053813180530138588e-01
-2.969318837006063583e-01,5.811581970573397316e-01
1.261045820654568050e+00,1.612008101566712481e+00
1.130622490244395373e-01,-5.289878539527540502e-01
2.770599021144579122e-01,-4.496917074520330182e-01
-8.709236695156706842e-01,5.018620505566188106e-01
6.050552082944946619e-01,-2.669983809472220582e+00
1.130622490244395373e-01,-6.875801469541960032e-01
1.950610755694487108e-01,2.639736110544558256e-01
-2.149330571555971847e-01,1.846774645537348492e-01
1.015049341019540474e+00,1.136231222562386733e+00
-5.429283633356338790e-01,9.776389295609446695e-01
2.770599021144579122e-01,-5.321097494842811498e-02
7.690528613845130090e-01,-6.082840004534749712e-01
1.179046994109558932e+00,-3.703955609513120417e-01
8.510516879295221271e-01,2.608517155229287190e-02
1.130622490244395373e-01,4.225659040558977786e-01
7.690528613845130090e-01,2.087784980571038673e+00
1.261045820654568050e+00,-7.668762934549169241e-01
-2.149330571555971847e-01,-8.461724399556379561e-01
1.753038779924623203e+00,4.225659040558977786e-01
-5.429283633356338790e-01,-2.118032679498700888e-01
-9.529224960606798023e-01,-1.480541611961405879e+00
-1.198918975695707489e+00,6.604543435580607635e-01
5.230563817494854328e-01,1.136231222562386733e+00
-6.249271898806431080e-01,2.608517155229287190e-02
-9.529224960606798023e-01,-3.703955609513120417e-01
3.106342247943035331e-02,-6.082840004534749712e-01
-7.069260164256523371e-01,-6.875801469541960032e-01
-7.889248429706614552e-01,4.225659040558977786e-01
2.770599021144579122e-01,4.225659040558977786e-01
1.015049341019540474e+00,-1.325071214491491123e-01
-2.969318837006063583e-01,-2.118032679498700888e-01
7.690528613845130090e-01,-4.496917074520330182e-01
1.130622490244395373e-01,-7.668762934549169241e-01
-4.609295367906247609e-01,-6.875801469541960032e-01
1.671039953379614085e+00,2.167081127071759372e+00
-8.709236695156706842e-01,-1.877022344465010706e+00
1.130622490244395373e-01,-2.910994144505910652e-01
1.261045820654568050e+00,-5.289878539527540502e-01
-2.182904894235817572e+00,-1.321949318959963815e+00
1.507042300289595627e+00,1.532711955065991560e+00
6.050552082944946619e-01,2.608517155229287190e-02
2.245031739194678355e+00,2.404969566573922357e+00
-1.280917802240716608e+00,-2.910994144505910652e-01
-7.889248429706614552e-01,-1.639133904962847721e+00
3.590587286594670857e-01,7.397504900587816845e-01
2.770599021144579122e-01,-1.325071214491491123e-01
3.106342247943035331e-02,3.432697575551768021e-01
-1.329342306105880112e-01,5.018620505566188106e-01
7.690528613845130090e-01,1.846774645537348492e-01
-6.249271898806431080e-01,-3.703955609513120417e-01
-4.609295367906247609e-01,6.604543435580607635e-01
-5.429283633356338790e-01,-8.461724399556379561e-01
1.671039953379614085e+00,-4.496917074520330182e-01
-3.789307102456155318e-01,8.983427830602237485e-01
2.081034086104660119e+00,1.453415808565270639e+00
-1.329342306105880112e-01,-1.163357025958521973e+00
-1.116920149150698149e+00,2.608517155229287190e-02
-3.789307102456155318e-01,-6.875801469541960032e-01
-7.889248429706614552e-01,-7.668762934549169241e-01
1.425043473744586509e+00,4.225659040558977786e-01
1.999035259559650779e+00,2.167081127071759372e+00
1.179046994109558932e+00,-5.321097494842811498e-02
1.130622490244395373e-01,5.018620505566188106e-01
7.690528613845130090e-01,1.294823515563828575e+00
3.475014137369815792e+00,2.880746445578248327e+00
1.179046994109558932e+00,-6.082840004534749712e-01
-1.362916628785725726e+00,-2.118032679498700888e-01
-6.249271898806431080e-01,1.056935076061665590e+00
8.510516879295221271e-01,1.136231222562386733e+00
-1.526914281875744184e+00,-4.496917074520330182e-01
-5.093540406557883066e-02,4.225659040558977786e-01
1.097048167564549814e+00,1.215527369063107654e+00
-2.149330571555971847e-01,-5.289878539527540502e-01
4.410575552044762593e-01,1.532711955065991560e+00
4.410575552044762593e-01,5.811581970573397316e-01
3.590587286594670857e-01,3.432697575551768021e-01
-2.969318837006063583e-01,-7.668762934549169241e-01
8.510516879295221271e-01,2.608517155229287190e-02
3.106342247943035331e-02,-1.004764732957079909e+00
-9.529224960606798023e-01,-2.910994144505910652e-01
1.589041126834604745e+00,1.532711955065991560e+00
4.410575552044762593e-01,-3.703955609513120417e-01
6.870540348395037800e-01,2.639736110544558256e-01
2.770599021144579122e-01,-2.118032679498700888e-01
5.230563817494854328e-01,1.846774645537348492e-01
-1.329342306105880112e-01,5.811581970573397316e-01
-3.789307102456155318e-01,-5.321097494842811498e-02
-7.069260164256523371e-01,-2.118032679498700888e-01
3.590587286594670857e-01,8.983427830602237485e-01
1.753038779924623203e+00,1.056935076061665590e+00
-2.969318837006063583e-01,-1.163357025958521973e+00
-4.609295367906247609e-01,-2.114910783967173913e+00
-1.329342306105880112e-01,-1.084060879457800830e+00
3.590587286594670857e-01,2.880746445578248327e+00
1.179046994109558932e+00,2.167081127071759372e+00
4.410575552044762593e-01,1.374119662064549718e+00
-9.529224960606798023e-01,1.053813180530138588e-01
1.261045820654568050e+00,-1.325071214491491123e-01
1.179046994109558932e+00,1.846774645537348492e-01
-1.116920149150698149e+00,2.608517155229287190e-02
3.106342247943035331e-02,5.018620505566188106e-01
-1.526914281875744184e+00,6.604543435580607635e-01
-3.789307102456155318e-01,5.018620505566188106e-01
-7.889248429706614552e-01,-3.703955609513120417e-01
-2.969318837006063583e-01,4.225659040558977786e-01
9.330505144745313562e-01,-1.004764732957079909e+00
9.330505144745313562e-01,3.432697575551768021e-01
1.753038779924623203e+00,1.691304248067433624e+00
3.106342247943035331e-02,2.639736110544558256e-01
6.870540348395037800e-01,-5.321097494842811498e-02
1.753038779924623203e+00,1.849896541068875466e+00
-6.249271898806431080e-01,6.604543435580607635e-01
-9.529224960606798023e-01,-3.703955609513120417e-01
9.330505144745313562e-01,2.608517155229287190e-02
6.870540348395037800e-01,7.397504900587816845e-01
8.510516879295221271e-01,8.983427830602237485e-01
1.507042300289595627e+00,-5.321097494842811498e-02
1.507042300289595627e+00,5.811581970573397316e-01
-7.889248429706614552e-01,1.215527369063107654e+00
9.330505144745313562e-01,1.053813180530138588e-01
2.770599021144579122e-01,-5.289878539527540502e-01
-1.526914281875744184e+00,1.053813180530138588e-01
8.510516879295221271e-01,8.983427830602237485e-01
-2.149330571555971847e-01,-1.321949318959963815e+00
-4.609295367906247609e-01,8.190466365595027165e-01
1.589041126834604745e+00,3.432697575551768021e-01
9.330505144745313562e-01,-4.496917074520330182e-01
1.917036433014641439e+00,1.453415808565270639e+00
-3.789307102456155318e-01,-5.321097494842811498e-02
1.261045820654568050e+00,2.608517155229287190e-02
-2.149330571555971847e-01,-6.875801469541960032e-01
1.179046994109558932e+00,6.604543435580607635e-01
3.590587286594670857e-01,2.639736110544558256e-01
1.097048167564549814e+00,-1.325071214491491123e-01
-1.198918975695707489e+00,-1.797726197964289785e+00
2.081034086104660119e+00,7.397504900587816845e-01
-3.789307102456155318e-01,5.018620505566188106e-01
-7.069260164256523371e-01,1.215527369063107654e+00
1.130622490244395373e-01,4.225659040558977786e-01
1.917036433014641439e+00,1.612008101566712481e+00
1.343044647199577168e+00,1.612008101566712481e+00
-1.329342306105880112e-01,3.432697575551768021e-01
-1.526914281875744184e+00,-2.910994144505910652e-01
-6.249271898806431080e-01,-4.496917074520330182e-01
1.917036433014641439e+00,-1.321949318959963815e+00
9.330505144745313562e-01,1.056935076061665590e+00
1.179046994109558932e+00,1.770600394568154545e+00
-5.093540406557883066e-02,1.691304248067433624e+00
-7.889248429706614552e-01,-2.910994144505910652e-01
-5.093540406557883066e-02,4.225659040558977786e-01
9.330505144745313562e-01,-2.118032679498700888e-01
1.950610755694487108e-01,-9.254685864563589881e-01
-2.149330571555971847e-01,8.190466365595027165e-01
-8.709236695156706842e-01,-1.559837758462126800e+00
-9.529224960606798023e-01,-6.875801469541960032e-01
1.097048167564549814e+00,-6.082840004534749712e-01
-7.889248429706614552e-01,1.215527369063107654e+00
1.343044647199577168e+00,1.053813180530138588e-01
-1.329342306105880112e-01,-1.004764732957079909e+00
-1.034921322605689031e+00,-1.325071214491491123e-01
-1.198918975695707489e+00,-1.325071214491491123e-01
-1.854909588055780878e+00,-1.325071214491491123e-01
5.230563817494854328e-01,-1.639133904962847721e+00
-1.936908414600789996e+00,8.983427830602237485e-01
-7.069260164256523371e-01,-1.480541611961405879e+00
1.589041126834604745e+00,7.397504900587816845e-01
8.510516879295221271e-01,-4.496917074520330182e-01
3.590587286594670857e-01,8.983427830602237485e-01
-2.969318837006063583e-01,5.018620505566188106e-01
4.410575552044762593e-01,-3.703955609513120417e-01
-5.093540406557883066e-02,-5.289878539527540502e-01
1.835037606469632321e+00,1.770600394568154545e+00
3.229017657734788660e+00,7.397504900587816845e-01
1.343044647199577168e+00,1.294823515563828575e+00
8.510516879295221271e-01,-5.289878539527540502e-01
2.770599021144579122e-01,3.432697575551768021e-01
-1.936908414600789996e+00,-1.084060879457800830e+00
1.999035259559650779e+00,1.846774645537348492e-01
-2.969318837006063583e-01,3.432697575551768021e-01
3.106342247943035331e-02,3.277227178081853154e+00
-5.429283633356338790e-01,4.225659040558977786e-01
-2.510900200415854489e+00,1.053813180530138588e-01
9.330505144745313562e-01,1.453415808565270639e+00
1.130622490244395373e-01,-1.480541611961405879e+00
3.106342247943035331e-02,-1.242653172459242894e+00
6.870540348395037800e-01,-4.496917074520330182e-01
3.590587286594670857e-01,-6.875801469541960032e-01
-8.709236695156706842e-01,-6.875801469541960032e-01
-7.069260164256523371e-01,-1.084060879457800830e+00
-2.674897853505872725e+00,-2.590687662971499439e+00
4.410575552044762593e-01,1.053813180530138588e-01
-7.069260164256523371e-01,-6.875801469541960032e-01
-5.429283633356338790e-01,-7.668762934549169241e-01
-1.116920149150698149e+00,5.811581970573397316e-01
-8.709236695156706842e-01,1.846774645537348492e-01
1.130622490244395373e-01,-1.242653172459242894e+00
-8.709236695156706842e-01,-1.559837758462126800e+00
-5.093540406557883066e-02,-9.254685864563589881e-01
6.050552082944946619e-01,1.846774645537348492e-01
-1.329342306105880112e-01,3.432697575551768021e-01
3.106342247943035331e-02,-1.877022344465010706e+00
1.950610755694487108e-01,-4.496917074520330182e-01
-6.249271898806431080e-01,-1.480541611961405879e+00
1.130622490244395373e-01,-8.461724399556379561e-01
1.179046994109558932e+00,7.397504900587816845e-01
-1.198918975695707489e+00,-2.194206930467894612e+00
-5.093540406557883066e-02,-1.004764732957079909e+00
3.106342247943035331e-02,-6.082840004534749712e-01
-1.526914281875744184e+00,-2.035614637466452770e+00
-1.198918975695707489e+00,5.018620505566188106e-01
-1.034921322605689031e+00,-1.325071214491491123e-01
5.230563817494854328e-01,1.053813180530138588e-01
-5.429283633356338790e-01,-1.877022344465010706e+00
-3.789307102456155318e-01,-9.254685864563589881e-01
2.770599021144579122e-01,1.056935076061665590e+00
5.230563817494854328e-01,-5.289878539527540502e-01
-6.249271898806431080e-01,-6.082840004534749712e-01
-3.789307102456155318e-01,1.053813180530138588e-01
-1.329342306105880112e-01,-5.321097494842811498e-02
2.770599021144579122e-01,-3.703955609513120417e-01
-2.149330571555971847e-01,6.604543435580607635e-01
-2.969318837006063583e-01,3.432697575551768021e-01
1.950610755694487108e-01,9.776389295609446695e-01
-1.034921322605689031e+00,2.639736110544558256e-01
2.770599021144579122e-01,8.983427830602237485e-01
-5.429283633356338790e-01,1.846774645537348492e-01
-7.069260164256523371e-01,-1.321949318959963815e+00
3.106342247943035331e-02,-3.703955609513120417e-01
-3.789307102456155318e-01,-1.559837758462126800e+00
-1.805051527436344561e+00,-5.839290824692306980e-01
-7.664252926359164109e-01,-3.467417895281687534e-01
2.722009421645117944e-01,-3.049206560675273708e-02
-7.664252926359164109e-01,-7.420539444299387721e-01
-2.124628830451861017e+00,-1.095544965871067394e-01
-6.865309668820372968e-01,-6.629915134495847351e-01
-2.071650123587627790e-01,1.076381968118203192e+00
-4.468479896204000656e-01,2.857576583146632654e-01
1.710298805734335570e+00,-3.049206560675273708e-02
-1.272706866048836649e-01,-3.049206560675273708e-02
1.071144199703302657e+00,3.648200892950172469e-01
-2.071650123587627790e-01,-1.137366099331708735e+00
-7.664252926359164109e-01,6.810698132164332286e-01
-1.272706866048836649e-01,1.155444399098557229e+00
2.722009421645117944e-01,-3.049206560675273708e-02
7.515668966877863122e-01,1.234506830078911266e+00
8.314612224416654263e-01,-1.927990409135248662e+00
-3.669536638665209516e-01,-4.258042205085227350e-01
5.917782451800281951e-01,1.471694123019973155e+00
1.071144199703302657e+00,1.471694123019973155e+00
1.550510154226577342e+00,2.894817880666345378e+00
-6.865309668820372968e-01,4.857036537360125833e-02
-6.865309668820372968e-01,4.438825202753712285e-01
-1.405579898666949212e+00,-3.467417895281687534e-01
1.151038525457181771e+00,8.391946751771411916e-01
1.923066164106327081e-01,1.550756554000327192e+00
5.917782451800281951e-01,4.857036537360125833e-02
-5.267423153742791797e-01,-9.001788063906467352e-01
4.319895936722699670e-01,2.857576583146632654e-01
6.716725709339073092e-01,2.857576583146632654e-01
2.722009421645117944e-01,-3.049206560675273708e-02
2.109770434503730918e+00,2.183256001843159044e+00
-1.485474224420828326e+00,5.229449512557252655e-01
-1.272706866048836649e-01,6.810698132164332286e-01
1.151038525457181771e+00,2.066952273343092561e-01
1.870087457242093576e+00,-1.095544965871067394e-01
1.710298805734335570e+00,6.020073822360793026e-01
-9.262139441436746390e-01,-9.792412373710006612e-01
1.923066164106327081e-01,2.066952273343092561e-01
-1.325685572913070098e+00,-1.769865547174540588e+00
-2.870593381126418375e-01,1.155444399098557229e+00
2.722009421645117944e-01,9.182571061574952287e-01
-1.485474224420828326e+00,-9.001788063906467352e-01
-4.737636085100457861e-02,2.066952273343092561e-01
-1.405579898666949212e+00,-2.244240133056664810e+00
1.230932851211060886e+00,9.182571061574952287e-01
-5.267423153742791797e-01,8.391946751771411916e-01
2.669030714780884495e+00,2.341380863803867118e+00
1.790193131488214462e+00,1.629818984980681229e+00
-4.737636085100457861e-02,2.857576583146632654e-01
1.923066164106327081e-01,1.076381968118203192e+00
-4.468479896204000656e-01,-1.095544965871067394e-01
-6.066366411281581827e-01,-2.086115271095956736e+00
-1.805051527436344561e+00,-1.886169275674607348e-01
-3.669536638665209516e-01,-3.049206560675273708e-02
3.251796490287451463e-02,-3.049206560675273708e-02
-7.664252926359164109e-01,-1.848927978154894625e+00
5.118839194261490810e-01,-1.295490961292416809e+00
-1.272706866048836649e-01,8.391946751771411916e-01
1.710298805734335570e+00,4.857036537360125833e-02
-1.405579898666949212e+00,-1.216428530312062772e+00
9.912498739494236544e-01,2.499505725764575192e+00
-5.267423153742791797e-01,-1.886169275674607348e-01
1.470615828472698228e+00,1.276327963539552468e-01
-6.865309668820372968e-01,-1.374553392272770624e+00
3.520952679183909084e-01,6.810698132164332286e-01
-2.870593381126418375e-01,1.787943846941389303e+00
1.470615828472698228e+00,-9.792412373710006612e-01
-2.071650123587627790e-01,2.857576583146632654e-01
1.870087457242093576e+00,4.857036537360125833e-02
1.230932851211060886e+00,-1.374553392272770624e+00
4.319895936722699670e-01,3.648200892950172469e-01
1.923066164106327081e-01,2.857576583146632654e-01
-4.737636085100457861e-02,-1.848927978154894625e+00
1.790193131488214462e+00,-1.095544965871067394e-01
-1.006108269897553642e+00,-2.165177702076310773e+00
7.515668966877863122e-01,-4.258042205085227350e-01
-5.267423153742791797e-01,-5.839290824692306980e-01
-1.086002595651432756e+00,3.648200892950172469e-01
1.124122906567536079e-01,6.020073822360793026e-01
-1.485474224420828326e+00,4.857036537360125833e-02
-2.870593381126418375e-01,-1.886169275674607348e-01
8.314612224416654263e-01,1.276327963539552468e-01
2.722009421645117944e-01,-6.629915134495847351e-01
3.251796490287451463e-02,3.648200892950172469e-01
-4.468479896204000656e-01,1.867006277921743118e+00
-5.267423153742791797e-01,-1.532678254233478699e+00
-1.405579898666949212e+00,4.857036537360125833e-02
1.071144199703302657e+00,4.857036537360125833e-02
-1.086002595651432756e+00,2.066952273343092561e-01
3.148396669304159179e+00,9.182571061574952287e-01
-4.737636085100457861e-02,9.182571061574952287e-01
8.314612224416654263e-01,9.182571061574952287e-01
-1.272706866048836649e-01,4.857036537360125833e-02
1.124122906567536079e-01,2.857576583146632654e-01
2.722009421645117944e-01,9.973195371378492657e-01
3.520952679183909084e-01,1.867006277921743118e+00
-2.071650123587627790e-01,-1.058303668351354698e+00
-3.669536638665209516e-01,-3.467417895281687534e-01
1.923066164106327081e-01,1.313569261059265303e+00
-4.468479896204000656e-01,-2.165177702076310773e+00
-1.165896921405311870e+00,-4.258042205085227350e-01
3.251796490287451463e-02,1.234506830078911266e+00
7.515668966877863122e-01,6.020073822360793026e-01
-1.272706866048836649e-01,-4.258042205085227350e-01
1.230932851211060886e+00,1.234506830078911266e+00
-2.071650123587627790e-01,-9.001788063906467352e-01
9.113555481955445403e-01,1.471694123019973155e+00
2.722009421645117944e-01,1.276327963539552468e-01
8.314612224416654263e-01,-1.769865547174540588e+00
1.124122906567536079e-01,-4.258042205085227350e-01
3.251796490287451463e-02,-1.690803116194186773e+00
2.722009421645117944e-01,7.601322441967872656e-01
2.908713692042522059e+00,2.066952273343092561e-01
2.722009421645117944e-01,3.648200892950172469e-01
7.515668966877863122e-01,1.550756554000327192e+00
8.314612224416654263e-01,-1.374553392272770624e+00
7.515668966877863122e-01,-1.095544965871067394e-01
-2.071650123587627790e-01,-5.839290824692306980e-01
1.949981782995972690e+00,-1.095544965871067394e-01
6.716725709339073092e-01,-5.048666514888767720e-01
3.251796490287451463e-02,-9.792412373710006612e-01
-2.071650123587627790e-01,-1.137366099331708735e+00
-8.463196183897955249e-01,2.857576583146632654e-01
-8.463196183897955249e-01,-2.676793585478147164e-01
-1.245791247159190984e+00,1.076381968118203192e+00
-6.865309668820372968e-01,-8.211163754102926982e-01
6.716725709339073092e-01,8.391946751771411916e-01
-1.086002595651432756e+00,-1.927990409135248662e+00
-1.165896921405311870e+00,-2.676793585478147164e-01
-1.725157201682465447e+00,-7.420539444299387721e-01
3.520952679183909084e-01,-1.886169275674607348e-01
-4.737636085100457861e-02,2.499505725764575192e+00
-1.006108269897553642e+00,7.601322441967872656e-01
-1.165896921405311870e+00,-3.467417895281687534e-01
5.917782451800281951e-01,-1.886169275674607348e-01
-7.664252926359164109e-01,-8.211163754102926982e-01
-2.284417481959619245e+00,-1.095544965871067394e-01
9.113555481955445403e-01,-4.258042205085227350e-01
8.314612224416654263e-01,2.066952273343092561e-01
-9.262139441436746390e-01,-1.453615823253124661e+00
-7.664252926359164109e-01,-8.211163754102926982e-01
5.118839194261490810e-01,2.066952273343092561e-01
5.118839194261490810e-01,7.601322441967872656e-01
-2.071650123587627790e-01,2.066952273343092561e-01
1.151038525457181771e+00,-1.095544965871067394e-01
-6.865309668820372968e-01,3.648200892950172469e-01
-4.737636085100457861e-02,6.020073822360793026e-01
-6.066366411281581827e-01,4.857036537360125833e-02
-7.664252926359164109e-01,5.229449512557252655e-01
-4.468479896204000656e-01,-2.402364995017372884e+00
-5.267423153742791797e-01,4.438825202753712285e-01
-1.165896921405311870e+00,-2.086115271095956736e+00
-5.267423153742791797e-01,-1.295490961292416809e+00
1.923066164106327081e-01,-4.258042205085227350e-01
-1.725157201682465447e+00,-1.374553392272770624e+00
-7.664252926359164109e-01,-1.453615823253124661e+00
-1.805051527436344561e+00,-1.848927978154894625e+00
-9.262139441436746390e-01,-4.258042205085227350e-01
-6.066366411281581827e-01,3.648200892950172469e-01
3.520952679183909084e-01,-5.839290824692306980e-01
3.251796490287451463e-02,1.276327963539552468e-01
-2.364311807713498137e+00,-1.137366099331708735e+00
5.118839194261490810e-01,-2.676793585478147164e-01
-3.669536638665209516e-01,2.857576583146632654e-01
1.949981782995972690e+00,-1.095544965871067394e-01
-1.272706866048836649e-01,3.648200892950172469e-01
1.790193131488214462e+00,1.629818984980681229e+00
1.151038525457181771e+00,-2.676793585478147164e-01
3.251796490287451463e-02,-8.211163754102926982e-01
1.923066164106327081e-01,-1.886169275674607348e-01
4.319895936722699670e-01,8.391946751771411916e-01
3.251796490287451463e-02,6.810698132164332286e-01
1.923066164106327081e-01,1.234506830078911266e+00
1.310827176964940000e+00,1.234506830078911266e+00
-8.463196183897955249e-01,5.229449512557252655e-01
-9.262139441436746390e-01,-1.058303668351354698e+00
-2.870593381126418375e-01,-3.049206560675273708e-02
5.118839194261490810e-01,-1.886169275674607348e-01
-7.664252926359164109e-01,2.857576583146632654e-01
-1.645262875928586332e+00,-1.295490961292416809e+00
-1.086002595651432756e+00,-1.095544965871067394e-01
-6.865309668820372968e-01,-2.086115271095956736e+00
2.722009421645117944e-01,-7.420539444299387721e-01
-5.267423153742791797e-01,2.066952273343092561e-01
4.319895936722699670e-01,-1.848927978154894625e+00
9.113555481955445403e-01,1.276327963539552468e-01
-1.245791247159190984e+00,-9.792412373710006612e-01
-2.870593381126418375e-01,-4.258042205085227350e-01
-4.737636085100457861e-02,3.648200892950172469e-01
1.151038525457181771e+00,1.276327963539552468e-01
1.310827176964940000e+00,-1.886169275674607348e-01
-5.267423153742791797e-01,-1.137366099331708735e+00
-1.086002595651432756e+00,-1.927990409135248662e+00
2.722009421645117944e-01,6.020073822360793026e-01
-6.865309668820372968e-01,4.438825202753712285e-01
-8.463196183897955249e-01,-6.629915134495847351e-01
5.118839194261490810e-01,6.810698132164332286e-01
-1.645262875928586332e+00,4.857036537360125833e-02
-4.737636085100457861e-02,-1.058303668351354698e+00
-5.267423153742791797e-01,-1.886169275674607348e-01
-2.870593381126418375e-01,-1.095544965871067394e-01
-1.165896921405311870e+00,5.229449512557252655e-01
-2.204523156205739909e+00,-1.095544965871067394e-01
8.314612224416654263e-01,-4.258042205085227350e-01
-2.870593381126418375e-01,-6.629915134495847351e-01
5.118839194261490810e-01,4.857036537360125833e-02
-7.664252926359164109e-01,-4.258042205085227350e-01
-5.267423153742791797e-01,1.234506830078911266e+00
-3.323043716760047506e+00,4.438825202753712285e-01
-1.086002595651432756e+00,2.857576583146632654e-01
5.917782451800281951e-01,1.076381968118203192e+00
-1.884945853190223675e+00,-4.258042205085227350e-01
-1.325685572913070098e+00,2.025131139882451414e+00
1.124122906567536079e-01,2.857576583146632654e-01
5.118839194261490810e-01,8.391946751771411916e-01
-1.485474224420828326e+00,-1.058303668351354698e+00
-2.071650123587627790e-01,4.857036537360125833e-02
4.319895936722699670e-01,-6.629915134495847351e-01
-4.468479896204000656e-01,-3.049206560675273708e-02
-1.086002595651432756e+00,-3.049206560675273708e-02
1.151038525457181771e+00,1.313569261059265303e+00
-4.468479896204000656e-01,8.391946751771411916e-01
1.390721502718819114e+00,5.229449512557252655e-01
9.912498739494236544e-01,5.229449512557252655e-01
-1.645262875928586332e+00,-1.216428530312062772e+00
4.319895936722699670e-01,9.973195371378492657e-01
5.917782451800281951e-01,1.392631692039619118e+00
-9.262139441436746390e-01,-2.086115271095956736e+00
9.912498739494236544e-01,-2.323302564037018847e+00
1.923066164106327081e-01,1.550756554000327192e+00
-4.737636085100457861e-02,-3.049206560675273708e-02
3.251796490287451463e-02,-9.792412373710006612e-01
-7.664252926359164109e-01,-2.007052840115602699e+00
2.722009421645117944e-01,-1.216428530312062772e+00
5.917782451800281951e-01,1.471694123019973155e+00
7.515668966877863122e-01,-2.676793585478147164e-01
-1.405579898666949212e+00,-6.629915134495847351e-01
1.923066164106327081e-01,3.648200892950172469e-01
-6.066366411281581827e-01,4.857036537360125833e-02
-1.245791247159190984e+00,6.810698132164332286e-01
3.520952679183909084e-01,5.229449512557252655e-01
1.390721502718819114e+00,5.229449512557252655e-01
-1.725157201682465447e+00,-1.137366099331708735e+00
-9.262139441436746390e-01,-6.629915134495847351e-01
1.310827176964940000e+00,2.183256001843159044e+00
2.722009421645117944e-01,3.648200892950172469e-01
-1.325685572913070098e+00,-1.690803116194186773e+00
6.716725709339073092e-01,9.973195371378492657e-01
-4.468479896204000656e-01,-1.611740685213832736e+00
6.716725709339073092e-01,1.276327963539552468e-01
-4.737636085100457861e-02,1.155444399098557229e+00
8.314612224416654263e-01,6.810698132164332286e-01
1.151038525457181771e+00,-3.467417895281687534e-01
5.917782451800281951e-01,-2.676793585478147164e-01
5.118839194261490810e-01,9.182571061574952287e-01
-4.737636085100457861e-02,-5.839290824692306980e-01
1.151038525457181771e+00,1.076381968118203192e+00
-7.664252926359164109e-01,2.420443294784221155e+00
-5.267423153742791797e-01,-9.001788063906467352e-01
2.722009421645117944e-01,5.229449512557252655e-01
-4.468479896204000656e-01,-7.420539444299387721e-01
7.515668966877863122e-01,-1.886169275674607348e-01
1.071144199703302657e+00,-1.374553392272770624e+00
1.923066164106327081e-01,-8.211163754102926982e-01
-2.071650123587627790e-01,-3.049206560675273708e-02
1.124122906567536079e-01,2.857576583146632654e-01
3.520952679183909084e-01,-1.295490961292416809e+00
-4.737636085100457861e-02,1.276327963539552468e-01
9.113555481955445403e-01,-3.049206560675273708e-02
-2.071650123587627790e-01,9.973195371378492657e-01
-5.267423153742791797e-01,-1.295490961292416809e+00
1.124122906567536079e-01,-9.792412373710006612e-01
-4.468479896204000656e-01,-2.676793585478147164e-01
5.118839194261490810e-01,1.276327963539552468e-01
-1.805051527436344561e+00,-3.049206560675273708e-02
-1.006108269897553642e+00,9.973195371378492657e-01
-2.124628830451861017e+00,-1.769865547174540588e+00
-1.272706866048836649e-01,3.648200892950172469e-01
-1.086002595651432756e+00,-1.095544965871067394e-01
-3.669536638665209516e-01,-1.137366099331708735e+00
3.520952679183909084e-01,9.182571061574952287e-01
-4.468479896204000656e-01,4.857036537360125833e-02
5.118839194261490810e-01,3.648200892950172469e-01
1.550510154226577342e+00,1.787943846941389303e+00
-1.272706866048836649e-01,-6.629915134495847351e-01
-2.071650123587627790e-01,4.438825202753712285e-01
1.071144199703302657e+00,9.182571061574952287e-01
1.390721502718819114e+00,9.973195371378492657e-01
-5.267423153742791797e-01,-1.137366099331708735e+00
4.319895936722699670e-01,9.973195371378492657e-01
1.870087457242093576e+00,-3.049206560675273708e-02
-4.468479896204000656e-01,-9.792412373710006612e-01
-2.071650123587627790e-01,-1.886169275674607348e-01
-6.066366411281581827e-01,-1.374553392272770624e+00
1.710298805734335570e+00,1.787943846941389303e+00
-1.272706866048836649e-01,-4.258042205085227350e-01
1.151038525457181771e+00,-4.258042205085227350e-01
9.113555481955445403e-01,-1.927990409135248662e+00
3.251796490287451463e-02,2.857576583146632654e-01
-1.272706866048836649e-01,2.066952273343092561e-01
4.319895936722699670e-01,4.857036537360125833e-02
9.912498739494236544e-01,1.276327963539552468e-01
-1.964840178944102789e+00,3.648200892950172469e-01
-4.737636085100457861e-02,-6.629915134495847351e-01
-1.245791247159190984e+00,-3.467417895281687534e-01
-1.485474224420828326e+00,3.648200892950172469e-01
-6.865309668820372968e-01,-1.690803116194186773e+00
1.470615828472698228e+00,-3.467417895281687534e-01
2.722009421645117944e-01,2.857576583146632654e-01
-1.645262875928586332e+00,1.234506830078911266e+00
-4.468479896204000656e-01,9.973195371378492657e-01
-2.124628830451861017e+00,-9.792412373710006612e-01
1.923066164106327081e-01,2.066952273343092561e-01
-8.463196183897955249e-01,2.066952273343092561e-01
1.470615828472698228e+00,1.471694123019973155e+00
-1.086002595651432756e+00,-6.629915134495847351e-01
1.870087457242093576e+00,6.810698132164332286e-01
-1.165896921405311870e+00,1.234506830078911266e+00
7.515668966877863122e-01,-1.095544965871067394e-01
-1.725157201682465447e+00,-4.258042205085227350e-01
-9.262139441436746390e-01,8.391946751771411916e-01
1.710298805734335570e+00,9.973195371378492657e-01
-6.865309668820372968e-01,-5.048666514888767720e-01
-4.737636085100457861e-02,9.182571061574952287e-01
2.109770434503730918e+00,-5.839290824692306980e-01
-8.463196183897955249e-01,-2.165177702076310773e+00
-5.267423153742791797e-01,1.276327963539552468e-01
2.722009421645117944e-01,-3.049206560675273708e-02
1.949981782995972690e+00,1.867006277921743118e+00
-6.066366411281581827e-01,-1.095544965871067394e-01
-1.725157201682465447e+00,-8.211163754102926982e-01
-2.870593381126418375e-01,-1.374553392272770624e+00
-3.669536638665209516e-01,6.810698132164332286e-01
6.716725709339073092e-01,-2.676793585478147164e-01
3.251796490287451463e-02,-1.095544965871067394e-01
-1.086002595651432756e+00,6.020073822360793026e-01
7.515668966877863122e-01,-2.676793585478147164e-01
-7.664252926359164109e-01,-8.211163754102926982e-01
-1.165896921405311870e+00,-7.420539444299387721e-01
3.251796490287451463e-02,1.276327963539552468e-01
6.716725709339073092e-01,1.471694123019973155e+00
3.251796490287451463e-02,-2.323302564037018847e+00
1.470615828472698228e+00,-1.095544965871067394e-01
-8.463196183897955249e-01,-1.216428530312062772e+00
3.251796490287451463e-02,-4.258042205085227350e-01
-2.870593381126418375e-01,-7.420539444299387721e-01
-1.485474224420828326e+00,-7.420539444299387721e-01
1.550510154226577342e+00,1.076381968118203192e+00
-1.565368550174707440e+00,-1.295490961292416809e+00
-3.669536638665209516e-01,-1.769865547174540588e+00
-6.066366411281581827e-01,-1.095544965871067394e-01
9.912498739494236544e-01,-5.839290824692306980e-01
-3.669536638665209516e-01,2.104193570862805007e+00
1.550510154226577342e+00,-5.839290824692306980e-01
1.151038525457181771e+00,4.438825202753712285e-01
1.710298805734335570e+00,3.648200892950172469e-01
3.520952679183909084e-01,-3.049206560675273708e-02
-1.884945853190223675e+00,-1.295490961292416809e+00
-1.405579898666949212e+00,2.066952273343092561e-01
-4.468479896204000656e-01,6.810698132164332286e-01
-2.870593381126418375e-01,1.550756554000327192e+00
-6.066366411281581827e-01,4.857036537360125833e-02
2.722009421645117944e-01,6.810698132164332286e-01
-7.664252926359164109e-01,1.234506830078911266e+00
-1.884945853190223675e+00,-3.467417895281687534e-01
-1.485474224420828326e+00,4.438825202753712285e-01
-2.071650123587627790e-01,4.857036537360125833e-02
5.917782451800281951e-01,-1.095544965871067394e-01
1.923066164106327081e-01,-1.769865547174540588e+00
-3.669536638665209516e-01,-5.048666514888767720e-01
1.550510154226577342e+00,-1.886169275674607348e-01
1.923066164106327081e-01,1.276327963539552468e-01
-2.071650123587627790e-01,-7.420539444299387721e-01
8.314612224416654263e-01,1.629818984980681229e+00
4.319895936722699670e-01,-1.137366099331708735e+00
-3.669536638665209516e-01,-1.374553392272770624e+00
-4.468479896204000656e-01,-4.258042205085227350e-01
-1.006108269897553642e+00,-4.258042205085227350e-01
-9.262139441436746390e-01,-5.048666514888767720e-01
-6.865309668820372968e-01,2.857576583146632654e-01
1.923066164106327081e-01,-6.629915134495847351e-01
1.870087457242093576e+00,-2.797677149919142625e+00
1.124122906567536079e-01,-1.927990409135248662e+00
-3.669536638665209516e-01,4.857036537360125833e-02
9.113555481955445403e-01,-1.137366099331708735e+00
5.118839194261490810e-01,-3.467417895281687534e-01
-4.468479896204000656e-01,-1.058303668351354698e+00
-1.006108269897553642e+00,-1.886169275674607348e-01
7.515668966877863122e-01,-4.258042205085227350e-01
-6.865309668820372968e-01,-2.676793585478147164e-01
-6.066366411281581827e-01,2.857576583146632654e-01
-7.664252926359164109e-01,4.857036537360125833e-02
-1.272706866048836649e-01,-1.848927978154894625e+00
-1.405579898666949212e+00,-3.467417895281687534e-01
2.722009421645117944e-01,7.601322441967872656e-01
-2.683889110729014593e+00,-9.001788063906467352e-01
-8.463196183897955249e-01,-5.839290824692306980e-01
1.071144199703302657e+00,5.229449512557252655e-01
-1.272706866048836649e-01,2.857576583146632654e-01
-3.669536638665209516e-01,-3.467417895281687534e-01
-4.468479896204000656e-01,-1.095544965871067394e-01
-1.884945853190223675e+00,-1.095544965871067394e-01
1.071144199703302657e+00,-1.058303668351354698e+00
-2.071650123587627790e-01,-3.467417895281687534e-01
-2.870593381126418375e-01,4.857036537360125833e-02
-1.006108269897553642e+00,4.857036537360125833e-02
1.390721502718819114e+00,9.182571061574952287e-01
1.630404479980456456e+00,9.973195371378492657e-01
-2.124628830451861017e+00,-1.611740685213832736e+00
3.520952679183909084e-01,4.438825202753712285e-01
-2.071650123587627790e-01,1.276327963539552468e-01
-2.044734504697982125e+00,-1.095544965871067394e-01
1.630404479980456456e+00,2.262318432823513081e+00
2.722009421645117944e-01,-1.532678254233478699e+00
1.124122906567536079e-01,1.076381968118203192e+00
-1.805051527436344561e+00,9.973195371378492657e-01
-1.485474224420828326e+00,-1.216428530312062772e+00
-1.645262875928586332e+00,-1.058303668351354698e+00
-1.272706866048836649e-01,1.313569261059265303e+00
1.310827176964940000e+00,9.182571061574952287e-01
6.716725709339073092e-01,9.973195371378492657e-01
3.520952679183909084e-01,-8.211163754102926982e-01
2.722009421645117944e-01,-9.001788063906467352e-01
-7.664252926359164109e-01,-1.216428530312062772e+00
-9.262139441436746390e-01,-2.676793585478147164e-01
9.912498739494236544e-01,1.234506830078911266e+00
1.630404479980456456e+00,9.973195371378492657e-01
-1.645262875928586332e+00,-1.295490961292416809e+00
1.470615828472698228e+00,-9.792412373710006612e-01
-4.468479896204000656e-01,4.857036537360125833e-02
-3.669536638665209516e-01,-1.216428530312062772e+00
-9.262139441436746390e-01,-1.532678254233478699e+00
-4.468479896204000656e-01,-1.886169275674607348e-01
-8.463196183897955249e-01,-4.258042205085227350e-01
1.390721502718819114e+00,2.499505725764575192e+00
1.470615828472698228e+00,-5.839290824692306980e-01
-8.463196183897955249e-01,-1.886169275674607348e-01
3.251796490287451463e-02,1.234506830078911266e+00
8.314612224416654263e-01,4.857036537360125833e-02
-6.066366411281581827e-01,-1.295490961292416809e+00
-1.884945853190223675e+00,-1.374553392272770624e+00
-2.071650123587627790e-01,-6.629915134495847351e-01
1.470615828472698228e+00,-1.886169275674607348e-01
-1.006108269897553642e+00,-8.211163754102926982e-01
-3.669536638665209516e-01,1.550756554000327192e+00
-1.086002595651432756e+00,6.810698132164332286e-01
-1.086002595651432756e+00,8.391946751771411916e-01
-1.325685572913070098e+00,-1.886169275674607348e-01
1.710298805734335570e+00,1.155444399098557229e+00
-1.405579898666949212e+00,-1.690803116194186773e+00
3.251796490287451463e-02,4.438825202753712285e-01
3.251796490287451463e-02,2.066952273343092561e-01
6.716725709339073092e-01,1.076381968118203192e+00
-8.463196183897955249e-01,-1.886169275674607348e-01
1.550510154226577342e+00,-1.769865547174540588e+00
-4.737636085100457861e-02,1.471694123019973155e+00
1.124122906567536079e-01,-7.420539444299387721e-01
-1.086002595651432756e+00,-1.058303668351354698e+00
-1.086002595651432756e+00,-1.532678254233478699e+00
6.716725709339073092e-01,1.867006277921743118e+00
4.319895936722699670e-01,8.391946751771411916e-01
1.550510154226577342e+00,8.391946751771411916e-01
-5.267423153742791797e-01,-3.467417895281687534e-01
-1.405579898666949212e+00,-1.058303668351354698e+00
1.790193131488214462e+00,4.857036537360125833e-02
-8.463196183897955249e-01,-9.001788063906467352e-01
9.113555481955445403e-01,9.973195371378492657e-01
-1.884945853190223675e+00,-1.137366099331708735e+00
3.251796490287451463e-02,1.076381968118203192e+00
3.520952679183909084e-01,-5.048666514888767720e-01
3.520952679183909084e-01,-4.258042205085227350e-01
8.314612224416654263e-01,-4.258042205085227350e-01
-2.364311807713498137e+00,-1.769865547174540588e+00
-9.262139441436746390e-01,9.182571061574952287e-01
8.314612224416654263e-01,-1.769865547174540588e+00
-8.463196183897955249e-01,-8.211163754102926982e-01
-4.468479896204000656e-01,-3.049206560675273708e-02
1.124122906567536079e-01,1.550756554000327192e+00
2.908713692042522059e+00,2.894817880666345378e+00
-6.865309668820372968e-01,1.076381968118203192e+00
-6.865309668820372968e-01,-3.467417895281687534e-01
-1.805051527436344561e+00,-1.453615823253124661e+00
5.118839194261490810e-01,6.020073822360793026e-01
-2.071650123587627790e-01,-5.048666514888767720e-01
-9.262139441436746390e-01,-1.374553392272770624e+00
-1.645262875928586332e+00,-5.839290824692306980e-01
-5.267423153742791797e-01,5.229449512557252655e-01
-5.267423153742791797e-01,-1.095544965871067394e-01
1.923066164106327081e-01,-1.611740685213832736e+00
4.319895936722699670e-01,-1.690803116194186773e+00
5.917782451800281951e-01,7.601322441967872656e-01
3.520952679183909084e-01,-3.049206560675273708e-02
1.390721502718819114e+00,1.313569261059265303e+00
6.716725709339073092e-01,6.810698132164332286e-01
-2.071650123587627790e-01,-1.058303668351354698e+00
-4.737636085100457861e-02,-1.374553392272770624e+00
-4.737636085100457861e-02,4.857036537360125833e-02
3.520952679183909084e-01,6.810698132164332286e-01
1.390721502718819114e+00,-9.001788063906467352e-01
-1.086002595651432756e+00,3.648200892950172469e-01
-1.165896921405311870e+00,-5.048666514888767720e-01
9.912498739494236544e-01,6.020073822360793026e-01
1.550510154226577342e+00,6.810698132164332286e-01
1.790193131488214462e+00,1.708881415961035266e+00
-2.870593381126418375e-01,-6.629915134495847351e-01
7.515668966877863122e-01,-1.453615823253124661e+00
-1.805051527436344561e+00,-1.374553392272770624e+00
7.515668966877863122e-01,7.601322441967872656e-01
-5.267423153742791797e-01,-1.095544965871067394e-01
6.716725709339073092e-01,1.155444399098557229e+00
2.722009421645117944e-01,1.155444399098557229e+00
-1.086002595651432756e+00,-3.049206560675273708e-02
5.118839194261490810e-01,3.648200892950172469e-01
3.251796490287451463e-02,-2.676793585478147164e-01
3.520952679183909084e-01,-1.216428530312062772e+00
-1.805051527436344561e+00,-9.792412373710006612e-01
-1.725157201682465447e+00,9.973195371378492657e-01
-1.805051527436344561e+00,2.857576583146632654e-01
-6.865309668820372968e-01,-1.611740685213832736e+00
-1.245791247159190984e+00,4.438825202753712285e-01
1.071144199703302657e+00,6.020073822360793026e-01
1.923066164106327081e-01,1.276327963539552468e-01
-8.463196183897955249e-01,-8.211163754102926982e-01
6.716725709339073092e-01,-8.211163754102926982e-01
6.716725709339073092e-01,-4.258042205085227350e-01
4.319895936722699670e-01,1.313569261059265303e+00
-1.272706866048836649e-01,-6.629915134495847351e-01
1.310827176964940000e+00,1.392631692039619118e+00
-1.272706866048836649e-01,-1.095544965871067394e-01
1.923066164106327081e-01,-7.420539444299387721e-01
-1.006108269897553642e+00,1.313569261059265303e+00
9.912498739494236544e-01,4.438825202753712285e-01
4.319895936722699670e-01,-5.839290824692306980e-01
9.912498739494236544e-01,-1.095544965871067394e-01
-2.071650123587627790e-01,-2.676793585478147164e-01
2.722009421645117944e-01,-6.629915134495847351e-01
-1.645262875928586332e+00,-1.374553392272770624e+00
-5.267423153742791797e-01,-5.839290824692306980e-01
-1.165896921405311870e+00,1.313569261059265303e+00
3.520952679183909084e-01,6.810698132164332286e-01
-1.272706866048836649e-01,2.857576583146632654e-01
-7.664252926359164109e-01,9.973195371378492657e-01
-6.865309668820372968e-01,4.857036537360125833e-02
1.124122906567536079e-01,6.020073822360793026e-01
3.520952679183909084e-01,8.391946751771411916e-01
-6.066366411281581827e-01,7.601322441967872656e-01
1.790193131488214462e+00,-2.676793585478147164e-01
5.118839194261490810e-01,7.601322441967872656e-01
-9.262139441436746390e-01,6.810698132164332286e-01
-1.272706866048836649e-01,2.066952273343092561e-01
2.722009421645117944e-01,-3.467417895281687534e-01
7.515668966877863122e-01,4.857036537360125833e-02
9.912498739494236544e-01,-2.244240133056664810e+00
5.917782451800281951e-01,-1.611740685213832736e+00
-9.262139441436746390e-01,1.276327963539552468e-01
9.113555481955445403e-01,1.076381968118203192e+00
-6.066366411281581827e-01,2.066952273343092561e-01
1.923066164106327081e-01,-2.244240133056664810e+00
-6.865309668820372968e-01,-1.453615823253124661e+00
1.790193131488214462e+00,1.155444399098557229e+00
-2.071650123587627790e-01,-9.792412373710006612e-01
-2.071650123587627790e-01,9.973195371378492657e-01
5.917782451800281951e-01,4.857036537360125833e-02
2.029876108749852026e+00,1.708881415961035266e+00
5.917782451800281951e-01,-1.690803116194186773e+00
-1.325685572913070098e+00,1.276327963539552468e-01
7.515668966877863122e-01,2.857576583146632654e-01
-4.737636085100457861e-02,-9.792412373710006612e-01
-4.737636085100457861e-02,2.066952273343092561e-01
-5.267423153742791797e-01,6.020073822360793026e-01
1.923066164106327081e-01,2.499505725764575192e+00
9.113555481955445403e-01,-1.095544965871067394e-01
7.515668966877863122e-01,-3.049206560675273708e-02
1.124122906567536079e-01,-2.676793585478147164e-01
3.251796490287451463e-02,8.391946751771411916e-01
3.251796490287451463e-02,-5.839290824692306980e-01
-7.664252926359164109e-01,-5.048666514888767720e-01
1.870087457242093576e+00,-1.137366099331708735e+00
1.071144199703302657e+00,2.857576583146632654e-01
-1.725157201682465447e+00,-3.467417895281687534e-01
-6.865309668820372968e-01,-1.886169275674607348e-01
1.390721502718819114e+00,8.391946751771411916e-01
5.917782451800281951e-01,-9.792412373710006612e-01
-1.086002595651432756e+00,-5.048666514888767720e-01
-1.884945853190223675e+00,-3.467417895281687534e-01
-2.204523156205739909e+00,-5.048666514888767720e-01
5.118839194261490810e-01,-1.137366099331708735e+00
-3.669536638665209516e-01,6.810698132164332286e-01
7.515668966877863122e-01,4.857036537360125833e-02
7.515668966877863122e-01,-4.258042205085227350e-01
-1.165896921405311870e+00,2.857576583146632654e-01
2.722009421645117944e-01,9.973195371378492657e-01
-6.066366411281581827e-01,1.276327963539552468e-01
-1.165896921405311870e+00,1.276327963539552468e-01
-2.071650123587627790e-01,-1.216428530312062772e+00
-6.865309668820372968e-01,-1.095544965871067394e-01
-1.165896921405311870e+00,-1.095544965871067394e-01
1.071144199703302657e+00,2.066952273343092561e-01
4.319895936722699670e-01,1.550756554000327192e+00
-5.267423153742791797e-01,-1.058303668351354698e+00
-6.865309668820372968e-01,-6.629915134495847351e-01
7.515668966877863122e-01,3.648200892950172469e-01
1.124122906567536079e-01,2.066952273343092561e-01
-1.165896921405311870e+00,7.601322441967872656e-01
-4.737636085100457861e-02,1.234506830078911266e+00
-1.272706866048836649e-01,1.787943846941389303e+00
-2.870593381126418375e-01,8.391946751771411916e-01
-7.664252926359164109e-01,2.857576583146632654e-01
5.118839194261490810e-01,-2.676793585478147164e-01
-1.884945853190223675e+00,-1.295490961292416809e+00
1.151038525457181771e+00,2.183256001843159044e+00
-1.245791247159190984e+00,-6.629915134495847351e-01
-1.325685572913070098e+00,-5.048666514888767720e-01
1.923066164106327081e-01,9.182571061574952287e-01
-7.664252926359164109e-01,4.857036537360125833e-02
-8.463196183897955249e-01,2.066952273343092561e-01
-7.664252926359164109e-01,6.810698132164332286e-01
2.988608017796400951e+00,3.290130035568115119e+00
-6.066366411281581827e-01,-3.049206560675273708e-02
1.071144199703302657e+00,6.810698132164332286e-01
-2.870593381126418375e-01,4.857036537360125833e-02
9.113555481955445403e-01,-5.048666514888767720e-01
-3.669536638665209516e-01,7.601322441967872656e-01
2.722009421645117944e-01,2.262318432823513081e+00
7.515668966877863122e-01,2.066952273343092561e-01
-1.086002595651432756e+00,1.155444399098557229e+00
-1.165896921405311870e+00,4.857036537360125833e-02
-4.737636085100457861e-02,2.657630587725283267e+00
-4.737636085100457861e-02,-6.629915134495847351e-01
-1.272706866048836649e-01,-3.049206560675273708e-02
-5.267423153742791797e-01,-5.839290824692306980e-01
-2.870593381126418375e-01,-1.886169275674607348e-01
1.923066164106327081e-01,7.601322441967872656e-01
-1.325685572913070098e+00,-8.211163754102926982e-01
-1.006108269897553642e+00,-6.629915134495847351e-01
-6.066366411281581827e-01,-1.886169275674607348e-01
-1.272706866048836649e-01,-5.839290824692306980e-01
2.429347737519247374e+00,2.025131139882451414e+00
1.870087457242093576e+00,1.276327963539552468e-01
-4.737636085100457861e-02,2.857576583146632654e-01
7.515668966877863122e-01,1.276327963539552468e-01
2.722009421645117944e-01,2.857576583146632654e-01
-6.865309668820372968e-01,-1.374553392272770624e+00
-6.066366411281581827e-01,-2.676793585478147164e-01
-1.245791247159190984e+00,-3.049206560675273708e-02
-1.272706866048836649e-01,-1.532678254233478699e+00
-1.245791247159190984e+00,-9.792412373710006612e-01
-2.071650123587627790e-01,2.066952273343092561e-01
9.113555481955445403e-01,3.648200892950172469e-01
-1.006108269897553642e+00,1.471694123019973155e+00
-2.071650123587627790e-01,2.894817880666345378e+00
1.310827176964940000e+00,2.341380863803867118e+00
-1.884945853190223675e+00,9.182571061574952287e-01
2.589136389027005603e+00,-1.095544965871067394e-01
-7.664252926359164109e-01,-4.258042205085227350e-01
4.319895936722699670e-01,6.020073822360793026e-01
-1.272706866048836649e-01,3.648200892950172469e-01
2.828819366288642723e+00,2.341380863803867118e+00
1.124122906567536079e-01,-9.001788063906467352e-01
-3.669536638665209516e-01,-9.001788063906467352e-01
1.923066164106327081e-01,1.313569261059265303e+00
2.429347737519247374e+00,2.736693018705637304e+00
1.550510154226577342e+00,-2.676793585478147164e-01
-7.664252926359164109e-01,-9.001788063906467352e-01
-1.165896921405311870e+00,1.276327963539552468e-01
8.314612224416654263e-01,-1.295490961292416809e+00
-4.737636085100457861e-02,-1.095544965871067394e-01
-3.669536638665209516e-01,1.787943846941389303e+00
2.269559086011489146e+00,1.234506830078911266e+00
5.118839194261490810e-01,7.601322441967872656e-01
-1.325685572913070098e+00,-1.137366099331708735e+00
5.917782451800281951e-01,2.066952273343092561e-01
5.118839194261490810e-01,4.857036537360125833e-02
-8.463196183897955249e-01,2.066952273343092561e-01
1.923066164106327081e-01,-1.453615823253124661e+00
1.923066164106327081e-01,1.234506830078911266e+00
5.917782451800281951e-01,2.066952273343092561e-01
4.319895936722699670e-01,1.787943846941389303e+00
-5.267423153742791797e-01,-9.001788063906467352e-01
-8.463196183897955249e-01,-1.095544965871067394e-01
6.716725709339073092e-01,-3.467417895281687534e-01
2.722009421645117944e-01,-5.839290824692306980e-01
-1.565368550174707440e+00,5.229449512557252655e-01
5.917782451800281951e-01,-7.420539444299387721e-01
1.949981782995972690e+00,2.025131139882451414e+00
-6.066366411281581827e-01,9.182571061574952287e-01
-1.165896921405311870e+00,6.020073822360793026e-01
3.520952679183909084e-01,2.857576583146632654e-01
-5.267423153742791797e-01,-1.374553392272770624e+00
1.390721502718819114e+00,-2.676793585478147164e-01
-4.468479896204000656e-01,-1.927990409135248662e+00
-2.870593381126418375e-01,2.857576583146632654e-01
-1.805051527436344561e+00,-9.001788063906467352e-01
9.912498739494236544e-01,-7.420539444299387721e-01
-1.245791247159190984e+00,8.391946751771411916e-01
-3.669536638665209516e-01,-2.165177702076310773e+00
-8.463196183897955249e-01,-4.258042205085227350e-01
-1.325685572913070098e+00,6.810698132164332286e-01
-4.737636085100457861e-02,-6.629915134495847351e-01
1.630404479980456456e+00,-1.095544965871067394e-01
-3.669536638665209516e-01,6.020073822360793026e-01
3.520952679183909084e-01,8.391946751771411916e-01
-9.262139441436746390e-01,-5.048666514888767720e-01
6.716725709339073092e-01,-1.690803116194186773e+00
-2.870593381126418375e-01,-1.886169275674607348e-01
-5.267423153742791797e-01,8.391946751771411916e-01
3.251796490287451463e-02,1.276327963539552468e-01
1.124122906567536079e-01,-1.058303668351354698e+00
3.520952679183909084e-01,-1.886169275674607348e-01
9.113555481955445403e-01,-9.001788063906467352e-01
6.716725709339073092e-01,-4.258042205085227350e-01
-9.262139441436746390e-01,-1.453615823253124661e+00
8.314612224416654263e-01,7.601322441967872656e-01
-1.272706866048836649e-01,1.276327963539552468e-01
5.118839194261490810e-01,7.601322441967872656e-01
1.310827176964940000e+00,4.438825202753712285e-01
8.314612224416654263e-01,-5.048666514888767720e-01
8.314612224416654263e-01,-5.839290824692306980e-01
-1.165896921405311870e+00,-1.690803116194186773e+00
-8.463196183897955249e-01,-2.676793585478147164e-01
-7.664252926359164109e-01,-1.453615823253124661e+00
-2.870593381126418375e-01,-9.001788063906467352e-01
7.515668966877863122e-01,6.810698132164332286e-01
-8.463196183897955249e-01,-1.295490961292416809e+00
-6.865309668820372968e-01,-5.048666514888767720e-01
-8.463196183897955249e-01,-3.467417895281687534e-01
-1.165896921405311870e+00,1.550756554000327192e+00
-6.066366411281581827e-01,-5.048666514888767720e-01
1.310827176964940000e+00,1.276327963539552468e-01
-5.267423153742791797e-01,-5.048666514888767720e-01
4.319895936722699670e-01,-1.095544965871067394e-01
3.251796490287451463e-02,1.076381968118203192e+00
1.124122906567536079e-01,6.020073822360793026e-01
-4.468479896204000656e-01,-9.001788063906467352e-01
-1.272706866048836649e-01,7.601322441967872656e-01
1.923066164106327081e-01,4.438825202753712285e-01
1.071144199703302657e+00,6.020073822360793026e-01
-9.262139441436746390e-01,-7.420539444299387721e-01
1.230932851211060886e+00,-1.095544965871067394e-01
7.515668966877863122e-01,1.550756554000327192e+00
-2.870593381126418375e-01,-1.216428530312062772e+00
-6.066366411281581827e-01,2.857576583146632654e-01
-1.405579898666949212e+00,-9.001788063906467352e-01
1.790193131488214462e+00,-9.792412373710006612e-01
-4.468479896204000656e-01,-3.049206560675273708e-02
-1.165896921405311870e+00,-1.611740685213832736e+00
1.071144199703302657e+00,4.438825202753712285e-01
2.722009421645117944e-01,2.857576583146632654e-01
4.319895936722699670e-01,-5.839290824692306980e-01
1.310827176964940000e+00,3.648200892950172469e-01
5.917782451800281951e-01,7.601322441967872656e-01
9.113555481955445403e-01,2.857576583146632654e-01
1.151038525457181771e+00,1.076381968118203192e+00
9.113555481955445403e-01,-5.839290824692306980e-01
-1.245791247159190984e+00,1.076381968118203192e+00
-3.669536638665209516e-01,-1.848927978154894625e+00
3.520952679183909084e-01,-1.769865547174540588e+00
-1.006108269897553642e+00,-1.058303668351354698e+00
-3.669536638665209516e-01,-1.058303668351354698e+00
-1.645262875928586332e+00,-4.258042205085227350e-01
2.722009421645117944e-01,1.787943846941389303e+00
-3.669536638665209516e-01,1.550756554000327192e+00
-1.645262875928586332e+00,-1.532678254233478699e+00
-7.664252926359164109e-01,-4.258042205085227350e-01
-3.669536638665209516e-01,-1.611740685213832736e+00
3.520952679183909084e-01,3.648200892950172469e-01
2.722009421645117944e-01,-6.629915134495847351e-01
1.071144199703302657e+00,6.020073822360793026e-01
-1.405579898666949212e+00,-9.792412373710006612e-01
2.722009421645117944e-01,-1.058303668351354698e+00
6.716725709339073092e-01,-8.211163754102926982e-01
1.923066164106327081e-01,1.234506830078911266e+00
9.912498739494236544e-01,1.867006277921743118e+00
1.124122906567536079e-01,-9.001788063906467352e-01
6.716725709339073092e-01,9.973195371378492657e-01
-1.645262875928586332e+00,-8.211163754102926982e-01
1.710298805734335570e+00,2.066952273343092561e-01
1.124122906567536079e-01,-1.137366099331708735e+00
-1.165896921405311870e+00,-1.927990409135248662e+00
-6.865309668820372968e-01,2.066952273343092561e-01
-1.272706866048836649e-01,4.857036537360125833e-02
-2.071650123587627790e-01,-5.048666514888767720e-01
6.716725709339073092e-01,-3.049206560675273708e-02
1.230932851211060886e+00,-1.137366099331708735e+00
-1.272706866048836649e-01,2.066952273343092561e-01
-1.086002595651432756e+00,-2.244240133056664810e+00
1.550510154226577342e+00,1.708881415961035266e+00
-5.267423153742791797e-01,6.810698132164332286e-01
-5.267423153742791797e-01,1.313569261059265303e+00
2.189664760257609810e+00,1.313569261059265303e+00
2.722009421645117944e-01,-1.453615823253124661e+00
-4.737636085100457861e-02,-4.258042205085227350e-01
6.716725709339073092e-01,-1.886169275674607348e-01
1.923066164106327081e-01,1.155444399098557229e+00
5.917782451800281951e-01,2.066952273343092561e-01
-5.267423153742791797e-01,-1.295490961292416809e+00
-1.245791247159190984e+00,1.867006277921743118e+00
-3.669536638665209516e-01,-1.611740685213832736e+00
-2.870593381126418375e-01,-3.467417895281687534e-01
9.912498739494236544e-01,1.550756554000327192e+00
7.515668966877863122e-01,-4.258042205085227350e-01
6.716725709339073092e-01,-3.467417895281687534e-01
1.630404479980456456e+00,1.787943846941389303e+00
1.230932851211060886e+00,6.020073822360793026e-01
1.550510154226577342e+00,2.815755449685991341e+00
-1.325685572913070098e+00,-1.058303668351354698e+00
-1.725157201682465447e+00,2.857576583146632654e-01
1.390721502718819114e+00,-9.001788063906467352e-01
-6.066366411281581827e-01,2.262318432823513081e+00
-1.405579898666949212e+00,2.857576583146632654e-01
1.923066164106327081e-01,7.601322441967872656e-01
7.515668966877863122e-01,-9.001788063906467352e-01
1.550510154226577342e+00,1.234506830078911266e+00
-1.165896921405311870e+00,3.648200892950172469e-01
6.716725709339073092e-01,1.155444399098557229e+00
-5.267423153742791797e-01,6.020073822360793026e-01
3.251796490287451463e-02,3.648200892950172469e-01
-2.870593381126418375e-01,5.229449512557252655e-01
1.230932851211060886e+00,-5.048666514888767720e-01
9.912498739494236544e-01,-4.258042205085227350e-01
5.917782451800281951e-01,-4.258042205085227350e-01
5.917782451800281951e-01,7.601322441967872656e-01
-1.086002595651432756e+00,-8.211163754102926982e-01
-3.669536638665209516e-01,9.973195371378492657e-01
-1.565368550174707440e+00,-5.839290824692306980e-01
1.550510154226577342e+00,6.020073822360793026e-01
-4.468479896204000656e-01,-1.058303668351354698e+00
1.071144199703302657e+00,-3.049206560675273708e-02
1.949981782995972690e+00,9.973195371378492657e-01
-1.565368550174707440e+00,-1.058303668351354698e+00
5.917782451800281951e-01,-3.049206560675273708e-02
-5.267423153742791797e-01,-2.323302564037018847e+00
-6.865309668820372968e-01,-8.211163754102926982e-01
8.314612224416654263e-01,2.420443294784221155e+00
-4.468479896204000656e-01,3.648200892950172469e-01
1.151038525457181771e+00,-3.467417895281687534e-01
6.716725709339073092e-01,6.020073822360793026e-01
-4.468479896204000656e-01,-4.258042205085227350e-01
1.923066164106327081e-01,6.810698132164332286e-01
-1.565368550174707440e+00,-1.058303668351354698e+00
1.230932851211060886e+00,1.155444399098557229e+00
1.923066164106327081e-01,-1.058303668351354698e+00
-4.468479896204000656e-01,6.020073822360793026e-01
8.314612224416654263e-01,1.392631692039619118e+00
1.124122906567536079e-01,6.020073822360793026e-01
-1.805051527436344561e+00,-7.420539444299387721e-01
2.722009421645117944e-01,3.648200892950172469e-01
-1.272706866048836649e-01,-4.258042205085227350e-01
6.716725709339073092e-01,-1.927990409135248662e+00
1.923066164106327081e-01,-2.676793585478147164e-01
-1.272706866048836649e-01,2.066952273343092561e-01
3.068502343550279843e+00,2.104193570862805007e+00
-2.870593381126418375e-01,-1.216428530312062772e+00
3.251796490287451463e-02,4.438825202753712285e-01
1.310827176964940000e+00,-1.095544965871067394e-01
8.314612224416654263e-01,1.313569261059265303e+00
3.251796490287451463e-02,7.601322441967872656e-01
1.124122906567536079e-01,6.810698132164332286e-01
1.923066164106327081e-01,-9.001788063906467352e-01
6.716725709339073092e-01,6.020073822360793026e-01
-2.071650123587627790e-01,1.708881415961035266e+00
-2.071650123587627790e-01,1.313569261059265303e+00
-1.645262875928586332e+00,1.155444399098557229e+00
-2.870593381126418375e-01,-1.690803116194186773e+00
9.912498739494236544e-01,1.471694123019973155e+00
-9.262139441436746390e-01,-1.095544965871067394e-01
-6.066366411281581827e-01,-5.048666514888767720e-01
2.722009421645117944e-01,-1.058303668351354698e+00
-1.006108269897553642e+00,-1.137366099331708735e+00
1.071144199703302657e+00,9.973195371378492657e-01
-2.870593381126418375e-01,-1.095544965871067394e-01
3.251796490287451463e-02,8.391946751771411916e-01
1.124122906567536079e-01,1.076381968118203192e+00
3.251796490287451463e-02,-2.676793585478147164e-01
5.917782451800281951e-01,6.020073822360793026e-01
1.230932851211060886e+00,7.601322441967872656e-01
4.319895936722699670e-01,-6.629915134495847351e-01
1.923066164106327081e-01,-5.048666514888767720e-01
3.520952679183909084e-01,-6.629915134495847351e-01
2.988608017796400951e+00,2.815755449685991341e+00
1.630404479980456456e+00,2.066952273343092561e-01
1.923066164106327081e-01,6.020073822360793026e-01
5.917782451800281951e-01,2.066952273343092561e-01
-2.071650123587627790e-01,-3.049206560675273708e-02
4.319895936722699670e-01,1.234506830078911266e+00
7.515668966877863122e-01,-3.049206560675273708e-02
7.515668966877863122e-01,-1.295490961292416809e+00
5.118839194261490810e-01,1.076381968118203192e+00
7.515668966877863122e-01,2.857576583146632654e-01
6.716725709339073092e-01,-3.049206560675273708e-02
1.470615828472698228e+00,2.183256001843159044e+00
-4.737636085100457861e-02,9.973195371378492657e-01
2.722009421645117944e-01,-1.137366099331708735e+00
-1.086002595651432756e+00,8.391946751771411916e-01
6.716725709339073092e-01,1.392631692039619118e+00
9.113555481955445403e-01,-1.886169275674607348e-01
1.071144199703302657e+00,-1.886169275674607348e-01
-4.737636085100457861e-02,4.857036537360125833e-02
-1.964840178944102789e+00,-9.001788063906467352e-01
1.151038525457181771e+00,6.810698132164332286e-01
5.917782451800281951e-01,-5.048666514888767720e-01
1.124122906567536079e-01,5.229449512557252655e-01
-3.669536638665209516e-01,-1.886169275674607348e-01
-3.669536638665209516e-01,-3.049206560675273708e-02
1.124122906567536079e-01,-1.886169275674607348e-01
1.923066164106327081e-01,6.810698132164332286e-01
-5.267423153742791797e-01,-3.467417895281687534e-01
-1.165896921405311870e+00,4.438825202753712285e-01
1.923066164106327081e-01,6.810698132164332286e-01
6.716725709339073092e-01,4.857036537360125833e-02
1.071144199703302657e+00,1.471694123019973155e+00
1.230932851211060886e+00,2.857576583146632654e-01
1.230932851211060886e+00,1.076381968118203192e+00
-1.006108269897553642e+00,-1.611740685213832736e+00
-4.737636085100457861e-02,-4.258042205085227350e-01
-6.865309668820372968e-01,-1.886169275674607348e-01
-1.325685572913070098e+00,-5.839290824692306980e-01
-3.669536638665209516e-01,-1.095544965871067394e-01
2.509242063273126266e+00,2.183256001843159044e+00
7.515668966877863122e-01,9.973195371378492657e-01
4.319895936722699670e-01,7.601322441967872656e-01
-1.086002595651432756e+00,-7.420539444299387721e-01
1.230932851211060886e+00,4.438825202753712285e-01
6.716725709339073092e-01,6.810698132164332286e-01
-1.272706866048836649e-01,-6.629915134495847351e-01
1.124122906567536079e-01,-6.629915134495847351e-01
4.666388858627861680e+00,3.843567052430593378e+00
1.071144199703302657e+00,-3.049206560675273708e-02
-1.086002595651432756e+00,-4.258042205085227350e-01
5.917782451800281951e-01,5.229449512557252655e-01
1.630404479980456456e+00,2.857576583146632654e-01
5.118839194261490810e-01,-2.676793585478147164e-01
1.710298805734335570e+00,6.020073822360793026e-01
1.550510154226577342e+00,-1.532678254233478699e+00
5.917782451800281951e-01,-3.049206560675273708e-02
-1.725157201682465447e+00,3.648200892950172469e-01
1.124122906567536079e-01,-2.481427425997726477e+00
8.314612224416654263e-01,3.648200892950172469e-01
-6.066366411281581827e-01,2.857576583146632654e-01
8.314612224416654263e-01,-3.049206560675273708e-02
-4.737636085100457861e-02,4.438825202753712285e-01
1.124122906567536079e-01,2.066952273343092561e-01
6.716725709339073092e-01,-3.467417895281687534e-01
4.319895936722699670e-01,-6.629915134495847351e-01
1.071144199703302657e+00,4.438825202753712285e-01
-2.071650123587627790e-01,1.234506830078911266e+00
-1.325685572913070098e+00,-4.258042205085227350e-01
-2.071650123587627790e-01,-3.049206560675273708e-02
9.113555481955445403e-01,1.787943846941389303e+00
-1.165896921405311870e+00,-1.058303668351354698e+00
-1.725157201682465447e+00,1.155444399098557229e+00
2.722009421645117944e-01,1.276327963539552468e-01
-5.267423153742791797e-01,-6.629915134495847351e-01
-3.669536638665209516e-01,1.276327963539552468e-01
4.319895936722699670e-01,-3.049206560675273708e-02
-1.272706866048836649e-01,2.066952273343092561e-01
2.722009421645117944e-01,-5.839290824692306980e-01
-1.086002595651432756e+00,-5.839290824692306980e-01
-2.870593381126418375e-01,1.276327963539552468e-01
1.124122906567536079e-01,6.020073822360793026e-01
8.314612224416654263e-01,1.471694123019973155e+00
-2.071650123587627790e-01,-1.374553392272770624e+00
1.470615828472698228e+00,-1.374553392272770624e+00
-1.485474224420828326e+00,-2.244240133056664810e+00
3.520952679183909084e-01,1.471694123019973155e+00
1.071144199703302657e+00,1.550756554000327192e+00
1.124122906567536079e-01,-6.629915134495847351e-01
-2.071650123587627790e-01,4.857036537360125833e-02
-2.071650123587627790e-01,-3.467417895281687534e-01
3.520952679183909084e-01,-6.629915134495847351e-01
-1.086002595651432756e+00,-4.258042205085227350e-01
1.124122906567536079e-01,-2.676793585478147164e-01
4.319895936722699670e-01,-1.058303668351354698e+00
-9.262139441436746390e-01,3.648200892950172469e-01
1.550510154226577342e+00,6.810698132164332286e-01
1.124122906567536079e-01,-3.049206560675273708e-02
-2.870593381126418375e-01,-1.095544965871067394e-01
1.923066164106327081e-01,-6.629915134495847351e-01
-1.485474224420828326e+00,-4.258042205085227350e-01
-4.468479896204000656e-01,1.276327963539552468e-01
3.251796490287451463e-02,1.076381968118203192e+00
1.390721502718819114e+00,-6.629915134495847351e-01
-3.669536638665209516e-01,7.601322441967872656e-01
3.251796490287451463e-02,4.438825202753712285e-01
-6.066366411281581827e-01,-1.453615823253124661e+00
3.520952679183909084e-01,-3.049206560675273708e-02
1.630404479980456456e+00,1.787943846941389303e+00
8.314612224416654263e-01,-4.258042205085227350e-01
3.520952679183909084e-01,1.471694123019973155e+00
8.314612224416654263e-01,1.155444399098557229e+00
-1.272706866048836649e-01,1.471694123019973155e+00
1.230932851211060886e+00,-6.629915134495847351e-01
-1.645262875928586332e+00,-5.048666514888767720e-01
5.118839194261490810e-01,1.234506830078911266e+00
-1.006108269897553642e+00,-5.839290824692306980e-01
-1.245791247159190984e+00,-1.532678254233478699e+00
-1.405579898666949212e+00,-7.420539444299387721e-01
3.520952679183909084e-01,6.810698132164332286e-01
4.319895936722699670e-01,-1.095544965871067394e-01
-6.865309668820372968e-01,1.076381968118203192e+00
4.319895936722699670e-01,6.810698132164332286e-01
-2.763783436482893929e+00,-7.420539444299387721e-01
-2.870593381126418375e-01,4.438825202753712285e-01
-9.262139441436746390e-01,-1.848927978154894625e+00
4.319895936722699670e-01,2.183256001843159044e+00
-9.262139441436746390e-01,-7.420539444299387721e-01
-8.463196183897955249e-01,-5.048666514888767720e-01
1.071144199703302657e+00,-4.258042205085227350e-01
1.923066164106327081e-01,-5.839290824692306980e-01
1.630404479980456456e+00,4.857036537360125833e-02
-2.071650123587627790e-01,1.629818984980681229e+00
1.230932851211060886e+00,-6.629915134495847351e-01
-1.086002595651432756e+00,-3.467417895281687534e-01
-1.565368550174707440e+00,-9.792412373710006612e-01
1.124122906567536079e-01,1.550756554000327192e+00
-2.843677762236772821e+00,-3.467417895281687534e-01
-2.870593381126418375e-01,-6.629915134495847351e-01
3.520952679183909084e-01,-1.216428530312062772e+00
-2.870593381126418375e-01,-3.467417895281687534e-01
-1.485474224420828326e+00,6.020073822360793026e-01
8.314612224416654263e-01,1.076381968118203192e+00
-9.262139441436746390e-01,-1.095544965871067394e-01
-7.664252926359164109e-01,6.020073822360793026e-01
-8.463196183897955249e-01,-9.792412373710006612e-01
-1.006108269897553642e+00,-1.095544965871067394e-01
3.520952679183909084e-01,8.391946751771411916e-01
5.118839194261490810e-01,-1.886169275674607348e-01
-6.066366411281581827e-01,-3.467417895281687534e-01
2.722009421645117944e-01,-1.137366099331708735e+00
9.912498739494236544e-01,-1.886169275674607348e-01
-2.124628830451861017e+00,-2.676793585478147164e-01
9.113555481955445403e-01,1.234506830078911266e+00
8.314612224416654263e-01,1.313569261059265303e+00
2.269559086011489146e+00,1.867006277921743118e+00
1.470615828472698228e+00,1.787943846941389303e+00
5.118839194261490810e-01,6.810698132164332286e-01
3.251796490287451463e-02,-1.927990409135248662e+00
-5.267423153742791797e-01,-3.467417895281687534e-01
-7.664252926359164109e-01,-8.211163754102926982e-01
-9.262139441436746390e-01,1.276327963539552468e-01
1.071144199703302657e+00,9.182571061574952287e-01
-2.763783436482893929e+00,-1.532678254233478699e+00
1.630404479980456456e+00,9.973195371378492657e-01
-2.071650123587627790e-01,-1.886169275674607348e-01
-1.485474224420828326e+00,-9.001788063906467352e-01
-6.066366411281581827e-01,1.313569261059265303e+00
-6.066366411281581827e-01,3.648200892950172469e-01
5.118839194261490810e-01,5.229449512557252655e-01
7.515668966877863122e-01,1.076381968118203192e+00
5.118839194261490810e-01,-1.374553392272770624e+00
3.520952679183909084e-01,-5.839290824692306980e-01
-1.405579898666949212e+00,1.234506830078911266e+00
5.118839194261490810e-01,-4.258042205085227350e-01
-3.669536638665209516e-01,-1.095544965871067394e-01
1.550510154226577342e+00,9.973195371378492657e-01
5.118839194261490810e-01,-9.001788063906467352e-01
-9.262139441436746390e-01,-5.048666514888767720e-01
6.716725709339073092e-01,1.276327963539552468e-01
9.113555481955445403e-01,-5.839290824692306980e-01
-6.865309668820372968e-01,2.066952273343092561e-01
5.917782451800281951e-01,-4.258042205085227350e-01
1.071144199703302657e+00,6.810698132164332286e-01
-4.737636085100457861e-02,2.066952273343092561e-01
-6.066366411281581827e-01,-4.258042205085227350e-01
-1.086002595651432756e+00,5.229449512557252655e-01
4.319895936722699670e-01,4.438825202753712285e-01
2.189664760257609810e+00,2.857576583146632654e-01
8.314612224416654263e-01,1.076381968118203192e+00
1.230932851211060886e+00,1.076381968118203192e+00
3.251796490287451463e-02,-5.839290824692306980e-01
1.071144199703302657e+00,1.276327963539552468e-01
6.716725709339073092e-01,1.076381968118203192e+00
-2.870593381126418375e-01,4.857036537360125833e-02
2.722009421645117944e-01,-3.467417895281687534e-01
3.520952679183909084e-01,3.648200892950172469e-01
6.716725709339073092e-01,-1.137366099331708735e+00
-7.664252926359164109e-01,2.857576583146632654e-01
-1.645262875928586332e+00,-3.049206560675273708e-02
7.515668966877863122e-01,8.391946751771411916e-01
3.251796490287451463e-02,-3.467417895281687534e-01
1.124122906567536079e-01,-1.532678254233478699e+00
5.118839194261490810e-01,-2.676793585478147164e-01
-3.669536638665209516e-01,-1.095544965871067394e-01
-1.805051527436344561e+00,2.857576583146632654e-01
1.124122906567536079e-01,-5.048666514888767720e-01
5.917782451800281951e-01,9.182571061574952287e-01
2.722009421645117944e-01,-3.467417895281687534e-01
1.390721502718819114e+00,1.313569261059265303e+00
3.520952679183909084e-01,-2.323302564037018847e+00
1.923066164106327081e-01,-1.058303668351354698e+00
1.310827176964940000e+00,-1.690803116194186773e+00
1.923066164106327081e-01,3.648200892950172469e-01
-5.267423153742791797e-01,-3.049206560675273708e-02
1.151038525457181771e+00,4.857036537360125833e-02
-3.669536638665209516e-01,1.155444399098557229e+00
-1.725157201682465447e+00,9.182571061574952287e-01
4.319895936722699670e-01,1.276327963539552468e-01
2.722009421645117944e-01,-1.769865547174540588e+00
4.319895936722699670e-01,-1.295490961292416809e+00
3.520952679183909084e-01,6.810698132164332286e-01
-2.870593381126418375e-01,-1.095544965871067394e-01
-9.262139441436746390e-01,5.229449512557252655e-01
-5.267423153742791797e-01,2.066952273343092561e-01
-1.405579898666949212e+00,9.973195371378492657e-01
2.748925040534763831e+00,2.815755449685991341e+00
5.118839194261490810e-01,9.973195371378492657e-01
5.118839194261490810e-01,-5.048666514888767720e-01
-4.468479896204000656e-01,-1.058303668351354698e+00
-5.267423153742791797e-01,-3.049206560675273708e-02
-1.245791247159190984e+00,-3.467417895281687534e-01
9.912498739494236544e-01,-1.095544965871067394e-01
1.630404479980456456e+00,6.020073822360793026e-01
1.230932851211060886e+00,6.810698132164332286e-01
-1.405579898666949212e+00,-1.374553392272770624e+00
-2.870593381126418375e-01,9.182571061574952287e-01
6.716725709339073092e-01,-1.137366099331708735e+00
6.716725709339073092e-01,-7.420539444299387721e-01
-8.463196183897955249e-01,-4.258042205085227350e-01
1.151038525457181771e+00,6.810698132164332286e-01
-7.664252926359164109e-01,2.066952273343092561e-01
-9.262139441436746390e-01,2.066952273343092561e-01
3.251796490287451463e-02,8.391946751771411916e-01
-8.463196183897955249e-01,-5.839290824692306980e-01
5.917782451800281951e-01,-1.611740685213832736e+00
-1.964840178944102789e+00,-3.049206560675273708e-02
6.716725709339073092e-01,1.234506830078911266e+00
6.716725709339073092e-01,6.810698132164332286e-01
3.251796490287451463e-02,2.857576583146632654e-01
1.923066164106327081e-01,1.276327963539552468e-01
6.716725709339073092e-01,-1.137366099331708735e+00
1.630404479980456456e+00,1.471694123019973155e+00
4.319895936722699670e-01,-5.839290824692306980e-01
1.151038525457181771e+00,1.234506830078911266e+00
4.319895936722699670e-01,1.313569261059265303e+00
-1.272706866048836649e-01,1.550756554000327192e+00
-1.086002595651432756e+00,-1.886169275674607348e-01
-1.272706866048836649e-01,5.229449512557252655e-01
-1.565368550174707440e+00,-1.058303668351354698e+00
9.113555481955445403e-01,2.857576583146632654e-01
-7.664252926359164109e-01,-1.611740685213832736e+00
1.151038525457181771e+00,-9.001788063906467352e-01
6.716725709339073092e-01,-2.676793585478147164e-01
8.314612224416654263e-01,2.066952273343092561e-01
2.029876108749852026e+00,1.867006277921743118e+00
-2.870593381126418375e-01,-7.420539444299387721e-01
1.630404479980456456e+00,-8.211163754102926982e-01
2.722009421645117944e-01,-5.048666514888767720e-01
-1.165896921405311870e+00,-1.769865547174540588e+00
-1.565368550174707440e+00,1.946068708902097155e+00
-1.086002595651432756e+00,4.857036537360125833e-02
-6.066366411281581827e-01,-1.095544965871067394e-01
-3.669536638665209516e-01,-1.886169275674607348e-01
1.710298805734335570e+00,6.810698132164332286e-01
-3.669536638665209516e-01,4.857036537360125833e-02
-4.737636085100457861e-02,6.810698132164332286e-01
1.790193131488214462e+00,7.601322441967872656e-01
-6.066366411281581827e-01,7.601322441967872656e-01
-6.066366411281581827e-01,-1.095544965871067394e-01
2.722009421645117944e-01,7.601322441967872656e-01
-5.267423153742791797e-01,5.229449512557252655e-01
1.124122906567536079e-01,3.648200892950172469e-01
1.630404479980456456e+00,-5.839290824692306980e-01
-6.066366411281581827e-01,2.857576583146632654e-01
-1.272706866048836649e-01,-1.848927978154894625e+00
-7.664252926359164109e-01,1.276327963539552468e-01
4.319895936722699670e-01,1.276327963539552468e-01
9.912498739494236544e-01,1.392631692039619118e+00
4.319895936722699670e-01,-5.839290824692306980e-01
1.923066164106327081e-01,-8.211163754102926982e-01
4.319895936722699670e-01,-2.676793585478147164e-01
3.251796490287451463e-02,-3.467417895281687534e-01
-1.964840178944102789e+00,4.857036537360125833e-02
6.716725709339073092e-01,-1.216428530312062772e+00
-1.645262875928586332e+00,2.857576583146632654e-01
2.029876108749852026e+00,-7.420539444299387721e-01
1.470615828472698228e+00,7.601322441967872656e-01
-4.468479896204000656e-01,3.648200892950172469e-01
-1.272706866048836649e-01,-1.769865547174540588e+00
1.124122906567536079e-01,4.857036537360125833e-02
2.722009421645117944e-01,2.894817880666345378e+00
1.550510154226577342e+00,-3.049206560675273708e-02
-1.086002595651432756e+00,6.020073822360793026e-01
5.917782451800281951e-01,-1.216428530312062772e+00
-4.737636085100457861e-02,-1.095544965871067394e-01
3.251796490287451463e-02,8.391946751771411916e-01
9.912498739494236544e-01,-3.049206560675273708e-02
-9.262139441436746390e-01,5.229449512557252655e-01
1.310827176964940000e+00,1.629818984980681229e+00
3.251796490287451463e-02,5.229449512557252655e-01
3.520952679183909084e-01,6.020073822360793026e-01
9.912498739494236544e-01,3.648200892950172469e-01
1.870087457242093576e+00,1.234506830078911266e+00
5.118839194261490810e-01,-1.295490961292416809e+00
-4.737636085100457861e-02,3.648200892950172469e-01
1.923066164106327081e-01,-1.769865547174540588e+00
1.790193131488214462e+00,1.076381968118203192e+00
-4.468479896204000656e-01,-1.690803116194186773e+00
-1.272706866048836649e-01,-1.295490961292416809e+00
1.550510154226577342e+00,1.155444399098557229e+00
2.722009421645117944e-01,2.894817880666345378e+00
-2.071650123587627790e-01,2.066952273343092561e-01
5.118839194261490810e-01,-3.467417895281687534e-01
3.251796490287451463e-02,4.857036537360125833e-02
-4.468479896204000656e-01,1.471694123019973155e+00
-1.272706866048836649e-01,2.066952273343092561e-01
1.870087457242093576e+00,1.313569261059265303e+00
-4.737636085100457861e-02,4.857036537360125833e-02
1.151038525457181771e+00,-1.216428530312062772e+00
-1.325685572913070098e+00,-9.792412373710006612e-01
5.118839194261490810e-01,-1.886169275674607348e-01
-8.463196183897955249e-01,7.601322441967872656e-01
-1.086002595651432756e+00,-2.086115271095956736e+00
8.314612224416654263e-01,-9.792412373710006612e-01
1.923066164106327081e-01,-7.420539444299387721e-01
-4.737636085100457861e-02,6.020073822360793026e-01
-1.272706866048836649e-01,4.438825202753712285e-01
1.124122906567536079e-01,-3.049206560675273708e-02
-4.468479896204000656e-01,-9.001788063906467352e-01
2.029876108749852026e+00,1.708881415961035266e+00
-1.245791247159190984e+00,4.857036537360125833e-02
9.912498739494236544e-01,1.276327963539552468e-01
5.917782451800281951e-01,1.550756554000327192e+00
1.390721502718819114e+00,2.857576583146632654e-01
4.319895936722699670e-01,-1.848927978154894625e+00
-4.737636085100457861e-02,9.973195371378492657e-01
-1.245791247159190984e+00,-5.839290824692306980e-01
-1.165896921405311870e+00,-1.058303668351354698e+00
2.189664760257609810e+00,2.420443294784221155e+00
1.710298805734335570e+00,1.867006277921743118e+00
1.124122906567536079e-01,-8.211163754102926982e-01
-4.468479896204000656e-01,-9.001788063906467352e-01
-4.468479896204000656e-01,6.810698132164332286e-01
-6.865309668820372968e-01,-1.295490961292416809e+00
-2.843677762236772821e+00,-2.244240133056664810e+00
-8.463196183897955249e-01,-6.629915134495847351e-01
-1.884945853190223675e+00,6.810698132164332286e-01
-1.565368550174707440e+00,7.601322441967872656e-01
1.071144199703302657e+00,2.578568156744929230e+00
2.029876108749852026e+00,1.471694123019973155e+00
-2.204523156205739909e+00,-1.095544965871067394e-01
-3.669536638665209516e-01,1.276327963539552468e-01
-1.245791247159190984e+00,1.276327963539552468e-01
-1.485474224420828326e+00,-1.058303668351354698e+00
-8.463196183897955249e-01,6.020073822360793026e-01
-9.262139441436746390e-01,4.438825202753712285e-01
1.710298805734335570e+00,2.066952273343092561e-01
-1.272706866048836649e-01,4.438825202753712285e-01
1.790193131488214462e+00,-5.839290824692306980e-01
-9.262139441436746390e-01,-1.532678254233478699e+00
-4.468479896204000656e-01,-1.295490961292416809e+00
-1.272706866048836649e-01,6.020073822360793026e-01
1.923066164106327081e-01,-3.467417895281687534e-01
5.917782451800281951e-01,-7.420539444299387721e-01
7.515668966877863122e-01,-7.420539444299387721e-01
-4.468479896204000656e-01,-9.001788063906467352e-01
3.251796490287451463e-02,-5.048666514888767720e-01
2.722009421645117944e-01,-5.839290824692306980e-01
-2.071650123587627790e-01,-2.165177702076310773e+00
1.124122906567536079e-01,-1.137366099331708735e+00
1.390721502718819114e+00,-6.629915134495847351e-01
-1.485474224420828326e+00,-4.258042205085227350e-01
-1.086002595651432756e+00,2.066952273343092561e-01
-7.664252926359164109e-01,7.601322441967872656e-01
-1.565368550174707440e+00,-3.467417895281687534e-01
4.319895936722699670e-01,4.438825202753712285e-01
-1.325685572913070098e+00,-9.792412373710006612e-01
1.550510154226577342e+00,6.810698132164332286e-01
-5.267423153742791797e-01,6.020073822360793026e-01
1.550510154226577342e+00,-1.886169275674607348e-01
-1.165896921405311870e+00,-3.467417895281687534e-01
-1.884945853190223675e+00,-1.769865547174540588e+00
1.923066164106327081e-01,-1.769865547174540588e+00
-7.664252926359164109e-01,-6.629915134495847351e-01
-1.245791247159190984e+00,-1.848927978154894625e+00
2.722009421645117944e-01,6.810698132164332286e-01
-6.066366411281581827e-01,8.391946751771411916e-01
-4.737636085100457861e-02,2.066952273343092561e-01
-1.006108269897553642e+00,-1.769865547174540588e+00
-1.165896921405311870e+00,2.857576583146632654e-01
1.071144199703302657e+00,2.857576583146632654e-01
2.189664760257609810e+00,2.183256001843159044e+00
9.113555481955445403e-01,1.076381968118203192e+00
-6.865309668820372968e-01,-1.295490961292416809e+00
5.118839194261490810e-01,-3.049206560675273708e-02
2.722009421645117944e-01,-9.001788063906467352e-01
-1.272706866048836649e-01,-3.049206560675273708e-02
-1.645262875928586332e+00,9.973195371378492657e-01
-9.262139441436746390e-01,9.182571061574952287e-01
-1.485474224420828326e+00,2.857576583146632654e-01
-8.463196183897955249e-01,-6.629915134495847351e-01
-6.865309668820372968e-01,-3.049206560675273708e-02
-1.272706866048836649e-01,5.229449512557252655e-01
6.716725709339073092e-01,4.857036537360125833e-02
-7.664252926359164109e-01,-1.295490961292416809e+00
-1.565368550174707440e+00,-1.611740685213832736e+00
-1.245791247159190984e+00,2.857576583146632654e-01
-7.664252926359164109e-01,-3.467417895281687534e-01
1.124122906567536079e-01,1.276327963539552468e-01
-5.267423153742791797e-01,9.973195371378492657e-01
3.251796490287451463e-02,-1.058303668351354698e+00
1.923066164106327081e-01,4.438825202753712285e-01
7.515668966877863122e-01,3.648200892950172469e-01
-6.066366411281581827e-01,6.020073822360793026e-01
-3.669536638665209516e-01,-1.058303668351354698e+00
-1.245791247159190984e+00,-9.792412373710006612e-01
-4.737636085100457861e-02,4.438825202753712285e-01
-4.737636085100457861e-02,-6.629915134495847351e-01
1.071144199703302657e+00,-2.676793585478147164e-01
-3.669536638665209516e-01,-1.611740685213832736e+00
-2.870593381126418375e-01,-5.839290824692306980e-01
3.520952679183909084e-01,-1.886169275674607348e-01
-4.955060847507952171e-01,-4.584004507172220744e-01
1.393853482274728828e+00,1.154899907249585356e+00
-1.234820697934695843e+00,-4.584004507172220744e-01
2.133168095458629843e+00,2.768200265216392619e+00
3.259545965646500343e-01,7.303471814688465846e-01
8.188310053539171740e-01,1.069989362093437535e+00
2.438085284331055203e-01,-6.282215410295175495e-01
-1.152674629803151385e+00,-3.734899055610743090e-01
9.831231416170063131e-01,3.057944556881077580e-01
-7.419442891454287592e-01,-1.187582700926310270e-01
-4.955060847507952171e-01,-3.384772493648326858e-02
1.558145618537817967e+00,-2.666074624777063917e+00
-2.629675961528045273e-03,-6.282215410295175495e-01
-4.133600166192506475e-01,8.152577266249942944e-01
-1.727697106723963039e+00,-2.036688152487787784e-01
2.438085284331055203e-01,-1.307505902278699672e+00
-1.152674629803151385e+00,1.359733653758122551e-01
7.366849372223727155e-01,-9.678637216541086108e-01
9.009770734854617436e-01,-8.829531764979609010e-01
-2.490678803561616195e-01,-1.307505902278699672e+00
4.902467328277391179e-01,6.454366363126987638e-01
1.311707414143184369e+00,1.579452633030324238e+00
-6.597982210138843007e-01,-6.282215410295175495e-01
-9.883824935400623568e-01,-1.647148082903290733e+00
1.886729891063996023e+00,1.069989362093437535e+00
2.215314163590174079e+00,1.919094813654915077e+00
-9.062364254085177873e-01,1.749273723342619657e+00
-1.481258902329329441e+00,-2.581164079620915874e+00
7.366849372223727155e-01,-1.222595357122551851e+00
-1.152674629803151385e+00,-3.384772493648326858e-02
-3.312139484877061335e-01,3.057944556881077580e-01
2.438085284331055203e-01,3.907050008442555233e-01
4.902467328277391179e-01,-3.384772493648326858e-02
4.081006646961946038e-01,4.756155460004032887e-01
-2.138427447381685553e+00,-9.678637216541086108e-01
-1.481258902329329441e+00,-9.678637216541086108e-01
-1.399112834197784982e+00,1.919094813654915077e+00
-8.477574409307257752e-02,7.303471814688465846e-01
8.188310053539171740e-01,4.756155460004032887e-01
1.147415277880095230e+00,3.907050008442555233e-01
-6.597982210138843007e-01,-1.816969173215586153e+00
-9.883824935400623568e-01,-2.885793604049265437e-01
-5.776521528823397311e-01,-1.477326992590995092e+00
-9.062364254085177873e-01,-3.734899055610743090e-01
2.297460231721718760e+00,-3.734899055610743090e-01
-6.597982210138843007e-01,-5.433109958733698397e-01
3.259545965646500343e-01,-2.885793604049265437e-01
8.188310053539171740e-01,8.152577266249942944e-01
5.723928009592836874e-01,9.850788169372898251e-01
1.311707414143184369e+00,1.494542087874176417e+00
-1.316966766066240524e+00,2.208839105319600205e-01
2.051022027327085162e+00,-3.384772493648326858e-02
-9.883824935400623568e-01,-3.734899055610743090e-01
-1.727697106723963039e+00,-4.584004507172220744e-01
-9.883824935400623568e-01,2.208839105319600205e-01
-3.312139484877061335e-01,1.239810452405733177e+00
-2.629675961528045273e-03,-2.885793604049265437e-01
1.616624603015610062e-01,3.907050008442555233e-01
9.831231416170063131e-01,-6.282215410295175495e-01
-7.419442891454287592e-01,5.605260911565510540e-01
-9.062364254085177873e-01,-3.734899055610743090e-01
-1.399112834197784982e+00,-8.829531764979609010e-01
5.723928009592836874e-01,8.152577266249942944e-01
-4.955060847507952171e-01,-4.584004507172220744e-01
-1.563404970460874122e+00,-1.392416447434847493e+00
-1.152674629803151385e+00,-9.678637216541086108e-01
-7.419442891454287592e-01,-1.562237537747142913e+00
-8.477574409307257752e-02,-3.734899055610743090e-01
7.366849372223727155e-01,-1.187582700926310270e-01
3.259545965646500343e-01,-1.222595357122551851e+00
-1.481258902329329441e+00,5.605260911565510540e-01
-2.629675961528045273e-03,-6.282215410295175495e-01
-1.563404970460874122e+00,-3.384772493648326858e-02
9.009770734854617436e-01,9.850788169372898251e-01
9.831231416170063131e-01,1.069989362093437535e+00
-3.312139484877061335e-01,-1.307505902278699672e+00
-3.312139484877061335e-01,1.324720997561880775e+00
-3.312139484877061335e-01,-3.260448440870097997e+00
-1.316966766066240524e+00,-3.734899055610743090e-01
-7.419442891454287592e-01,-1.477326992590995092e+00
5.723928009592836874e-01,2.208839105319600205e-01
-1.974135311118596636e+00,-9.678637216541086108e-01
1.616624603015610062e-01,5.605260911565510540e-01
-8.240903572769733287e-01,-1.732058628059438554e+00
9.831231416170063131e-01,-1.187582700926310270e-01
-9.062364254085177873e-01,-8.829531764979609010e-01
1.558145618537817967e+00,3.057944556881077580e-01
6.545388690908281459e-01,1.069989362093437535e+00
4.081006646961946038e-01,-2.071700808684029393e+00
7.366849372223727155e-01,-1.052774266810256432e+00
8.188310053539171740e-01,-3.384772493648326858e-02
-9.062364254085177873e-01,5.106282021966448981e-02
1.640291686669362425e+00,1.239810452405733177e+00
4.081006646961946038e-01,7.303471814688465846e-01
8.188310053539171740e-01,-3.384772493648326858e-02
-8.477574409307257752e-02,-7.131320861856653703e-01
8.188310053539171740e-01,-7.131320861856653703e-01
-1.316966766066240524e+00,-2.885793604049265437e-01
-4.955060847507952171e-01,-1.901879718371733974e+00
2.954628776774074872e+00,4.756155460004032887e-01
-1.809843174855507719e+00,-5.433109958733698397e-01
1.393853482274728828e+00,5.605260911565510540e-01
4.081006646961946038e-01,-1.392416447434847493e+00
-9.883824935400623568e-01,4.756155460004032887e-01
1.311707414143184369e+00,1.579452633030324238e+00
1.558145618537817967e+00,-3.384772493648326858e-02
3.259545965646500343e-01,9.850788169372898251e-01
1.393853482274728828e+00,7.303471814688465846e-01
-1.563404970460874122e+00,4.756155460004032887e-01
-1.152674629803151385e+00,-8.829531764979609010e-01
-3.312139484877061335e-01,-7.131320861856653703e-01
-8.477574409307257752e-02,-7.980426313418130801e-01
1.147415277880095230e+00,-8.829531764979609010e-01
4.902467328277391179e-01,1.834184268498767478e+00
-1.669218122246171054e-01,3.907050008442555233e-01
-5.776521528823397311e-01,9.850788169372898251e-01
5.723928009592836874e-01,-1.307505902278699672e+00
4.081006646961946038e-01,4.756155460004032887e-01
-7.419442891454287592e-01,-2.036688152487787784e-01
-2.629675961528045273e-03,-2.071700808684029393e+00
4.081006646961946038e-01,1.154899907249585356e+00
2.051022027327085162e+00,1.239810452405733177e+00
1.147415277880095230e+00,-2.885793604049265437e-01
1.616624603015610062e-01,1.069989362093437535e+00
-4.955060847507952171e-01,-1.137684811966404030e+00
-3.312139484877061335e-01,5.106282021966448981e-02
-9.062364254085177873e-01,-1.052774266810256432e+00
3.259545965646500343e-01,-6.282215410295175495e-01
-3.312139484877061335e-01,-1.137684811966404030e+00
5.723928009592836874e-01,1.409631542718028596e+00
6.545388690908281459e-01,-2.885793604049265437e-01
-4.955060847507952171e-01,5.106282021966448981e-02
-7.419442891454287592e-01,-1.477326992590995092e+00
-4.955060847507952171e-01,3.907050008442555233e-01
1.804583822932451564e+00,5.106282021966448981e-02
9.831231416170063131e-01,6.454366363126987638e-01
-8.477574409307257752e-02,-5.433109958733698397e-01
-8.477574409307257752e-02,-1.647148082903290733e+00
1.616624603015610062e-01,-9.678637216541086108e-01
4.081006646961946038e-01,2.513468629747949379e+00
-8.240903572769733287e-01,3.907050008442555233e-01
-3.312139484877061335e-01,5.106282021966448981e-02
-9.062364254085177873e-01,3.907050008442555233e-01
-4.955060847507952171e-01,-3.734899055610743090e-01
-2.490678803561616195e-01,-3.384772493648326858e-02
4.081006646961946038e-01,-3.384772493648326858e-02
-5.776521528823397311e-01,-1.307505902278699672e+00
-2.056281379250141317e+00,-8.829531764979609010e-01
1.147415277880095230e+00,1.409631542718028596e+00
9.831231416170063131e-01,3.907050008442555233e-01
6.545388690908281459e-01,-7.131320861856653703e-01
6.545388690908281459e-01,9.001682717811421153e-01
7.366849372223727155e-01,9.850788169372898251e-01
1.616624603015610062e-01,1.069989362093437535e+00
-8.477574409307257752e-02,3.907050008442555233e-01
-8.477574409307257752e-02,-8.829531764979609010e-01
-5.776521528823397311e-01,-8.829531764979609010e-01
-1.563404970460874122e+00,-1.137684811966404030e+00
-6.597982210138843007e-01,5.605260911565510540e-01
-4.955060847507952171e-01,3.907050008442555233e-01
-7.419442891454287592e-01,-3.384772493648326858e-02
1.722437754800906884e+00,6.454366363126987638e-01
-3.312139484877061335e-01,1.494542087874176417e+00
-8.240903572769733287e-01,3.057944556881077580e-01
1.065269209748550772e+00,1.239810452405733177e+00
6.545388690908281459e-01,8.152577266249942944e-01
2.438085284331055203e-01,1.359733653758122551e-01
-9.062364254085177873e-01,-4.584004507172220744e-01
-8.477574409307257752e-02,3.057944556881077580e-01
-1.481258902329329441e+00,-1.477326992590995092e+00
-2.629675961528045273e-03,-1.732058628059438554e+00
4.902467328277391179e-01,1.069989362093437535e+00
1.886729891063996023e+00,3.907050008442555233e-01
-9.062364254085177873e-01,-1.732058628059438554e+00
-1.727697106723963039e+00,-2.835895715089359115e+00
-3.312139484877061335e-01,-8.829531764979609010e-01
-1.669218122246171054e-01,3.057944556881077580e-01
-9.062364254085177873e-01,4.756155460004032887e-01
-7.419442891454287592e-01,3.057944556881077580e-01
-1.152674629803151385e+00,9.001682717811421153e-01
4.902467328277391179e-01,-2.885793604049265437e-01
7.366849372223727155e-01,2.343647539435654181e+00
-1.234820697934695843e+00,-7.980426313418130801e-01
-9.062364254085177873e-01,2.173826449123358540e+00
1.616624603015610062e-01,1.494542087874176417e+00
4.081006646961946038e-01,9.001682717811421153e-01
7.951639217001647830e-02,5.605260911565510540e-01
-9.062364254085177873e-01,-1.052774266810256432e+00
-1.669218122246171054e-01,3.907050008442555233e-01
1.065269209748550772e+00,-1.052774266810256432e+00
-4.955060847507952171e-01,3.907050008442555233e-01
-1.070528561671606926e+00,2.208839105319600205e-01
-8.477574409307257752e-02,-5.433109958733698397e-01
-1.669218122246171054e-01,2.208839105319600205e-01
-2.629675961528045273e-03,-1.187582700926310270e-01
-4.133600166192506475e-01,-1.222595357122551851e+00
3.259545965646500343e-01,-7.980426313418130801e-01
-1.891989242987052178e+00,-7.131320861856653703e-01
-4.133600166192506475e-01,2.208839105319600205e-01
3.259545965646500343e-01,-2.036688152487787784e-01
3.259545965646500343e-01,-4.584004507172220744e-01
1.968875959195540482e+00,4.756155460004032887e-01
-6.597982210138843007e-01,-1.392416447434847493e+00
-2.056281379250141317e+00,1.579452633030324238e+00
-2.490678803561616195e-01,-1.222595357122551851e+00
-3.312139484877061335e-01,-1.187582700926310270e-01
8.188310053539171740e-01,-3.384772493648326858e-02
9.009770734854617436e-01,4.756155460004032887e-01
-8.240903572769733287e-01,-7.131320861856653703e-01
-1.563404970460874122e+00,-7.980426313418130801e-01
1.640291686669362425e+00,7.303471814688465846e-01
-2.138427447381685553e+00,-1.307505902278699672e+00
-9.062364254085177873e-01,-7.131320861856653703e-01
8.188310053539171740e-01,1.359733653758122551e-01
-1.399112834197784982e+00,-1.307505902278699672e+00
3.036774844905619553e+00,7.303471814688465846e-01
-4.133600166192506475e-01,-3.384772493648326858e-02
-1.152674629803151385e+00,-1.647148082903290733e+00
1.616624603015610062e-01,9.001682717811421153e-01
6.545388690908281459e-01,9.001682717811421153e-01
-1.727697106723963039e+00,-3.384772493648326858e-02
1.229561346011639911e+00,1.324720997561880775e+00
-3.312139484877061335e-01,-2.885793604049265437e-01
4.902467328277391179e-01,-1.732058628059438554e+00
-1.891989242987052178e+00,-1.816969173215586153e+00
7.366849372223727155e-01,3.277663536153279544e+00
1.393853482274728828e+00,4.756155460004032887e-01
-1.481258902329329441e+00,-4.584004507172220744e-01
1.640291686669362425e+00,-1.901879718371733974e+00
4.081006646961946038e-01,-7.131320861856653703e-01
1.558145618537817967e+00,7.303471814688465846e-01
-2.629675961528045273e-03,-2.071700808684029393e+00
-2.138427447381685553e+00,3.057944556881077580e-01
-1.234820697934695843e+00,-4.584004507172220744e-01
-1.152674629803151385e+00,-6.282215410295175495e-01
1.229561346011639911e+00,-1.052774266810256432e+00
1.065269209748550772e+00,3.057944556881077580e-01
-4.133600166192506475e-01,-8.829531764979609010e-01
-2.629675961528045273e-03,4.756155460004032887e-01
3.259545965646500343e-01,1.664363178186471837e+00
-2.490678803561616195e-01,9.001682717811421153e-01
9.009770734854617436e-01,-1.647148082903290733e+00
-2.629675961528045273e-03,-8.829531764979609010e-01
-1.563404970460874122e+00,-3.384772493648326858e-02
-1.645551038592418580e+00,-3.384772493648326858e-02
-4.133600166192506475e-01,-1.307505902278699672e+00
-4.955060847507952171e-01,-1.647148082903290733e+00
1.616624603015610062e-01,5.605260911565510540e-01
4.081006646961946038e-01,-4.584004507172220744e-01
-1.645551038592418580e+00,-9.678637216541086108e-01
7.366849372223727155e-01,-7.980426313418130801e-01
-9.062364254085177873e-01,-3.734899055610743090e-01
1.558145618537817967e+00,1.834184268498767478e+00
3.259545965646500343e-01,9.850788169372898251e-01
-1.974135311118596636e+00,-5.433109958733698397e-01
9.009770734854617436e-01,-3.734899055610743090e-01
-5.776521528823397311e-01,-2.885793604049265437e-01
-4.133600166192506475e-01,5.106282021966448981e-02
-8.240903572769733287e-01,1.494542087874176417e+00
-8.240903572769733287e-01,-1.137684811966404030e+00
1.065269209748550772e+00,1.409631542718028596e+00
-1.234820697934695843e+00,-3.384772493648326858e-02
-1.152674629803151385e+00,5.106282021966448981e-02
6.545388690908281459e-01,-3.384772493648326858e-02
-2.056281379250141317e+00,2.208839105319600205e-01
-2.490678803561616195e-01,4.756155460004032887e-01
1.804583822932451564e+00,1.494542087874176417e+00
-8.477574409307257752e-02,7.303471814688465846e-01
-1.669218122246171054e-01,9.001682717811421153e-01
-4.955060847507952171e-01,-6.282215410295175495e-01
-8.477574409307257752e-02,-3.384772493648326858e-02
3.259545965646500343e-01,-8.829531764979609010e-01
-4.955060847507952171e-01,-7.980426313418130801e-01
-1.070528561671606926e+00,-2.885793604049265437e-01
8.188310053539171740e-01,-1.392416447434847493e+00
-9.062364254085177873e-01,3.022931900684835860e+00
7.951639217001647830e-02,-1.816969173215586153e+00
4.902467328277391179e-01,1.919094813654915077e+00
2.438085284331055203e-01,-2.036688152487787784e-01
5.723928009592836874e-01,-2.496253534464768276e+00
-2.490678803561616195e-01,8.152577266249942944e-01
2.438085284331055203e-01,-7.980426313418130801e-01
-1.974135311118596636e+00,-8.829531764979609010e-01
-8.240903572769733287e-01,2.208839105319600205e-01
2.438085284331055203e-01,1.154899907249585356e+00
-6.597982210138843007e-01,-1.052774266810256432e+00
-4.133600166192506475e-01,-1.222595357122551851e+00
2.438085284331055203e-01,9.850788169372898251e-01
-5.776521528823397311e-01,-1.647148082903290733e+00
3.259545965646500343e-01,1.154899907249585356e+00
6.545388690908281459e-01,-1.392416447434847493e+00
1.065269209748550772e+00,5.106282021966448981e-02
-1.669218122246171054e-01,-1.392416447434847493e+00
-1.669218122246171054e-01,8.152577266249942944e-01
2.438085284331055203e-01,6.454366363126987638e-01
4.081006646961946038e-01,-1.187582700926310270e-01
8.188310053539171740e-01,1.069989362093437535e+00
-6.597982210138843007e-01,5.106282021966448981e-02
-8.477574409307257752e-02,-7.131320861856653703e-01
-1.070528561671606926e+00,-1.562237537747142913e+00
5.723928009592836874e-01,-1.732058628059438554e+00
-2.302719583644774914e+00,-1.187582700926310270e-01
1.616624603015610062e-01,2.004005358811062898e+00
2.438085284331055203e-01,1.154899907249585356e+00
6.545388690908281459e-01,9.001682717811421153e-01
-1.563404970460874122e+00,6.454366363126987638e-01
6.545388690908281459e-01,1.579452633030324238e+00
-6.597982210138843007e-01,9.001682717811421153e-01
1.229561346011639911e+00,-4.584004507172220744e-01
3.259545965646500343e-01,-2.885793604049265437e-01
-8.240903572769733287e-01,-2.885793604049265437e-01
1.804583822932451564e+00,1.324720997561880775e+00
1.311707414143184369e+00,5.605260911565510540e-01
-6.597982210138843007e-01,5.106282021966448981e-02
4.081006646961946038e-01,3.057944556881077580e-01
-1.669218122246171054e-01,-1.392416447434847493e+00
1.722437754800906884e+00,-3.384772493648326858e-02
2.297460231721718760e+00,3.907050008442555233e-01
-1.152674629803151385e+00,1.359733653758122551e-01
8.188310053539171740e-01,1.069989362093437535e+00
1.616624603015610062e-01,-1.187582700926310270e-01
-8.240903572769733287e-01,-2.411342989308620677e+00
-4.133600166192506475e-01,-2.036688152487787784e-01
1.616624603015610062e-01,3.057944556881077580e-01
2.438085284331055203e-01,5.605260911565510540e-01
4.902467328277391179e-01,7.303471814688465846e-01
-1.891989242987052178e+00,5.106282021966448981e-02
7.366849372223727155e-01,-4.584004507172220744e-01
4.902467328277391179e-01,7.303471814688465846e-01
-1.669218122246171054e-01,5.106282021966448981e-02
-8.477574409307257752e-02,1.359733653758122551e-01
-4.133600166192506475e-01,6.454366363126987638e-01
1.475999550406273508e+00,7.303471814688465846e-01
-2.629675961528045273e-03,-6.282215410295175495e-01
1.475999550406273508e+00,-1.052774266810256432e+00
7.951639217001647830e-02,3.907050008442555233e-01
-1.481258902329329441e+00,-1.477326992590995092e+00
1.065269209748550772e+00,-1.052774266810256432e+00
-9.062364254085177873e-01,-2.885793604049265437e-01
-6.597982210138843007e-01,6.454366363126987638e-01
8.188310053539171740e-01,-5.433109958733698397e-01
4.081006646961946038e-01,-1.477326992590995092e+00
-4.133600166192506475e-01,3.057944556881077580e-01
6.545388690908281459e-01,-1.392416447434847493e+00
-1.070528561671606926e+00,-1.052774266810256432e+00
1.640291686669362425e+00,6.454366363126987638e-01
-2.629675961528045273e-03,1.239810452405733177e+00
-9.883824935400623568e-01,-9.678637216541086108e-01
-2.959888128697131027e+00,7.303471814688465846e-01
6.545388690908281459e-01,1.579452633030324238e+00
-9.062364254085177873e-01,-6.282215410295175495e-01
7.951639217001647830e-02,-1.307505902278699672e+00
-8.240903572769733287e-01,-5.433109958733698397e-01
-7.419442891454287592e-01,-7.980426313418130801e-01
7.951639217001647830e-02,2.208839105319600205e-01
-1.234820697934695843e+00,-8.829531764979609010e-01
-1.399112834197784982e+00,-7.131320861856653703e-01
-3.312139484877061335e-01,-1.732058628059438554e+00
-4.133600166192506475e-01,-2.885793604049265437e-01
7.366849372223727155e-01,1.324720997561880775e+00
-2.629675961528045273e-03,8.152577266249942944e-01
6.545388690908281459e-01,-3.384772493648326858e-02
1.616624603015610062e-01,-2.885793604049265437e-01
3.259545965646500343e-01,-7.131320861856653703e-01
-8.240903572769733287e-01,-6.282215410295175495e-01
5.723928009592836874e-01,-5.433109958733698397e-01
1.147415277880095230e+00,3.057944556881077580e-01
-2.490678803561616195e-01,-7.980426313418130801e-01
-2.490678803561616195e-01,-1.187582700926310270e-01
-1.669218122246171054e-01,-1.562237537747142913e+00
9.009770734854617436e-01,-3.384772493648326858e-02
-2.490678803561616195e-01,1.359733653758122551e-01
9.009770734854617436e-01,1.359733653758122551e-01
-2.490678803561616195e-01,-2.036688152487787784e-01
5.723928009592836874e-01,4.756155460004032887e-01
-3.312139484877061335e-01,-1.562237537747142913e+00
4.081006646961946038e-01,-7.131320861856653703e-01
4.081006646961946038e-01,8.152577266249942944e-01
-2.490678803561616195e-01,-2.885793604049265437e-01
-5.776521528823397311e-01,-2.036688152487787784e-01
-4.133600166192506475e-01,8.152577266249942944e-01
-2.490678803561616195e-01,-5.433109958733698397e-01
-8.477574409307257752e-02,-5.433109958733698397e-01
1.558145618537817967e+00,8.152577266249942944e-01
-2.490678803561616195e-01,-1.732058628059438554e+00
-1.152674629803151385e+00,-2.241521898996325035e+00
9.009770734854617436e-01,1.579452633030324238e+00
-1.070528561671606926e+00,-8.829531764979609010e-01
1.558145618537817967e+00,2.004005358811062898e+00
1.616624603015610062e-01,3.057944556881077580e-01
-1.645551038592418580e+00,5.106282021966448981e-02
1.475999550406273508e+00,1.919094813654915077e+00
1.616624603015610062e-01,-2.156611353840177436e+00
9.009770734854617436e-01,-3.734899055610743090e-01
-8.477574409307257752e-02,3.057944556881077580e-01
-1.152674629803151385e+00,-9.678637216541086108e-01
7.366849372223727155e-01,1.324720997561880775e+00
-1.669218122246171054e-01,-1.986790263527881795e+00
3.259545965646500343e-01,4.756155460004032887e-01
-5.776521528823397311e-01,-3.734899055610743090e-01
-1.316966766066240524e+00,-1.052774266810256432e+00
1.065269209748550772e+00,3.907050008442555233e-01
-1.070528561671606926e+00,-7.131320861856653703e-01
-4.133600166192506475e-01,-1.052774266810256432e+00
7.951639217001647830e-02,-1.052774266810256432e+00
-1.481258902329329441e+00,-1.222595357122551851e+00
1.065269209748550772e+00,1.409631542718028596e+00
-2.490678803561616195e-01,-1.052774266810256432e+00
-4.133600166192506475e-01,-3.734899055610743090e-01
2.438085284331055203e-01,6.454366363126987638e-01
8.188310053539171740e-01,1.359733653758122551e-01
-7.419442891454287592e-01,5.106282021966448981e-02
-2.629675961528045273e-03,-1.392416447434847493e+00
4.902467328277391179e-01,-2.885793604049265437e-01
5.723928009592836874e-01,1.154899907249585356e+00
-7.419442891454287592e-01,9.850788169372898251e-01
-6.597982210138843007e-01,3.907050008442555233e-01
-8.477574409307257752e-02,-7.980426313418130801e-01
-8.477574409307257752e-02,-7.980426313418130801e-01
-8.240903572769733287e-01,-1.647148082903290733e+00
1.147415277880095230e+00,8.152577266249942944e-01
-1.152674629803151385e+00,-6.282215410295175495e-01
1.616624603015610062e-01,-1.052774266810256432e+00
-1.481258902329329441e+00,1.069989362093437535e+00
-9.062364254085177873e-01,-9.678637216541086108e-01
8.188310053539171740e-01,1.359733653758122551e-01
4.902467328277391179e-01,8.152577266249942944e-01
3.259545965646500343e-01,1.409631542718028596e+00
-9.883824935400623568e-01,-1.392416447434847493e+00
-4.133600166192506475e-01,1.359733653758122551e-01
-7.419442891454287592e-01,3.057944556881077580e-01
4.902467328277391179e-01,6.454366363126987638e-01
-1.645551038592418580e+00,-1.477326992590995092e+00
2.438085284331055203e-01,-1.187582700926310270e-01
-7.419442891454287592e-01,-7.980426313418130801e-01
-2.490678803561616195e-01,-1.222595357122551851e+00
-9.883824935400623568e-01,5.106282021966448981e-02
4.081006646961946038e-01,5.605260911565510540e-01
3.259545965646500343e-01,-8.829531764979609010e-01
7.951639217001647830e-02,-7.131320861856653703e-01
-1.152674629803151385e+00,1.359733653758122551e-01
5.723928009592836874e-01,3.057944556881077580e-01
-8.477574409307257752e-02,2.208839105319600205e-01
8.188310053539171740e-01,8.152577266249942944e-01
-4.955060847507952171e-01,1.069989362093437535e+00
1.616624603015610062e-01,5.106282021966448981e-02
-9.062364254085177873e-01,-1.052774266810256432e+00
-6.597982210138843007e-01,-1.392416447434847493e+00
-1.152674629803151385e+00,1.359733653758122551e-01
9.009770734854617436e-01,5.605260911565510540e-01
-3.312139484877061335e-01,-1.052774266810256432e+00
7.951639217001647830e-02,7.303471814688465846e-01
9.009770734854617436e-01,9.850788169372898251e-01
1.968875959195540482e+00,3.057944556881077580e-01
-2.629675961528045273e-03,-1.052774266810256432e+00
-1.234820697934695843e+00,-1.562237537747142913e+00
-8.477574409307257752e-02,-7.131320861856653703e-01
-9.062364254085177873e-01,3.907050008442555233e-01
1.393853482274728828e+00,7.303471814688465846e-01
-2.138427447381685553e+00,-3.384772493648326858e-02
-9.883824935400623568e-01,2.208839105319600205e-01
5.723928009592836874e-01,-2.885793604049265437e-01
-9.883824935400623568e-01,-1.392416447434847493e+00
-1.727697106723963039e+00,-8.829531764979609010e-01
-8.240903572769733287e-01,5.106282021966448981e-02
5.723928009592836874e-01,6.454366363126987638e-01
7.366849372223727155e-01,1.359733653758122551e-01
-9.883824935400623568e-01,-4.584004507172220744e-01
-8.240903572769733287e-01,-8.829531764979609010e-01
-1.316966766066240524e+00,-6.282215410295175495e-01
-3.312139484877061335e-01,-2.885793604049265437e-01
4.902467328277391179e-01,-8.829531764979609010e-01
-1.727697106723963039e+00,9.850788169372898251e-01
1.886729891063996023e+00,9.001682717811421153e-01
-3.312139484877061335e-01,4.756155460004032887e-01
-8.477574409307257752e-02,1.359733653758122551e-01
9.831231416170063131e-01,1.069989362093437535e+00
-2.490678803561616195e-01,-1.901879718371733974e+00
7.951639217001647830e-02,4.756155460004032887e-01
-1.563404970460874122e+00,-4.584004507172220744e-01
7.951639217001647830e-02,3.057944556881077580e-01
1.147415277880095230e+00,1.324720997561880775e+00
-1.669218122246171054e-01,1.919094813654915077e+00
1.616624603015610062e-01,3.907050008442555233e-01
-1.070528561671606926e+00,8.152577266249942944e-01
5.723928009592836874e-01,6.454366363126987638e-01
3.259545965646500343e-01,-1.137684811966404030e+00
-1.669218122246171054e-01,-1.562237537747142913e+00
-7.419442891454287592e-01,-2.241521898996325035e+00
8.188310053539171740e-01,-1.187582700926310270e-01
-8.240903572769733287e-01,-1.307505902278699672e+00
2.438085284331055203e-01,-7.131320861856653703e-01
-2.629675961528045273e-03,-7.980426313418130801e-01
-1.070528561671606926e+00,-7.131320861856653703e-01
4.902467328277391179e-01,-3.734899055610743090e-01
1.616624603015610062e-01,3.907050008442555233e-01
1.311707414143184369e+00,-2.885793604049265437e-01
-9.883824935400623568e-01,-7.980426313418130801e-01
-1.809843174855507719e+00,-3.384772493648326858e-02
-1.316966766066240524e+00,-3.384772493648326858e-02
8.188310053539171740e-01,-1.187582700926310270e-01
-6.597982210138843007e-01,1.359733653758122551e-01
-1.809843174855507719e+00,-3.384772493648326858e-02
-6.597982210138843007e-01,-7.131320861856653703e-01
-8.240903572769733287e-01,1.239810452405733177e+00
-2.490678803561616195e-01,-1.392416447434847493e+00
-5.776521528823397311e-01,-1.137684811966404030e+00
-4.955060847507952171e-01,4.756155460004032887e-01
-1.481258902329329441e+00,-1.307505902278699672e+00
1.640291686669362425e+00,1.749273723342619657e+00
6.545388690908281459e-01,1.749273723342619657e+00
1.616624603015610062e-01,1.409631542718028596e+00
-8.240903572769733287e-01,1.359733653758122551e-01
-3.312139484877061335e-01,1.579452633030324238e+00
3.259545965646500343e-01,-7.131320861856653703e-01
-1.316966766066240524e+00,-4.584004507172220744e-01
-5.776521528823397311e-01,-7.131320861856653703e-01
-7.419442891454287592e-01,-4.584004507172220744e-01
1.616624603015610062e-01,9.850788169372898251e-01
4.081006646961946038e-01,5.605260911565510540e-01
-1.669218122246171054e-01,1.154899907249585356e+00
-5.776521528823397311e-01,3.057944556881077580e-01
1.616624603015610062e-01,9.850788169372898251e-01
4.902467328277391179e-01,-1.732058628059438554e+00
1.886729891063996023e+00,1.069989362093437535e+00
-6.597982210138843007e-01,-1.052774266810256432e+00
4.902467328277391179e-01,-5.433109958733698397e-01
4.902467328277391179e-01,-6.282215410295175495e-01
1.311707414143184369e+00,-1.187582700926310270e-01
-2.138427447381685553e+00,-1.222595357122551851e+00
-2.629675961528045273e-03,-3.734899055610743090e-01
9.831231416170063131e-01,3.057944556881077580e-01
-1.316966766066240524e+00,-2.885793604049265437e-01
-3.312139484877061335e-01,-2.885793604049265437e-01
1.886729891063996023e+00,2.853110810372540662e+00
1.616624603015610062e-01,-4.584004507172220744e-01
4.081006646961946038e-01,5.605260911565510540e-01
1.616624603015610062e-01,-1.477326992590995092e+00
-2.629675961528045273e-03,5.106282021966448981e-02
3.036774844905619553e+00,3.447484626465574742e+00
-5.776521528823397311e-01,-1.187582700926310270e-01
9.009770734854617436e-01,4.756155460004032887e-01
7.366849372223727155e-01,-9.678637216541086108e-01
1.475999550406273508e+00,2.208839105319600205e-01
-8.240903572769733287e-01,-7.980426313418130801e-01
1.804583822932451564e+00,2.004005358811062898e+00
1.558145618537817967e+00,1.069989362093437535e+00
-7.419442891454287592e-01,5.605260911565510540e-01
4.081006646961946038e-01,1.664363178186471837e+00
-4.133600166192506475e-01,-1.392416447434847493e+00
-1.669218122246171054e-01,-2.885793604049265437e-01
2.133168095458629843e+00,3.057944556881077580e-01
-2.629675961528045273e-03,4.756155460004032887e-01
9.009770734854617436e-01,-7.980426313418130801e-01
7.951639217001647830e-02,3.907050008442555233e-01
-1.669218122246171054e-01,1.154899907249585356e+00
-6.597982210138843007e-01,-7.980426313418130801e-01
-8.477574409307257752e-02,3.057944556881077580e-01
-1.399112834197784982e+00,-4.584004507172220744e-01
1.558145618537817967e+00,6.454366363126987638e-01
-3.312139484877061335e-01,1.239810452405733177e+00
1.640291686669362425e+00,1.239810452405733177e+00
4.902467328277391179e-01,2.258736994279506138e+00
2.438085284331055203e-01,-7.980426313418130801e-01
2.297460231721718760e+00,-9.678637216541086108e-01
1.558145618537817967e+00,5.605260911565510540e-01
1.804583822932451564e+00,8.152577266249942944e-01
-1.727697106723963039e+00,-1.392416447434847493e+00
-2.220573515513230234e+00,5.605260911565510540e-01
-1.669218122246171054e-01,-3.384772493648326858e-02
1.968875959195540482e+00,2.208839105319600205e-01
1.804583822932451564e+00,1.409631542718028596e+00
-1.316966766066240524e+00,-3.734899055610743090e-01
-1.152674629803151385e+00,-7.131320861856653703e-01
-2.490678803561616195e-01,-6.282215410295175495e-01
-1.316966766066240524e+00,2.208839105319600205e-01
2.438085284331055203e-01,-1.137684811966404030e+00
1.311707414143184369e+00,-2.036688152487787784e-01
-1.481258902329329441e+00,-1.901879718371733974e+00
-3.312139484877061335e-01,5.106282021966448981e-02
-1.563404970460874122e+00,1.494542087874176417e+00
2.133168095458629843e+00,1.664363178186471837e+00
4.081006646961946038e-01,-3.734899055610743090e-01
-5.776521528823397311e-01,7.303471814688465846e-01
-5.776521528823397311e-01,-1.187582700926310270e-01
-2.490678803561616195e-01,-3.734899055610743090e-01
-4.133600166192506475e-01,-9.678637216541086108e-01
-4.133600166192506475e-01,5.605260911565510540e-01
4.081006646961946038e-01,3.057944556881077580e-01
6.545388690908281459e-01,2.088915903967210497e+00
-7.419442891454287592e-01,1.359733653758122551e-01
7.366849372223727155e-01,4.756155460004032887e-01
9.009770734854617436e-01,-3.384772493648326858e-02
-4.955060847507952171e-01,1.664363178186471837e+00
3.259545965646500343e-01,3.907050008442555233e-01
1.616624603015610062e-01,-6.282215410295175495e-01
7.366849372223727155e-01,1.409631542718028596e+00
1.616624603015610062e-01,5.106282021966448981e-02
-1.234820697934695843e+00,-1.562237537747142913e+00
9.831231416170063131e-01,-1.187582700926310270e-01
-4.955060847507952171e-01,5.605260911565510540e-01
-1.563404970460874122e+00,-7.131320861856653703e-01
8.188310053539171740e-01,3.057944556881077580e-01
7.366849372223727155e-01,-1.187582700926310270e-01
1.616624603015610062e-01,-2.885793604049265437e-01
7.366849372223727155e-01,-2.326432444152472634e+00
1.393853482274728828e+00,9.850788169372898251e-01
5.723928009592836874e-01,1.154899907249585356e+00
-2.490678803561616195e-01,-2.036688152487787784e-01
-1.669218122246171054e-01,2.208839105319600205e-01
-1.399112834197784982e+00,-2.885793604049265437e-01
4.081006646961946038e-01,-8.829531764979609010e-01
1.640291686669362425e+00,-1.187582700926310270e-01
7.366849372223727155e-01,-3.734899055610743090e-01
-4.955060847507952171e-01,2.173826449123358540e+00
1.311707414143184369e+00,6.454366363126987638e-01
-1.974135311118596636e+00,-1.222595357122551851e+00
-1.399112834197784982e+00,-7.131320861856653703e-01
-8.240903572769733287e-01,-8.829531764979609010e-01
1.147415277880095230e+00,1.494542087874176417e+00
4.081006646961946038e-01,-2.036688152487787784e-01
2.438085284331055203e-01,-1.137684811966404030e+00
2.438085284331055203e-01,9.001682717811421153e-01
6.545388690908281459e-01,9.850788169372898251e-01
-2.220573515513230234e+00,-1.732058628059438554e+00
5.723928009592836874e-01,-1.052774266810256432e+00
1.616624603015610062e-01,-5.433109958733698397e-01
-2.629675961528045273e-03,1.579452633030324238e+00
-3.312139484877061335e-01,-1.392416447434847493e+00
6.545388690908281459e-01,9.850788169372898251e-01
1.804583822932451564e+00,1.494542087874176417e+00
-2.629675961528045273e-03,-3.384772493648326858e-02
-2.056281379250141317e+00,3.907050008442555233e-01
-2.138427447381685553e+00,-8.829531764979609010e-01
1.475999550406273508e+00,9.001682717811421153e-01
1.229561346011639911e+00,-8.829531764979609010e-01
-1.669218122246171054e-01,1.069989362093437535e+00
1.065269209748550772e+00,-3.384772493648326858e-02
4.902467328277391179e-01,8.152577266249942944e-01
-8.477574409307257752e-02,-1.052774266810256432e+00
-4.955060847507952171e-01,-4.584004507172220744e-01
1.147415277880095230e+00,-2.885793604049265437e-01
4.902467328277391179e-01,9.850788169372898251e-01
7.366849372223727155e-01,1.324720997561880775e+00
1.065269209748550772e+00,5.106282021966448981e-02
-1.399112834197784982e+00,-1.052774266810256432e+00
3.259545965646500343e-01,-1.137684811966404030e+00
-2.490678803561616195e-01,4.756155460004032887e-01
-2.490678803561616195e-01,5.106282021966448981e-02
9.009770734854617436e-01,4.756155460004032887e-01
-2.490678803561616195e-01,-2.036688152487787784e-01
4.902467328277391179e-01,9.001682717811421153e-01
3.259545965646500343e-01,2.173826449123358540e+00
-9.883824935400623568e-01,-1.137684811966404030e+00
-4.133600166192506475e-01,-1.052774266810256432e+00
-1.152674629803151385e+00,-9.678637216541086108e-01
1.147415277880095230e+00,3.907050008442555233e-01
-4.955060847507952171e-01,-2.036688152487787784e-01
7.951639217001647830e-02,-5.433109958733698397e-01
-1.234820697934695843e+00,5.605260911565510540e-01
1.229561346011639911e+00,-2.036688152487787784e-01
-8.477574409307257752e-02,1.359733653758122551e-01
-1.316966766066240524e+00,-2.326432444152472634e+00
-1.669218122246171054e-01,-2.885793604049265437e-01
-5.776521528823397311e-01,7.303471814688465846e-01
-1.563404970460874122e+00,-6.282215410295175495e-01
-1.809843174855507719e+00,-1.816969173215586153e+00
-8.240903572769733287e-01,-5.433109958733698397e-01
1.393853482274728828e+00,3.907050008442555233e-01
-1.399112834197784982e+00,-1.187582700926310270e-01
2.438085284331055203e-01,-6.282215410295175495e-01
-1.563404970460874122e+00,-7.131320861856653703e-01
9.831231416170063131e-01,6.454366363126987638e-01
3.529651253694886748e+00,1.409631542718028596e+00
6.545388690908281459e-01,-8.829531764979609010e-01
7.951639217001647830e-02,-2.036688152487787784e-01
-8.477574409307257752e-02,3.057944556881077580e-01
-9.062364254085177873e-01,7.303471814688465846e-01
2.438085284331055203e-01,7.303471814688465846e-01
3.259545965646500343e-01,6.454366363126987638e-01
6.545388690908281459e-01,1.494542087874176417e+00
2.438085284331055203e-01,8.152577266249942944e-01
-1.669218122246171054e-01,-1.052774266810256432e+00
1.616624603015610062e-01,1.664363178186471837e+00
-3.312139484877061335e-01,-6.282215410295175495e-01
-9.062364254085177873e-01,-1.816969173215586153e+00
1.616624603015610062e-01,3.907050008442555233e-01
-1.234820697934695843e+00,-2.885793604049265437e-01
-1.234820697934695843e+00,-7.131320861856653703e-01
-3.312139484877061335e-01,-2.036688152487787784e-01
-2.629675961528045273e-03,1.359733653758122551e-01
1.886729891063996023e+00,2.088915903967210497e+00
-2.467011719907863831e+00,-7.980426313418130801e-01
-3.312139484877061335e-01,-2.885793604049265437e-01
1.722437754800906884e+00,9.001682717811421153e-01
-2.629675961528045273e-03,-7.131320861856653703e-01
2.438085284331055203e-01,1.359733653758122551e-01
-2.490678803561616195e-01,5.605260911565510540e-01
5.723928009592836874e-01,1.324720997561880775e+00
1.616624603015610062e-01,5.106282021966448981e-02
-3.312139484877061335e-01,-9.678637216541086108e-01
-5.776521528823397311e-01,-1.052774266810256432e+00
-3.312139484877061335e-01,7.303471814688465846e-01
-3.312139484877061335e-01,6.454366363126987638e-01
2.438085284331055203e-01,-1.222595357122551851e+00
-8.477574409307257752e-02,-8.829531764979609010e-01
2.438085284331055203e-01,-1.901879718371733974e+00
7.366849372223727155e-01,1.324720997561880775e+00
6.545388690908281459e-01,-4.584004507172220744e-01
-1.316966766066240524e+00,-1.647148082903290733e+00
5.723928009592836874e-01,1.154899907249585356e+00
1.065269209748550772e+00,1.919094813654915077e+00
6.545388690908281459e-01,1.579452633030324238e+00
4.081006646961946038e-01,1.154899907249585356e+00
2.438085284331055203e-01,6.454366363126987638e-01
-6.597982210138843007e-01,-1.222595357122551851e+00
2.438085284331055203e-01,-3.734899055610743090e-01
3.259545965646500343e-01,-6.282215410295175495e-01
-1.152674629803151385e+00,7.303471814688465846e-01
6.545388690908281459e-01,6.454366363126987638e-01
1.616624603015610062e-01,-1.222595357122551851e+00
-6.597982210138843007e-01,-2.496253534464768276e+00
1.616624603015610062e-01,-1.901879718371733974e+00
1.311707414143184369e+00,5.106282021966448981e-02
5.723928009592836874e-01,5.605260911565510540e-01
1.968875959195540482e+00,-2.885793604049265437e-01
-1.152674629803151385e+00,-1.052774266810256432e+00
-2.629675961528045273e-03,1.359733653758122551e-01
-1.316966766066240524e+00,-1.392416447434847493e+00
-6.597982210138843007e-01,3.057944556881077580e-01
4.081006646961946038e-01,-9.678637216541086108e-01
-2.490678803561616195e-01,4.756155460004032887e-01
5.723928009592836874e-01,-3.734899055610743090e-01
-8.477574409307257752e-02,1.154899907249585356e+00
5.723928009592836874e-01,1.239810452405733177e+00
4.902467328277391179e-01,1.324720997561880775e+00
-5.776521528823397311e-01,4.756155460004032887e-01
-7.419442891454287592e-01,-2.036688152487787784e-01
-4.133600166192506475e-01,-2.036688152487787784e-01
3.259545965646500343e-01,1.069989362093437535e+00
-8.240903572769733287e-01,-3.384772493648326858e-02
-8.240903572769733287e-01,-1.647148082903290733e+00
4.902467328277391179e-01,2.208839105319600205e-01
-7.419442891454287592e-01,-4.584004507172220744e-01
-8.240903572769733287e-01,3.057944556881077580e-01
-8.477574409307257752e-02,1.359733653758122551e-01
7.366849372223727155e-01,1.494542087874176417e+00
1.616624603015610062e-01,5.605260911565510540e-01
7.366849372223727155e-01,-3.734899055610743090e-01
-8.477574409307257752e-02,-1.187582700926310270e-01
-4.955060847507952171e-01,1.834184268498767478e+00
-8.477574409307257752e-02,-9.678637216541086108e-01
-3.312139484877061335e-01,-2.036688152487787784e-01
-2.629675961528045273e-03,1.664363178186471837e+00
1.475999550406273508e+00,2.208839105319600205e-01
2.438085284331055203e-01,7.303471814688465846e-01
-1.316966766066240524e+00,-1.392416447434847493e+00
-2.631303856170952749e+00,-3.734899055610743090e-01
2.438085284331055203e-01,1.409631542718028596e+00
-1.399112834197784982e+00,-4.584004507172220744e-01
-2.490678803561616195e-01,-2.885793604049265437e-01
1.147415277880095230e+00,1.239810452405733177e+00
-1.316966766066240524e+00,5.106282021966448981e-02
-2.490678803561616195e-01,-1.392416447434847493e+00
1.558145618537817967e+00,1.664363178186471837e+00
1.722437754800906884e+00,2.173826449123358540e+00
4.081006646961946038e-01,9.850788169372898251e-01
-2.490678803561616195e-01,-7.131320861856653703e-01
-2.629675961528045273e-03,1.919094813654915077e+00
-1.234820697934695843e+00,-1.307505902278699672e+00
-6.597982210138843007e-01,-3.734899055610743090e-01
7.366849372223727155e-01,-6.282215410295175495e-01
1.968875959195540482e+00,-8.829531764979609010e-01
1.147415277880095230e+00,-2.885793604049265437e-01
-1.669218122246171054e-01,4.756155460004032887e-01
1.616624603015610062e-01,3.057944556881077580e-01
-1.070528561671606926e+00,-6.282215410295175495e-01
8.188310053539171740e-01,-7.980426313418130801e-01
1.229561346011639911e+00,-1.647148082903290733e+00
2.438085284331055203e-01,6.454366363126987638e-01
1.616624603015610062e-01,9.001682717811421153e-01
1.229561346011639911e+00,3.057944556881077580e-01
7.951639217001647830e-02,-7.131320861856653703e-01
-7.419442891454287592e-01,-8.829531764979609010e-01
3.259545965646500343e-01,-1.137684811966404030e+00
-4.955060847507952171e-01,-9.678637216541086108e-01
-1.563404970460874122e+00,-5.433109958733698397e-01
2.438085284331055203e-01,-2.885793604049265437e-01
8.188310053539171740e-01,2.208839105319600205e-01
-1.152674629803151385e+00,3.057944556881077580e-01
4.902467328277391179e-01,-4.584004507172220744e-01
4.902467328277391179e-01,1.359733653758122551e-01
2.297460231721718760e+00,1.359733653758122551e-01
-8.477574409307257752e-02,1.154899907249585356e+00
-5.776521528823397311e-01,-2.885793604049265437e-01
-3.312139484877061335e-01,-2.885793604049265437e-01
-5.776521528823397311e-01,7.303471814688465846e-01
-1.891989242987052178e+00,5.106282021966448981e-02
1.475999550406273508e+00,4.756155460004032887e-01
-1.669218122246171054e-01,-1.562237537747142913e+00
-1.152674629803151385e+00,3.057944556881077580e-01
-2.490678803561616195e-01,6.454366363126987638e-01
1.640291686669362425e+00,-2.036688152487787784e-01
-9.883824935400623568e-01,3.907050008442555233e-01
7.951639217001647830e-02,6.454366363126987638e-01
3.259545965646500343e-01,-5.433109958733698397e-01
2.708190572379441274e+00,2.768200265216392619e+00
-1.070528561671606926e+00,-1.647148082903290733e+00
1.968875959195540482e+00,-2.241521898996325035e+00
-5.776521528823397311e-01,-6.282215410295175495e-01
-1.399112834197784982e+00,4.756155460004032887e-01
4.081006646961946038e-01,-2.885793604049265437e-01
-1.669218122246171054e-01,1.359733653758122551e-01
-1.669218122246171054e-01,1.154899907249585356e+00
-1.974135311118596636e+00,-1.187582700926310270e-01
2.438085284331055203e-01,-1.052774266810256432e+00
-1.891989242987052178e+00,-6.282215410295175495e-01
1.475999550406273508e+00,-3.384772493648326858e-02
-6.597982210138843007e-01,-1.392416447434847493e+00
-8.477574409307257752e-02,1.919094813654915077e+00
-1.645551038592418580e+00,-1.392416447434847493e+00
-9.062364254085177873e-01,-1.187582700926310270e-01
6.545388690908281459e-01,5.605260911565510540e-01
1.065269209748550772e+00,-6.282215410295175495e-01
2.708190572379441274e+00,1.749273723342619657e+00
4.902467328277391179e-01,-2.885793604049265437e-01
-5.776521528823397311e-01,3.907050008442555233e-01
-3.312139484877061335e-01,-1.477326992590995092e+00
1.475999550406273508e+00,1.919094813654915077e+00
-2.629675961528045273e-03,1.239810452405733177e+00
1.475999550406273508e+00,4.756155460004032887e-01
1.475999550406273508e+00,-3.734899055610743090e-01
8.188310053539171740e-01,9.001682717811421153e-01
1.311707414143184369e+00,-7.131320861856653703e-01
6.545388690908281459e-01,1.154899907249585356e+00
-6.597982210138843007e-01,-2.885793604049265437e-01
7.951639217001647830e-02,3.057944556881077580e-01
-1.070528561671606926e+00,2.208839105319600205e-01
8.188310053539171740e-01,-9.678637216541086108e-01
1.065269209748550772e+00,-3.734899055610743090e-01
-1.070528561671606926e+00,5.106282021966448981e-02
7.366849372223727155e-01,-5.433109958733698397e-01
-3.312139484877061335e-01,-2.036688152487787784e-01
-4.955060847507952171e-01,-5.433109958733698397e-01
-1.809843174855507719e+00,1.834184268498767478e+00
5.723928009592836874e-01,6.454366363126987638e-01
-1.070528561671606926e+00,-8.829531764979609010e-01
1.722437754800906884e+00,5.106282021966448981e-02
1.229561346011639911e+00,3.907050008442555233e-01
7.366849372223727155e-01,1.359733653758122551e-01
3.259545965646500343e-01,8.152577266249942944e-01
-5.776521528823397311e-01,-2.885793604049265437e-01
-8.477574409307257752e-02,-4.584004507172220744e-01
-2.490678803561616195e-01,-2.885793604049265437e-01
2.438085284331055203e-01,-3.734899055610743090e-01
1.065269209748550772e+00,4.756155460004032887e-01
1.968875959195540482e+00,9.850788169372898251e-01
1.393853482274728828e+00,-7.980426313418130801e-01
-1.152674629803151385e+00,-6.282215410295175495e-01
1.311707414143184369e+00,5.605260911565510540e-01
9.831231416170063131e-01,2.683289720060245021e+00
-6.597982210138843007e-01,-3.384772493648326858e-02
9.831231416170063131e-01,1.324720997561880775e+00
2.379606299853262996e+00,1.324720997561880775e+00
4.902467328277391179e-01,9.850788169372898251e-01
-7.419442891454287592e-01,3.057944556881077580e-01
1.229561346011639911e+00,4.756155460004032887e-01
9.009770734854617436e-01,6.454366363126987638e-01
4.081006646961946038e-01,-3.734899055610743090e-01
4.081006646961946038e-01,-3.384772493648326858e-02
1.804583822932451564e+00,2.258736994279506138e+00
4.081006646961946038e-01,-7.980426313418130801e-01
-9.883824935400623568e-01,7.303471814688465846e-01
1.393853482274728828e+00,-2.036688152487787784e-01
1.393853482274728828e+00,9.850788169372898251e-01
-2.490678803561616195e-01,1.069989362093437535e+00
5.723928009592836874e-01,-1.562237537747142913e+00
1.475999550406273508e+00,1.409631542718028596e+00
1.147415277880095230e+00,1.239810452405733177e+00
1.886729891063996023e+00,8.152577266249942944e-01
-4.133600166192506475e-01,-2.241521898996325035e+00
-2.490678803561616195e-01,1.409631542718028596e+00
-2.629675961528045273e-03,7.303471814688465846e-01
-1.316966766066240524e+00,6.454366363126987638e-01
1.311707414143184369e+00,3.907050008442555233e-01
-2.056281379250141317e+00,3.907050008442555233e-01
-8.477574409307257752e-02,1.239810452405733177e+00
7.951639217001647830e-02,-2.885793604049265437e-01
-1.234820697934695843e+00,-8.829531764979609010e-01
6.545388690908281459e-01,5.106282021966448981e-02
-5.776521528823397311e-01,5.605260911565510540e-01
1.475999550406273508e+00,1.154899907249585356e+00
4.081006646961946038e-01,-1.137684811966404030e+00
1.147415277880095230e+00,5.605260911565510540e-01
-9.062364254085177873e-01,1.359733653758122551e-01
1.475999550406273508e+00,-2.885793604049265437e-01
-5.776521528823397311e-01,1.359733653758122551e-01
-1.481258902329329441e+00,-2.885793604049265437e-01
1.640291686669362425e+00,3.057944556881077580e-01
-9.062364254085177873e-01,1.324720997561880775e+00
9.009770734854617436e-01,1.494542087874176417e+00
-2.629675961528045273e-03,3.907050008442555233e-01
-1.669218122246171054e-01,1.359733653758122551e-01
-7.419442891454287592e-01,-1.901879718371733974e+00
1.065269209748550772e+00,-6.282215410295175495e-01
-1.669218122246171054e-01,9.001682717811421153e-01
1.475999550406273508e+00,1.834184268498767478e+00
-3.312139484877061335e-01,-4.584004507172220744e-01
1.616624603015610062e-01,-2.885793604049265437e-01
-4.955060847507952171e-01,7.303471814688465846e-01
1.393853482274728828e+00,1.069989362093437535e+00
-1.481258902329329441e+00,2.208839105319600205e-01
9.831231416170063131e-01,-2.885793604049265437e-01
-2.490678803561616195e-01,-3.384772493648326858e-02
7.951639217001647830e-02,2.258736994279506138e+00
4.081006646961946038e-01,-4.584004507172220744e-01
3.259545965646500343e-01,-5.433109958733698397e-01
4.902467328277391179e-01,2.208839105319600205e-01
1.311707414143184369e+00,7.303471814688465846e-01
-2.629675961528045273e-03,-1.307505902278699672e+00
2.133168095458629843e+00,4.756155460004032887e-01
2.438085284331055203e-01,-8.829531764979609010e-01
4.902467328277391179e-01,7.303471814688465846e-01
-4.955060847507952171e-01,5.106282021966448981e-02
7.951639217001647830e-02,6.454366363126987638e-01
-4.955060847507952171e-01,2.208839105319600205e-01
7.366849372223727155e-01,1.359733653758122551e-01
-4.133600166192506475e-01,5.106282021966448981e-02
2.438085284331055203e-01,-4.584004507172220744e-01
-1.669218122246171054e-01,-9.678637216541086108e-01
-2.490678803561616195e-01,-1.052774266810256432e+00
1.558145618537817967e+00,7.303471814688465846e-01
-2.629675961528045273e-03,1.749273723342619657e+00
2.438085284331055203e-01,7.303471814688465846e-01
-4.133600166192506475e-01,-3.384772493648326858e-02
1.722437754800906884e+00,8.152577266249942944e-01
-7.419442891454287592e-01,-2.036688152487787784e-01
1.229561346011639911e+00,1.324720997561880775e+00
9.009770734854617436e-01,3.907050008442555233e-01
-4.133600166192506475e-01,5.106282021966448981e-02
-5.776521528823397311e-01,-1.392416447434847493e+00
5.723928009592836874e-01,4.756155460004032887e-01
-5.776521528823397311e-01,-3.734899055610743090e-01
-5.776521528823397311e-01,-1.052774266810256432e+00
1.722437754800906884e+00,1.359733653758122551e-01
4.081006646961946038e-01,9.001682717811421153e-01
1.229561346011639911e+00,1.324720997561880775e+00
-4.955060847507952171e-01,-4.584004507172220744e-01
-1.234820697934695843e+00,3.907050008442555233e-01
-1.316966766066240524e+00,-1.307505902278699672e+00
-1.669218122246171054e-01,1.494542087874176417e+00
-2.629675961528045273e-03,-1.562237537747142913e+00
-5.776521528823397311e-01,-6.282215410295175495e-01
-2.056281379250141317e+00,-1.137684811966404030e+00
2.438085284331055203e-01,-3.734899055610743090e-01
1.886729891063996023e+00,5.605260911565510540e-01
-1.234820697934695843e+00,-1.187582700926310270e-01
6.545388690908281459e-01,8.152577266249942944e-01
1.393853482274728828e+00,3.907050008442555233e-01
1.616624603015610062e-01,9.001682717811421153e-01
-1.481258902329329441e+00,3.057944556881077580e-01
-3.312139484877061335e-01,5.605260911565510540e-01
1.311707414143184369e+00,7.303471814688465846e-01
-8.477574409307257752e-02,-1.986790263527881795e+00
4.081006646961946038e-01,9.850788169372898251e-01
1.311707414143184369e+00,9.850788169372898251e-01
4.081006646961946038e-01,-7.131320861856653703e-01
7.366849372223727155e-01,-5.433109958733698397e-01
6.545388690908281459e-01,5.106282021966448981e-02
1.616624603015610062e-01,5.106282021966448981e-02
1.640291686669362425e+00,3.057944556881077580e-01
-4.955060847507952171e-01,5.106282021966448981e-02
9.831231416170063131e-01,1.359733653758122551e-01
-1.481258902329329441e+00,6.454366363126987638e-01
1.616624603015610062e-01,2.208839105319600205e-01
-1.809843174855507719e+00,-7.131320861856653703e-01
-1.481258902329329441e+00,3.907050008442555233e-01
-2.629675961528045273e-03,5.106282021966448981e-02
-8.240903572769733287e-01,-2.496253534464768276e+00
5.723928009592836874e-01,1.069989362093437535e+00
9.009770734854617436e-01,-8.829531764979609010e-01
9.009770734854617436e-01,1.494542087874176417e+00
2.438085284331055203e-01,1.494542087874176417e+00
-1.399112834197784982e+00,-1.137684811966404030e+00
-2.490678803561616195e-01,7.303471814688465846e-01
8.188310053539171740e-01,1.239810452405733177e+00
-2.490678803561616195e-01,1.834184268498767478e+00
-2.056281379250141317e+00,5.605260911565510540e-01
-9.062364254085177873e-01,-2.885793604049265437e-01
-2.629675961528045273e-03,4.756155460004032887e-01
2.215314163590174079e+00,-1.187582700926310270e-01
1.968875959195540482e+00,1.239810452405733177e+00
-1.669218122246171054e-01,1.359733653758122551e-01
9.009770734854617436e-01,-7.131320861856653703e-01
-8.477574409307257752e-02,1.919094813654915077e+00
-2.629675961528045273e-03,-2.156611353840177436e+00
-4.955060847507952171e-01,-8.829531764979609010e-01
1.229561346011639911e+00,-8.829531764979609010e-01
6.545388690908281459e-01,1.664363178186471837e+00
-9.883824935400623568e-01,1.359733653758122551e-01
1.311707414143184369e+00,-3.734899055610743090e-01
-3.312139484877061335e-01,-1.187582700926310270e-01
-4.955060847507952171e-01,6.454366363126987638e-01
-3.312139484877061335e-01,-7.980426313418130801e-01
9.009770734854617436e-01,3.057944556881077580e-01
1.147415277880095230e+00,-3.384772493648326858e-02
9.009770734854617436e-01,-4.584004507172220744e-01
4.081006646961946038e-01,-8.829531764979609010e-01
5.723928009592836874e-01,-1.187582700926310270e-01
8.188310053539171740e-01,9.850788169372898251e-01
-2.713449924302497429e+00,5.106282021966448981e-02
-2.138427447381685553e+00,2.208839105319600205e-01
1.968875959195540482e+00,-3.384772493648326858e-02
-1.669218122246171054e-01,3.907050008442555233e-01
9.831231416170063131e-01,1.579452633030324238e+00
1.640291686669362425e+00,1.409631542718028596e+00
1.147415277880095230e+00,1.324720997561880775e+00
7.951639217001647830e-02,8.152577266249942944e-01
7.951639217001647830e-02,-7.131320861856653703e-01
1.968875959195540482e+00,8.152577266249942944e-01
1.065269209748550772e+00,2.208839105319600205e-01
-7.419442891454287592e-01,-5.433109958733698397e-01
4.902467328277391179e-01,2.208839105319600205e-01
-9.883824935400623568e-01,-7.980426313418130801e-01
6.545388690908281459e-01,1.069989362093437535e+00
-1.399112834197784982e+00,7.303471814688465846e-01
-2.629675961528045273e-03,4.756155460004032887e-01
-1.070528561671606926e+00,-2.071700808684029393e+00
9.009770734854617436e-01,1.069989362093437535e+00
8.188310053539171740e-01,1.239810452405733177e+00
6.545388690908281459e-01,1.154899907249585356e+00
-5.776521528823397311e-01,-1.222595357122551851e+00
-1.070528561671606926e+00,-1.392416447434847493e+00
9.831231416170063131e-01,1.239810452405733177e+00
1.616624603015610062e-01,-5.433109958733698397e-01
-2.490678803561616195e-01,1.359733653758122551e-01
7.951639217001647830e-02,5.605260911565510540e-01
-3.312139484877061335e-01,1.409631542718028596e+00
7.366849372223727155e-01,1.359733653758122551e-01
-9.062364254085177873e-01,-5.433109958733698397e-01
-3.312139484877061335e-01,8.152577266249942944e-01
-6.597982210138843007e-01,-3.734899055610743090e-01
1.558145618537817967e+00,1.359733653758122551e-01
-1.481258902329329441e+00,-6.282215410295175495e-01
2.215314163590174079e+00,1.494542087874176417e+00
-1.316966766066240524e+00,5.106282021966448981e-02
1.968875959195540482e+00,1.069989362093437535e+00
1.393853482274728828e+00,1.359733653758122551e-01
9.831231416170063131e-01,1.409631542718028596e+00
-4.133600166192506475e-01,2.208839105319600205e-01
-9.062364254085177873e-01,5.106282021966448981e-02
8.188310053539171740e-01,9.001682717811421153e-01
2.954628776774074872e+00,3.532395171621722785e+00
-1.070528561671606926e+00,2.208839105319600205e-01
-2.467011719907863831e+00,-1.562237537747142913e+00
7.951639217001647830e-02,-1.477326992590995092e+00
-9.883824935400623568e-01,-1.816969173215586153e+00
-4.955060847507952171e-01,-6.282215410295175495e-01
3.259545965646500343e-01,1.324720997561880775e+00
-2.629675961528045273e-03,6.454366363126987638e-01
-4.955060847507952171e-01,-1.137684811966404030e+00
8.188310053539171740e-01,-1.647148082903290733e+00
8.188310053539171740e-01,3.057944556881077580e-01
1.968875959195540482e+00,2.088915903967210497e+00
-2.629675961528045273e-03,9.850788169372898251e-01
4.902467328277391179e-01,-2.036688152487787784e-01
-5.776521528823397311e-01,9.850788169372898251e-01
2.461752367984807677e+00,-4.584004507172220744e-01
1.804583822932451564e+00,1.069989362093437535e+00
-1.070528561671606926e+00,-9.678637216541086108e-01
-1.234820697934695843e+00,-7.980426313418130801e-01
-2.138427447381685553e+00,2.768200265216392619e+00
1.065269209748550772e+00,-7.980426313418130801e-01
-7.419442891454287592e-01,-6.282215410295175495e-01
1.640291686669362425e+00,1.749273723342619657e+00
1.147415277880095230e+00,3.907050008442555233e-01
-1.234820697934695843e+00,-2.036688152487787784e-01
-8.477574409307257752e-02,1.359733653758122551e-01
2.438085284331055203e-01,-6.282215410295175495e-01
-8.240903572769733287e-01,1.069989362093437535e+00
2.438085284331055203e-01,-2.885793604049265437e-01
5.723928009592836874e-01,7.303471814688465846e-01
1.065269209748550772e+00,-2.036688152487787784e-01
-4.955060847507952171e-01,-2.036688152487787784e-01
1.229561346011639911e+00,1.409631542718028596e+00
-2.629675961528045273e-03,-6.282215410295175495e-01
-9.062364254085177873e-01,-1.187582700926310270e-01
2.438085284331055203e-01,1.069989362093437535e+00
-8.240903572769733287e-01,8.152577266249942944e-01
-4.955060847507952171e-01,-2.036688152487787784e-01
-1.152674629803151385e+00,5.605260911565510540e-01
-4.133600166192506475e-01,-1.222595357122551851e+00
-2.490678803561616195e-01,-7.980426313418130801e-01
1.311707414143184369e+00,5.605260911565510540e-01
-1.669218122246171054e-01,-1.187582700926310270e-01
1.616624603015610062e-01,4.756155460004032887e-01
-8.477574409307257752e-02,-1.222595357122551851e+00
9.831231416170063131e-01,-1.187582700926310270e-01
-3.312139484877061335e-01,-8.829531764979609010e-01
2.438085284331055203e-01,-2.036688152487787784e-01
-4.955060847507952171e-01,9.001682717811421153e-01
4.081006646961946038e-01,-1.392416447434847493e+00
1.886729891063996023e+00,2.513468629747949379e+00
7.951639217001647830e-02,3.907050008442555233e-01
-8.477574409307257752e-02,1.324720997561880775e+00
-3.312139484877061335e-01,-1.222595357122551851e+00
-2.490678803561616195e-01,-1.137684811966404030e+00
7.951639217001647830e-02,7.303471814688465846e-01
4.081006646961946038e-01,5.605260911565510540e-01
-1.563404970460874122e+00,9.001682717811421153e-01
-2.138427447381685553e+00,-7.980426313418130801e-01
1.616624603015610062e-01,-3.734899055610743090e-01
-1.669218122246171054e-01,-8.829531764979609010e-01
-1.070528561671606926e+00,-2.241521898996325035e+00
-5.776521528823397311e-01,-2.036688152487787784e-01
1.065269209748550772e+00,-2.036688152487787784e-01
4.902467328277391179e-01,-2.885793604049265437e-01
-3.312139484877061335e-01,9.001682717811421153e-01
-1.669218122246171054e-01,5.106282021966448981e-02
7.366849372223727155e-01,1.579452633030324238e+00
-6.597982210138843007e-01,-1.137684811966404030e+00
4.902467328277391179e-01,-7.131320861856653703e-01
-9.883824935400623568e-01,-3.734899055610743090e-01
-1.070528561671606926e+00,-3.734899055610743090e-01
-1.070528561671606926e+00,-3.734899055610743090e-01
-4.955060847507952171e-01,-3.734899055610743090e-01
7.951639217001647830e-02,-3.734899055610743090e-01
9.009770734854617436e-01,-3.384772493648326858e-02
-1.234820697934695843e+00,-2.156611353840177436e+00
-3.312139484877061335e-01,-1.392416447434847493e+00
-2.490678803561616195e-01,-3.384772493648326858e-02
-1.669218122246171054e-01,-2.885793604049265437e-01
1.722437754800906884e+00,1.494542087874176417e+00
-9.883824935400623568e-01,-1.307505902278699672e+00
-6.597982210138843007e-01,-3.384772493648326858e-02
1.558145618537817967e+00,1.239810452405733177e+00
-7.419442891454287592e-01,-2.036688152487787784e-01
-9.883824935400623568e-01,-3.384772493648326858e-02
8.188310053539171740e-01,1.359733653758122551e-01
-4.955060847507952171e-01,2.208839105319600205e-01
4.081006646961946038e-01,1.359733653758122551e-01
5.723928009592836874e-01,-9.678637216541086108e-01
1.147415277880095230e+00,-4.584004507172220744e-01
-9.062364254085177873e-01,4.756155460004032887e-01
4.902467328277391179e-01,-2.885793604049265437e-01
-1.809843174855507719e+00,-6.282215410295175495e-01
-1.399112834197784982e+00,-1.137684811966404030e+00
2.438085284331055203e-01,-9.678637216541086108e-01
-1.481258902329329441e+00,-7.980426313418130801e-01
3.259545965646500343e-01,-2.885793604049265437e-01
1.311707414143184369e+00,-8.829531764979609010e-01
1.640291686669362425e+00,1.749273723342619657e+00
1.616624603015610062e-01,8.152577266249942944e-01
-5.776521528823397311e-01,4.756155460004032887e-01
-1.727697106723963039e+00,-2.071700808684029393e+00
7.951639217001647830e-02,3.907050008442555233e-01
-8.240903572769733287e-01,1.154899907249585356e+00
-5.776521528823397311e-01,-5.433109958733698397e-01
-6.597982210138843007e-01,-2.920806260245507158e+00
7.366849372223727155e-01,1.069989362093437535e+00
-8.477574409307257752e-02,1.069989362093437535e+00
-2.490678803561616195e-01,-1.187582700926310270e-01
4.902467328277391179e-01,-3.384772493648326858e-02
3.259545965646500343e-01,6.454366363126987638e-01
-8.477574409307257752e-02,-3.384772493648326858e-02
4.081006646961946038e-01,8.152577266249942944e-01
-9.062364254085177873e-01,-8.829531764979609010e-01
4.081006646961946038e-01,4.756155460004032887e-01
8.188310053539171740e-01,5.106282021966448981e-02
-4.133600166192506475e-01,-2.036688152487787784e-01
8.188310053539171740e-01,-1.816969173215586153e+00
-8.240903572769733287e-01,1.324720997561880775e+00
-2.220573515513230234e+00,-9.678637216541086108e-01
5.723928009592836874e-01,1.239810452405733177e+00
7.951639217001647830e-02,1.579452633030324238e+00
8.188310053539171740e-01,9.850788169372898251e-01
-9.062364254085177873e-01,-9.678637216541086108e-01
1.147415277880095230e+00,3.057944556881077580e-01
-8.240903572769733287e-01,8.152577266249942944e-01
-7.419442891454287592e-01,-6.282215410295175495e-01
7.951639217001647830e-02,4.756155460004032887e-01
2.626044504247896594e+00,-6.282215410295175495e-01
2.051022027327085162e+00,2.088915903967210497e+00
-1.669218122246171054e-01,-8.829531764979609010e-01
-8.477574409307257752e-02,3.057944556881077580e-01
-5.776521528823397311e-01,1.239810452405733177e+00
-2.631303856170952749e+00,-1.307505902278699672e+00
-9.062364254085177873e-01,-1.222595357122551851e+00
1.393853482274728828e+00,-3.734899055610743090e-01
6.545388690908281459e-01,-9.678637216541086108e-01
2.379606299853262996e+00,6.454366363126987638e-01
8.188310053539171740e-01,-4.584004507172220744e-01
1.558145618537817967e+00,-9.678637216541086108e-01
1.722437754800906884e+00,1.069989362093437535e+00
2.438085284331055203e-01,-4.584004507172220744e-01
-2.629675961528045273e-03,7.303471814688465846e-01
5.723928009592836874e-01,-1.187582700926310270e-01
1.475999550406273508e+00,8.152577266249942944e-01
-6.597982210138843007e-01,1.359733653758122551e-01
9.831231416170063131e-01,1.919094813654915077e+00
5.723928009592836874e-01,-8.829531764979609010e-01
-3.312139484877061335e-01,3.907050008442555233e-01
9.831231416170063131e-01,-6.282215410295175495e-01
2.438085284331055203e-01,-7.980426313418130801e-01
-2.629675961528045273e-03,5.605260911565510540e-01
8.188310053539171740e-01,-1.222595357122551851e+00
1.475999550406273508e+00,1.359733653758122551e-01
-1.563404970460874122e+00,-4.584004507172220744e-01
-9.062364254085177873e-01,4.756155460004032887e-01
-1.645551038592418580e+00,-7.980426313418130801e-01
-1.891989242987052178e+00,-1.647148082903290733e+00
6.545388690908281459e-01,-6.282215410295175495e-01
1.147415277880095230e+00,-1.222595357122551851e+00
1.311707414143184369e+00,4.756155460004032887e-01
-3.312139484877061335e-01,4.756155460004032887e-01
1.558145618537817967e+00,-8.829531764979609010e-01
-2.138427447381685553e+00,9.850788169372898251e-01
-2.629675961528045273e-03,-7.131320861856653703e-01
-6.597982210138843007e-01,2.208839105319600205e-01
1.147415277880095230e+00,-1.732058628059438554e+00
4.081006646961946038e-01,-7.980426313418130801e-01
3.259545965646500343e-01,7.303471814688465846e-01
7.951639217001647830e-02,3.907050008442555233e-01
-5.776521528823397311e-01,1.239810452405733177e+00
1.475999550406273508e+00,2.513468629747949379e+00
-1.070528561671606926e+00,-5.433109958733698397e-01
-8.240903572769733287e-01,1.919094813654915077e+00
8.188310053539171740e-01,-6.282215410295175495e-01
-9.883824935400623568e-01,-4.584004507172220744e-01
-1.809843174855507719e+00,-9.678637216541086108e-01
-1.070528561671606926e+00,4.756155460004032887e-01
7.951639217001647830e-02,5.605260911565510540e-01
-1.669218122246171054e-01,1.919094813654915077e+00
-6.597982210138843007e-01,-1.052774266810256432e+00
1.616624603015610062e-01,4.756155460004032887e-01
-5.776521528823397311e-01,-2.326432444152472634e+00
2.438085284331055203e-01,7.303471814688465846e-01
-3.312139484877061335e-01,-2.885793604049265437e-01
6.545388690908281459e-01,-3.734899055610743090e-01
-3.312139484877061335e-01,7.303471814688465846e-01
1.147415277880095230e+00,1.919094813654915077e+00
7.951639217001647830e-02,1.069989362093437535e+00
4.902467328277391179e-01,-4.584004507172220744e-01
-6.597982210138843007e-01,-6.282215410295175495e-01
-2.490678803561616195e-01,-1.052774266810256432e+00
-1.891989242987052178e+00,-4.584004507172220744e-01
1.886729891063996023e+00,5.106282021966448981e-02
-2.490678803561616195e-01,9.850788169372898251e-01
4.081006646961946038e-01,-8.829531764979609010e-01
-1.234820697934695843e+00,-1.307505902278699672e+00
-1.669218122246171054e-01,1.239810452405733177e+00
-1.070528561671606926e+00,7.303471814688465846e-01
7.951639217001647830e-02,-4.584004507172220744e-01
1.475999550406273508e+00,2.004005358811062898e+00
-2.629675961528045273e-03,1.154899907249585356e+00
-2.490678803561616195e-01,6.454366363126987638e-01
-2.490678803561616195e-01,-2.885793604049265437e-01
-1.234820697934695843e+00,-3.734899055610743090e-01
-5.776521528823397311e-01,-1.187582700926310270e-01
-8.477574409307257752e-02,-6.282215410295175495e-01
1.147415277880095230e+00,-6.282215410295175495e-01
-7.419442891454287592e-01,4.756155460004032887e-01
-1.481258902329329441e+00,-1.307505902278699672e+00
-1.152674629803151385e+00,-2.885793604049265437e-01
-1.152674629803151385e+00,-7.131320861856653703e-01
-8.240903572769733287e-01,-7.980426313418130801e-01
-5.776521528823397311e-01,5.106282021966448981e-02
-8.477574409307257752e-02,1.239810452405733177e+00
-4.955060847507952171e-01,-3.384772493648326858e-02
-1.563404970460874122e+00,-8.829531764979609010e-01
-2.490678803561616195e-01,-1.307505902278699672e+00
-1.481258902329329441e+00,1.154899907249585356e+00
-1.152674629803151385e+00,-9.678637216541086108e-01
-7.419442891454287592e-01,3.907050008442555233e-01
-3.312139484877061335e-01,1.324720997561880775e+00
-3.312139484877061335e-01,-2.036688152487787784e-01
-7.419442891454287592e-01,2.208839105319600205e-01
-3.312139484877061335e-01,8.152577266249942944e-01
6.545388690908281459e-01,3.907050008442555233e-01
9.009770734854617436e-01,1.154899907249585356e+00
9.009770734854617436e-01,5.106282021966448981e-02
1.886729891063996023e+00,2.208839105319600205e-01
-1.669218122246171054e-01,5.106282021966448981e-02
-4.133600166192506475e-01,9.850788169372898251e-01
6.545388690908281459e-01,-1.307505902278699672e+00
-3.312139484877061335e-01,-7.980426313418130801e-01
-1.669218122246171054e-01,-2.036688152487787784e-01
1.065269209748550772e+00,-1.307505902278699672e+00
-4.133600166192506475e-01,-1.732058628059438554e+00
-1.070528561671606926e+00,-3.734899055610743090e-01
-9.883824935400623568e-01,1.749273723342619657e+00
-2.490678803561616195e-01,3.907050008442555233e-01
-8.477574409307257752e-02,4.756155460004032887e-01
5.723928009592836874e-01,5.605260911565510540e-01
-1.809843174855507719e+00,5.106282021966448981e-02
1.147415277880095230e+00,-1.187582700926310270e-01
-9.062364254085177873e-01,-3.384772493648326858e-02
-2.629675961528045273e-03,1.664363178186471837e+00
-1.563404970460874122e+00,7.303471814688465846e-01
-1.645551038592418580e+00,1.579452633030324238e+00
-2.490678803561616195e-01,3.057944556881077580e-01
-8.240903572769733287e-01,-1.307505902278699672e+00
-1.809843174855507719e+00,-9.678637216541086108e-01
-9.062364254085177873e-01,-7.980426313418130801e-01
-4.955060847507952171e-01,1.359733653758122551e-01
-1.563404970460874122e+00,6.454366363126987638e-01
-1.481258902329329441e+00,-2.411342989308620677e+00
-3.312139484877061335e-01,-1.307505902278699672e+00
7.366849372223727155e-01,1.409631542718028596e+00
-1.669218122246171054e-01,1.239810452405733177e+00
4.081006646961946038e-01,-4.584004507172220744e-01
2.438085284331055203e-01,-1.901879718371733974e+00
-1.322221194755255347e+00,8.219979095072328379e-01
-6.283126757058152267e-03,4.878638318595445722e-01
2.049870104490124856e+00,-5.980719204954422219e-01
1.391901070491026404e+00,1.907933661862219576e+00
3.227013902424911707e-01,-9.322059981431304321e-01
-1.075482807005593511e+00,1.537297542118563065e-01
1.062916553491477067e+00,1.239665506566843156e+00
2.404552609926038365e-01,-9.322059981431304321e-01
2.404552609926038365e-01,-4.310048816715981168e-01
-4.997599022563821158e-01,-4.310048816715981168e-01
-8.852925600694548647e-02,-8.486724787312084350e-01
7.339320364919278417e-01,-1.099273036966974537e+00
8.161781657418151203e-01,1.072598467742998940e+00
-4.175137730064947816e-01,5.713973512714666247e-01
-4.175137730064947816e-01,-1.804043234358319314e-01
8.161781657418151203e-01,-9.687080402390986500e-02
-1.707753852568328068e-01,-1.099273036966974537e+00
-8.287444192559314526e-01,-1.349873595202740750e+00
-8.287444192559314526e-01,-3.474713622596760643e-01
-1.815697970254579463e+00,7.019623479993425397e-02
4.871936487422658391e-01,4.878638318595445722e-01
-5.820060315062695055e-01,-1.349873595202740750e+00
1.582091317427165023e-01,-7.651389593192863270e-01
-1.239975065505368068e+00,-9.322059981431304321e-01
1.474147199740913683e+00,5.713973512714666247e-01
-6.283126757058152267e-03,-2.937010464029259804e+00
-6.283126757058152267e-03,-7.651389593192863270e-01
-4.175137730064947816e-01,-1.804043234358319314e-01
-6.283126757058152267e-03,3.207967930357004116e-01
-2.062436358004241299e+00,-7.651389593192863270e-01
3.227013902424911707e-01,2.372632736237783868e-01
-2.530215145067201132e-01,9.055314289191548349e-01
8.984242949917025101e-01,4.878638318595445722e-01
-8.852925600694548647e-02,-9.687080402390986500e-02
-2.391420875003790858e+00,-1.600474153438506963e+00
-1.733451841004691962e+00,-7.651389593192863270e-01
1.582091317427165023e-01,-6.816054399073643300e-01
1.582091317427165023e-01,-5.980719204954422219e-01
-6.642521607561567842e-01,4.878638318595445722e-01
-9.932366777557061210e-01,-1.182806556378896756e+00
-8.852925600694548647e-02,4.043303124476225197e-01
-7.464982900060440629e-01,-9.687080402390986500e-02
1.145162682741364346e+00,-1.600474153438506963e+00
-1.707753852568328068e-01,-1.804043234358319314e-01
-4.997599022563821158e-01,7.384643900953107298e-01
1.309654941241139126e+00,1.740866623038375360e+00
3.227013902424911707e-01,6.549308706833887328e-01
-8.852925600694548647e-02,-5.145384010835201138e-01
-1.239975065505368068e+00,-4.310048816715981168e-01
-6.642521607561567842e-01,7.019623479993425397e-02
-1.980190228754354020e+00,7.384643900953107298e-01
1.062916553491477067e+00,4.878638318595445722e-01
1.582091317427165023e-01,-1.349873595202740750e+00
1.885377845990350298e+00,-2.639378428477540117e-01
-9.109905485058187313e-01,1.537297542118563065e-01
7.339320364919278417e-01,-3.474713622596760643e-01
1.556393328990801184e+00,7.384643900953107298e-01
-2.530215145067201132e-01,1.537297542118563065e-01
1.145162682741364346e+00,-6.816054399073643300e-01
-3.352676437566074474e-01,-1.333728461198780552e-02
-1.733451841004691962e+00,-1.516940634026584966e+00
-1.897944099504466742e+00,-8.486724787312084350e-01
8.984242949917025101e-01,9.055314289191548349e-01
-1.568959582504917405e+00,-2.018141750498117393e+00
-8.287444192559314526e-01,-4.310048816715981168e-01
1.474147199740913683e+00,1.740866623038375360e+00
2.404552609926038365e-01,1.490266064802609369e+00
-1.707753852568328068e-01,-6.816054399073643300e-01
-6.642521607561567842e-01,1.239665506566843156e+00
-9.932366777557061210e-01,-1.015739517555052540e+00
-4.175137730064947816e-01,-1.015739517555052540e+00
-1.404467324005142626e+00,-9.322059981431304321e-01
1.062916553491477067e+00,-2.639378428477540117e-01
-4.175137730064947816e-01,-1.600474153438506963e+00
6.516859072420404519e-01,3.207967930357004116e-01
7.596300249282918193e-02,-1.015739517555052540e+00
-3.352676437566074474e-01,-1.767541192262351180e+00
-5.820060315062695055e-01,8.219979095072328379e-01
-9.932366777557061210e-01,4.043303124476225197e-01
-1.486713453255030126e+00,-3.474713622596760643e-01
-8.287444192559314526e-01,3.207967930357004116e-01
-1.486713453255030126e+00,-1.600474153438506963e+00
-1.707753852568328068e-01,-5.145384010835201138e-01
-5.820060315062695055e-01,4.043303124476225197e-01
-1.075482807005593511e+00,8.219979095072328379e-01
9.806704242415897887e-01,-1.266340075790818753e+00
8.161781657418151203e-01,1.537297542118563065e-01
-3.352676437566074474e-01,-1.099273036966974537e+00
-6.642521607561567842e-01,-1.349873595202740750e+00
-2.391420875003790858e+00,-1.767541192262351180e+00
1.556393328990801184e+00,-1.333728461198780552e-02
3.227013902424911707e-01,9.890649483310769430e-01
-3.352676437566074474e-01,1.239665506566843156e+00
4.049475194923785049e-01,-1.934608231086195174e+00
8.161781657418151203e-01,-9.687080402390986500e-02
-1.980190228754354020e+00,4.043303124476225197e-01
-1.568959582504917405e+00,-8.486724787312084350e-01
1.582091317427165023e-01,7.384643900953107298e-01
-1.815697970254579463e+00,5.713973512714666247e-01
4.871936487422658391e-01,-9.687080402390986500e-02
4.871936487422658391e-01,9.890649483310769430e-01
2.404552609926038365e-01,7.019623479993425397e-02
1.391901070491026404e+00,1.406732545390687150e+00
4.049475194923785049e-01,-8.486724787312084350e-01
-8.287444192559314526e-01,-4.310048816715981168e-01
-4.997599022563821158e-01,-2.639378428477540117e-01
8.984242949917025101e-01,1.239665506566843156e+00
-6.642521607561567842e-01,2.372632736237783868e-01
1.556393328990801184e+00,-1.333728461198780552e-02
-9.109905485058187313e-01,9.055314289191548349e-01
2.404552609926038365e-01,6.549308706833887328e-01
6.516859072420404519e-01,-4.310048816715981168e-01
-3.352676437566074474e-01,-1.333728461198780552e-02
-2.530215145067201132e-01,-6.816054399073643300e-01
-7.464982900060440629e-01,7.384643900953107298e-01
-1.980190228754354020e+00,3.207967930357004116e-01
-4.997599022563821158e-01,-1.015739517555052540e+00
6.516859072420404519e-01,-9.687080402390986500e-02
1.720885587490575741e+00,-5.145384010835201138e-01
-2.530215145067201132e-01,-1.349873595202740750e+00
7.339320364919278417e-01,3.207967930357004116e-01
-1.404467324005142626e+00,-2.769943425205415810e+00
7.596300249282918193e-02,1.537297542118563065e-01
7.596300249282918193e-02,-1.099273036966974537e+00
-1.404467324005142626e+00,6.549308706833887328e-01
4.871936487422658391e-01,7.019623479993425397e-02
-1.486713453255030126e+00,-9.322059981431304321e-01
1.309654941241139126e+00,1.239665506566843156e+00
7.596300249282918193e-02,-6.816054399073643300e-01
1.803131716740463020e+00,-6.816054399073643300e-01
-6.642521607561567842e-01,8.219979095072328379e-01
2.404552609926038365e-01,9.055314289191548349e-01
-7.464982900060440629e-01,-9.687080402390986500e-02
1.582091317427165023e-01,-5.980719204954422219e-01
-1.707753852568328068e-01,-1.349873595202740750e+00
1.227408811991251847e+00,-1.804043234358319314e-01
-6.642521607561567842e-01,-9.687080402390986500e-02
1.582091317427165023e-01,-1.015739517555052540e+00
1.474147199740913683e+00,-2.639378428477540117e-01
-9.109905485058187313e-01,-5.980719204954422219e-01
-4.175137730064947816e-01,1.490266064802609369e+00
1.227408811991251847e+00,8.219979095072328379e-01
1.309654941241139126e+00,2.158534220097985568e+00
7.596300249282918193e-02,4.043303124476225197e-01
-2.884897650503114530e+00,-1.600474153438506963e+00
-1.322221194755255347e+00,-2.639378428477540117e-01
-2.226928616504015856e+00,-1.182806556378896756e+00
-1.322221194755255347e+00,6.549308706833887328e-01
7.596300249282918193e-02,-9.687080402390986500e-02
-1.157728936255480789e+00,-1.099273036966974537e+00
-1.707753852568328068e-01,-9.322059981431304321e-01
-7.464982900060440629e-01,1.657333103626453363e+00
1.062916553491477067e+00,1.156131987154920937e+00
-9.109905485058187313e-01,-1.433407114614662747e+00
8.984242949917025101e-01,7.019623479993425397e-02
7.339320364919278417e-01,-1.600474153438506963e+00
1.145162682741364346e+00,1.490266064802609369e+00
-9.109905485058187313e-01,-3.474713622596760643e-01
-1.815697970254579463e+00,-1.516940634026584966e+00
-1.707753852568328068e-01,1.537297542118563065e-01
-3.352676437566074474e-01,-1.333728461198780552e-02
-1.733451841004691962e+00,-1.433407114614662747e+00
-1.707753852568328068e-01,-1.804043234358319314e-01
-8.852925600694548647e-02,-1.804043234358319314e-01
1.885377845990350298e+00,1.156131987154920937e+00
-6.283126757058152267e-03,1.072598467742998940e+00
5.694397779921531733e-01,-1.333728461198780552e-02
4.871936487422658391e-01,-1.804043234358319314e-01
6.516859072420404519e-01,9.890649483310769430e-01
-2.555913133503565415e+00,-9.322059981431304321e-01
4.049475194923785049e-01,1.573799584214531366e+00
-1.486713453255030126e+00,2.372632736237783868e-01
-1.568959582504917405e+00,-2.519342866969649819e+00
-6.642521607561567842e-01,-5.980719204954422219e-01
9.806704242415897887e-01,-9.322059981431304321e-01
-1.897944099504466742e+00,-2.639378428477540117e-01
-6.283126757058152267e-03,-1.600474153438506963e+00
-2.530215145067201132e-01,4.878638318595445722e-01
7.596300249282918193e-02,1.406732545390687150e+00
-1.980190228754354020e+00,-3.605278619324636225e+00
7.339320364919278417e-01,3.207967930357004116e-01
9.806704242415897887e-01,-1.333728461198780552e-02
1.391901070491026404e+00,6.549308706833887328e-01
-1.707753852568328068e-01,3.207967930357004116e-01
-8.287444192559314526e-01,-1.266340075790818753e+00
9.806704242415897887e-01,1.156131987154920937e+00
-1.404467324005142626e+00,-1.015739517555052540e+00
8.161781657418151203e-01,3.207967930357004116e-01
7.596300249282918193e-02,1.072598467742998940e+00
-2.720405392003339973e+00,-1.182806556378896756e+00
1.638639458240688462e+00,1.156131987154920937e+00
-7.464982900060440629e-01,-4.310048816715981168e-01
-8.287444192559314526e-01,-2.639378428477540117e-01
2.049870104490124856e+00,1.537297542118563065e-01
8.984242949917025101e-01,3.207967930357004116e-01
-1.075482807005593511e+00,-1.804043234358319314e-01
-4.175137730064947816e-01,-4.310048816715981168e-01
1.145162682741364346e+00,2.372632736237783868e-01
7.596300249282918193e-02,-1.433407114614662747e+00
1.309654941241139126e+00,-2.018141750498117393e+00
-8.287444192559314526e-01,-5.145384010835201138e-01
-2.530215145067201132e-01,-9.687080402390986500e-02
-4.175137730064947816e-01,-9.322059981431304321e-01
-1.239975065505368068e+00,-1.182806556378896756e+00
-4.175137730064947816e-01,-1.182806556378896756e+00
-1.075482807005593511e+00,-9.322059981431304321e-01
8.984242949917025101e-01,1.323199025978765153e+00
6.516859072420404519e-01,-1.099273036966974537e+00
-8.852925600694548647e-02,-1.333728461198780552e-02
2.404552609926038365e-01,2.372632736237783868e-01
4.049475194923785049e-01,3.207967930357004116e-01
1.227408811991251847e+00,5.713973512714666247e-01
1.720885587490575741e+00,2.492668297745674000e+00
-6.642521607561567842e-01,-1.851074711674273177e+00
-9.932366777557061210e-01,-1.684007672850428960e+00
-6.283126757058152267e-03,-6.816054399073643300e-01
5.694397779921531733e-01,-1.266340075790818753e+00
-1.651205711754804684e+00,-1.333728461198780552e-02
8.984242949917025101e-01,-4.310048816715981168e-01
1.638639458240688462e+00,-2.639378428477540117e-01
-1.733451841004691962e+00,7.019623479993425397e-02
-6.642521607561567842e-01,8.219979095072328379e-01
1.582091317427165023e-01,3.495070530688738852e+00
-2.530215145067201132e-01,7.384643900953107298e-01
4.049475194923785049e-01,-3.474713622596760643e-01
-8.287444192559314526e-01,-1.349873595202740750e+00
-1.157728936255480789e+00,1.740866623038375360e+00
-5.820060315062695055e-01,7.019623479993425397e-02
5.694397779921531733e-01,4.878638318595445722e-01
7.596300249282918193e-02,-1.516940634026584966e+00
-5.820060315062695055e-01,9.055314289191548349e-01
-1.157728936255480789e+00,-2.185208789321961387e+00
7.596300249282918193e-02,-6.816054399073643300e-01
-2.967143779753001809e+00,-1.015739517555052540e+00
2.296608492239787136e+00,1.824400142450297579e+00
-4.997599022563821158e-01,-1.851074711674273177e+00
-6.283126757058152267e-03,9.890649483310769430e-01
4.049475194923785049e-01,-1.851074711674273177e+00
1.062916553491477067e+00,-2.639378428477540117e-01
-1.707753852568328068e-01,-1.333728461198780552e-02
6.516859072420404519e-01,-5.980719204954422219e-01
4.871936487422658391e-01,-1.333728461198780552e-02
-1.322221194755255347e+00,-9.687080402390986500e-02
-1.707753852568328068e-01,6.549308706833887328e-01
6.516859072420404519e-01,7.019623479993425397e-02
1.309654941241139126e+00,5.713973512714666247e-01
1.474147199740913683e+00,-1.804043234358319314e-01
-2.802651521253227251e+00,-1.349873595202740750e+00
-6.283126757058152267e-03,-9.322059981431304321e-01
-1.897944099504466742e+00,-1.349873595202740750e+00
2.132116233740012579e+00,5.713973512714666247e-01
-8.287444192559314526e-01,1.537297542118563065e-01
-7.464982900060440629e-01,-5.145384010835201138e-01
6.516859072420404519e-01,-2.639378428477540117e-01
6.516859072420404519e-01,-3.474713622596760643e-01
-7.464982900060440629e-01,1.239665506566843156e+00
-6.283126757058152267e-03,-1.851074711674273177e+00
6.516859072420404519e-01,-3.474713622596760643e-01
-3.352676437566074474e-01,-1.804043234358319314e-01
6.516859072420404519e-01,-1.516940634026584966e+00
1.474147199740913683e+00,1.657333103626453363e+00
-2.530215145067201132e-01,9.055314289191548349e-01
-1.322221194755255347e+00,-1.804043234358319314e-01
-7.464982900060440629e-01,-2.018141750498117393e+00
-2.530215145067201132e-01,1.072598467742998940e+00
1.391901070491026404e+00,5.713973512714666247e-01
7.596300249282918193e-02,1.072598467742998940e+00
-6.642521607561567842e-01,-1.433407114614662747e+00
1.582091317427165023e-01,-2.639378428477540117e-01
8.984242949917025101e-01,1.573799584214531366e+00
-8.287444192559314526e-01,-1.684007672850428960e+00
1.582091317427165023e-01,-7.651389593192863270e-01
2.404552609926038365e-01,1.537297542118563065e-01
4.049475194923785049e-01,1.991467181274141574e+00
-1.404467324005142626e+00,-8.486724787312084350e-01
5.694397779921531733e-01,-1.182806556378896756e+00
7.339320364919278417e-01,-1.099273036966974537e+00
-8.287444192559314526e-01,-1.015739517555052540e+00
5.694397779921531733e-01,2.372632736237783868e-01
2.296608492239787136e+00,1.657333103626453363e+00
7.596300249282918193e-02,-1.600474153438506963e+00
-9.932366777557061210e-01,-8.486724787312084350e-01
8.161781657418151203e-01,9.055314289191548349e-01
-1.980190228754354020e+00,4.878638318595445722e-01
1.391901070491026404e+00,-1.851074711674273177e+00
7.596300249282918193e-02,3.207967930357004116e-01
8.161781657418151203e-01,-9.322059981431304321e-01
7.596300249282918193e-02,-1.333728461198780552e-02
1.967623975240237799e+00,2.372632736237783868e-01
-8.852925600694548647e-02,4.043303124476225197e-01
1.720885587490575741e+00,1.072598467742998940e+00
2.404552609926038365e-01,-9.687080402390986500e-02
-1.651205711754804684e+00,1.740866623038375360e+00
-3.352676437566074474e-01,-3.474713622596760643e-01
-1.815697970254579463e+00,-1.333728461198780552e-02
-4.997599022563821158e-01,-1.804043234358319314e-01
-9.932366777557061210e-01,-6.816054399073643300e-01
4.049475194923785049e-01,2.576201817157595997e+00
-4.997599022563821158e-01,-1.266340075790818753e+00
-9.932366777557061210e-01,-5.145384010835201138e-01
-4.997599022563821158e-01,-9.687080402390986500e-02
5.694397779921531733e-01,-4.310048816715981168e-01
1.582091317427165023e-01,-7.651389593192863270e-01
-1.707753852568328068e-01,-6.816054399073643300e-01
1.145162682741364346e+00,4.878638318595445722e-01
9.806704242415897887e-01,4.043303124476225197e-01
6.516859072420404519e-01,2.372632736237783868e-01
1.582091317427165023e-01,-1.333728461198780552e-02
-5.820060315062695055e-01,-9.322059981431304321e-01
4.871936487422658391e-01,7.019623479993425397e-02
4.049475194923785049e-01,-5.145384010835201138e-01
1.582091317427165023e-01,2.910335894805284429e+00
2.404552609926038365e-01,-5.145384010835201138e-01
1.638639458240688462e+00,7.384643900953107298e-01
-1.075482807005593511e+00,-4.310048816715981168e-01
8.161781657418151203e-01,-3.474713622596760643e-01
-1.075482807005593511e+00,-9.322059981431304321e-01
7.596300249282918193e-02,-1.349873595202740750e+00
7.596300249282918193e-02,4.043303124476225197e-01
-2.226928616504015856e+00,-1.684007672850428960e+00
1.062916553491477067e+00,-1.684007672850428960e+00
-7.464982900060440629e-01,-3.474713622596760643e-01
5.694397779921531733e-01,7.384643900953107298e-01
-7.464982900060440629e-01,2.242067739509908009e+00
2.404552609926038365e-01,6.549308706833887328e-01
1.803131716740463020e+00,-1.099273036966974537e+00
1.309654941241139126e+00,-1.516940634026584966e+00
4.049475194923785049e-01,-1.099273036966974537e+00
8.984242949917025101e-01,-7.651389593192863270e-01
4.871936487422658391e-01,1.406732545390687150e+00
-1.568959582504917405e+00,-1.266340075790818753e+00
-1.486713453255030126e+00,-1.600474153438506963e+00
-4.175137730064947816e-01,-1.600474153438506963e+00
1.582091317427165023e-01,-6.816054399073643300e-01
-1.075482807005593511e+00,-1.015739517555052540e+00
-1.322221194755255347e+00,1.537297542118563065e-01
-2.530215145067201132e-01,-1.099273036966974537e+00
-1.651205711754804684e+00,5.713973512714666247e-01
8.161781657418151203e-01,2.372632736237783868e-01
1.062916553491477067e+00,-1.433407114614662747e+00
-1.707753852568328068e-01,-6.816054399073643300e-01
-8.852925600694548647e-02,3.207967930357004116e-01
1.227408811991251847e+00,6.549308706833887328e-01
-8.852925600694548647e-02,-5.980719204954422219e-01
5.694397779921531733e-01,9.055314289191548349e-01
1.391901070491026404e+00,4.878638318595445722e-01
7.596300249282918193e-02,2.372632736237783868e-01
7.596300249282918193e-02,7.384643900953107298e-01
-3.352676437566074474e-01,-1.804043234358319314e-01
-1.404467324005142626e+00,1.537297542118563065e-01
-1.239975065505368068e+00,2.372632736237783868e-01
-2.530215145067201132e-01,1.907933661862219576e+00
-1.651205711754804684e+00,-2.639378428477540117e-01
7.596300249282918193e-02,2.158534220097985568e+00
-5.820060315062695055e-01,-2.352275828145805381e+00
9.806704242415897887e-01,7.019623479993425397e-02
-6.642521607561567842e-01,-6.816054399073643300e-01
1.309654941241139126e+00,9.890649483310769430e-01
1.145162682741364346e+00,4.043303124476225197e-01
-8.287444192559314526e-01,2.372632736237783868e-01
-2.530215145067201132e-01,4.043303124476225197e-01
-3.352676437566074474e-01,1.239665506566843156e+00
1.145162682741364346e+00,1.239665506566843156e+00
-9.932366777557061210e-01,4.043303124476225197e-01
1.309654941241139126e+00,1.156131987154920937e+00
-9.932366777557061210e-01,7.384643900953107298e-01
-1.486713453255030126e+00,-3.474713622596760643e-01
2.214362362989899857e+00,1.072598467742998940e+00
-4.175137730064947816e-01,-1.099273036966974537e+00
7.339320364919278417e-01,1.537297542118563065e-01
5.694397779921531733e-01,4.878638318595445722e-01
-7.464982900060440629e-01,5.713973512714666247e-01
-1.239975065505368068e+00,-1.015739517555052540e+00
7.339320364919278417e-01,7.019623479993425397e-02
1.556393328990801184e+00,5.713973512714666247e-01
1.582091317427165023e-01,1.537297542118563065e-01
-5.820060315062695055e-01,-1.333728461198780552e-02
-4.997599022563821158e-01,2.075000700686063571e+00
-1.568959582504917405e+00,-1.182806556378896756e+00
-7.464982900060440629e-01,-1.851074711674273177e+00
-1.239975065505368068e+00,1.537297542118563065e-01
-2.530215145067201132e-01,7.019623479993425397e-02
-5.820060315062695055e-01,7.019623479993425397e-02
-7.464982900060440629e-01,-4.310048816715981168e-01
1.309654941241139126e+00,2.075000700686063571e+00
2.404552609926038365e-01,-1.266340075790818753e+00
-1.157728936255480789e+00,-3.474713622596760643e-01
5.694397779921531733e-01,9.055314289191548349e-01
3.227013902424911707e-01,1.239665506566843156e+00
-1.322221194755255347e+00,-9.322059981431304321e-01
1.720885587490575741e+00,1.156131987154920937e+00
-7.464982900060440629e-01,-3.187611022265026239e+00
-3.352676437566074474e-01,1.239665506566843156e+00
-6.642521607561567842e-01,-1.266340075790818753e+00
-1.707753852568328068e-01,-7.651389593192863270e-01
-3.352676437566074474e-01,-1.516940634026584966e+00
-3.352676437566074474e-01,-3.474713622596760643e-01
-2.530215145067201132e-01,5.713973512714666247e-01
7.596300249282918193e-02,-1.433407114614662747e+00
2.404552609926038365e-01,-6.816054399073643300e-01
3.227013902424911707e-01,9.890649483310769430e-01
5.694397779921531733e-01,1.537297542118563065e-01
8.161781657418151203e-01,1.657333103626453363e+00
-1.157728936255480789e+00,2.325601258921830006e+00
4.871936487422658391e-01,8.219979095072328379e-01
-2.062436358004241299e+00,-6.816054399073643300e-01
-1.815697970254579463e+00,-2.853476944617337807e+00
7.596300249282918193e-02,-1.015739517555052540e+00
4.049475194923785049e-01,-2.352275828145805381e+00
2.404552609926038365e-01,7.019623479993425397e-02
-3.352676437566074474e-01,4.878638318595445722e-01
7.596300249282918193e-02,-1.333728461198780552e-02
-1.815697970254579463e+00,4.878638318595445722e-01
3.227013902424911707e-01,6.549308706833887328e-01
4.871936487422658391e-01,7.019623479993425397e-02
2.404552609926038365e-01,8.219979095072328379e-01
7.339320364919278417e-01,8.219979095072328379e-01
3.227013902424911707e-01,-1.182806556378896756e+00
2.625593009239336251e+00,1.907933661862219576e+00
5.694397779921531733e-01,9.055314289191548349e-01
-6.283126757058152267e-03,7.384643900953107298e-01
-1.707753852568328068e-01,-5.980719204954422219e-01
6.516859072420404519e-01,1.537297542118563065e-01
8.161781657418151203e-01,7.019623479993425397e-02
-2.473667004253678137e+00,-2.639378428477540117e-01
-1.707753852568328068e-01,9.890649483310769430e-01
1.391901070491026404e+00,1.573799584214531366e+00
-1.707753852568328068e-01,4.878638318595445722e-01
-9.932366777557061210e-01,-1.934608231086195174e+00
-4.997599022563821158e-01,-1.767541192262351180e+00
2.404552609926038365e-01,-8.486724787312084350e-01
1.391901070491026404e+00,2.372632736237783868e-01
1.720885587490575741e+00,3.207967930357004116e-01
-8.287444192559314526e-01,-1.182806556378896756e+00
-6.642521607561567842e-01,-1.015739517555052540e+00
4.049475194923785049e-01,-4.310048816715981168e-01
1.062916553491477067e+00,-5.145384010835201138e-01
-7.464982900060440629e-01,-9.687080402390986500e-02
2.404552609926038365e-01,6.549308706833887328e-01
-2.530215145067201132e-01,-9.687080402390986500e-02
-1.075482807005593511e+00,-3.474713622596760643e-01
-1.157728936255480789e+00,1.537297542118563065e-01
1.062916553491477067e+00,4.043303124476225197e-01
-4.175137730064947816e-01,9.890649483310769430e-01
1.227408811991251847e+00,4.878638318595445722e-01
4.049475194923785049e-01,6.549308706833887328e-01
-6.642521607561567842e-01,1.323199025978765153e+00
4.049475194923785049e-01,-1.804043234358319314e-01
-1.404467324005142626e+00,-1.349873595202740750e+00
4.049475194923785049e-01,7.019623479993425397e-02
9.806704242415897887e-01,1.323199025978765153e+00
-6.283126757058152267e-03,-7.651389593192863270e-01
4.871936487422658391e-01,-1.433407114614662747e+00
-1.157728936255480789e+00,-1.600474153438506963e+00
1.227408811991251847e+00,5.713973512714666247e-01
3.227013902424911707e-01,1.537297542118563065e-01
-3.352676437566074474e-01,9.890649483310769430e-01
-3.352676437566074474e-01,4.043303124476225197e-01
-1.707753852568328068e-01,3.207967930357004116e-01
-1.707753852568328068e-01,4.043303124476225197e-01
-1.707753852568328068e-01,-1.333728461198780552e-02
1.145162682741364346e+00,1.072598467742998940e+00
-1.157728936255480789e+00,-9.687080402390986500e-02
-1.568959582504917405e+00,-1.433407114614662747e+00
8.984242949917025101e-01,1.991467181274141574e+00
-1.157728936255480789e+00,-2.639378428477540117e-01
-6.283126757058152267e-03,3.207967930357004116e-01
-7.464982900060440629e-01,-1.349873595202740750e+00
1.582091317427165023e-01,-4.310048816715981168e-01
-3.352676437566074474e-01,-4.310048816715981168e-01
-8.852925600694548647e-02,4.878638318595445722e-01
1.582091317427165023e-01,-1.099273036966974537e+00
1.556393328990801184e+00,-1.333728461198780552e-02
-1.707753852568328068e-01,-5.980719204954422219e-01
1.309654941241139126e+00,-5.145384010835201138e-01
7.596300249282918193e-02,3.207967930357004116e-01
-4.997599022563821158e-01,-4.310048816715981168e-01
1.227408811991251847e+00,-1.099273036966974537e+00
-4.175137730064947816e-01,-5.145384010835201138e-01
-4.997599022563821158e-01,-4.310048816715981168e-01
-4.997599022563821158e-01,9.890649483310769430e-01
-8.852925600694548647e-02,-1.804043234358319314e-01
-1.239975065505368068e+00,-4.310048816715981168e-01
5.694397779921531733e-01,1.156131987154920937e+00
-1.815697970254579463e+00,-1.349873595202740750e+00
1.145162682741364346e+00,1.406732545390687150e+00
-1.980190228754354020e+00,5.713973512714666247e-01
-1.075482807005593511e+00,-6.816054399073643300e-01
-1.733451841004691962e+00,-5.980719204954422219e-01
-2.530215145067201132e-01,-1.516940634026584966e+00
-2.530215145067201132e-01,3.207967930357004116e-01
-7.464982900060440629e-01,9.055314289191548349e-01
8.161781657418151203e-01,8.219979095072328379e-01
-4.997599022563821158e-01,-1.804043234358319314e-01
9.806704242415897887e-01,2.743268855981439991e+00
-4.175137730064947816e-01,7.384643900953107298e-01
-9.932366777557061210e-01,-2.639378428477540117e-01
-8.287444192559314526e-01,2.372632736237783868e-01
1.638639458240688462e+00,1.239665506566843156e+00
-4.175137730064947816e-01,7.019623479993425397e-02
6.516859072420404519e-01,-7.651389593192863270e-01
9.806704242415897887e-01,-9.322059981431304321e-01
1.391901070491026404e+00,1.537297542118563065e-01
1.474147199740913683e+00,1.824400142450297579e+00
-1.322221194755255347e+00,5.713973512714666247e-01
-1.486713453255030126e+00,-1.349873595202740750e+00
6.516859072420404519e-01,5.713973512714666247e-01
-6.283126757058152267e-03,8.219979095072328379e-01
2.404552609926038365e-01,-7.651389593192863270e-01
-7.464982900060440629e-01,-1.516940634026584966e+00
1.556393328990801184e+00,5.713973512714666247e-01
-1.815697970254579463e+00,-1.433407114614662747e+00
-8.287444192559314526e-01,-7.651389593192863270e-01
-2.530215145067201132e-01,-1.516940634026584966e+00
8.984242949917025101e-01,-3.474713622596760643e-01
5.694397779921531733e-01,9.055314289191548349e-01
-1.075482807005593511e+00,-5.145384010835201138e-01
1.227408811991251847e+00,1.657333103626453363e+00
-4.997599022563821158e-01,1.537297542118563065e-01
-1.075482807005593511e+00,-1.182806556378896756e+00
-6.283126757058152267e-03,6.549308706833887328e-01
1.391901070491026404e+00,7.384643900953107298e-01
7.596300249282918193e-02,4.878638318595445722e-01
-1.815697970254579463e+00,2.372632736237783868e-01
1.309654941241139126e+00,4.878638318595445722e-01
-1.157728936255480789e+00,-6.816054399073643300e-01
-1.707753852568328068e-01,7.384643900953107298e-01
6.516859072420404519e-01,1.323199025978765153e+00
5.694397779921531733e-01,-1.266340075790818753e+00
7.596300249282918193e-02,-2.639378428477540117e-01
1.582091317427165023e-01,-1.099273036966974537e+00
1.062916553491477067e+00,1.490266064802609369e+00
1.582091317427165023e-01,6.549308706833887328e-01
2.404552609926038365e-01,-4.310048816715981168e-01
4.049475194923785049e-01,1.156131987154920937e+00
8.161781657418151203e-01,6.549308706833887328e-01
-9.109905485058187313e-01,-5.145384010835201138e-01
9.806704242415897887e-01,9.055314289191548349e-01
-4.175137730064947816e-01,-1.099273036966974537e+00
-1.707753852568328068e-01,-1.015739517555052540e+00
1.885377845990350298e+00,-6.816054399073643300e-01
4.049475194923785049e-01,9.055314289191548349e-01
-3.352676437566074474e-01,-1.182806556378896756e+00
7.596300249282918193e-02,4.043303124476225197e-01
1.582091317427165023e-01,2.372632736237783868e-01
9.806704242415897887e-01,7.019623479993425397e-02
9.806704242415897887e-01,3.207967930357004116e-01
1.967623975240237799e+00,9.890649483310769430e-01
-3.352676437566074474e-01,1.657333103626453363e+00
1.582091317427165023e-01,-7.651389593192863270e-01
4.049475194923785049e-01,1.323199025978765153e+00
3.227013902424911707e-01,8.219979095072328379e-01
1.145162682741364346e+00,1.323199025978765153e+00
-8.287444192559314526e-01,-1.266340075790818753e+00
1.582091317427165023e-01,1.156131987154920937e+00
-5.820060315062695055e-01,-2.101675269910039390e+00
-1.568959582504917405e+00,-4.310048816715981168e-01
7.596300249282918193e-02,-1.015739517555052540e+00
2.404552609926038365e-01,-5.145384010835201138e-01
-1.486713453255030126e+00,-7.651389593192863270e-01
2.049870104490124856e+00,1.239665506566843156e+00
-2.062436358004241299e+00,-1.600474153438506963e+00
1.309654941241139126e+00,7.384643900953107298e-01
1.720885587490575741e+00,1.406732545390687150e+00
1.062916553491477067e+00,-9.687080402390986500e-02
-7.464982900060440629e-01,3.207967930357004116e-01
4.871936487422658391e-01,-9.322059981431304321e-01
4.049475194923785049e-01,-1.099273036966974537e+00
-9.932366777557061210e-01,-5.145384010835201138e-01
-4.175137730064947816e-01,-5.145384010835201138e-01
1.062916553491477067e+00,-8.486724787312084350e-01
1.582091317427165023e-01,5.713973512714666247e-01
8.161781657418151203e-01,1.156131987154920937e+00
4.049475194923785049e-01,-1.333728461198780552e-02
-9.932366777557061210e-01,-5.980719204954422219e-01
-7.464982900060440629e-01,-1.333728461198780552e-02
3.227013902424911707e-01,-1.684007672850428960e+00
-8.287444192559314526e-01,-5.980719204954422219e-01
-5.820060315062695055e-01,-7.651389593192863270e-01
3.227013902424911707e-01,8.219979095072328379e-01
7.596300249282918193e-02,9.890649483310769430e-01
-7.464982900060440629e-01,-3.474713622596760643e-01
-6.642521607561567842e-01,-1.804043234358319314e-01
-1.486713453255030126e+00,-4.310048816715981168e-01
6.516859072420404519e-01,2.743268855981439991e+00
-6.283126757058152267e-03,-1.015739517555052540e+00
-1.239975065505368068e+00,-2.639378428477540117e-01
-8.287444192559314526e-01,2.242067739509908009e+00
7.339320364919278417e-01,7.019623479993425397e-02
2.404552609926038365e-01,1.657333103626453363e+00
-9.109905485058187313e-01,-4.310048816715981168e-01
7.339320364919278417e-01,2.075000700686063571e+00
-8.852925600694548647e-02,-5.145384010835201138e-01
4.871936487422658391e-01,-1.804043234358319314e-01
3.227013902424911707e-01,7.384643900953107298e-01
-1.486713453255030126e+00,-9.322059981431304321e-01
8.984242949917025101e-01,1.537297542118563065e-01
1.309654941241139126e+00,7.019623479993425397e-02
-2.226928616504015856e+00,2.372632736237783868e-01
-5.820060315062695055e-01,4.878638318595445722e-01
-4.175137730064947816e-01,-1.333728461198780552e-02
7.596300249282918193e-02,7.019623479993425397e-02
-9.109905485058187313e-01,1.537297542118563065e-01
2.404552609926038365e-01,5.713973512714666247e-01
-1.404467324005142626e+00,-7.651389593192863270e-01
-4.997599022563821158e-01,3.207967930357004116e-01
-2.530215145067201132e-01,7.384643900953107298e-01
2.707839138489223529e+00,4.043303124476225197e-01
3.227013902424911707e-01,-2.639378428477540117e-01
1.474147199740913683e+00,9.055314289191548349e-01
-1.707753852568328068e-01,-8.486724787312084350e-01
3.227013902424911707e-01,-1.333728461198780552e-02
-2.530215145067201132e-01,1.072598467742998940e+00
7.339320364919278417e-01,-2.639378428477540117e-01
-7.464982900060440629e-01,-7.651389593192863270e-01
6.516859072420404519e-01,1.490266064802609369e+00
-4.997599022563821158e-01,7.019623479993425397e-02
-1.075482807005593511e+00,1.573799584214531366e+00
1.582091317427165023e-01,-5.145384010835201138e-01
-4.997599022563821158e-01,1.072598467742998940e+00
1.227408811991251847e+00,1.537297542118563065e-01
-8.852925600694548647e-02,1.537297542118563065e-01
-4.175137730064947816e-01,-7.651389593192863270e-01
8.161781657418151203e-01,1.239665506566843156e+00
1.885377845990350298e+00,1.156131987154920937e+00
-1.568959582504917405e+00,-1.333728461198780552e-02
-1.239975065505368068e+00,-1.099273036966974537e+00
-2.530215145067201132e-01,-2.639378428477540117e-01
1.062916553491477067e+00,-9.687080402390986500e-02
-7.464982900060440629e-01,9.055314289191548349e-01
-9.932366777557061210e-01,3.207967930357004116e-01
-4.997599022563821158e-01,9.055314289191548349e-01
-3.352676437566074474e-01,1.156131987154920937e+00
1.582091317427165023e-01,-5.980719204954422219e-01
-8.852925600694548647e-02,9.055314289191548349e-01
-7.464982900060440629e-01,-6.816054399073643300e-01
7.339320364919278417e-01,2.372632736237783868e-01
-6.283126757058152267e-03,9.055314289191548349e-01
-6.283126757058152267e-03,-5.145384010835201138e-01
-2.144682487254128578e+00,4.878638318595445722e-01
-6.642521607561567842e-01,4.043303124476225197e-01
-9.932366777557061210e-01,-1.182806556378896756e+00
-9.109905485058187313e-01,-4.310048816715981168e-01
1.720885587490575741e+00,7.019623479993425397e-02
-1.075482807005593511e+00,-1.333728461198780552e-02
3.201315913988547646e+00,5.713973512714666247e-01
6.516859072420404519e-01,-1.333728461198780552e-02
-7.464982900060440629e-01,7.019623479993425397e-02
1.885377845990350298e+00,1.323199025978765153e+00
6.516859072420404519e-01,4.878638318595445722e-01
-9.109905485058187313e-01,2.372632736237783868e-01
7.596300249282918193e-02,4.043303124476225197e-01
-5.820060315062695055e-01,1.537297542118563065e-01
2.404552609926038365e-01,-1.804043234358319314e-01
1.227408811991251847e+00,-1.015739517555052540e+00
1.145162682741364346e+00,6.549308706833887328e-01
-4.175137730064947816e-01,-4.310048816715981168e-01
-4.997599022563821158e-01,1.323199025978765153e+00
-3.352676437566074474e-01,1.537297542118563065e-01
1.145162682741364346e+00,-7.651389593192863270e-01
-2.555913133503565415e+00,1.239665506566843156e+00
8.984242949917025101e-01,-3.474713622596760643e-01
3.227013902424911707e-01,3.207967930357004116e-01
4.049475194923785049e-01,-6.816054399073643300e-01
8.984242949917025101e-01,-1.804043234358319314e-01
6.516859072420404519e-01,-1.767541192262351180e+00
4.049475194923785049e-01,-2.639378428477540117e-01
-1.707753852568328068e-01,-1.804043234358319314e-01
4.049475194923785049e-01,-3.474713622596760643e-01
8.161781657418151203e-01,1.657333103626453363e+00
1.474147199740913683e+00,1.406732545390687150e+00
-5.820060315062695055e-01,-1.015739517555052540e+00
-3.352676437566074474e-01,-1.266340075790818753e+00
4.871936487422658391e-01,1.156131987154920937e+00
3.227013902424911707e-01,-9.687080402390986500e-02
3.227013902424911707e-01,1.323199025978765153e+00
-9.109905485058187313e-01,-3.474713622596760643e-01
6.516859072420404519e-01,3.207967930357004116e-01
9.806704242415897887e-01,4.043303124476225197e-01
4.049475194923785049e-01,1.072598467742998940e+00
4.049475194923785049e-01,-9.687080402390986500e-02
1.227408811991251847e+00,5.713973512714666247e-01
7.339320364919278417e-01,-3.474713622596760643e-01
-4.175137730064947816e-01,-5.145384010835201138e-01
8.161781657418151203e-01,1.537297542118563065e-01
8.161781657418151203e-01,-1.804043234358319314e-01
-7.464982900060440629e-01,-3.474713622596760643e-01
-4.997599022563821158e-01,-1.804043234358319314e-01
4.049475194923785049e-01,-3.474713622596760643e-01
-4.997599022563821158e-01,1.537297542118563065e-01
1.309654941241139126e+00,1.657333103626453363e+00
-1.322221194755255347e+00,-9.322059981431304321e-01
5.694397779921531733e-01,6.549308706833887328e-01
-4.997599022563821158e-01,1.740866623038375360e+00
9.806704242415897887e-01,1.406732545390687150e+00
2.404552609926038365e-01,2.372632736237783868e-01
-1.486713453255030126e+00,-4.310048816715981168e-01
6.516859072420404519e-01,-1.767541192262351180e+00
-3.352676437566074474e-01,-1.600474153438506963e+00
-8.852925600694548647e-02,9.890649483310769430e-01
1.556393328990801184e+00,9.055314289191548349e-01
4.049475194923785049e-01,4.043303124476225197e-01
4.049475194923785049e-01,-9.687080402390986500e-02
-8.852925600694548647e-02,7.384643900953107298e-01
6.516859072420404519e-01,7.019623479993425397e-02
-4.997599022563821158e-01,3.077402933629128423e+00
4.049475194923785049e-01,1.824400142450297579e+00
1.556393328990801184e+00,4.043303124476225197e-01
-1.707753852568328068e-01,-1.015739517555052540e+00
2.872331396988998531e+00,2.910335894805284429e+00
-1.075482807005593511e+00,-1.333728461198780552e-02
-2.530215145067201132e-01,1.072598467742998940e+00
2.404552609926038365e-01,-1.099273036966974537e+00
8.161781657418151203e-01,4.878638318595445722e-01
3.227013902424911707e-01,1.156131987154920937e+00
7.596300249282918193e-02,-5.145384010835201138e-01
7.339320364919278417e-01,3.207967930357004116e-01
1.227408811991251847e+00,1.239665506566843156e+00
-6.642521607561567842e-01,-2.639378428477540117e-01
4.049475194923785049e-01,4.878638318595445722e-01
7.596300249282918193e-02,3.207967930357004116e-01
-5.820060315062695055e-01,-2.639378428477540117e-01
8.984242949917025101e-01,-9.322059981431304321e-01
1.582091317427165023e-01,7.019623479993425397e-02
-2.530215145067201132e-01,8.219979095072328379e-01
-1.733451841004691962e+00,-1.804043234358319314e-01
-8.287444192559314526e-01,7.019623479993425397e-02
-4.997599022563821158e-01,6.549308706833887328e-01
9.806704242415897887e-01,1.072598467742998940e+00
-5.820060315062695055e-01,1.490266064802609369e+00
-4.997599022563821158e-01,-1.600474153438506963e+00
-6.283126757058152267e-03,1.537297542118563065e-01
-7.464982900060440629e-01,-1.433407114614662747e+00
-4.997599022563821158e-01,9.055314289191548349e-01
-9.109905485058187313e-01,7.384643900953107298e-01
-7.464982900060440629e-01,4.878638318595445722e-01
1.227408811991251847e+00,-6.816054399073643300e-01
1.638639458240688462e+00,5.713973512714666247e-01
-1.322221194755255347e+00,-2.639378428477540117e-01
1.967623975240237799e+00,-5.980719204954422219e-01
5.694397779921531733e-01,1.573799584214531366e+00
3.227013902424911707e-01,7.384643900953107298e-01
7.339320364919278417e-01,7.019623479993425397e-02
-1.486713453255030126e+00,-4.310048816715981168e-01
2.378854621489674415e+00,1.072598467742998940e+00
-8.287444192559314526e-01,-4.310048816715981168e-01
1.582091317427165023e-01,-8.486724787312084350e-01
3.227013902424911707e-01,7.384643900953107298e-01
2.404552609926038365e-01,4.878638318595445722e-01
1.062916553491477067e+00,1.156131987154920937e+00
-1.707753852568328068e-01,5.713973512714666247e-01
1.062916553491477067e+00,1.156131987154920937e+00
3.227013902424911707e-01,-2.639378428477540117e-01
7.596300249282918193e-02,-3.474713622596760643e-01
-1.486713453255030126e+00,4.878638318595445722e-01
-1.651205711754804684e+00,-1.804043234358319314e-01
-1.075482807005593511e+00,-1.804043234358319314e-01
-1.707753852568328068e-01,1.490266064802609369e+00
5.694397779921531733e-01,-2.639378428477540117e-01
2.404552609926038365e-01,-6.816054399073643300e-01
2.707839138489223529e+00,4.043303124476225197e-01
-5.820060315062695055e-01,1.156131987154920937e+00
-4.997599022563821158e-01,-1.804043234358319314e-01
1.582091317427165023e-01,1.537297542118563065e-01
-8.852925600694548647e-02,-1.015739517555052540e+00
-1.707753852568328068e-01,-1.333728461198780552e-02
-4.175137730064947816e-01,-1.804043234358319314e-01
-1.157728936255480789e+00,-1.182806556378896756e+00
1.391901070491026404e+00,-1.333728461198780552e-02
2.954577526238885810e+00,2.325601258921830006e+00
1.309654941241139126e+00,-1.015739517555052540e+00
-6.642521607561567842e-01,4.878638318595445722e-01
4.049475194923785049e-01,9.055314289191548349e-01
8.984242949917025101e-01,4.878638318595445722e-01
1.582091317427165023e-01,3.207967930357004116e-01
-1.404467324005142626e+00,2.372632736237783868e-01
-2.473667004253678137e+00,-1.516940634026584966e+00
6.516859072420404519e-01,-1.333728461198780552e-02
2.404552609926038365e-01,3.207967930357004116e-01
-6.283126757058152267e-03,1.740866623038375360e+00
8.161781657418151203e-01,4.878638318595445722e-01
2.296608492239787136e+00,8.219979095072328379e-01
5.694397779921531733e-01,-3.474713622596760643e-01
1.582091317427165023e-01,8.219979095072328379e-01
8.161781657418151203e-01,2.372632736237783868e-01
-1.707753852568328068e-01,1.156131987154920937e+00
-1.075482807005593511e+00,2.372632736237783868e-01
1.582091317427165023e-01,-1.600474153438506963e+00
4.049475194923785049e-01,4.043303124476225197e-01
1.885377845990350298e+00,-1.099273036966974537e+00
1.227408811991251847e+00,6.549308706833887328e-01
-9.932366777557061210e-01,1.323199025978765153e+00
-9.932366777557061210e-01,7.019623479993425397e-02
2.404552609926038365e-01,-1.015739517555052540e+00
6.516859072420404519e-01,3.207967930357004116e-01
4.049475194923785049e-01,9.055314289191548349e-01
7.596300249282918193e-02,4.043303124476225197e-01
1.309654941241139126e+00,3.207967930357004116e-01
3.227013902424911707e-01,-6.816054399073643300e-01
-8.852925600694548647e-02,-1.266340075790818753e+00
2.214362362989899857e+00,1.323199025978765153e+00
1.474147199740913683e+00,-1.333728461198780552e-02
1.474147199740913683e+00,5.713973512714666247e-01
1.474147199740913683e+00,-9.687080402390986500e-02
2.404552609926038365e-01,4.043303124476225197e-01
-5.820060315062695055e-01,6.549308706833887328e-01
2.404552609926038365e-01,7.019623479993425397e-02
2.404552609926038365e-01,-4.310048816715981168e-01
9.806704242415897887e-01,-5.980719204954422219e-01
4.049475194923785049e-01,1.490266064802609369e+00
4.049475194923785049e-01,8.219979095072328379e-01
2.132116233740012579e+00,5.713973512714666247e-01
-1.980190228754354020e+00,4.043303124476225197e-01
-1.707753852568328068e-01,2.158534220097985568e+00
6.516859072420404519e-01,-2.639378428477540117e-01
-1.239975065505368068e+00,8.219979095072328379e-01
-1.157728936255480789e+00,-1.099273036966974537e+00
-1.707753852568328068e-01,-5.145384010835201138e-01
-4.175137730064947816e-01,-1.804043234358319314e-01
7.596300249282918193e-02,-6.816054399073643300e-01
4.871936487422658391e-01,-9.687080402390986500e-02
6.516859072420404519e-01,-3.474713622596760643e-01
9.806704242415897887e-01,-1.333728461198780552e-02
-1.239975065505368068e+00,-4.310048816715981168e-01
-4.997599022563821158e-01,1.072598467742998940e+00
5.694397779921531733e-01,-7.651389593192863270e-01
4.871936487422658391e-01,2.075000700686063571e+00
4.871936487422658391e-01,7.019623479993425397e-02
-1.322221194755255347e+00,-2.937010464029259804e+00
4.049475194923785049e-01,-2.639378428477540117e-01
-8.287444192559314526e-01,-1.804043234358319314e-01
9.806704242415897887e-01,7.019623479993425397e-02
-5.820060315062695055e-01,-9.322059981431304321e-01
-6.283126757058152267e-03,4.878638318595445722e-01
2.404552609926038365e-01,-2.352275828145805381e+00
3.227013902424911707e-01,7.384643900953107298e-01
2.049870104490124856e+00,1.490266064802609369e+00
-1.075482807005593511e+00,-7.651389593192863270e-01
-1.568959582504917405e+00,-1.433407114614662747e+00
1.062916553491477067e+00,1.537297542118563065e-01
-7.464982900060440629e-01,-1.349873595202740750e+00
6.516859072420404519e-01,-6.816054399073643300e-01
-2.530215145067201132e-01,2.492668297745674000e+00
-1.322221194755255347e+00,3.207967930357004116e-01
7.596300249282918193e-02,7.384643900953107298e-01
-1.486713453255030126e+00,1.537297542118563065e-01
-1.651205711754804684e+00,-6.816054399073643300e-01
5.694397779921531733e-01,-7.651389593192863270e-01
-8.852925600694548647e-02,-2.639378428477540117e-01
6.516859072420404519e-01,-3.474713622596760643e-01
3.227013902424911707e-01,5.713973512714666247e-01
-6.283126757058152267e-03,9.890649483310769430e-01
2.049870104490124856e+00,-6.816054399073643300e-01
7.339320364919278417e-01,1.323199025978765153e+00
-3.352676437566074474e-01,7.384643900953107298e-01
-9.932366777557061210e-01,-4.310048816715981168e-01
6.516859072420404519e-01,1.072598467742998940e+00
3.227013902424911707e-01,-1.433407114614662747e+00
1.391901070491026404e+00,1.740866623038375360e+00
4.049475194923785049e-01,-1.015739517555052540e+00
-1.651205711754804684e+00,-8.486724787312084350e-01
-9.109905485058187313e-01,2.372632736237783868e-01
-5.820060315062695055e-01,-1.333728461198780552e-02
4.049475194923785049e-01,1.824400142450297579e+00
7.596300249282918193e-02,-8.486724787312084350e-01
-4.175137730064947816e-01,-1.851074711674273177e+00
-1.486713453255030126e+00,-1.804043234358319314e-01
4.049475194923785049e-01,2.372632736237783868e-01
-7.464982900060440629e-01,4.878638318595445722e-01
1.062916553491477067e+00,-6.816054399073643300e-01
-1.733451841004691962e+00,-9.322059981431304321e-01
2.132116233740012579e+00,2.910335894805284429e+00
-7.464982900060440629e-01,4.043303124476225197e-01
1.227408811991251847e+00,-7.651389593192863270e-01
-6.642521607561567842e-01,-5.980719204954422219e-01
7.596300249282918193e-02,-7.651389593192863270e-01
-1.707753852568328068e-01,-1.266340075790818753e+00
-6.283126757058152267e-03,-7.651389593192863270e-01
1.582091317427165023e-01,4.043303124476225197e-01
4.871936487422658391e-01,9.055314289191548349e-01
1.391901070491026404e+00,1.406732545390687150e+00
-7.464982900060440629e-01,-4.310048816715981168e-01
-9.932366777557061210e-01,-1.349873595202740750e+00
1.227408811991251847e+00,7.019623479993425397e-02
8.161781657418151203e-01,-7.651389593192863270e-01
-1.239975065505368068e+00,-9.322059981431304321e-01
1.062916553491477067e+00,7.019623479993425397e-02
-1.707753852568328068e-01,-1.600474153438506963e+00
3.227013902424911707e-01,4.043303124476225197e-01
7.339320364919278417e-01,1.072598467742998940e+00
1.720885587490575741e+00,-1.333728461198780552e-02
6.516859072420404519e-01,1.907933661862219576e+00
1.582091317427165023e-01,1.537297542118563065e-01
4.049475194923785049e-01,-2.639378428477540117e-01
-2.530215145067201132e-01,-1.433407114614662747e+00
-7.464982900060440629e-01,-5.980719204954422219e-01
-4.997599022563821158e-01,1.490266064802609369e+00
7.596300249282918193e-02,-9.322059981431304321e-01
-4.175137730064947816e-01,-3.474713622596760643e-01
4.871936487422658391e-01,-7.651389593192863270e-01
-1.486713453255030126e+00,1.537297542118563065e-01
-4.175137730064947816e-01,-5.980719204954422219e-01
2.404552609926038365e-01,-2.268742308733883384e+00
1.474147199740913683e+00,-3.474713622596760643e-01
4.049475194923785049e-01,-5.980719204954422219e-01
-1.404467324005142626e+00,-1.099273036966974537e+00
-8.852925600694548647e-02,1.072598467742998940e+00
4.049475194923785049e-01,5.713973512714666247e-01
2.543346879989448972e+00,1.907933661862219576e+00
-4.175137730064947816e-01,2.372632736237783868e-01
-1.707753852568328068e-01,-1.804043234358319314e-01
8.161781657418151203e-01,-9.687080402390986500e-02
-2.530215145067201132e-01,4.043303124476225197e-01
-3.352676437566074474e-01,-2.639378428477540117e-01
5.694397779921531733e-01,9.055314289191548349e-01
-5.820060315062695055e-01,4.043303124476225197e-01
-2.530215145067201132e-01,-7.651389593192863270e-01
8.984242949917025101e-01,-1.015739517555052540e+00
2.625593009239336251e+00,-9.687080402390986500e-02
-9.932366777557061210e-01,1.072598467742998940e+00
-8.287444192559314526e-01,-5.145384010835201138e-01
-2.530215145067201132e-01,-1.349873595202740750e+00
6.516859072420404519e-01,-4.310048816715981168e-01
3.227013902424911707e-01,1.323199025978765153e+00
-1.157728936255480789e+00,-8.486724787312084350e-01
9.806704242415897887e-01,1.907933661862219576e+00
-5.820060315062695055e-01,-9.322059981431304321e-01
6.516859072420404519e-01,-1.804043234358319314e-01
1.582091317427165023e-01,1.537297542118563065e-01
8.161781657418151203e-01,6.549308706833887328e-01
4.871936487422658391e-01,1.537297542118563065e-01
-1.239975065505368068e+00,-2.639378428477540117e-01
7.596300249282918193e-02,-8.486724787312084350e-01
1.582091317427165023e-01,-7.651389593192863270e-01
7.339320364919278417e-01,-1.804043234358319314e-01
6.516859072420404519e-01,-7.651389593192863270e-01
1.227408811991251847e+00,3.207967930357004116e-01
-7.464982900060440629e-01,1.537297542118563065e-01
-1.322221194755255347e+00,-5.980719204954422219e-01
1.474147199740913683e+00,1.537297542118563065e-01
4.871936487422658391e-01,4.043303124476225197e-01
-6.642521607561567842e-01,7.019623479993425397e-02
-1.733451841004691962e+00,-1.600474153438506963e+00
-1.707753852568328068e-01,7.384643900953107298e-01
1.803131716740463020e+00,1.156131987154920937e+00
5.694397779921531733e-01,1.239665506566843156e+00
2.214362362989899857e+00,1.657333103626453363e+00
-1.075482807005593511e+00,-7.651389593192863270e-01
7.596300249282918193e-02,2.372632736237783868e-01
-2.530215145067201132e-01,7.019623479993425397e-02
8.984242949917025101e-01,7.019623479993425397e-02
-4.997599022563821158e-01,6.549308706833887328e-01
-9.109905485058187313e-01,-2.639378428477540117e-01
-1.075482807005593511e+00,-1.333728461198780552e-02
-8.287444192559314526e-01,-1.684007672850428960e+00
-6.283126757058152267e-03,5.713973512714666247e-01
1.556393328990801184e+00,4.878638318595445722e-01
-4.175137730064947816e-01,-1.767541192262351180e+00
-2.530215145067201132e-01,-9.687080402390986500e-02
8.161781657418151203e-01,-7.651389593192863270e-01
-9.932366777557061210e-01,-4.310048816715981168e-01
3.227013902424911707e-01,5.713973512714666247e-01
1.474147199740913683e+00,2.372632736237783868e-01
-1.897944099504466742e+00,1.156131987154920937e+00
-4.175137730064947816e-01,-1.804043234358319314e-01
8.984242949917025101e-01,-1.099273036966974537e+00
-1.568959582504917405e+00,-6.816054399073643300e-01
-1.707753852568328068e-01,-3.474713622596760643e-01
-6.642521607561567842e-01,-1.804043234358319314e-01
-4.175137730064947816e-01,9.890649483310769430e-01
2.132116233740012579e+00,1.239665506566843156e+00
-6.283126757058152267e-03,4.043303124476225197e-01
-3.352676437566074474e-01,4.043303124476225197e-01
-9.932366777557061210e-01,4.043303124476225197e-01
1.720885587490575741e+00,1.239665506566843156e+00
9.806704242415897887e-01,-2.639378428477540117e-01
-1.239975065505368068e+00,-2.639378428477540117e-01
-7.464982900060440629e-01,-4.310048816715981168e-01
-1.568959582504917405e+00,-1.333728461198780552e-02
-3.352676437566074474e-01,-7.651389593192863270e-01
2.404552609926038365e-01,-1.433407114614662747e+00
1.720885587490575741e+00,1.406732545390687150e+00
7.596300249282918193e-02,-1.266340075790818753e+00
-1.980190228754354020e+00,-5.980719204954422219e-01
6.516859072420404519e-01,1.072598467742998940e+00
-4.997599022563821158e-01,-4.310048816715981168e-01
6.516859072420404519e-01,8.219979095072328379e-01
4.871936487422658391e-01,-5.145384010835201138e-01
1.145162682741364346e+00,7.384643900953107298e-01
8.984242949917025101e-01,1.537297542118563065e-01
-2.144682487254128578e+00,-5.980719204954422219e-01
-9.109905485058187313e-01,4.878638318595445722e-01
-6.283126757058152267e-03,9.890649483310769430e-01
-4.175137730064947816e-01,-1.333728461198780552e-02
3.227013902424911707e-01,5.713973512714666247e-01
-2.530215145067201132e-01,1.824400142450297579e+00
8.984242949917025101e-01,1.072598467742998940e+00
-6.642521607561567842e-01,1.740866623038375360e+00
1.474147199740913683e+00,-2.639378428477540117e-01
-1.897944099504466742e+00,-1.684007672850428960e+00
-2.226928616504015856e+00,-5.980719204954422219e-01
-6.283126757058152267e-03,-9.687080402390986500e-02
-2.226928616504015856e+00,-7.651389593192863270e-01
6.516859072420404519e-01,-1.333728461198780552e-02
-6.283126757058152267e-03,8.219979095072328379e-01
-5.820060315062695055e-01,-2.018141750498117393e+00
6.516859072420404519e-01,1.072598467742998940e+00
-4.997599022563821158e-01,-1.349873595202740750e+00
-3.352676437566074474e-01,2.659735336569517994e+00
4.871936487422658391e-01,-9.687080402390986500e-02
2.404552609926038365e-01,-5.145384010835201138e-01
-5.820060315062695055e-01,-9.322059981431304321e-01
-1.733451841004691962e+00,-1.349873595202740750e+00
1.556393328990801184e+00,-4.310048816715981168e-01
-8.852925600694548647e-02,-1.349873595202740750e+00
1.391901070491026404e+00,2.372632736237783868e-01
8.161781657418151203e-01,1.824400142450297579e+00
-9.932366777557061210e-01,1.239665506566843156e+00
-2.473667004253678137e+00,7.384643900953107298e-01
2.404552609926038365e-01,4.043303124476225197e-01
-4.997599022563821158e-01,-1.015739517555052540e+00
-1.404467324005142626e+00,-2.686409905793493813e+00
7.596300249282918193e-02,1.323199025978765153e+00
6.516859072420404519e-01,1.740866623038375360e+00
4.049475194923785049e-01,-3.474713622596760643e-01
2.404552609926038365e-01,-3.474713622596760643e-01
-8.287444192559314526e-01,2.372632736237783868e-01
7.339320364919278417e-01,-8.486724787312084350e-01
-9.109905485058187313e-01,-7.651389593192863270e-01
-2.144682487254128578e+00,7.019623479993425397e-02
-1.486713453255030126e+00,-1.015739517555052540e+00
-6.642521607561567842e-01,-2.639378428477540117e-01
4.049475194923785049e-01,-1.804043234358319314e-01
-9.932366777557061210e-01,8.219979095072328379e-01
5.694397779921531733e-01,-2.639378428477540117e-01
-4.175137730064947816e-01,-1.804043234358319314e-01
-7.464982900060440629e-01,4.043303124476225197e-01
8.984242949917025101e-01,-2.639378428477540117e-01
4.049475194923785049e-01,1.323199025978765153e+00
-1.075482807005593511e+00,7.384643900953107298e-01
-1.707753852568328068e-01,9.055314289191548349e-01
1.720885587490575741e+00,1.072598467742998940e+00
-1.157728936255480789e+00,-1.804043234358319314e-01
-3.352676437566074474e-01,-1.333728461198780552e-02
4.049475194923785049e-01,4.043303124476225197e-01
-1.707753852568328068e-01,2.372632736237783868e-01
1.638639458240688462e+00,1.490266064802609369e+00
5.694397779921531733e-01,-1.015739517555052540e+00
7.596300249282918193e-02,5.713973512714666247e-01
1.309654941241139126e+00,1.239665506566843156e+00
-6.642521607561567842e-01,-7.651389593192863270e-01
-5.820060315062695055e-01,4.043303124476225197e-01
-1.815697970254579463e+00,-1.015739517555052540e+00
6.516859072420404519e-01,-1.684007672850428960e+00
-3.352676437566074474e-01,-1.182806556378896756e+00
-9.109905485058187313e-01,-1.433407114614662747e+00
2.378854621489674415e+00,1.537297542118563065e-01
4.049475194923785049e-01,-4.310048816715981168e-01
-3.352676437566074474e-01,1.537297542118563065e-01
-7.464982900060440629e-01,8.219979095072328379e-01
-5.820060315062695055e-01,1.239665506566843156e+00
-3.352676437566074474e-01,-2.639378428477540117e-01
7.339320364919278417e-01,1.573799584214531366e+00
9.806704242415897887e-01,-7.651389593192863270e-01
-2.530215145067201132e-01,7.019623479993425397e-02
-4.997599022563821158e-01,1.573799584214531366e+00
-2.530215145067201132e-01,-1.934608231086195174e+00
-7.464982900060440629e-01,-8.486724787312084350e-01
-1.157728936255480789e+00,-8.486724787312084350e-01
-7.464982900060440629e-01,2.372632736237783868e-01
6.516859072420404519e-01,-1.804043234358319314e-01
1.720885587490575741e+00,8.219979095072328379e-01
-1.404467324005142626e+00,6.549308706833887328e-01
3.227013902424911707e-01,1.824400142450297579e+00
1.309654941241139126e+00,1.907933661862219576e+00
1.062916553491477067e+00,-1.333728461198780552e-02
2.404552609926038365e-01,8.219979095072328379e-01
-5.820060315062695055e-01,-5.980719204954422219e-01
-3.352676437566074474e-01,5.713973512714666247e-01
1.227408811991251847e+00,1.907933661862219576e+00
-7.464982900060440629e-01,7.019623479993425397e-02
1.885377845990350298e+00,6.549308706833887328e-01
-8.287444192559314526e-01,-1.767541192262351180e+00
-4.997599022563821158e-01,-9.687080402390986500e-02
-3.352676437566074474e-01,4.043303124476225197e-01
2.404552609926038365e-01,-1.266340075790818753e+00
1.582091317427165023e-01,1.072598467742998940e+00
1.720885587490575741e+00,2.492668297745674000e+00
-4.997599022563821158e-01,-8.486724787312084350e-01
4.049475194923785049e-01,-1.099273036966974537e+00
3.227013902424911707e-01,4.043303124476225197e-01
-8.287444192559314526e-01,-1.333728461198780552e-02
8.984242949917025101e-01,-1.433407114614662747e+00
-8.287444192559314526e-01,-9.687080402390986500e-02
-5.820060315062695055e-01,-2.185208789321961387e+00
-7.464982900060440629e-01,1.537297542118563065e-01
6.516859072420404519e-01,1.991467181274141574e+00
-2.473667004253678137e+00,-3.474713622596760643e-01
-9.932366777557061210e-01,-1.349873595202740750e+00
-1.157728936255480789e+00,-1.349873595202740750e+00
-3.352676437566074474e-01,7.019623479993425397e-02
1.145162682741364346e+00,7.019623479993425397e-02
8.984242949917025101e-01,5.713973512714666247e-01
-1.075482807005593511e+00,-1.015739517555052540e+00
1.582091317427165023e-01,-5.145384010835201138e-01
-5.820060315062695055e-01,-9.322059981431304321e-01
7.339320364919278417e-01,-9.687080402390986500e-02
7.339320364919278417e-01,1.239665506566843156e+00
1.227408811991251847e+00,7.019623479993425397e-02
8.161781657418151203e-01,-9.687080402390986500e-02
-4.175137730064947816e-01,-1.266340075790818753e+00
-8.852925600694548647e-02,-5.980719204954422219e-01
7.596300249282918193e-02,-1.600474153438506963e+00
4.871936487422658391e-01,-9.687080402390986500e-02
-5.820060315062695055e-01,2.372632736237783868e-01
1.145162682741364346e+00,1.156131987154920937e+00
4.871936487422658391e-01,-7.651389593192863270e-01
1.638639458240688462e+00,2.158534220097985568e+00
6.516859072420404519e-01,-2.101675269910039390e+00
-1.239975065505368068e+00,-1.433407114614662747e+00
-9.109905485058187313e-01,-6.816054399073643300e-01
-6.283126757058152267e-03,9.890649483310769430e-01
1.638639458240688462e+00,9.055314289191548349e-01
2.404552609926038365e-01,8.219979095072328379e-01
8.161781657418151203e-01,1.239665506566843156e+00
-3.352676437566074474e-01,3.207967930357004116e-01
9.806704242415897887e-01,8.219979095072328379e-01
7.596300249282918193e-02,1.239665506566843156e+00
-1.157728936255480789e+00,-6.816054399073643300e-01
-4.997599022563821158e-01,-1.099273036966974537e+00
7.596300249282918193e-02,7.019623479993425397e-02
-1.239975065505368068e+00,8.219979095072328379e-01
-3.352676437566074474e-01,-1.015739517555052540e+00
-1.322221194755255347e+00,-1.015739517555052540e+00
-4.997599022563821158e-01,-1.333728461198780552e-02
-6.283126757058152267e-03,6.549308706833887328e-01
-6.283126757058152267e-03,-9.687080402390986500e-02
5.694397779921531733e-01,1.156131987154920937e+00
1.556393328990801184e+00,8.219979095072328379e-01
1.062916553491477067e+00,1.907933661862219576e+00
4.871936487422658391e-01,-1.099273036966974537e+00
7.339320364919278417e-01,-5.145384010835201138e-01
-8.852925600694548647e-02,7.019623479993425397e-02
4.049475194923785049e-01,-1.804043234358319314e-01
-8.852925600694548647e-02,1.537297542118563065e-01
-1.815697970254579463e+00,-1.349873595202740750e+00
2.132116233740012579e+00,2.325601258921830006e+00
9.806704242415897887e-01,4.878638318595445722e-01
1.062916553491477067e+00,2.372632736237783868e-01
7.596300249282918193e-02,4.878638318595445722e-01
8.984242949917025101e-01,2.659735336569517994e+00
1.556393328990801184e+00,7.384643900953107298e-01
4.049475194923785049e-01,2.372632736237783868e-01
-1.707753852568328068e-01,1.239665506566843156e+00
-1.157728936255480789e+00,7.019623479993425397e-02
3.036823655488773088e+00,9.055314289191548349e-01
5.694397779921531733e-01,9.055314289191548349e-01
2.461100750739561693e+00,1.991467181274141574e+00
-1.075482807005593511e+00,-5.980719204954422219e-01
-2.062436358004241299e+00,2.372632736237783868e-01
-1.239975065505368068e+00,-1.015739517555052540e+00
-1.404467324005142626e+00,-9.687080402390986500e-02
2.404552609926038365e-01,1.156131987154920937e+00
-1.404467324005142626e+00,-7.651389593192863270e-01
6.516859072420404519e-01,-6.816054399073643300e-01
7.596300249282918193e-02,-4.310048816715981168e-01
8.161781657418151203e-01,-1.349873595202740750e+00
-6.283126757058152267e-03,2.372632736237783868e-01
-8.852925600694548647e-02,-5.980719204954422219e-01
-1.707753852568328068e-01,-1.015739517555052540e+00
1.309654941241139126e+00,3.207967930357004116e-01
-2.530215145067201132e-01,4.043303124476225197e-01
-1.239975065505368068e+00,-2.639378428477540117e-01
2.404552609926038365e-01,6.549308706833887328e-01
-1.707753852568328068e-01,-1.433407114614662747e+00
1.582091317427165023e-01,-3.474713622596760643e-01
9.806704242415897887e-01,1.323199025978765153e+00
-4.997599022563821158e-01,-1.804043234358319314e-01
8.161781657418151203e-01,-5.980719204954422219e-01
-8.287444192559314526e-01,-9.322059981431304321e-01
8.161781657418151203e-01,1.537297542118563065e-01
-1.322221194755255347e+00,-5.145384010835201138e-01
-1.707753852568328068e-01,-1.516940634026584966e+00
1.582091317427165023e-01,1.239665506566843156e+00
7.339320364919278417e-01,1.072598467742998940e+00
-4.175137730064947816e-01,1.072598467742998940e+00
-8.287444192559314526e-01,-7.651389593192863270e-01
1.582091317427165023e-01,-1.333728461198780552e-02
1.391901070491026404e+00,5.713973512714666247e-01
1.885377845990350298e+00,4.043303124476225197e-01
-1.157728936255480789e+00,-2.101675269910039390e+00
1.582091317427165023e-01,-3.474713622596760643e-01
-4.997599022563821158e-01,-1.684007672850428960e+00
-1.486713453255030126e+00,-5.145384010835201138e-01
-2.530215145067201132e-01,1.323199025978765153e+00
4.871936487422658391e-01,-8.486724787312084350e-01
1.720885587490575741e+00,1.573799584214531366e+00
1.582091317427165023e-01,-1.804043234358319314e-01
-8.852925600694548647e-02,-1.433407114614662747e+00
5.694397779921531733e-01,1.406732545390687150e+00
2.543346879989448972e+00,1.740866623038375360e+00
4.049475194923785049e-01,2.372632736237783868e-01
1.309654941241139126e+00,3.207967930357004116e-01
7.596300249282918193e-02,5.713973512714666247e-01
1.391901070491026404e+00,1.406732545390687150e+00
-2.391420875003790858e+00,1.239665506566843156e+00
7.596300249282918193e-02,-5.145384010835201138e-01
-2.062436358004241299e+00,-1.516940634026584966e+00
-4.997599022563821158e-01,-6.816054399073643300e-01
7.596300249282918193e-02,-6.816054399073643300e-01
-6.642521607561567842e-01,1.490266064802609369e+00
-2.309174745753903135e+00,-3.474713622596760643e-01
-3.352676437566074474e-01,-7.651389593192863270e-01
4.049475194923785049e-01,-1.349873595202740750e+00
-6.642521607561567842e-01,7.019623479993425397e-02
-6.283126757058152267e-03,1.824400142450297579e+00
-8.287444192559314526e-01,4.043303124476225197e-01
-2.555913133503565415e+00,4.043303124476225197e-01
-4.997599022563821158e-01,-2.018141750498117393e+00
1.145162682741364346e+00,1.323199025978765153e+00
-1.486713453255030126e+00,-2.639378428477540117e-01
-3.352676437566074474e-01,-1.182806556378896756e+00
-1.707753852568328068e-01,2.372632736237783868e-01
7.339320364919278417e-01,5.713973512714666247e-01
5.694397779921531733e-01,-1.804043234358319314e-01
4.049475194923785049e-01,4.878638318595445722e-01
-5.820060315062695055e-01,-5.145384010835201138e-01
-8.287444192559314526e-01,1.537297542118563065e-01
-7.464982900060440629e-01,6.549308706833887328e-01
-8.852925600694548647e-02,-5.980719204954422219e-01
3.227013902424911707e-01,1.537297542118563065e-01
-5.820060315062695055e-01,-2.018141750498117393e+00
-1.815697970254579463e+00,3.207967930357004116e-01
-5.820060315062695055e-01,-1.015739517555052540e+00
2.404552609926038365e-01,5.713973512714666247e-01
4.049475194923785049e-01,1.156131987154920937e+00
1.582091317427165023e-01,-4.310048816715981168e-01
-1.404467324005142626e+00,9.055314289191548349e-01
5.694397779921531733e-01,8.219979095072328379e-01
-1.815697970254579463e+00,-9.322059981431304321e-01
-3.352676437566074474e-01,-9.687080402390986500e-02
5.694397779921531733e-01,-8.486724787312084350e-01
-1.075482807005593511e+00,-6.816054399073643300e-01
-2.530215145067201132e-01,1.537297542118563065e-01
5.694397779921531733e-01,6.549308706833887328e-01
-1.897944099504466742e+00,2.372632736237783868e-01
1.227408811991251847e+00,5.713973512714666247e-01
-2.226928616504015856e+00,-2.639378428477540117e-01
-8.287444192559314526e-01,-1.804043234358319314e-01
-6.283126757058152267e-03,-1.684007672850428960e+00
7.339320364919278417e-01,6.549308706833887328e-01
5.694397779921531733e-01,-9.687080402390986500e-02
-1.404467324005142626e+00,-2.602876386381571816e+00
-4.997599022563821158e-01,7.384643900953107298e-01
3.227013902424911707e-01,2.372632736237783868e-01
1.227408811991251847e+00,4.878638318595445722e-01
1.582091317427165023e-01,-4.310048816715981168e-01
7.339320364919278417e-01,1.537297542118563065e-01
-6.283126757058152267e-03,-1.015739517555052540e+00
-4.997599022563821158e-01,-1.804043234358319314e-01
-9.109905485058187313e-01,9.055314289191548349e-01
-2.530215145067201132e-01,3.207967930357004116e-01
1.967623975240237799e+00,-3.474713622596760643e-01
-4.175137730064947816e-01,-1.804043234358319314e-01
-8.852925600694548647e-02,7.384643900953107298e-01
-6.642521607561567842e-01,-1.266340075790818753e+00
-4.175137730064947816e-01,-3.474713622596760643e-01
-5.820060315062695055e-01,7.019623479993425397e-02
-9.932366777557061210e-01,-1.516940634026584966e+00
-8.852925600694548647e-02,-9.322059981431304321e-01
8.984242949917025101e-01,-6.816054399073643300e-01
7.596300249282918193e-02,-2.018141750498117393e+00
-4.997599022563821158e-01,-1.182806556378896756e+00
5.694397779921531733e-01,1.323199025978765153e+00
-6.283126757058152267e-03,-1.349873595202740750e+00
7.596300249282918193e-02,7.384643900953107298e-01
1.803131716740463020e+00,-6.816054399073643300e-01
1.227408811991251847e+00,1.824400142450297579e+00
-8.287444192559314526e-01,-9.687080402390986500e-02
-8.852925600694548647e-02,1.490266064802609369e+00
-6.642521607561567842e-01,1.156131987154920937e+00
-1.239975065505368068e+00,7.384643900953107298e-01
-6.283126757058152267e-03,6.549308706833887328e-01
8.984242949917025101e-01,-1.099273036966974537e+00
-8.852925600694548647e-02,-1.266340075790818753e+00
-1.707753852568328068e-01,-1.349873595202740750e+00
4.049475194923785049e-01,-4.310048816715981168e-01
-1.707753852568328068e-01,1.156131987154920937e+00
-6.283126757058152267e-03,1.490266064802609369e+00
1.391901070491026404e+00,-1.015739517555052540e+00
2.404552609926038365e-01,2.372632736237783868e-01
-2.530215145067201132e-01,1.323199025978765153e+00
8.161781657418151203e-01,-2.686409905793493813e+00
-1.075482807005593511e+00,-1.266340075790818753e+00
5.694397779921531733e-01,4.878638318595445722e-01
7.596300249282918193e-02,6.549308706833887328e-01
-3.352676437566074474e-01,2.409134778333752003e+00
1.062916553491477067e+00,-2.639378428477540117e-01
2.132116233740012579e+00,-1.767541192262351180e+00
1.309654941241139126e+00,7.019623479993425397e-02
5.694397779921531733e-01,7.019623479993425397e-02
2.049870104490124856e+00,6.549308706833887328e-01
-4.175137730064947816e-01,4.043303124476225197e-01
2.543346879989448972e+00,-4.310048816715981168e-01
-1.075482807005593511e+00,4.878638318595445722e-01
7.339320364919278417e-01,2.075000700686063571e+00
1.145162682741364346e+00,4.878638318595445722e-01
9.806704242415897887e-01,2.492668297745674000e+00
1.309654941241139126e+00,1.824400142450297579e+00
