date,away_team,away_pt,home_team,home_pt,away_line,home_line
Tue Oct 25 2016,New York Knicks,88,Cleveland Cavaliers,117,+405,-450
Tue Oct 25 2016,Utah Jazz,104,Portland Trail Blazers,113,+215,-235
Tue Oct 25 2016,San Antonio Spurs,129,Golden State Warriors,100,+350,-394
Wed Oct 26 2016,Dallas Mavericks,121,Indiana Pacers,130,+200,-215
Wed Oct 26 2016,Miami Heat,108,Orlando Magic,96,+135,-150
Wed Oct 26 2016,Detroit Pistons,91,Toronto Raptors,109,+250,-260
Wed Oct 26 2016,Brooklyn Nets,117,Boston Celtics,122,+900,-900
Wed Oct 26 2016,Charlotte Hornets,107,Milwaukee Bucks,96,-117,+110
Wed Oct 26 2016,Denver Nuggets,107,New Orleans Pelicans,102,+143,-118
Wed Oct 26 2016,Minnesota Timberwolves,98,Memphis Grizzlies,102,-117,+105
Wed Oct 26 2016,Oklahoma City Thunder,103,Philadelphia 76ers,97, , 
Wed Oct 26 2016,Sacramento Kings,113,Phoenix Suns,94,+135,-150
Wed Oct 26 2016,Houston Rockets,114,Los Angeles Lakers,120,-235,+225
Thu Oct 27 2016,Washington Wizards,99,Atlanta Hawks,114,+165,-174
Thu Oct 27 2016,Boston Celtics,99,Chicago Bulls,105, , 
Thu Oct 27 2016,Los Angeles Clippers,114,Portland Trail Blazers,106,-134,+135
Thu Oct 27 2016,San Antonio Spurs,102,Sacramento Kings,94,-325,+340
Fri Oct 28 2016,Cleveland Cavaliers,94,Toronto Raptors,91,-145,+140
Fri Oct 28 2016,Indiana Pacers,94,Brooklyn Nets,103,-225,+210
Fri Oct 28 2016,Orlando Magic,82,Detroit Pistons,108,+160,-170
Fri Oct 28 2016,Phoenix Suns,110,Oklahoma City Thunder,113,+330,-345
Fri Oct 28 2016,Charlotte Hornets,97,Miami Heat,91, , 
Fri Oct 28 2016,Houston Rockets,106,Dallas Mavericks,98,+102,+115
Fri Oct 28 2016,Los Angeles Lakers,89,Utah Jazz,96,+410,-450
Fri Oct 28 2016,Golden State Warriors,122,New Orleans Pelicans,114, , 
Sat Oct 29 2016,Atlanta Hawks,104,Philadelphia 76ers,72,-355,+315
Sat Oct 29 2016,Boston Celtics,104,Charlotte Hornets,98,-140,+130
Sat Oct 29 2016,Orlando Magic,99,Cleveland Cavaliers,105, , 
Sat Oct 29 2016,Memphis Grizzlies,104,New York Knicks,111,+140,-150
Sat Oct 29 2016,New Orleans Pelicans,79,San Antonio Spurs,98, , 
Sat Oct 29 2016,Brooklyn Nets,108,Milwaukee Bucks,110,+300,-350
Sat Oct 29 2016,Indiana Pacers,101,Chicago Bulls,118,+150,-160
Sat Oct 29 2016,Portland Trail Blazers,115,Denver Nuggets,113,-100,+110
Sat Oct 29 2016,Minnesota Timberwolves,103,Sacramento Kings,106,-102,+105
Sun Oct 30 2016,Utah Jazz,75,Los Angeles Clippers,88,+295,-330
Sun Oct 30 2016,Milwaukee Bucks,83,Detroit Pistons,98,+310,-315
Sun Oct 30 2016,San Antonio Spurs,106,Miami Heat,99,-260,+230
Sun Oct 30 2016,Golden State Warriors,106,Phoenix Suns,100, , 
Sun Oct 30 2016,Los Angeles Lakers,96,Oklahoma City Thunder,113,+355,-415
Sun Oct 30 2016,Dallas Mavericks,92,Houston Rockets,93,+210,-190
Sun Oct 30 2016,Washington Wizards,103,Memphis Grizzlies,112,-140,+145
Mon Oct 31 2016,Sacramento Kings,95,Atlanta Hawks,106,+250,-290
Mon Oct 31 2016,Chicago Bulls,118,Brooklyn Nets,88,-245,+240
Mon Oct 31 2016,Denver Nuggets,102,Toronto Raptors,105,+280,-280
Mon Oct 31 2016,Phoenix Suns,98,Los Angeles Clippers,116, , 
Tue Nov 1 2016,Houston Rockets,120,Cleveland Cavaliers,128,+445,-510
Tue Nov 1 2016,Los Angeles Lakers,108,Indiana Pacers,115,+375,-450
Tue Nov 1 2016,Orlando Magic,103,Philadelphia 76ers,101,-200,+180
Tue Nov 1 2016,New York Knicks,89,Detroit Pistons,102,+155,-160
Tue Nov 1 2016,Sacramento Kings,96,Miami Heat,108,+150,-165
Tue Nov 1 2016,Memphis Grizzlies,80,Minnesota Timberwolves,116,+285,-310
Tue Nov 1 2016,Milwaukee Bucks,117,New Orleans Pelicans,113,+150,-165
Tue Nov 1 2016,Utah Jazz,106,San Antonio Spurs,91, , 
Tue Nov 1 2016,Golden State Warriors,127,Portland Trail Blazers,104,-200,+200
Wed Nov 2 2016,Philadelphia 76ers,93,Charlotte Hornets,109, , 
Wed Nov 2 2016,Toronto Raptors,113,Washington Wizards,103, , 
Wed Nov 2 2016,Los Angeles Lakers,123,Atlanta Hawks,116, , 
Wed Nov 2 2016,Detroit Pistons,101,Brooklyn Nets,109,-167,+165
Wed Nov 2 2016,Houston Rockets,118,New York Knicks,99, , 
Wed Nov 2 2016,Chicago Bulls,100,Boston Celtics,107,+145,-145
Wed Nov 2 2016,New Orleans Pelicans,83,Memphis Grizzlies,89,+205,-205
Wed Nov 2 2016,Dallas Mavericks,81,Utah Jazz,97,+140,-155
Wed Nov 2 2016,Portland Trail Blazers,115,Phoenix Suns,118,-138,+130
Wed Nov 2 2016,Oklahoma City Thunder,85,Los Angeles Clippers,83,+260,-280
Thu Nov 3 2016,Sacramento Kings,94,Orlando Magic,102,+103,-100
Thu Nov 3 2016,Boston Celtics,122,Cleveland Cavaliers,128, , 
Thu Nov 3 2016,Indiana Pacers,107,Milwaukee Bucks,125,-145,+130
Thu Nov 3 2016,Denver Nuggets,102,Minnesota Timberwolves,99,+150,-165
Thu Nov 3 2016,Oklahoma City Thunder,96,Golden State Warriors,122, , 
Fri Nov 4 2016,Atlanta Hawks,92,Washington Wizards,95,+105,-117
Fri Nov 4 2016,Charlotte Hornets,99,Brooklyn Nets,95,-275,+248
Fri Nov 4 2016,Miami Heat,87,Toronto Raptors,96,+265,-285
Fri Nov 4 2016,New York Knicks,117,Chicago Bulls,104,+280,-300
Fri Nov 4 2016,Los Angeles Clippers,99,Memphis Grizzlies,88,-230,+210
Fri Nov 4 2016,Phoenix Suns,112,New Orleans Pelicans,111,+135,-141
Fri Nov 4 2016,Portland Trail Blazers,105,Dallas Mavericks,95,-131,+135
Fri Nov 4 2016,San Antonio Spurs,100,Utah Jazz,86,-165,+155
Fri Nov 4 2016,Golden State Warriors,97,Los Angeles Lakers,117,-747,+610
Sat Nov 5 2016,Minnesota Timberwolves,92,Oklahoma City Thunder,112,+170,-190
Sat Nov 5 2016,Denver Nuggets,86,Detroit Pistons,103,+170,-183
Sat Nov 5 2016,Chicago Bulls,94,Indiana Pacers,111,+151,-155
Sat Nov 5 2016,Washington Wizards,86,Orlando Magic,88,+230,-225
Sat Nov 5 2016,Cleveland Cavaliers,102,Philadelphia 76ers,101, , 
Sat Nov 5 2016,Houston Rockets,97,Atlanta Hawks,112,+143,-150
Sat Nov 5 2016,Sacramento Kings,91,Milwaukee Bucks,117,+153,-160
Sat Nov 5 2016,Los Angeles Clippers,116,San Antonio Spurs,92,+180,-183
Sun Nov 6 2016,Utah Jazz,114,New York Knicks,109,-135,+120
Sun Nov 6 2016,Portland Trail Blazers,100,Memphis Grizzlies,94,-103,+135
Sun Nov 6 2016,Sacramento Kings,96,Toronto Raptors,91,+430,-315
Sun Nov 6 2016,Milwaukee Bucks,75,Dallas Mavericks,86, , 
Sun Nov 6 2016,Denver Nuggets,123,Boston Celtics,107,+260,-300
Sun Nov 6 2016,Phoenix Suns,108,Los Angeles Lakers,119,+160,-150
Mon Nov 7 2016,Indiana Pacers,100,Charlotte Hornets,122,+130,-140
Mon Nov 7 2016,Utah Jazz,109,Philadelphia 76ers,84,-190,+200
Mon Nov 7 2016,Houston Rockets,114,Washington Wizards,106,-100,-115
Mon Nov 7 2016,Orlando Magic,80,Chicago Bulls,112,+260,-275
Mon Nov 7 2016,Miami Heat,85,Oklahoma City Thunder,97,+205,-215
Mon Nov 7 2016,New Orleans Pelicans,106,Golden State Warriors,116, , 
Mon Nov 7 2016,Detroit Pistons,82,Los Angeles Clippers,114,+340,-375
Tue Nov 8 2016,Atlanta Hawks,110,Cleveland Cavaliers,106,+290,-330
Tue Nov 8 2016,Minnesota Timberwolves,110,Brooklyn Nets,119,-170,+170
Tue Nov 8 2016,Denver Nuggets,107,Memphis Grizzlies,108,+155,-165
Tue Nov 8 2016,Phoenix Suns,121,Portland Trail Blazers,124,+330,-380
Tue Nov 8 2016,Dallas Mavericks,109,Los Angeles Lakers,97,+165,-175
Tue Nov 8 2016,New Orleans Pelicans,94,Sacramento Kings,102,+245,-265
Wed Nov 9 2016,Utah Jazz,98,Charlotte Hornets,104,+135,-145
Wed Nov 9 2016,Philadelphia 76ers,115,Indiana Pacers,122, , 
Wed Nov 9 2016,Brooklyn Nets,96,New York Knicks,110,+300,-345
Wed Nov 9 2016,Minnesota Timberwolves,123,Orlando Magic,107,+125,-140
Wed Nov 9 2016,Boston Celtics,93,Washington Wizards,118,+105,+103
Wed Nov 9 2016,Chicago Bulls,107,Atlanta Hawks,115,+140,-150
Wed Nov 9 2016,Toronto Raptors,112,Oklahoma City Thunder,102,+150,-155
Wed Nov 9 2016,Detroit Pistons,100,Phoenix Suns,107,-170,+165
Wed Nov 9 2016,Houston Rockets,101,San Antonio Spurs,99,+355,-420
Wed Nov 9 2016,Dallas Mavericks,95,Golden State Warriors,116,+2000, 
Wed Nov 9 2016,Portland Trail Blazers,80,Los Angeles Clippers,111,+515,-650
Thu Nov 10 2016,Chicago Bulls,98,Miami Heat,95,+110,-105
Thu Nov 10 2016,New Orleans Pelicans,112,Milwaukee Bucks,106,+195,-205
Thu Nov 10 2016,Golden State Warriors,125,Denver Nuggets,101,-270,+250
Thu Nov 10 2016,Los Angeles Lakers,101,Sacramento Kings,91,+195,-200
Fri Nov 11 2016,Toronto Raptors,113,Charlotte Hornets,111,+110,-105
Fri Nov 11 2016,Utah Jazz,87,Orlando Magic,74,-193,+175
Fri Nov 11 2016,Indiana Pacers,105,Philadelphia 76ers,109,-210,+190
Fri Nov 11 2016,Cleveland Cavaliers,105,Washington Wizards,94,-300,+290
Fri Nov 11 2016,New York Knicks,87,Boston Celtics,115,+185,-180
Fri Nov 11 2016,Los Angeles Clippers,110,Oklahoma City Thunder,108,-195,+175
Fri Nov 11 2016,Detroit Pistons,86,San Antonio Spurs,96,+375,-425
Fri Nov 11 2016,Sacramento Kings,120,Portland Trail Blazers,122,+285,-285
Sat Nov 12 2016,Boston Celtics,105,Indiana Pacers,99,-120,+110
Sat Nov 12 2016,Los Angeles Lakers,126,New Orleans Pelicans,99, , 
Sat Nov 12 2016,Philadelphia 76ers,96,Atlanta Hawks,117, , 
Sat Nov 12 2016,New York Knicks,107,Toronto Raptors,118,+265,-310
Sat Nov 12 2016,Washington Wizards,95,Chicago Bulls,106,+460,-565
Sat Nov 12 2016,San Antonio Spurs,106,Houston Rockets,100, , 
Sat Nov 12 2016,Utah Jazz,102,Miami Heat,91,-117,+102
Sat Nov 12 2016,Los Angeles Clippers,119,Minnesota Timberwolves,105,-205,+190
Sat Nov 12 2016,Memphis Grizzlies,96,Milwaukee Bucks,106,+145,-140
Sat Nov 12 2016,Detroit Pistons,106,Denver Nuggets,95,+200,-200
Sat Nov 12 2016,Brooklyn Nets,122,Phoenix Suns,104,+180,-195
Sun Nov 13 2016,Charlotte Hornets,93,Cleveland Cavaliers,100,+295,-310
Sun Nov 13 2016,Los Angeles Lakers,99,Minnesota Timberwolves,125,+125,-105
Sun Nov 13 2016,Orlando Magic,119,Oklahoma City Thunder,117,+425,-470
Sun Nov 13 2016,Phoenix Suns,120,Golden State Warriors,133, , 
Sun Nov 13 2016,Denver Nuggets,105,Portland Trail Blazers,112,+295,-320
Mon Nov 14 2016,Orlando Magic,69,Indiana Pacers,88,+300,-340
Mon Nov 14 2016,Oklahoma City Thunder,88,Detroit Pistons,104,-115,+105
Mon Nov 14 2016,Dallas Mavericks,77,New York Knicks,93,+160,-170
Mon Nov 14 2016,Philadelphia 76ers,88,Houston Rockets,115, , 
Mon Nov 14 2016,Boston Celtics,105,New Orleans Pelicans,106,-155,+165
Mon Nov 14 2016,Miami Heat,90,San Antonio Spurs,94, , 
Mon Nov 14 2016,Memphis Grizzlies,102,Utah Jazz,96,+225,-250
Mon Nov 14 2016,Brooklyn Nets,95,Los Angeles Clippers,127, , 
Tue Nov 15 2016,Toronto Raptors,117,Cleveland Cavaliers,121,+215,-235
Tue Nov 15 2016,Atlanta Hawks,93,Miami Heat,90,-265,+250
Tue Nov 15 2016,Charlotte Hornets,115,Minnesota Timberwolves,108,+105,-100
Tue Nov 15 2016,Chicago Bulls,113,Portland Trail Blazers,88,+165,-165
Tue Nov 15 2016,Brooklyn Nets,118,Los Angeles Lakers,125,+262,-265
Wed Nov 16 2016,Cleveland Cavaliers,93,Indiana Pacers,103,+135,-135
Wed Nov 16 2016,New Orleans Pelicans,82,Orlando Magic,89,+280,-315
Wed Nov 16 2016,Washington Wizards,102,Philadelphia 76ers,109,-280,+252
Wed Nov 16 2016,Milwaukee Bucks,100,Atlanta Hawks,107,+195,-205
Wed Nov 16 2016,Dallas Mavericks,83,Boston Celtics,90,+230,-245
Wed Nov 16 2016,Detroit Pistons,102,New York Knicks,105,+109,-120
Wed Nov 16 2016,Houston Rockets,103,Oklahoma City Thunder,105,+122,-135
Wed Nov 16 2016,Golden State Warriors,127,Toronto Raptors,121,-245,+214
Wed Nov 16 2016,Phoenix Suns,104,Denver Nuggets,120,+170,-175
Wed Nov 16 2016,Memphis Grizzlies,111,Los Angeles Clippers,107, , 
Wed Nov 16 2016,San Antonio Spurs,110,Sacramento Kings,105,-225,+200
Thu Nov 17 2016,New York Knicks,112,Washington Wizards,119,+185,-210
Thu Nov 17 2016,Milwaukee Bucks,73,Miami Heat,96,+150,-160
Thu Nov 17 2016,Portland Trail Blazers,109,Houston Rockets,126,+180,-205
Thu Nov 17 2016,Philadelphia 76ers,86,Minnesota Timberwolves,110, , 
Thu Nov 17 2016,Chicago Bulls,85,Utah Jazz,77,+145,-130
Fri Nov 18 2016,Atlanta Hawks,96,Charlotte Hornets,100,+130,-130
Fri Nov 18 2016,Phoenix Suns,116,Indiana Pacers,96,+225,-180
Fri Nov 18 2016,Detroit Pistons,81,Cleveland Cavaliers,104,+360,-420
Fri Nov 18 2016,Golden State Warriors,104,Boston Celtics,88,-320,+355
Fri Nov 18 2016,Portland Trail Blazers,101,New Orleans Pelicans,113,-103,+110
Fri Nov 18 2016,Brooklyn Nets,105,Oklahoma City Thunder,124,+430,-470
Fri Nov 18 2016,Memphis Grizzlies,80,Dallas Mavericks,64,-140,+145
Fri Nov 18 2016,Toronto Raptors,113,Denver Nuggets,111,-155,+150
Fri Nov 18 2016,San Antonio Spurs,116,Los Angeles Lakers,107,-275,+275
Fri Nov 18 2016,Los Angeles Clippers,121,Sacramento Kings,115,-360,+330
Sat Nov 19 2016,Utah Jazz,102,Houston Rockets,111,+248,-270
Sat Nov 19 2016,Boston Celtics,94,Detroit Pistons,92,+155,-120
Sat Nov 19 2016,Charlotte Hornets,116,New Orleans Pelicans,121,-125,+135
Sat Nov 19 2016,Dallas Mavericks,87,Orlando Magic,95,+318,-350
Sat Nov 19 2016,Miami Heat,114,Washington Wizards,111,+178,-200
Sat Nov 19 2016,Phoenix Suns,105,Philadelphia 76ers,120,-125,+115
Sat Nov 19 2016,Minnesota Timberwolves,71,Memphis Grizzlies,93,-110,+135
Sat Nov 19 2016,Golden State Warriors,124,Milwaukee Bucks,121,-300,+375
Sat Nov 19 2016,Chicago Bulls,95,Los Angeles Clippers,102,+300,-310
Sun Nov 20 2016,Atlanta Hawks,94,New York Knicks,104,-180,+170
Sun Nov 20 2016,Portland Trail Blazers,129,Brooklyn Nets,109,-175,+170
Sun Nov 20 2016,Indiana Pacers,115,Oklahoma City Thunder,111,+425,-475
Sun Nov 20 2016,Utah Jazz,91,Denver Nuggets,105,+155,-155
Sun Nov 20 2016,Toronto Raptors,99,Sacramento Kings,102,-155,+150
Sun Nov 20 2016,Chicago Bulls,118,Los Angeles Lakers,110,+120,-100
Mon Nov 21 2016,Memphis Grizzlies,105,Charlotte Hornets,90,+190,-210
Mon Nov 21 2016,Golden State Warriors,120,Indiana Pacers,83, , 
Mon Nov 21 2016,Miami Heat,94,Philadelphia 76ers,101,-180,+165
Mon Nov 21 2016,Phoenix Suns,101,Washington Wizards,106,+320,-312
Mon Nov 21 2016,Houston Rockets,99,Detroit Pistons,96,-125,+130
Mon Nov 21 2016,Orlando Magic,89,Milwaukee Bucks,93,+245,-260
Mon Nov 21 2016,Boston Celtics,99,Minnesota Timberwolves,93,-115,+115
Mon Nov 21 2016,Dallas Mavericks,91,San Antonio Spurs,96, , 
Mon Nov 21 2016,Toronto Raptors,115,Los Angeles Clippers,123,+385,-460
Tue Nov 22 2016,New Orleans Pelicans,112,Atlanta Hawks,94,+320,-365
Tue Nov 22 2016,Portland Trail Blazers,103,New York Knicks,107,+105,-120
Tue Nov 22 2016,Chicago Bulls,107,Denver Nuggets,110, , 
Tue Nov 22 2016,Oklahoma City Thunder,109,Los Angeles Lakers,111,-150,+145
Wed Nov 23 2016,San Antonio Spurs,119,Charlotte Hornets,114,-222,+200
Wed Nov 23 2016,Portland Trail Blazers,125,Cleveland Cavaliers,137, , 
Wed Nov 23 2016,Atlanta Hawks,96,Indiana Pacers,85, , 
Wed Nov 23 2016,Phoenix Suns,92,Orlando Magic,87,+165,-175
Wed Nov 23 2016,Memphis Grizzlies,104,Philadelphia 76ers,99,-235,+210
Wed Nov 23 2016,Boston Celtics,111,Brooklyn Nets,92,-310,+260
Wed Nov 23 2016,Miami Heat,84,Detroit Pistons,107,+175,-190
Wed Nov 23 2016,Toronto Raptors,115,Houston Rockets,102,+155,-162
Wed Nov 23 2016,Los Angeles Clippers,124,Dallas Mavericks,104,-575,+492
Wed Nov 23 2016,Denver Nuggets,83,Utah Jazz,108,+300,-320
Wed Nov 23 2016,Minnesota Timberwolves,96,New Orleans Pelicans,117,-126,+120
Wed Nov 23 2016,Los Angeles Lakers,106,Golden State Warriors,149, , 
Wed Nov 23 2016,Oklahoma City Thunder,101,Sacramento Kings,116,+120,-120
Fri Nov 25 2016,San Antonio Spurs,109,Boston Celtics,103,-150,+145
Fri Nov 25 2016,Washington Wizards,94,Orlando Magic,91,-130,+115
Fri Nov 25 2016,Dallas Mavericks,90,Cleveland Cavaliers,128, , 
Fri Nov 25 2016,Los Angeles Clippers,97,Detroit Pistons,108,-260,+255
Fri Nov 25 2016,Charlotte Hornets,111,New York Knicks,113, , 
Fri Nov 25 2016,Chicago Bulls,105,Philadelphia 76ers,89,-450,+400
Fri Nov 25 2016,Brooklyn Nets,97,Indiana Pacers,118,+195,-215
Fri Nov 25 2016,Miami Heat,90,Memphis Grizzlies,81,+180,-194
Fri Nov 25 2016,Toronto Raptors,105,Milwaukee Bucks,99,-160,+145
Fri Nov 25 2016,Atlanta Hawks,68,Utah Jazz,95,+145,-157
Fri Nov 25 2016,Oklahoma City Thunder,132,Denver Nuggets,129,-136,+135
Fri Nov 25 2016,Minnesota Timberwolves,98,Phoenix Suns,85,-140,+125
Fri Nov 25 2016,New Orleans Pelicans,104,Portland Trail Blazers,119,+160,-160
Fri Nov 25 2016,Golden State Warriors,109,Los Angeles Lakers,85, , 
Fri Nov 25 2016,Houston Rockets,117,Sacramento Kings,104,-155,+145
Sat Nov 26 2016,New York Knicks,102,Charlotte Hornets,107,+195,-220
Sat Nov 26 2016,San Antonio Spurs,112,Washington Wizards,100,-219,+220
Sat Nov 26 2016,Memphis Grizzlies,110,Miami Heat,107,+105,+105
Sat Nov 26 2016,Detroit Pistons,88,Oklahoma City Thunder,106,+165,-185
Sat Nov 26 2016,Minnesota Timberwolves,102,Golden State Warriors,115, , 
Sun Nov 27 2016,Cleveland Cavaliers,112,Philadelphia 76ers,108, , 
Sun Nov 27 2016,Denver Nuggets,120,Phoenix Suns,114,+120,-118
Sun Nov 27 2016,Sacramento Kings,122,Brooklyn Nets,105,-195,+175
Sun Nov 27 2016,Los Angeles Clippers,70,Indiana Pacers,91, , 
Sun Nov 27 2016,Milwaukee Bucks,104,Orlando Magic,96, , 
Sun Nov 27 2016,New Orleans Pelicans,81,Dallas Mavericks,91,-198,+190
Sun Nov 27 2016,Houston Rockets,130,Portland Trail Blazers,114,-115,+110
Sun Nov 27 2016,Atlanta Hawks,94,Los Angeles Lakers,109,-233,+205
Mon Nov 28 2016,Sacramento Kings,95,Washington Wizards,101,+175,-195
Mon Nov 28 2016,Boston Celtics,112,Miami Heat,104,-170,+160
Mon Nov 28 2016,Oklahoma City Thunder,112,New York Knicks,103, , 
Mon Nov 28 2016,Philadelphia 76ers,95,Toronto Raptors,122, , 
Mon Nov 28 2016,Charlotte Hornets,104,Memphis Grizzlies,85, , 
Mon Nov 28 2016,Utah Jazz,112,Minnesota Timberwolves,103,-141,+130
Mon Nov 28 2016,Atlanta Hawks,100,Golden State Warriors,105, , 
Tue Nov 29 2016,Detroit Pistons,112,Charlotte Hornets,89,+150,-160
Tue Nov 29 2016,Los Angeles Clippers,122,Brooklyn Nets,127, , 
Tue Nov 29 2016,Cleveland Cavaliers,101,Milwaukee Bucks,118,-300,+259
Tue Nov 29 2016,Los Angeles Lakers,88,New Orleans Pelicans,105,+195,-220
Tue Nov 29 2016,Orlando Magic,95,San Antonio Spurs,83, , 
Tue Nov 29 2016,Houston Rockets,101,Utah Jazz,120,-114,+105
Wed Nov 30 2016,Detroit Pistons,121,Boston Celtics,114,+260,-265
Wed Nov 30 2016,Memphis Grizzlies,105,Toronto Raptors,120,+857,-891
Wed Nov 30 2016,Los Angeles Lakers,96,Chicago Bulls,90,+475,-600
Wed Nov 30 2016,New York Knicks,106,Minnesota Timberwolves,104,+155,-170
Wed Nov 30 2016,Washington Wizards,115,Oklahoma City Thunder,126,+200,-200
Wed Nov 30 2016,San Antonio Spurs,94,Dallas Mavericks,87,-400,+370
Wed Nov 30 2016,Miami Heat,106,Denver Nuggets,98,+226,-255
Wed Nov 30 2016,Atlanta Hawks,107,Phoenix Suns,109,-165,+165
Wed Nov 30 2016,Indiana Pacers,109,Portland Trail Blazers,131,+275,-310
Thu Dec 1 2016,Dallas Mavericks,87,Charlotte Hornets,97, , 
Thu Dec 1 2016,Milwaukee Bucks,111,Brooklyn Nets,93,-220,+195
Thu Dec 1 2016,Los Angeles Clippers,113,Cleveland Cavaliers,94,+155,-160
Thu Dec 1 2016,Orlando Magic,94,Memphis Grizzlies,95,-170,+160
Thu Dec 1 2016,Miami Heat,111,Utah Jazz,110,+260,-285
Thu Dec 1 2016,Houston Rockets,132,Golden State Warriors,127, , 
Fri Dec 2 2016,Orlando Magic,105,Philadelphia 76ers,88,+105,-115
Fri Dec 2 2016,Sacramento Kings,92,Boston Celtics,97,+215,-240
Fri Dec 2 2016,Minnesota Timberwolves,114,New York Knicks,118,-132,+125
Fri Dec 2 2016,Los Angeles Lakers,80,Toronto Raptors,113,+410,-499
Fri Dec 2 2016,Detroit Pistons,121,Atlanta Hawks,85,+105,-120
Fri Dec 2 2016,Cleveland Cavaliers,105,Chicago Bulls,111,-120,+120
Fri Dec 2 2016,Los Angeles Clippers,114,New Orleans Pelicans,96,-175,+170
Fri Dec 2 2016,Washington Wizards,105,San Antonio Spurs,107,+400,-424
Fri Dec 2 2016,Houston Rockets,128,Denver Nuggets,110,+151,-145
Sat Dec 3 2016,Brooklyn Nets,103,Milwaukee Bucks,112,+430,-522
Sat Dec 3 2016,Minnesota Timberwolves,125,Charlotte Hornets,120,+205,-220
Sat Dec 3 2016,Boston Celtics,107,Philadelphia 76ers,106,-525,+445
Sat Dec 3 2016,Atlanta Hawks,84,Toronto Raptors,128,+330,-364
Sat Dec 3 2016,Los Angeles Lakers,100,Memphis Grizzlies,103,+130,-132
Sat Dec 3 2016,Chicago Bulls,82,Dallas Mavericks,107,-150,+140
Sat Dec 3 2016,Denver Nuggets,98,Utah Jazz,105,+250,-298
Sat Dec 3 2016,Miami Heat,92,Portland Trail Blazers,99,+210,-240
Sat Dec 3 2016,Phoenix Suns,109,Golden State Warriors,138, , 
Sun Dec 4 2016,Orlando Magic,98,Detroit Pistons,92,+290,-310
Sun Dec 4 2016,New Orleans Pelicans,92,Oklahoma City Thunder,101,+230,-250
Sun Dec 4 2016,Sacramento Kings,98,New York Knicks,106,+110,-115
Sun Dec 4 2016,Indiana Pacers,111,Los Angeles Clippers,102, , 
Mon Dec 5 2016,Denver Nuggets,106,Philadelphia 76ers,98,-165,+150
Mon Dec 5 2016,Oklahoma City Thunder,102,Atlanta Hawks,99,+160,-170
Mon Dec 5 2016,Washington Wizards,118,Brooklyn Nets,113,-265,+236
Mon Dec 5 2016,Cleveland Cavaliers,116,Toronto Raptors,112, , 
Mon Dec 5 2016,Portland Trail Blazers,112,Chicago Bulls,110,+153,-160
Mon Dec 5 2016,Boston Celtics,106,Houston Rockets,107,+200,-220
Mon Dec 5 2016,San Antonio Spurs,97,Milwaukee Bucks,96,-245,+221
Mon Dec 5 2016,Memphis Grizzlies,110,New Orleans Pelicans,108,+175,-170
Mon Dec 5 2016,Charlotte Hornets,109,Dallas Mavericks,101,-160,+145
Mon Dec 5 2016,Indiana Pacers,106,Golden State Warriors,142, , 
Mon Dec 5 2016,Utah Jazz,107,Los Angeles Lakers,101,-175,+180
Tue Dec 6 2016,Orlando Magic,124,Washington Wizards,116,+135,-147
Tue Dec 6 2016,Chicago Bulls,91,Detroit Pistons,102,+205,-210
Tue Dec 6 2016,New York Knicks,114,Miami Heat,103, , 
Tue Dec 6 2016,Philadelphia 76ers,91,Memphis Grizzlies,96,+290,-298
Tue Dec 6 2016,San Antonio Spurs,105,Minnesota Timberwolves,91,-162,+165
Tue Dec 6 2016,Phoenix Suns,105,Utah Jazz,112,+255,-285
Wed Dec 7 2016,Detroit Pistons,77,Charlotte Hornets,87,+200,-225
Wed Dec 7 2016,Boston Celtics,117,Orlando Magic,87,-113,+114
Wed Dec 7 2016,Miami Heat,95,Atlanta Hawks,103,+380,-425
Wed Dec 7 2016,Denver Nuggets,111,Brooklyn Nets,116,-180,+165
Wed Dec 7 2016,Los Angeles Lakers,95,Houston Rockets,134, , 
Wed Dec 7 2016,Portland Trail Blazers,107,Milwaukee Bucks,115, , 
Wed Dec 7 2016,Cleveland Cavaliers,126,New York Knicks,94,-375,+325
Wed Dec 7 2016,Sacramento Kings,120,Dallas Mavericks,89,-150,+137
Wed Dec 7 2016,Indiana Pacers,109,Phoenix Suns,94,-165,+165
Wed Dec 7 2016,Golden State Warriors,115,Los Angeles Clippers,98,-155,+165
Thu Dec 8 2016,Minnesota Timberwolves,110,Toronto Raptors,124,+420,-500
Thu Dec 8 2016,Denver Nuggets,85,Washington Wizards,92,+190,-215
Thu Dec 8 2016,Portland Trail Blazers,86,Memphis Grizzlies,88,-105,+125
Thu Dec 8 2016,Philadelphia 76ers,99,New Orleans Pelicans,88,+230,-240
Thu Dec 8 2016,Golden State Warriors,106,Utah Jazz,99,-581,+650
Thu Dec 8 2016,San Antonio Spurs,91,Chicago Bulls,95,-150,+145
Fri Dec 9 2016,Orlando Magic,88,Charlotte Hornets,109,+250,-265
Fri Dec 9 2016,Toronto Raptors,101,Boston Celtics,94,+125,-120
Fri Dec 9 2016,Miami Heat,84,Cleveland Cavaliers,114, , 
Fri Dec 9 2016,Atlanta Hawks,114,Milwaukee Bucks,110,+140,-148
Fri Dec 9 2016,Detroit Pistons,117,Minnesota Timberwolves,90,-155,+142
Fri Dec 9 2016,Houston Rockets,102,Oklahoma City Thunder,99, , 
Fri Dec 9 2016,Indiana Pacers,103,Dallas Mavericks,111,-165,+155
Fri Dec 9 2016,Phoenix Suns,119,Los Angeles Lakers,115,+110,-115
Fri Dec 9 2016,New York Knicks,103,Sacramento Kings,100,+200,-215
Sat Dec 10 2016,Portland Trail Blazers,111,Indiana Pacers,118, , 
Sat Dec 10 2016,Denver Nuggets,121,Orlando Magic,113,-120,+110
Sat Dec 10 2016,Milwaukee Bucks,105,Washington Wizards,110,+160,-170
Sat Dec 10 2016,Charlotte Hornets,105,Cleveland Cavaliers,116,+315,-326
Sat Dec 10 2016,Miami Heat,100,Chicago Bulls,105, , 
Sat Dec 10 2016,Dallas Mavericks,87,Houston Rockets,109, , 
Sat Dec 10 2016,Golden State Warriors,89,Memphis Grizzlies,110, , 
Sat Dec 10 2016,Brooklyn Nets,101,San Antonio Spurs,130, , 
Sat Dec 10 2016,Sacramento Kings,84,Utah Jazz,104,+210,-238
Sat Dec 10 2016,New Orleans Pelicans,105,Los Angeles Clippers,133, , 
Sun Dec 11 2016,Philadelphia 76ers,97,Detroit Pistons,79, , 
Sun Dec 11 2016,Golden State Warriors,116,Minnesota Timberwolves,108, , 
Sun Dec 11 2016,Boston Celtics,96,Oklahoma City Thunder,99,+145,-155
Sun Dec 11 2016,New Orleans Pelicans,120,Phoenix Suns,119,+115,-125
Sun Dec 11 2016,New York Knicks,118,Los Angeles Lakers,112,-136,+125
Mon Dec 12 2016,Charlotte Hornets,94,Indiana Pacers,110,-120,+105
Mon Dec 12 2016,Washington Wizards,101,Miami Heat,112, , 
Mon Dec 12 2016,Milwaukee Bucks,100,Toronto Raptors,122,+330,-350
Mon Dec 12 2016,Brooklyn Nets,118,Houston Rockets,122, , 
Mon Dec 12 2016,Denver Nuggets,92,Dallas Mavericks,112,-136,+125
Mon Dec 12 2016,Portland Trail Blazers,120,Los Angeles Clippers,121,+450,-505
Mon Dec 12 2016,Los Angeles Lakers,92,Sacramento Kings,116,+335,-358
Tue Dec 13 2016,Memphis Grizzlies,86,Cleveland Cavaliers,103, , 
Tue Dec 13 2016,Orlando Magic,131,Atlanta Hawks,120,+310,-353
Tue Dec 13 2016,Minnesota Timberwolves,99,Chicago Bulls,94,+220,-225
Tue Dec 13 2016,Golden State Warriors,113,New Orleans Pelicans,109, , 
Tue Dec 13 2016,New York Knicks,111,Phoenix Suns,113,-123,+120
Tue Dec 13 2016,Oklahoma City Thunder,95,Portland Trail Blazers,114,+117,-125
Wed Dec 14 2016,Indiana Pacers,89,Miami Heat,95,-102,+105
Wed Dec 14 2016,Los Angeles Clippers,113,Orlando Magic,108,-352,+340
Wed Dec 14 2016,Toronto Raptors,123,Philadelphia 76ers,114,-340,+325
Wed Dec 14 2016,Charlotte Hornets,106,Washington Wizards,109,+105,+112
Wed Dec 14 2016,Los Angeles Lakers,97,Brooklyn Nets,107,+105,-100
Wed Dec 14 2016,Sacramento Kings,98,Houston Rockets,132,+875,-520
Wed Dec 14 2016,Cleveland Cavaliers,85,Memphis Grizzlies,93,+257,-290
Wed Dec 14 2016,Detroit Pistons,95,Dallas Mavericks,85,-205,+205
Wed Dec 14 2016,Oklahoma City Thunder,89,Utah Jazz,109,+265,-315
Wed Dec 14 2016,Boston Celtics,101,San Antonio Spurs,108,+235,-238
Thu Dec 15 2016,Chicago Bulls,97,Milwaukee Bucks,108,+105,-102
Thu Dec 15 2016,Indiana Pacers,95,New Orleans Pelicans,102,+137,-140
Thu Dec 15 2016,Portland Trail Blazers,120,Denver Nuggets,132,+135,-140
Thu Dec 15 2016,San Antonio Spurs,107,Phoenix Suns,92,-344,+325
Thu Dec 15 2016,New York Knicks,90,Golden State Warriors,103, , 
Fri Dec 16 2016,Brooklyn Nets,111,Orlando Magic,118,+255,-280
Fri Dec 16 2016,Detroit Pistons,108,Washington Wizards,122, , 
Fri Dec 16 2016,Charlotte Hornets,88,Boston Celtics,96,+250,-250
Fri Dec 16 2016,Atlanta Hawks,125,Toronto Raptors,121,+265,-277
Fri Dec 16 2016,Milwaukee Bucks,95,Chicago Bulls,69,+195,-220
Fri Dec 16 2016,New Orleans Pelicans,100,Houston Rockets,122,+700,-700
Fri Dec 16 2016,Sacramento Kings,96,Memphis Grizzlies,92,+185,-203
Fri Dec 16 2016,Los Angeles Clippers,102,Miami Heat,98,-343,+320
Fri Dec 16 2016,Los Angeles Lakers,100,Philadelphia 76ers,89, , 
Fri Dec 16 2016,Dallas Mavericks,100,Utah Jazz,103, , 
Sat Dec 17 2016,Phoenix Suns,101,Oklahoma City Thunder,114,+240,-250
Sat Dec 17 2016,Indiana Pacers,105,Detroit Pistons,90,+170,-190
Sat Dec 17 2016,Charlotte Hornets,107,Atlanta Hawks,99,+125,-122
Sat Dec 17 2016,Los Angeles Lakers,108,Cleveland Cavaliers,119, , 
Sat Dec 17 2016,Houston Rockets,111,Minnesota Timberwolves,109,-140,+130
Sat Dec 17 2016,New York Knicks,114,Denver Nuggets,127,+155,-165
Sat Dec 17 2016,Portland Trail Blazers,90,Golden State Warriors,135, , 
Sun Dec 18 2016,Los Angeles Clippers,110,Washington Wizards,117,-215,+190
Sun Dec 18 2016,Sacramento Kings,79,Dallas Mavericks,99, , 
Sun Dec 18 2016,Utah Jazz,82,Memphis Grizzlies,73,-115,+110
Sun Dec 18 2016,Boston Celtics,105,Miami Heat,95,-170,+165
Sun Dec 18 2016,Toronto Raptors,109,Orlando Magic,79,-230,+210
Sun Dec 18 2016,Brooklyn Nets,107,Philadelphia 76ers,108,+112,-115
Sun Dec 18 2016,New Orleans Pelicans,100,San Antonio Spurs,113, , 
Mon Dec 19 2016,Washington Wizards,105,Indiana Pacers,107,+190,-205
Mon Dec 19 2016,Detroit Pistons,82,Chicago Bulls,113,+125,-133
Mon Dec 19 2016,Phoenix Suns,108,Minnesota Timberwolves,115,+215,-235
Mon Dec 19 2016,Atlanta Hawks,110,Oklahoma City Thunder,108,+143,-150
Mon Dec 19 2016,Dallas Mavericks,107,Denver Nuggets,117,+310,-340
Tue Dec 20 2016,Los Angeles Lakers,113,Charlotte Hornets,117,+355,-380
Tue Dec 20 2016,New Orleans Pelicans,108,Philadelphia 76ers,93,-155,+145
Tue Dec 20 2016,Orlando Magic,136,Miami Heat,130,+155,-165
Tue Dec 20 2016,Indiana Pacers,111,New York Knicks,118,+175,-180
Tue Dec 20 2016,Brooklyn Nets,104,Toronto Raptors,116, , 
Tue Dec 20 2016,San Antonio Spurs,102,Houston Rockets,100, , 
Tue Dec 20 2016,Boston Celtics,112,Memphis Grizzlies,109,-121,+110
Tue Dec 20 2016,Cleveland Cavaliers,114,Milwaukee Bucks,108,-150,+145
Tue Dec 20 2016,Utah Jazz,74,Golden State Warriors,104, , 
Tue Dec 20 2016,Denver Nuggets,102,Los Angeles Clippers,119,+320,-335
Tue Dec 20 2016,Portland Trail Blazers,121,Sacramento Kings,126, , 
Wed Dec 21 2016,Milwaukee Bucks,102,Cleveland Cavaliers,113,+255,-280
Wed Dec 21 2016,Minnesota Timberwolves,92,Atlanta Hawks,84,+170,-173
Wed Dec 21 2016,Memphis Grizzlies,98,Detroit Pistons,86,+225,-235
Wed Dec 21 2016,Washington Wizards,107,Chicago Bulls,97,+160,-168
Wed Dec 21 2016,Oklahoma City Thunder,121,New Orleans Pelicans,110,-121,+120
Wed Dec 21 2016,Houston Rockets,125,Phoenix Suns,111,-245,+250
Wed Dec 21 2016,Sacramento Kings,94,Utah Jazz,93,+312,-355
Wed Dec 21 2016,Dallas Mavericks,96,Portland Trail Blazers,95,+220,-244
Thu Dec 22 2016,Boston Celtics,109,Indiana Pacers,102, , 
Thu Dec 22 2016,Golden State Warriors,117,Brooklyn Nets,101, , 
Thu Dec 22 2016,Orlando Magic,95,New York Knicks,106,+175,-165
Thu Dec 22 2016,Los Angeles Lakers,107,Miami Heat,115,+210,-230
Thu Dec 22 2016,San Antonio Spurs,101,Los Angeles Clippers,106, , 
Fri Dec 23 2016,Chicago Bulls,91,Charlotte Hornets,103,+168,-175
Fri Dec 23 2016,Los Angeles Lakers,90,Orlando Magic,109,+180,-180
Fri Dec 23 2016,Oklahoma City Thunder,117,Boston Celtics,112,+190,-200
Fri Dec 23 2016,Brooklyn Nets,99,Cleveland Cavaliers,119, , 
Fri Dec 23 2016,Golden State Warriors,119,Detroit Pistons,113,-325,+280
Fri Dec 23 2016,Houston Rockets,109,Memphis Grizzlies,115,-153,+145
Fri Dec 23 2016,Washington Wizards,96,Milwaukee Bucks,123,+140,-145
Fri Dec 23 2016,Sacramento Kings,109,Minnesota Timberwolves,105,+185,-190
Fri Dec 23 2016,Miami Heat,87,New Orleans Pelicans,91,+176,-190
Fri Dec 23 2016,Atlanta Hawks,109,Denver Nuggets,108,+210,-220
Fri Dec 23 2016,Philadelphia 76ers,116,Phoenix Suns,123,+210,-220
Fri Dec 23 2016,Toronto Raptors,104,Utah Jazz,98,-110,-100
Fri Dec 23 2016,San Antonio Spurs,110,Portland Trail Blazers,90,-120,+115
Fri Dec 23 2016,Dallas Mavericks,90,Los Angeles Clippers,88,+165,-170
Sun Dec 25 2016,Boston Celtics,119,New York Knicks,114,-125,+115
Sun Dec 25 2016,Golden State Warriors,108,Cleveland Cavaliers,109,-155,+150
Sun Dec 25 2016,Chicago Bulls,100,San Antonio Spurs,119,+370,-425
Sun Dec 25 2016,Minnesota Timberwolves,100,Oklahoma City Thunder,112,+170,-175
Sun Dec 25 2016,Los Angeles Clippers,102,Los Angeles Lakers,111,-140,+130
Mon Dec 26 2016,Memphis Grizzlies,102,Orlando Magic,112,-155,+140
Mon Dec 26 2016,Milwaukee Bucks,102,Washington Wizards,107,+145,-155
Mon Dec 26 2016,Charlotte Hornets,118,Brooklyn Nets,120,-265,+250
Mon Dec 26 2016,Cleveland Cavaliers,90,Detroit Pistons,106,+190,-190
Mon Dec 26 2016,Indiana Pacers,85,Chicago Bulls,90,+123,-130
Mon Dec 26 2016,Phoenix Suns,115,Houston Rockets,131, , 
Mon Dec 26 2016,Atlanta Hawks,90,Minnesota Timberwolves,104,+110,+111
Mon Dec 26 2016,Dallas Mavericks,104,New Orleans Pelicans,111,+175,-185
Mon Dec 26 2016,Toronto Raptors,95,Portland Trail Blazers,91,-355,+320
Mon Dec 26 2016,Denver Nuggets,106,Los Angeles Clippers,102,-180,+165
Mon Dec 26 2016,Philadelphia 76ers,100,Sacramento Kings,102,+345,-385
Tue Dec 27 2016,Memphis Grizzlies,103,Boston Celtics,113,+280,-320
Tue Dec 27 2016,Oklahoma City Thunder,106,Miami Heat,94,-180,+185
Tue Dec 27 2016,Houston Rockets,123,Dallas Mavericks,107,-200,+185
Tue Dec 27 2016,Utah Jazz,102,Los Angeles Lakers,100,-205,+190
Wed Dec 28 2016,Charlotte Hornets,120,Orlando Magic,101,-170,+160
Wed Dec 28 2016,Indiana Pacers,105,Washington Wizards,111,+165,-175
Wed Dec 28 2016,New York Knicks,98,Atlanta Hawks,102,+190,-205
Wed Dec 28 2016,Milwaukee Bucks,119,Detroit Pistons,94,+145,-155
Wed Dec 28 2016,Brooklyn Nets,99,Chicago Bulls,101,+405,-450
Wed Dec 28 2016,Los Angeles Clippers,98,New Orleans Pelicans,102,-105,-100
Wed Dec 28 2016,Phoenix Suns,98,San Antonio Spurs,119, , 
Wed Dec 28 2016,Minnesota Timberwolves,103,Denver Nuggets,105,+160,-170
Wed Dec 28 2016,Sacramento Kings,89,Portland Trail Blazers,102,+110,+110
Wed Dec 28 2016,Toronto Raptors,111,Golden State Warriors,121,+425,-470
Thu Dec 29 2016,Miami Heat,82,Charlotte Hornets,91,+225,-245
Thu Dec 29 2016,Boston Celtics,118,Cleveland Cavaliers,124,+230,-255
Thu Dec 29 2016,Oklahoma City Thunder,80,Memphis Grizzlies,114,+120,-115
Thu Dec 29 2016,Toronto Raptors,91,Phoenix Suns,99,-400,+350
Thu Dec 29 2016,Philadelphia 76ers,83,Utah Jazz,100, , 
Thu Dec 29 2016,Dallas Mavericks,101,Los Angeles Lakers,89,+165,-175
Fri Dec 30 2016,Chicago Bulls,101,Indiana Pacers,111,+155,-170
Fri Dec 30 2016,Brooklyn Nets,95,Washington Wizards,118,+290,-330
Fri Dec 30 2016,Miami Heat,114,Boston Celtics,117,+420,-465
Fri Dec 30 2016,Detroit Pistons,98,Atlanta Hawks,105,+120,-135
Fri Dec 30 2016,Los Angeles Clippers,116,Houston Rockets,140,+485,-465
Fri Dec 30 2016,Milwaukee Bucks,99,Minnesota Timberwolves,116,+110,-110
Fri Dec 30 2016,New York Knicks,92,New Orleans Pelicans,104,+145,-155
Fri Dec 30 2016,Portland Trail Blazers,94,San Antonio Spurs,110, , 
Fri Dec 30 2016,Philadelphia 76ers,124,Denver Nuggets,122, , 
Fri Dec 30 2016,Dallas Mavericks,99,Golden State Warriors,108, , 
Sat Dec 31 2016,Memphis Grizzlies,112,Sacramento Kings,98, , 
Sat Dec 31 2016,Milwaukee Bucks,116,Chicago Bulls,96,+135,-145
Sat Dec 31 2016,Cleveland Cavaliers,121,Charlotte Hornets,109,-115,+110
Sat Dec 31 2016,New York Knicks,122,Houston Rockets,129,+825,-575
Sat Dec 31 2016,Los Angeles Clippers,88,Oklahoma City Thunder,114,+355,-385
Sat Dec 31 2016,Phoenix Suns,86,Utah Jazz,91, , 
Sun Jan 1 2017,San Antonio Spurs,112,Atlanta Hawks,114,-205,+180
Sun Jan 1 2017,Orlando Magic,104,Indiana Pacers,117,+215,-240
Sun Jan 1 2017,Detroit Pistons,107,Miami Heat,98,-275,+250
Sun Jan 1 2017,Portland Trail Blazers,95,Minnesota Timberwolves,89,+215,-245
Sun Jan 1 2017,Toronto Raptors,123,Los Angeles Lakers,114,-340,+315
Mon Jan 2 2017,New Orleans Pelicans,82,Cleveland Cavaliers,90,+400,-450
Mon Jan 2 2017,Oklahoma City Thunder,94,Milwaukee Bucks,98,+115,-115
Mon Jan 2 2017,Utah Jazz,101,Brooklyn Nets,89,-275,+250
Mon Jan 2 2017,Orlando Magic,115,New York Knicks,103,+160,-170
Mon Jan 2 2017,Charlotte Hornets,111,Chicago Bulls,118,+110,+105
Mon Jan 2 2017,Washington Wizards,91,Houston Rockets,101,+300,-335
Mon Jan 2 2017,Denver Nuggets,119,Golden State Warriors,127, , 
Mon Jan 2 2017,Phoenix Suns,98,Los Angeles Clippers,109,+170,-190
Tue Jan 3 2017,Minnesota Timberwolves,91,Philadelphia 76ers,93,-200,+180
Tue Jan 3 2017,Utah Jazz,104,Boston Celtics,115,+195,-220
Tue Jan 3 2017,Indiana Pacers,121,Detroit Pistons,116,+195,-190
Tue Jan 3 2017,Washington Wizards,105,Dallas Mavericks,113, , 
Tue Jan 3 2017,Toronto Raptors,82,San Antonio Spurs,110,+230,-255
Tue Jan 3 2017,Sacramento Kings,120,Denver Nuggets,113, , 
Tue Jan 3 2017,Miami Heat,90,Phoenix Suns,99,+190,-205
Tue Jan 3 2017,Memphis Grizzlies,102,Los Angeles Lakers,116,-200,+175
Wed Jan 4 2017,Oklahoma City Thunder,112,Charlotte Hornets,123,+115,-130
Wed Jan 4 2017,Atlanta Hawks,111,Orlando Magic,92,-130,+115
Wed Jan 4 2017,Milwaukee Bucks,105,New York Knicks,104,-155,+145
Wed Jan 4 2017,Chicago Bulls,106,Cleveland Cavaliers,94,+170,-129
Wed Jan 4 2017,Portland Trail Blazers,117,Golden State Warriors,125, , 
Wed Jan 4 2017,Memphis Grizzlies,106,Los Angeles Clippers,115, , 
Wed Jan 4 2017,Miami Heat,107,Sacramento Kings,102,+295,-350
Thu Jan 5 2017,Brooklyn Nets,109,Indiana Pacers,121,+485,-560
Thu Jan 5 2017,Charlotte Hornets,114,Detroit Pistons,115,+190,-200
Thu Jan 5 2017,Utah Jazz,93,Toronto Raptors,101,+185,-210
Thu Jan 5 2017,Oklahoma City Thunder,116,Houston Rockets,118,+330,-380
Thu Jan 5 2017,Atlanta Hawks,99,New Orleans Pelicans,94,+110,-120
Thu Jan 5 2017,Phoenix Suns,102,Dallas Mavericks,95,+200,-215
Thu Jan 5 2017,San Antonio Spurs,127,Denver Nuggets,99,-300,+270
Thu Jan 5 2017,Los Angeles Lakers,109,Portland Trail Blazers,118,+245,-260
Fri Jan 6 2017,Houston Rockets,100,Orlando Magic,93,-200,+180
Fri Jan 6 2017,Minnesota Timberwolves,105,Washington Wizards,112,+180,-200
Fri Jan 6 2017,Philadelphia 76ers,106,Boston Celtics,110, , 
Fri Jan 6 2017,Cleveland Cavaliers,116,Brooklyn Nets,108, , 
Fri Jan 6 2017,New York Knicks,116,Milwaukee Bucks,111,+180,-205
Fri Jan 6 2017,Memphis Grizzlies,128,Golden State Warriors,119, , 
Fri Jan 6 2017,Miami Heat,100,Los Angeles Lakers,127,+130,-140
Fri Jan 6 2017,Los Angeles Clippers,106,Sacramento Kings,98,-115,+130
Sat Jan 7 2017,New York Knicks,109,Indiana Pacers,123,+245,-280
Sat Jan 7 2017,New Orleans Pelicans,108,Boston Celtics,117,+215,-250
Sat Jan 7 2017,Toronto Raptors,118,Chicago Bulls,123,-115,+105
Sat Jan 7 2017,Utah Jazz,94,Minnesota Timberwolves,92,-190,+170
Sat Jan 7 2017,Denver Nuggets,106,Oklahoma City Thunder,121,+335,-340
Sat Jan 7 2017,Atlanta Hawks,97,Dallas Mavericks,82,-115,+108
Sat Jan 7 2017,Charlotte Hornets,85,San Antonio Spurs,102, , 
Sun Jan 8 2017,Philadelphia 76ers,105,Brooklyn Nets,95,+120,-110
Sun Jan 8 2017,Washington Wizards,107,Milwaukee Bucks,101,+165,-115
Sun Jan 8 2017,Miami Heat,86,Los Angeles Clippers,98,+390,-465
Sun Jan 8 2017,Houston Rockets,129,Toronto Raptors,122,-130,+125
Sun Jan 8 2017,Utah Jazz,79,Memphis Grizzlies,88,+125,-140
Sun Jan 8 2017,Cleveland Cavaliers,120,Phoenix Suns,116,-400,+330
Sun Jan 8 2017,Detroit Pistons,125,Portland Trail Blazers,124,+150,-160
Sun Jan 8 2017,Golden State Warriors,117,Sacramento Kings,106, , 
Sun Jan 8 2017,Orlando Magic,95,Los Angeles Lakers,111,+130,-140
Mon Jan 9 2017,New Orleans Pelicans,110,New York Knicks,96,+150,-145
Mon Jan 9 2017,Oklahoma City Thunder,109,Chicago Bulls,94, , 
Mon Jan 9 2017,Dallas Mavericks,92,Minnesota Timberwolves,101,+170,-195
Tue Jan 10 2017,Chicago Bulls,99,Washington Wizards,101, , 
Tue Jan 10 2017,Atlanta Hawks,117,Brooklyn Nets,97,-375,+320
Tue Jan 10 2017,Boston Celtics,106,Toronto Raptors,114,+190,-210
Tue Jan 10 2017,Charlotte Hornets,114,Houston Rockets,121,+400,-430
Tue Jan 10 2017,Milwaukee Bucks,109,San Antonio Spurs,107,+445,-520
Tue Jan 10 2017,Cleveland Cavaliers,92,Utah Jazz,100,-105,+115
Tue Jan 10 2017,Miami Heat,95,Golden State Warriors,107, , 
Tue Jan 10 2017,Portland Trail Blazers,108,Los Angeles Lakers,87,-132,+120
Tue Jan 10 2017,Detroit Pistons,94,Sacramento Kings,100,+135,-145
Wed Jan 11 2017,New York Knicks,97,Philadelphia 76ers,98,-125,+125
Wed Jan 11 2017,Washington Wizards,108,Boston Celtics,117,+200,-215
Wed Jan 11 2017,Houston Rockets,105,Minnesota Timberwolves,119,-155,+140
Wed Jan 11 2017,Memphis Grizzlies,95,Oklahoma City Thunder,103,+170,-190
Wed Jan 11 2017,Orlando Magic,96,Los Angeles Clippers,105,+445,-500
Wed Jan 11 2017,Cleveland Cavaliers,86,Portland Trail Blazers,102,-205,+190
Thu Jan 12 2017,Indiana Pacers,112,Denver Nuggets,140,-180,+175
Thu Jan 12 2017,New Orleans Pelicans,104,Brooklyn Nets,95,+120,+155
Thu Jan 12 2017,Chicago Bulls,89,New York Knicks,104,+135,-145
Thu Jan 12 2017,Los Angeles Lakers,94,San Antonio Spurs,134, , 
Thu Jan 12 2017,Dallas Mavericks,113,Phoenix Suns,108,-125,+120
Thu Jan 12 2017,Detroit Pistons,107,Golden State Warriors,127, , 
Fri Jan 13 2017,Charlotte Hornets,93,Philadelphia 76ers,102,-210,+195
Fri Jan 13 2017,Brooklyn Nets,113,Toronto Raptors,132, , 
Fri Jan 13 2017,Boston Celtics,103,Atlanta Hawks,101,+144,-145
Fri Jan 13 2017,Memphis Grizzlies,110,Houston Rockets,105,+290,-325
Fri Jan 13 2017,Miami Heat,108,Milwaukee Bucks,116,+300,-340
Fri Jan 13 2017,Oklahoma City Thunder,86,Minnesota Timberwolves,96,-125,+120
Fri Jan 13 2017,Orlando Magic,115,Portland Trail Blazers,109,+285,-310
Fri Jan 13 2017,Cleveland Cavaliers,120,Sacramento Kings,108,-275,+245
Fri Jan 13 2017,Detroit Pistons,77,Utah Jazz,110,+560,-530
Sat Jan 14 2017,Los Angeles Lakers,97,Los Angeles Clippers,113, , 
Sat Jan 14 2017,New Orleans Pelicans,99,Chicago Bulls,107,+145,-165
Sat Jan 14 2017,San Antonio Spurs,105,Phoenix Suns,108, , 
Sat Jan 14 2017,Philadelphia 76ers,93,Washington Wizards,109,+450,-525
Sat Jan 14 2017,Orlando Magic,107,Utah Jazz,114, , 
Sun Jan 15 2017,Minnesota Timberwolves,87,Dallas Mavericks,98,-100,-100
Sun Jan 15 2017,Milwaukee Bucks,98,Atlanta Hawks,111,+155,-170
Sun Jan 15 2017,New York Knicks,101,Toronto Raptors,116,+460,-565
Sun Jan 15 2017,Houston Rockets,137,Brooklyn Nets,112, , 
Sun Jan 15 2017,Chicago Bulls,108,Memphis Grizzlies,104,+345,-400
Sun Jan 15 2017,Oklahoma City Thunder,122,Sacramento Kings,118,-116,+110
Sun Jan 15 2017,Detroit Pistons,102,Los Angeles Lakers,97, , 
Mon Jan 16 2017,Atlanta Hawks,108,New York Knicks,107,-130,+125
Mon Jan 16 2017,Portland Trail Blazers,101,Washington Wizards,120,+155,-160
Mon Jan 16 2017,Philadelphia 76ers,113,Milwaukee Bucks,104,+345,-365
Mon Jan 16 2017,New Orleans Pelicans,95,Indiana Pacers,98,+190,-210
Mon Jan 16 2017,Orlando Magic,112,Denver Nuggets,125,+205,-230
Mon Jan 16 2017,Charlotte Hornets,98,Boston Celtics,108,+190,-210
Mon Jan 16 2017,Cleveland Cavaliers,91,Golden State Warriors,126,+355,-370
Mon Jan 16 2017,Utah Jazz,106,Phoenix Suns,101,-250,+230
Mon Jan 16 2017,Oklahoma City Thunder,98,Los Angeles Clippers,120,+330,-340
Tue Jan 17 2017,Toronto Raptors,119,Brooklyn Nets,109,-400,+335
Tue Jan 17 2017,Houston Rockets,103,Miami Heat,109,-300,+270
Tue Jan 17 2017,Dallas Mavericks,99,Chicago Bulls,98,+180,-190
Tue Jan 17 2017,Minnesota Timberwolves,114,San Antonio Spurs,122, , 
Tue Jan 17 2017,Denver Nuggets,127,Los Angeles Lakers,121,+110,-102
Wed Jan 18 2017,Portland Trail Blazers,85,Charlotte Hornets,107,+205,-220
Wed Jan 18 2017,Toronto Raptors,89,Philadelphia 76ers,94,-235,+205
Wed Jan 18 2017,Memphis Grizzlies,101,Washington Wizards,104,+116,-128
Wed Jan 18 2017,New York Knicks,117,Boston Celtics,106,+415,-450
Wed Jan 18 2017,Atlanta Hawks,95,Detroit Pistons,118,-130,+125
Wed Jan 18 2017,Milwaukee Bucks,92,Houston Rockets,111,+245,-260
Wed Jan 18 2017,Orlando Magic,98,New Orleans Pelicans,118,+205,-205
Wed Jan 18 2017,Oklahoma City Thunder,100,Golden State Warriors,121, , 
Wed Jan 18 2017,Indiana Pacers,106,Sacramento Kings,100, , 
Thu Jan 19 2017,Phoenix Suns,103,Cleveland Cavaliers,118, , 
Thu Jan 19 2017,Dallas Mavericks,95,Miami Heat,99,+110,-120
Thu Jan 19 2017,Washington Wizards,113,New York Knicks,110,-115,+120
Thu Jan 19 2017,Denver Nuggets,104,San Antonio Spurs,118, , 
Thu Jan 19 2017,Minnesota Timberwolves,104,Los Angeles Clippers,101, , 
Fri Jan 20 2017,Toronto Raptors,78,Charlotte Hornets,113, , 
Fri Jan 20 2017,Milwaukee Bucks,96,Orlando Magic,112,-160,+145
Fri Jan 20 2017,Portland Trail Blazers,92,Philadelphia 76ers,93,-134,+124
Fri Jan 20 2017,Chicago Bulls,93,Atlanta Hawks,102,+160,-160
Fri Jan 20 2017,Golden State Warriors,125,Houston Rockets,108,-211,+195
Fri Jan 20 2017,Sacramento Kings,91,Memphis Grizzlies,107,+320,-350
Fri Jan 20 2017,Brooklyn Nets,143,New Orleans Pelicans,114,+450,-525
Fri Jan 20 2017,Utah Jazz,112,Dallas Mavericks,107,-210,+200
Fri Jan 20 2017,Indiana Pacers,95,Los Angeles Lakers,108,-165,+155
Sat Jan 21 2017,Portland Trail Blazers,127,Boston Celtics,123,+290,-330
Sat Jan 21 2017,Washington Wizards,112,Detroit Pistons,113, , 
Sat Jan 21 2017,Philadelphia 76ers,93,Atlanta Hawks,110,+500,-550
Sat Jan 21 2017,Brooklyn Nets,105,Charlotte Hornets,112, , 
Sat Jan 21 2017,Milwaukee Bucks,97,Miami Heat,109, , 
Sat Jan 21 2017,Phoenix Suns,107,New York Knicks,105,+185,-185
Sat Jan 21 2017,Houston Rockets,119,Memphis Grizzlies,95, , 
Sat Jan 21 2017,San Antonio Spurs,118,Cleveland Cavaliers,115,+155,-165
Sat Jan 21 2017,Sacramento Kings,99,Chicago Bulls,102,+250,-260
Sat Jan 21 2017,Los Angeles Clippers,98,Denver Nuggets,123,+180,-205
Sat Jan 21 2017,Indiana Pacers,100,Utah Jazz,109,+255,-290
Sun Jan 22 2017,Golden State Warriors,118,Orlando Magic,98, , 
Sun Jan 22 2017,Los Angeles Lakers,73,Dallas Mavericks,122,+210,-230
Sun Jan 22 2017,Phoenix Suns,115,Toronto Raptors,103,+720,-750
Sun Jan 22 2017,Denver Nuggets,108,Minnesota Timberwolves,111,+150,-165
Mon Jan 23 2017,Washington Wizards,109,Charlotte Hornets,99,+220,-240
Mon Jan 23 2017,Los Angeles Clippers,115,Atlanta Hawks,105,+260,-310
Mon Jan 23 2017,San Antonio Spurs,112,Brooklyn Nets,86,-365,+325
Mon Jan 23 2017,Sacramento Kings,109,Detroit Pistons,104,+260,-290
Mon Jan 23 2017,Golden State Warriors,102,Miami Heat,105, , 
Mon Jan 23 2017,New York Knicks,109,Indiana Pacers,103,+200,-210
Mon Jan 23 2017,Houston Rockets,114,Milwaukee Bucks,127,-195,+180
Mon Jan 23 2017,Cleveland Cavaliers,122,New Orleans Pelicans,124,-550,+445
Mon Jan 23 2017,Oklahoma City Thunder,97,Utah Jazz,95,+185,-200
Tue Jan 24 2017,Chicago Bulls,100,Orlando Magic,92,-155,+137
Tue Jan 24 2017,Los Angeles Clippers,110,Philadelphia 76ers,121,-190,+170
Tue Jan 24 2017,San Antonio Spurs,108,Toronto Raptors,106,+130,-130
Tue Jan 24 2017,Boston Celtics,108,Washington Wizards,123, , 
Tue Jan 24 2017,Utah Jazz,93,Denver Nuggets,103,+115,-130
Tue Jan 24 2017,Minnesota Timberwolves,112,Phoenix Suns,111, , 
Wed Jan 25 2017,Sacramento Kings,116,Cleveland Cavaliers,112, , 
Wed Jan 25 2017,Houston Rockets,109,Boston Celtics,120,-163,+155
Wed Jan 25 2017,Miami Heat,109,Brooklyn Nets,106,-135,+125
Wed Jan 25 2017,Atlanta Hawks,119,Chicago Bulls,114, , 
Wed Jan 25 2017,Golden State Warriors,113,Charlotte Hornets,103, , 
Wed Jan 25 2017,Toronto Raptors,99,Memphis Grizzlies,101,+195,-205
Wed Jan 25 2017,Philadelphia 76ers,114,Milwaukee Bucks,109, , 
Wed Jan 25 2017,Oklahoma City Thunder,114,New Orleans Pelicans,105, , 
Wed Jan 25 2017,New York Knicks,95,Dallas Mavericks,103,+135,-140
Wed Jan 25 2017,Los Angeles Lakers,98,Portland Trail Blazers,105,+325,-360
Thu Jan 26 2017,Indiana Pacers,109,Minnesota Timberwolves,103,+140,-150
Thu Jan 26 2017,Dallas Mavericks,98,Oklahoma City Thunder,109,+430,-500
Thu Jan 26 2017,Phoenix Suns,120,Denver Nuggets,127,+250,-270
Thu Jan 26 2017,Los Angeles Lakers,88,Utah Jazz,96, , 
Fri Jan 27 2017,Sacramento Kings,111,Indiana Pacers,115,+166,-185
Fri Jan 27 2017,Orlando Magic,98,Boston Celtics,128,+270,-310
Fri Jan 27 2017,Brooklyn Nets,116,Cleveland Cavaliers,124, , 
Fri Jan 27 2017,Charlotte Hornets,107,New York Knicks,110, , 
Fri Jan 27 2017,Milwaukee Bucks,86,Toronto Raptors,102,+205,-220
Fri Jan 27 2017,Washington Wizards,112,Atlanta Hawks,86,+135,-150
Fri Jan 27 2017,Miami Heat,100,Chicago Bulls,88,+260,-290
Fri Jan 27 2017,San Antonio Spurs,103,New Orleans Pelicans,119,-300,+265
Fri Jan 27 2017,Houston Rockets,123,Philadelphia 76ers,118,-260,+250
Fri Jan 27 2017,Memphis Grizzlies,109,Portland Trail Blazers,112, , 
Sat Jan 28 2017,Sacramento Kings,109,Charlotte Hornets,106,+260,-290
Sat Jan 28 2017,Detroit Pistons,103,Miami Heat,116,-145,+140
Sat Jan 28 2017,Boston Celtics,112,Milwaukee Bucks,108,+120,-103
Sat Jan 28 2017,Los Angeles Clippers,98,Golden State Warriors,144, , 
Sat Jan 28 2017,Brooklyn Nets,109,Minnesota Timberwolves,129, , 
Sat Jan 28 2017,Denver Nuggets,123,Phoenix Suns,112,+145,-160
Sat Jan 28 2017,Memphis Grizzlies,102,Utah Jazz,95,+305,-335
Sun Jan 29 2017,New York Knicks,139,Atlanta Hawks,142,+230,-240
Sun Jan 29 2017,Oklahoma City Thunder,91,Cleveland Cavaliers,107,+320,-340
Sun Jan 29 2017,Houston Rockets,101,Indiana Pacers,120,-160,+150
Sun Jan 29 2017,Washington Wizards,107,New Orleans Pelicans,94,-105,+105
Sun Jan 29 2017,Orlando Magic,114,Toronto Raptors,113,+550,-650
Sun Jan 29 2017,Philadelphia 76ers,108,Chicago Bulls,121,+250,-270
Sun Jan 29 2017,Dallas Mavericks,105,San Antonio Spurs,101, , 
Sun Jan 29 2017,Golden State Warriors,113,Portland Trail Blazers,111,-250,+220
Mon Jan 30 2017,Sacramento Kings,119,Philadelphia 76ers,122,+300,+135
Mon Jan 30 2017,Brooklyn Nets,96,Miami Heat,104,+330,-360
Mon Jan 30 2017,Detroit Pistons,109,Boston Celtics,113,+205,-220
Mon Jan 30 2017,Orlando Magic,105,Minnesota Timberwolves,111,+315,-355
Mon Jan 30 2017,Cleveland Cavaliers,97,Dallas Mavericks,104,-180,+165
Mon Jan 30 2017,Memphis Grizzlies,115,Phoenix Suns,96,-149,+160
Tue Jan 31 2017,New Orleans Pelicans,106,Toronto Raptors,108,+270,-315
Tue Jan 31 2017,New York Knicks,101,Washington Wizards,117,+325,-350
Tue Jan 31 2017,Sacramento Kings,83,Houston Rockets,105, , 
Tue Jan 31 2017,Oklahoma City Thunder,94,San Antonio Spurs,108,+400,-465
Tue Jan 31 2017,Charlotte Hornets,98,Portland Trail Blazers,115,+165,-170
Tue Jan 31 2017,Denver Nuggets,116,Los Angeles Lakers,120,-104,+115
Wed Feb 1 2017,Minnesota Timberwolves,97,Cleveland Cavaliers,125,+245,-265
Wed Feb 1 2017,Indiana Pacers,98,Orlando Magic,88,-145,+130
Wed Feb 1 2017,Toronto Raptors,104,Boston Celtics,109,+230,-250
Wed Feb 1 2017,New York Knicks,95,Brooklyn Nets,90,-140,+135
Wed Feb 1 2017,New Orleans Pelicans,98,Detroit Pistons,118,+280,-310
Wed Feb 1 2017,Atlanta Hawks,93,Miami Heat,116, , 
Wed Feb 1 2017,Philadelphia 76ers,95,Dallas Mavericks,113,+310,-330
Wed Feb 1 2017,Memphis Grizzlies,119,Denver Nuggets,99,-170,+160
Wed Feb 1 2017,Los Angeles Clippers,124,Phoenix Suns,114,-140,+130
Wed Feb 1 2017,Milwaukee Bucks,88,Utah Jazz,104,+300,-340
Wed Feb 1 2017,Chicago Bulls,128,Oklahoma City Thunder,100,+130,-140
Wed Feb 1 2017,Charlotte Hornets,111,Golden State Warriors,126, , 
Thu Feb 2 2017,Los Angeles Lakers,108,Washington Wizards,116,+510,-203
Thu Feb 2 2017,Atlanta Hawks,113,Houston Rockets,108,+435,-510
Thu Feb 2 2017,Philadelphia 76ers,86,San Antonio Spurs,102, , 
Thu Feb 2 2017,Golden State Warriors,133,Los Angeles Clippers,120,-325,+310
Fri Feb 3 2017,Toronto Raptors,94,Orlando Magic,102,-205,+190
Fri Feb 3 2017,Indiana Pacers,106,Brooklyn Nets,97,-275,+245
Fri Feb 3 2017,Minnesota Timberwolves,108,Detroit Pistons,116,+170,-185
Fri Feb 3 2017,Los Angeles Lakers,107,Boston Celtics,113, , 
Fri Feb 3 2017,Chicago Bulls,117,Houston Rockets,121,+447,-255
Fri Feb 3 2017,Memphis Grizzlies,102,Oklahoma City Thunder,114, , 
Fri Feb 3 2017,Milwaukee Bucks,117,Denver Nuggets,121,+140,-150
Fri Feb 3 2017,Dallas Mavericks,108,Portland Trail Blazers,104,+230,-250
Fri Feb 3 2017,Phoenix Suns,105,Sacramento Kings,103,+165,-180
Sat Feb 4 2017,Orlando Magic,86,Atlanta Hawks,113,+270,-300
Sat Feb 4 2017,Detroit Pistons,84,Indiana Pacers,105,+130,-145
Sat Feb 4 2017,New Orleans Pelicans,91,Washington Wizards,105,+255,-275
Sat Feb 4 2017,Philadelphia 76ers,102,Miami Heat,125,+400,-465
Sat Feb 4 2017,Cleveland Cavaliers,111,New York Knicks,104,-175,+165
Sat Feb 4 2017,Memphis Grizzlies,107,Minnesota Timberwolves,99, , 
Sat Feb 4 2017,Milwaukee Bucks,137,Phoenix Suns,112, , 
Sat Feb 4 2017,Denver Nuggets,97,San Antonio Spurs,121,+825,-700
Sat Feb 4 2017,Charlotte Hornets,98,Utah Jazz,105,+330,-360
Sat Feb 4 2017,Golden State Warriors,106,Sacramento Kings,109, , 
Sun Feb 5 2017,Toronto Raptors,103,Brooklyn Nets,95,-260,+250
Sun Feb 5 2017,Los Angeles Clippers,102,Boston Celtics,107,+205,-235
Sun Feb 5 2017,Portland Trail Blazers,99,Oklahoma City Thunder,105,+180,-200
Mon Feb 6 2017,Oklahoma City Thunder,90,Indiana Pacers,93,+185,-210
Mon Feb 6 2017,Los Angeles Lakers,121,New York Knicks,107,+180,-200
Mon Feb 6 2017,Cleveland Cavaliers,140,Washington Wizards,135, , 
Mon Feb 6 2017,Utah Jazz,120,Atlanta Hawks,95, , 
Mon Feb 6 2017,Philadelphia 76ers,96,Detroit Pistons,113,+400,-420
Mon Feb 6 2017,Los Angeles Clippers,109,Toronto Raptors,118,+255,-260
Mon Feb 6 2017,Miami Heat,115,Minnesota Timberwolves,113, , 
Mon Feb 6 2017,Phoenix Suns,106,New Orleans Pelicans,111,+205,-225
Mon Feb 6 2017,Dallas Mavericks,87,Denver Nuggets,110,+125,-140
Mon Feb 6 2017,San Antonio Spurs,74,Memphis Grizzlies,89,-103,+123
Mon Feb 6 2017,Chicago Bulls,112,Sacramento Kings,107,+160,-170
Tue Feb 7 2017,Brooklyn Nets,107,Charlotte Hornets,111, , 
Tue Feb 7 2017,Orlando Magic,104,Houston Rockets,128, , 
Tue Feb 7 2017,Portland Trail Blazers,114,Dallas Mavericks,113,-130,+125
Wed Feb 8 2017,Cleveland Cavaliers,132,Indiana Pacers,117,-160,+150
Wed Feb 8 2017,San Antonio Spurs,111,Philadelphia 76ers,103,-750,+675
Wed Feb 8 2017,Denver Nuggets,106,Atlanta Hawks,117,+155,-170
Wed Feb 8 2017,Washington Wizards,114,Brooklyn Nets,110,-550,+485
Wed Feb 8 2017,Los Angeles Lakers,102,Detroit Pistons,121,+245,-270
Wed Feb 8 2017,Phoenix Suns,91,Memphis Grizzlies,110,+290,-340
Wed Feb 8 2017,Miami Heat,106,Milwaukee Bucks,88,+160,-170
Wed Feb 8 2017,Toronto Raptors,109,Minnesota Timberwolves,112,-150,+155
Wed Feb 8 2017,Utah Jazz,127,New Orleans Pelicans,94,-162,+145
Wed Feb 8 2017,Los Angeles Clippers,119,New York Knicks,115, , 
Wed Feb 8 2017,Chicago Bulls,92,Golden State Warriors,123, , 
Wed Feb 8 2017,Boston Celtics,92,Sacramento Kings,108,-415,+350
Thu Feb 9 2017,Houston Rockets,107,Charlotte Hornets,95,-135,+135
Thu Feb 9 2017,Philadelphia 76ers,112,Orlando Magic,111,+245,-260
Thu Feb 9 2017,Cleveland Cavaliers,109,Oklahoma City Thunder,118,+485,+105
Thu Feb 9 2017,Utah Jazz,105,Dallas Mavericks,112,-133,+150
Thu Feb 9 2017,Boston Celtics,120,Portland Trail Blazers,111,+140,-130
Fri Feb 10 2017,Miami Heat,108,Brooklyn Nets,99,-220,+205
Fri Feb 10 2017,San Antonio Spurs,103,Detroit Pistons,92,-190,+180
Fri Feb 10 2017,Denver Nuggets,131,New York Knicks,123,+120,-118
Fri Feb 10 2017,Golden State Warriors,122,Memphis Grizzlies,107,-330,+290
Fri Feb 10 2017,Los Angeles Lakers,122,Milwaukee Bucks,114,+195,-220
Fri Feb 10 2017,New Orleans Pelicans,122,Minnesota Timberwolves,106,+180,-195
Fri Feb 10 2017,Indiana Pacers,107,Washington Wizards,112,+210,-230
Fri Feb 10 2017,Chicago Bulls,97,Phoenix Suns,115,-165,+155
Fri Feb 10 2017,Atlanta Hawks,107,Sacramento Kings,108,-115,+115
Sat Feb 11 2017,Los Angeles Clippers,107,Charlotte Hornets,102,+125,-135
Sat Feb 11 2017,Milwaukee Bucks,116,Indiana Pacers,100,+235,-245
Sat Feb 11 2017,Denver Nuggets,109,Cleveland Cavaliers,125, , 
Sat Feb 11 2017,Miami Heat,109,Philadelphia 76ers,117,-130,+130
Sat Feb 11 2017,Golden State Warriors,130,Oklahoma City Thunder,114,-345,+300
Sat Feb 11 2017,Orlando Magic,80,Dallas Mavericks,112,+235,-270
Sat Feb 11 2017,Phoenix Suns,102,Houston Rockets,133, , 
Sat Feb 11 2017,Boston Celtics,112,Utah Jazz,104,+245,-250
Sun Feb 12 2017,Chicago Bulls,89,Minnesota Timberwolves,117,+255,-260
Sun Feb 12 2017,San Antonio Spurs,90,New York Knicks,94,-455,+400
Sun Feb 12 2017,Detroit Pistons,102,Toronto Raptors,101,+255,-265
Sun Feb 12 2017,New Orleans Pelicans,99,Sacramento Kings,105,+155,-170
Mon Feb 13 2017,Philadelphia 76ers,105,Charlotte Hornets,99,+300,-330
Mon Feb 13 2017,San Antonio Spurs,110,Indiana Pacers,106,-205,+180
Mon Feb 13 2017,Memphis Grizzlies,112,Brooklyn Nets,103,-400,+370
Mon Feb 13 2017,Orlando Magic,116,Miami Heat,107,+300,-315
Mon Feb 13 2017,Detroit Pistons,89,Milwaukee Bucks,102,+130,-145
Mon Feb 13 2017,Oklahoma City Thunder,98,Washington Wizards,120,+205,-220
Mon Feb 13 2017,Boston Celtics,111,Dallas Mavericks,98,-120,+120
Mon Feb 13 2017,Golden State Warriors,110,Denver Nuggets,132, , 
Mon Feb 13 2017,New Orleans Pelicans,110,Phoenix Suns,108,+150,-160
Mon Feb 13 2017,Los Angeles Clippers,88,Utah Jazz,72,+305,-350
Mon Feb 13 2017,Atlanta Hawks,109,Portland Trail Blazers,104, , 
Tue Feb 14 2017,Toronto Raptors,94,Chicago Bulls,105,-180,+165
Tue Feb 14 2017,Cleveland Cavaliers,116,Minnesota Timberwolves,108,-165,+165
Tue Feb 14 2017,Sacramento Kings,97,Los Angeles Lakers,96,+125,-130
Wed Feb 15 2017,Indiana Pacers,104,Cleveland Cavaliers,113,+225,-250
Wed Feb 15 2017,San Antonio Spurs,107,Orlando Magic,79,-575,+475
Wed Feb 15 2017,Philadelphia 76ers,108,Boston Celtics,116,+485,-525
Wed Feb 15 2017,Milwaukee Bucks,129,Brooklyn Nets,125,-210,+192
Wed Feb 15 2017,Dallas Mavericks,91,Detroit Pistons,98,+170,-190
Wed Feb 15 2017,Charlotte Hornets,85,Toronto Raptors,90,+230,-245
Wed Feb 15 2017,Miami Heat,117,Houston Rockets,109,+485,-600
Wed Feb 15 2017,New Orleans Pelicans,95,Memphis Grizzlies,91,+325,-345
Wed Feb 15 2017,Minnesota Timberwolves,112,Denver Nuggets,99,+225,-260
Wed Feb 15 2017,Los Angeles Lakers,101,Phoenix Suns,137,+165,-175
Wed Feb 15 2017,Portland Trail Blazers,88,Utah Jazz,111,+365,-420
Wed Feb 15 2017,New York Knicks,105,Oklahoma City Thunder,116,+270,-300
Wed Feb 15 2017,Sacramento Kings,86,Golden State Warriors,109, , 
Wed Feb 15 2017,Atlanta Hawks,84,Los Angeles Clippers,99,+160,-160
Thu Feb 16 2017,Washington Wizards,111,Indiana Pacers,98,-140,+130
Thu Feb 16 2017,Boston Celtics,103,Chicago Bulls,104, , 
Thu Feb 23 2017,Portland Trail Blazers,112,Orlando Magic,103,-135,+130
Thu Feb 23 2017,Charlotte Hornets,108,Detroit Pistons,114,+175,-200
Thu Feb 23 2017,New York Knicks,104,Cleveland Cavaliers,119,+580,-600
Thu Feb 23 2017,Houston Rockets,129,New Orleans Pelicans,99,-160,+145
Thu Feb 23 2017,Los Angeles Clippers,113,Golden State Warriors,123, , 
Thu Feb 23 2017,Denver Nuggets,100,Sacramento Kings,116,-265,+255
Fri Feb 24 2017,Memphis Grizzlies,92,Indiana Pacers,102, , 
Fri Feb 24 2017,Washington Wizards,112,Philadelphia 76ers,120,-415,+430
Fri Feb 24 2017,Miami Heat,108,Atlanta Hawks,90,+130,-140
Fri Feb 24 2017,Phoenix Suns,121,Chicago Bulls,128,+218,-240
Fri Feb 24 2017,Utah Jazz,109,Milwaukee Bucks,95,-155,+145
Fri Feb 24 2017,Dallas Mavericks,84,Minnesota Timberwolves,97,+155,-170
Fri Feb 24 2017,Los Angeles Lakers,93,Oklahoma City Thunder,110,+500,-600
Fri Feb 24 2017,Boston Celtics,97,Toronto Raptors,107,+158,-120
Fri Feb 24 2017,Brooklyn Nets,109,Denver Nuggets,129,+475,-600
Fri Feb 24 2017,San Antonio Spurs,105,Los Angeles Clippers,97,-143,+130
Sat Feb 25 2017,Charlotte Hornets,99,Sacramento Kings,85,-160,+155
Sat Feb 25 2017,Atlanta Hawks,86,Orlando Magic,105,-160,+150
Sat Feb 25 2017,Philadelphia 76ers,109,New York Knicks,110,+235,-235
Sat Feb 25 2017,Indiana Pacers,95,Miami Heat,113,+170,-180
Sat Feb 25 2017,Chicago Bulls,117,Cleveland Cavaliers,99,+222,-235
Sat Feb 25 2017,New Orleans Pelicans,83,Dallas Mavericks,96,-125,+120
Sat Feb 25 2017,Minnesota Timberwolves,130,Houston Rockets,142,+775,-850
Sat Feb 25 2017,Brooklyn Nets,95,Golden State Warriors,112,+2500, 
Sun Feb 26 2017,San Antonio Spurs,119,Los Angeles Lakers,98, , 
Sun Feb 26 2017,Phoenix Suns,96,Milwaukee Bucks,100,+230,-235
Sun Feb 26 2017,Memphis Grizzlies,105,Denver Nuggets,98,+115,-125
Sun Feb 26 2017,Utah Jazz,102,Washington Wizards,92,+121,-130
Sun Feb 26 2017,Boston Celtics,104,Detroit Pistons,98,-120,+120
Sun Feb 26 2017,Portland Trail Blazers,106,Toronto Raptors,112,+192,-215
Sun Feb 26 2017,New Orleans Pelicans,110,Oklahoma City Thunder,118,+245,-239
Sun Feb 26 2017,Charlotte Hornets,121,Los Angeles Clippers,124,+500,-570
Mon Feb 27 2017,Milwaukee Bucks,95,Cleveland Cavaliers,102,+425,-317
Mon Feb 27 2017,Toronto Raptors,92,New York Knicks,91,-155,+154
Mon Feb 27 2017,Golden State Warriors,119,Philadelphia 76ers,108, , 
Mon Feb 27 2017,Atlanta Hawks,114,Boston Celtics,98,+165,-178
Mon Feb 27 2017,Miami Heat,89,Dallas Mavericks,96,-105,+105
Mon Feb 27 2017,Indiana Pacers,117,Houston Rockets,108,+470,-550
Mon Feb 27 2017,Minnesota Timberwolves,102,Sacramento Kings,88,-175,+165
Tue Feb 28 2017,Golden State Warriors,108,Washington Wizards,112,-300,+275
Tue Feb 28 2017,Portland Trail Blazers,113,Detroit Pistons,120,+155,-165
Tue Feb 28 2017,Denver Nuggets,125,Chicago Bulls,107,+125,-135
Tue Feb 28 2017,Phoenix Suns,112,Memphis Grizzlies,130,+375,-446
Tue Feb 28 2017,Utah Jazz,106,Oklahoma City Thunder,109, , 
Tue Feb 28 2017,Charlotte Hornets,109,Los Angeles Lakers,104,-190,+190
Wed Mar 1 2017,New York Knicks,101,Orlando Magic,90,+119,-130
Wed Mar 1 2017,Dallas Mavericks,95,Atlanta Hawks,100,+220,-245
Wed Mar 1 2017,Philadelphia 76ers,98,Miami Heat,125,+405,-499
Wed Mar 1 2017,Washington Wizards,105,Toronto Raptors,96,+165,-175
Wed Mar 1 2017,Cleveland Cavaliers,99,Boston Celtics,103, , 
Wed Mar 1 2017,Denver Nuggets,110,Milwaukee Bucks,98,+170,-170
Wed Mar 1 2017,Detroit Pistons,86,New Orleans Pelicans,109,+127,-140
Wed Mar 1 2017,Indiana Pacers,99,San Antonio Spurs,100,+450,-550
Wed Mar 1 2017,Minnesota Timberwolves,107,Utah Jazz,80,+230,-260
Wed Mar 1 2017,Houston Rockets,122,Los Angeles Clippers,103,+126,-130
Wed Mar 1 2017,Brooklyn Nets,109,Sacramento Kings,100,+133,-135
Thu Mar 2 2017,Golden State Warriors,87,Chicago Bulls,94,-315,+275
Thu Mar 2 2017,Charlotte Hornets,103,Phoenix Suns,120,-155,+145
Thu Mar 2 2017,Oklahoma City Thunder,109,Portland Trail Blazers,114, , 
Fri Mar 3 2017,Cleveland Cavaliers,135,Atlanta Hawks,130,-140,+135
Fri Mar 3 2017,Miami Heat,99,Orlando Magic,110,-190,+175
Fri Mar 3 2017,New York Knicks,102,Philadelphia 76ers,105,-118,+115
Fri Mar 3 2017,Toronto Raptors,114,Washington Wizards,106,+190,-210
Fri Mar 3 2017,Los Angeles Clippers,101,Milwaukee Bucks,112,-210,+200
Fri Mar 3 2017,Memphis Grizzlies,100,Dallas Mavericks,104,-140,+126
Fri Mar 3 2017,Oklahoma City Thunder,111,Phoenix Suns,118,-195,+175
Fri Mar 3 2017,Brooklyn Nets,97,Utah Jazz,112, , 
Fri Mar 3 2017,San Antonio Spurs,101,New Orleans Pelicans,98,-235,+215
Fri Mar 3 2017,Boston Celtics,115,Los Angeles Lakers,95,-299,+270
Sat Mar 4 2017,Detroit Pistons,136,Philadelphia 76ers,106,-215,+200
Sat Mar 4 2017,Cleveland Cavaliers,92,Miami Heat,120, , 
Sat Mar 4 2017,Toronto Raptors,94,Milwaukee Bucks,101, , 
Sat Mar 4 2017,Los Angeles Clippers,101,Chicago Bulls,91,-150,+140
Sat Mar 4 2017,Charlotte Hornets,112,Denver Nuggets,102,+192,-215
Sat Mar 4 2017,Memphis Grizzlies,108,Houston Rockets,123,+329,-385
Sat Mar 4 2017,Minnesota Timberwolves,90,San Antonio Spurs,97,+271,-320
Sat Mar 4 2017,Brooklyn Nets,116,Portland Trail Blazers,130,+535,-700
Sun Mar 5 2017,Indiana Pacers,97,Atlanta Hawks,96,+147,-150
Sun Mar 5 2017,Golden State Warriors,112,New York Knicks,105,-596,+506
Sun Mar 5 2017,Boston Celtics,106,Phoenix Suns,109,-177,+175
Sun Mar 5 2017,Orlando Magic,114,Washington Wizards,115,+725,-718
Sun Mar 5 2017,Utah Jazz,110,Sacramento Kings,109,-522,+460
Sun Mar 5 2017,Oklahoma City Thunder,89,Dallas Mavericks,104, , 
Sun Mar 5 2017,New Orleans Pelicans,105,Los Angeles Lakers,97,-254,+225
Mon Mar 6 2017,Miami Heat,106,Cleveland Cavaliers,98,+475,-522
Mon Mar 6 2017,New York Knicks,113,Orlando Magic,105,+135,-149
Mon Mar 6 2017,Milwaukee Bucks,112,Philadelphia 76ers,98,-220,+195
Mon Mar 6 2017,Golden State Warriors,119,Atlanta Hawks,111,-225,+205
Mon Mar 6 2017,Chicago Bulls,95,Detroit Pistons,109,+211,-240
Mon Mar 6 2017,Indiana Pacers,88,Charlotte Hornets,100,+166,-175
Mon Mar 6 2017,Brooklyn Nets,122,Memphis Grizzlies,109,+614,-700
Mon Mar 6 2017,Houston Rockets,110,San Antonio Spurs,112,+145,-160
Mon Mar 6 2017,Sacramento Kings,96,Denver Nuggets,108, , 
Mon Mar 6 2017,New Orleans Pelicans,83,Utah Jazz,88,+180,-200
Mon Mar 6 2017,Boston Celtics,102,Los Angeles Clippers,116,+300,-290
Tue Mar 7 2017,Portland Trail Blazers,126,Oklahoma City Thunder,121,+255,-285
Tue Mar 7 2017,Los Angeles Lakers,111,Dallas Mavericks,122,+370,-433
Tue Mar 7 2017,Washington Wizards,131,Phoenix Suns,127,-220,+195
Wed Mar 8 2017,Chicago Bulls,91,Orlando Magic,98, , 
Wed Mar 8 2017,Brooklyn Nets,105,Atlanta Hawks,110,+445,-550
Wed Mar 8 2017,Charlotte Hornets,101,Miami Heat,108,+155,-172
Wed Mar 8 2017,Utah Jazz,115,Houston Rockets,108,+334,-399
Wed Mar 8 2017,Detroit Pistons,98,Indiana Pacers,115,+155,-170
Wed Mar 8 2017,New York Knicks,93,Milwaukee Bucks,104,+236,-270
Wed Mar 8 2017,Los Angeles Clippers,91,Minnesota Timberwolves,107,-155,+145
Wed Mar 8 2017,Toronto Raptors,94,New Orleans Pelicans,87,+150,-150
Wed Mar 8 2017,Sacramento Kings,104,San Antonio Spurs,114, , 
Wed Mar 8 2017,Washington Wizards,123,Denver Nuggets,113, , 
Wed Mar 8 2017,Boston Celtics,99,Golden State Warriors,86,+320,-325
Thu Mar 9 2017,Cleveland Cavaliers,101,Detroit Pistons,106,-180,+180
Thu Mar 9 2017,Los Angeles Clippers,114,Memphis Grizzlies,98,+120,-132
Thu Mar 9 2017,San Antonio Spurs,92,Oklahoma City Thunder,102,-138,+130
Thu Mar 9 2017,Philadelphia 76ers,108,Portland Trail Blazers,114,+425,-485
Thu Mar 9 2017,Los Angeles Lakers,122,Phoenix Suns,110,+240,-250
Fri Mar 10 2017,Orlando Magic,81,Charlotte Hornets,121,+405,-450
Fri Mar 10 2017,Toronto Raptors,99,Atlanta Hawks,105,+140,-145
Fri Mar 10 2017,Houston Rockets,115,Chicago Bulls,94,-245,+220
Fri Mar 10 2017,Indiana Pacers,85,Milwaukee Bucks,99,+110,-118
Fri Mar 10 2017,Golden State Warriors,102,Minnesota Timberwolves,103,-215,+195
Fri Mar 10 2017,Brooklyn Nets,96,Dallas Mavericks,105,+450,-550
Fri Mar 10 2017,Boston Celtics,99,Denver Nuggets,119,-130,+125
Fri Mar 10 2017,Washington Wizards,130,Sacramento Kings,122,-358,+320
Sat Mar 11 2017,Utah Jazz,104,Oklahoma City Thunder,112,+175,-139
Sat Mar 11 2017,Philadelphia 76ers,100,Los Angeles Clippers,112, , 
Sat Mar 11 2017,New York Knicks,92,Detroit Pistons,112,+230,-255
Sat Mar 11 2017,New Orleans Pelicans,125,Charlotte Hornets,122,+141,-160
Sat Mar 11 2017,Cleveland Cavaliers,116,Orlando Magic,104,-400,+355
Sat Mar 11 2017,Toronto Raptors,89,Miami Heat,104,+205,-230
Sat Mar 11 2017,Minnesota Timberwolves,95,Milwaukee Bucks,102,+130,-142
Sat Mar 11 2017,Golden State Warriors,85,San Antonio Spurs,107,+515,-600
Sat Mar 11 2017,Phoenix Suns,100,Dallas Mavericks,98,+200,-220
Sat Mar 11 2017,Atlanta Hawks,107,Memphis Grizzlies,90,+230,-265
Sat Mar 11 2017,Washington Wizards,125,Portland Trail Blazers,124,+170,-178
Sat Mar 11 2017,Denver Nuggets,105,Sacramento Kings,92,-200,+180
Sun Mar 12 2017,Chicago Bulls,80,Boston Celtics,100,+280,-310
Sun Mar 12 2017,New York Knicks,112,Brooklyn Nets,120, , 
Sun Mar 12 2017,Miami Heat,98,Indiana Pacers,102,+220,-240
Sun Mar 12 2017,Cleveland Cavaliers,112,Houston Rockets,117,+250,-265
Sun Mar 12 2017,Portland Trail Blazers,110,Phoenix Suns,101,-129,+120
Sun Mar 12 2017,Philadelphia 76ers,118,Los Angeles Lakers,116,+170,-190
Mon Mar 13 2017,Chicago Bulls,115,Charlotte Hornets,109,+274,-300
Mon Mar 13 2017,Dallas Mavericks,78,Toronto Raptors,100,+175,-190
Mon Mar 13 2017,Milwaukee Bucks,93,Memphis Grizzlies,113,+155,-170
Mon Mar 13 2017,Washington Wizards,104,Minnesota Timberwolves,119,+120,-125
Mon Mar 13 2017,Atlanta Hawks,99,San Antonio Spurs,107,+263,-285
Mon Mar 13 2017,Los Angeles Clippers,108,Utah Jazz,114, , 
Mon Mar 13 2017,Los Angeles Lakers,101,Denver Nuggets,129, , 
Mon Mar 13 2017,Orlando Magic,115,Sacramento Kings,120,-103,+110
Tue Mar 14 2017,Detroit Pistons,96,Cleveland Cavaliers,128,+280,-317
Tue Mar 14 2017,Oklahoma City Thunder,122,Brooklyn Nets,104,-255,+230
Tue Mar 14 2017,Indiana Pacers,81,New York Knicks,87,-145,+145
Tue Mar 14 2017,Portland Trail Blazers,77,New Orleans Pelicans,100,+150,-160
Tue Mar 14 2017,Philadelphia 76ers,104,Golden State Warriors,106, , 
Wed Mar 15 2017,Charlotte Hornets,77,Indiana Pacers,98,+140,-150
Wed Mar 15 2017,Dallas Mavericks,112,Washington Wizards,107,+275,-310
Wed Mar 15 2017,Minnesota Timberwolves,104,Boston Celtics,117,+205,-230
Wed Mar 15 2017,Utah Jazz,97,Detroit Pistons,83,-145,+135
Wed Mar 15 2017,New Orleans Pelicans,112,Miami Heat,120,+220,-225
Wed Mar 15 2017,Memphis Grizzlies,98,Chicago Bulls,91,-135,+123
Wed Mar 15 2017,Los Angeles Lakers,100,Houston Rockets,139, , 
Wed Mar 15 2017,Portland Trail Blazers,110,San Antonio Spurs,106,+575,-692
Wed Mar 15 2017,Sacramento Kings,107,Phoenix Suns,101,+205,-200
Wed Mar 15 2017,Milwaukee Bucks,97,Los Angeles Clippers,96,+280,-300
Thu Mar 16 2017,Utah Jazz,83,Cleveland Cavaliers,91,+330,-360
Thu Mar 16 2017,Oklahoma City Thunder,123,Toronto Raptors,102,+115,-125
Thu Mar 16 2017,Memphis Grizzlies,103,Atlanta Hawks,91,+157,-170
Thu Mar 16 2017,Brooklyn Nets,121,New York Knicks,110,+190,-210
Thu Mar 16 2017,Los Angeles Clippers,114,Denver Nuggets,129,+210,-225
Thu Mar 16 2017,Orlando Magic,92,Golden State Warriors,122, , 
Fri Mar 17 2017,Dallas Mavericks,74,Philadelphia 76ers,116,-200,+195
Fri Mar 17 2017,Chicago Bulls,107,Washington Wizards,112,+275,-320
Fri Mar 17 2017,Boston Celtics,98,Brooklyn Nets,95,-385,+330
Fri Mar 17 2017,Toronto Raptors,87,Detroit Pistons,75,+145,-155
Fri Mar 17 2017,Minnesota Timberwolves,105,Miami Heat,123,+165,-175
Fri Mar 17 2017,Houston Rockets,112,New Orleans Pelicans,128,-265,+250
Fri Mar 17 2017,Orlando Magic,109,Phoenix Suns,103,+119,-127
Fri Mar 17 2017,Milwaukee Bucks,107,Los Angeles Lakers,103,-330,+290
Sat Mar 18 2017,Sacramento Kings,94,Oklahoma City Thunder,110, , 
Sat Mar 18 2017,Portland Trail Blazers,113,Atlanta Hawks,97,+110,-120
Sat Mar 18 2017,Washington Wizards,93,Charlotte Hornets,98,+161,-160
Sat Mar 18 2017,Cleveland Cavaliers,78,Los Angeles Clippers,108,+875,-160
Sat Mar 18 2017,Utah Jazz,86,Chicago Bulls,95,-240,+220
Sat Mar 18 2017,San Antonio Spurs,96,Memphis Grizzlies,104,-160,+155
Sat Mar 18 2017,Houston Rockets,109,Denver Nuggets,105,-130,+120
Sat Mar 18 2017,Milwaukee Bucks,92,Golden State Warriors,117, , 
Sun Mar 19 2017,Dallas Mavericks,111,Brooklyn Nets,104,-185,+170
Sun Mar 19 2017,Boston Celtics,99,Philadelphia 76ers,105,-200,+180
Sun Mar 19 2017,Phoenix Suns,95,Detroit Pistons,112,+700,-671
Sun Mar 19 2017,Portland Trail Blazers,115,Miami Heat,104,+210,-238
Sun Mar 19 2017,Minnesota Timberwolves,109,New Orleans Pelicans,123,+148,-160
Sun Mar 19 2017,Indiana Pacers,91,Toronto Raptors,116,+130,-140
Sun Mar 19 2017,Sacramento Kings,102,San Antonio Spurs,118, , 
Sun Mar 19 2017,Cleveland Cavaliers,125,Los Angeles Lakers,120, , 
Mon Mar 20 2017,Atlanta Hawks,90,Charlotte Hornets,105,+220,-235
Mon Mar 20 2017,Utah Jazz,100,Indiana Pacers,107,-122,+130
Mon Mar 20 2017,Philadelphia 76ers,109,Orlando Magic,112,+220,-225
Mon Mar 20 2017,Washington Wizards,102,Boston Celtics,110,+165,-160
Mon Mar 20 2017,Denver Nuggets,124,Houston Rockets,125,+320,-360
Mon Mar 20 2017,Golden State Warriors,111,Oklahoma City Thunder,95,-129,+115
Mon Mar 20 2017,New York Knicks,105,Los Angeles Clippers,114, , 
Tue Mar 21 2017,Chicago Bulls,120,Toronto Raptors,122,+265,-298
Tue Mar 21 2017,Detroit Pistons,96,Brooklyn Nets,98,-204,+200
Tue Mar 21 2017,Phoenix Suns,97,Miami Heat,112,+700,-800
Tue Mar 21 2017,Memphis Grizzlies,82,New Orleans Pelicans,95,+134,-140
Tue Mar 21 2017,Golden State Warriors,112,Dallas Mavericks,87,-200,+180
Tue Mar 21 2017,San Antonio Spurs,100,Minnesota Timberwolves,93,-184,+180
Tue Mar 21 2017,Milwaukee Bucks,93,Portland Trail Blazers,90,+164,-170
Tue Mar 21 2017,Los Angeles Clippers,133,Los Angeles Lakers,109,-550,+445
Wed Mar 22 2017,Charlotte Hornets,109,Orlando Magic,102,-180,+170
Wed Mar 22 2017,Indiana Pacers,100,Boston Celtics,109,+240,-270
Wed Mar 22 2017,Detroit Pistons,95,Chicago Bulls,117, , 
Wed Mar 22 2017,Philadelphia 76ers,97,Oklahoma City Thunder,122,+600,-750
Wed Mar 22 2017,Atlanta Hawks,100,Washington Wizards,104,+271,-325
Wed Mar 22 2017,Cleveland Cavaliers,113,Denver Nuggets,126,-130,+130
Wed Mar 22 2017,Milwaukee Bucks,116,Sacramento Kings,98,-210,+192
Wed Mar 22 2017,New York Knicks,101,Utah Jazz,108,+650,-850
Thu Mar 23 2017,Phoenix Suns,98,Brooklyn Nets,126,+201,-225
Thu Mar 23 2017,Toronto Raptors,101,Miami Heat,84,+160,-175
Thu Mar 23 2017,Los Angeles Clippers,95,Dallas Mavericks,97,-210,+190
Thu Mar 23 2017,Memphis Grizzlies,90,San Antonio Spurs,97,+320,-345
Thu Mar 23 2017,New York Knicks,95,Portland Trail Blazers,110,+850,-900
Fri Mar 24 2017,Cleveland Cavaliers,112,Charlotte Hornets,105,-162,+155
Fri Mar 24 2017,Denver Nuggets,125,Indiana Pacers,117,+110,-120
Fri Mar 24 2017,Detroit Pistons,87,Orlando Magic,115,-128,+118
Fri Mar 24 2017,Brooklyn Nets,108,Washington Wizards,129, , 
Fri Mar 24 2017,Phoenix Suns,120,Boston Celtics,130,+2000, 
Fri Mar 24 2017,Philadelphia 76ers,117,Chicago Bulls,107,+235,-260
Fri Mar 24 2017,New Orleans Pelicans,107,Houston Rockets,117,+315,-355
Fri Mar 24 2017,Atlanta Hawks,97,Milwaukee Bucks,100,+253,-275
Fri Mar 24 2017,Sacramento Kings,100,Golden State Warriors,114, , 
Fri Mar 24 2017,Minnesota Timberwolves,119,Los Angeles Lakers,130,-265,+230
Sat Mar 25 2017,Utah Jazz,95,Los Angeles Clippers,108,+190,-200
Sat Mar 25 2017,Washington Wizards,127,Cleveland Cavaliers,115,+216,-235
Sat Mar 25 2017,Toronto Raptors,94,Dallas Mavericks,86, , 
Sat Mar 25 2017,New York Knicks,98,San Antonio Spurs,106, , 
Sat Mar 25 2017,Minnesota Timberwolves,100,Portland Trail Blazers,112,+226,-245
Sun Mar 26 2017,Brooklyn Nets,107,Atlanta Hawks,92,+240,-270
Sun Mar 26 2017,Phoenix Suns,106,Charlotte Hornets,120, , 
Sun Mar 26 2017,Oklahoma City Thunder,125,Houston Rockets,137,+215,-225
Sun Mar 26 2017,Sacramento Kings,98,Los Angeles Clippers,97, , 
Sun Mar 26 2017,Chicago Bulls,109,Milwaukee Bucks,94,+230,-240
Sun Mar 26 2017,Miami Heat,108,Boston Celtics,112,+225,-240
Sun Mar 26 2017,Philadelphia 76ers,94,Indiana Pacers,107,+367,-425
Sun Mar 26 2017,New Orleans Pelicans,115,Denver Nuggets,90,+270,-315
Sun Mar 26 2017,Memphis Grizzlies,94,Golden State Warriors,106,+601,-750
Sun Mar 26 2017,Portland Trail Blazers,97,Los Angeles Lakers,81,-265,+236
Mon Mar 27 2017,Detroit Pistons,95,New York Knicks,109,-115,+110
Mon Mar 27 2017,Orlando Magic,112,Toronto Raptors,131,+300,-335
Mon Mar 27 2017,Cleveland Cavaliers,74,San Antonio Spurs,103,+180,-205
Mon Mar 27 2017,Oklahoma City Thunder,92,Dallas Mavericks,91, , 
Mon Mar 27 2017,Memphis Grizzlies,90,Sacramento Kings,91,-270,+250
Mon Mar 27 2017,New Orleans Pelicans,100,Utah Jazz,108,+220,-240
Tue Mar 28 2017,Milwaukee Bucks,118,Charlotte Hornets,108,+170,-170
Tue Mar 28 2017,Minnesota Timberwolves,115,Indiana Pacers,114,+163,-175
Tue Mar 28 2017,Phoenix Suns,91,Atlanta Hawks,95,+470,-525
Tue Mar 28 2017,Philadelphia 76ers,106,Brooklyn Nets,101,+165,-175
Tue Mar 28 2017,Miami Heat,97,Detroit Pistons,96,-144,+138
Tue Mar 28 2017,Golden State Warriors,113,Houston Rockets,106, , 
Tue Mar 28 2017,Denver Nuggets,113,Portland Trail Blazers,122,+125,-129
Tue Mar 28 2017,Washington Wizards,119,Los Angeles Lakers,108,-470,+405
Wed Mar 29 2017,Oklahoma City Thunder,114,Orlando Magic,106,-205,+190
Wed Mar 29 2017,Atlanta Hawks,99,Philadelphia 76ers,92,-140,+130
Wed Mar 29 2017,Milwaukee Bucks,103,Boston Celtics,100,+270,-305
Wed Mar 29 2017,Miami Heat,105,New York Knicks,88,-134,+125
Wed Mar 29 2017,Charlotte Hornets,110,Toronto Raptors,106,+200,-215
Wed Mar 29 2017,Indiana Pacers,97,Memphis Grizzlies,110,+161,-175
Wed Mar 29 2017,Dallas Mavericks,118,New Orleans Pelicans,121,+213,-235
Wed Mar 29 2017,Golden State Warriors,110,San Antonio Spurs,98,+165,-170
Wed Mar 29 2017,Washington Wizards,124,Los Angeles Clippers,133,+250,-255
Wed Mar 29 2017,Utah Jazz,112,Sacramento Kings,82,-310,+298
Thu Mar 30 2017,Brooklyn Nets,89,Detroit Pistons,90,+241,-265
Thu Mar 30 2017,Cleveland Cavaliers,93,Chicago Bulls,99,-220,+200
Thu Mar 30 2017,Los Angeles Lakers,104,Minnesota Timberwolves,119,+600,-800
Thu Mar 30 2017,Los Angeles Clippers,124,Phoenix Suns,118,-550,+445
Thu Mar 30 2017,Houston Rockets,107,Portland Trail Blazers,117, , 
Fri Mar 31 2017,Denver Nuggets,114,Charlotte Hornets,122,+121,-135
Fri Mar 31 2017,Indiana Pacers,100,Toronto Raptors,111,+205,-215
Fri Mar 31 2017,Orlando Magic,116,Boston Celtics,117,+535,-575
Fri Mar 31 2017,Philadelphia 76ers,105,Cleveland Cavaliers,122,+973,-637
Fri Mar 31 2017,Dallas Mavericks,90,Memphis Grizzlies,99,+140,-150
Fri Mar 31 2017,New York Knicks,98,Miami Heat,94,+575,-630
Fri Mar 31 2017,Detroit Pistons,105,Milwaukee Bucks,108,+270,-300
Fri Mar 31 2017,Sacramento Kings,89,New Orleans Pelicans,117,+665,-750
Fri Mar 31 2017,San Antonio Spurs,100,Oklahoma City Thunder,95,-145,+140
Fri Mar 31 2017,Washington Wizards,88,Utah Jazz,95,+130,-140
Fri Mar 31 2017,Houston Rockets,98,Golden State Warriors,107,+400,-400
Sat Apr 1 2017,Los Angeles Lakers,104,Los Angeles Clippers,115, , 
Sat Apr 1 2017,Atlanta Hawks,104,Chicago Bulls,106,+195,-210
Sat Apr 1 2017,Orlando Magic,111,Brooklyn Nets,121,+155,-165
Sat Apr 1 2017,Sacramento Kings,123,Minnesota Timberwolves,117, , 
Sat Apr 1 2017,Phoenix Suns,117,Portland Trail Blazers,130, , 
Sun Apr 2 2017,Boston Celtics,110,New York Knicks,94,-335,+330
Sun Apr 2 2017,Charlotte Hornets,113,Oklahoma City Thunder,101,+180,-200
Sun Apr 2 2017,Memphis Grizzlies,103,Los Angeles Lakers,108,-298,+265
Sun Apr 2 2017,Dallas Mavericks,109,Milwaukee Bucks,105,+235,-256
Sun Apr 2 2017,Utah Jazz,103,San Antonio Spurs,109,+195,-208
Sun Apr 2 2017,Atlanta Hawks,82,Brooklyn Nets,91,-150,+150
Sun Apr 2 2017,Indiana Pacers,130,Cleveland Cavaliers,135,+330,-390
Sun Apr 2 2017,Denver Nuggets,116,Miami Heat,113,+150,-160
Sun Apr 2 2017,Chicago Bulls,117,New Orleans Pelicans,110,+317,-372
Sun Apr 2 2017,Philadelphia 76ers,105,Toronto Raptors,113,+650,-800
Sun Apr 2 2017,Washington Wizards,115,Golden State Warriors,139,+430,-522
Sun Apr 2 2017,Houston Rockets,123,Phoenix Suns,116,-310,+275
Mon Apr 3 2017,Portland Trail Blazers,109,Minnesota Timberwolves,110,+116,-120
Tue Apr 4 2017,Orlando Magic,102,Cleveland Cavaliers,122,+575,-575
Tue Apr 4 2017,Toronto Raptors,90,Indiana Pacers,108,+143,-145
Tue Apr 4 2017,Brooklyn Nets,141,Philadelphia 76ers,118, , 
Tue Apr 4 2017,Charlotte Hornets,111,Washington Wizards,118,+135,-145
Tue Apr 4 2017,Denver Nuggets,134,New Orleans Pelicans,131,+135,-155
Tue Apr 4 2017,Chicago Bulls,91,New York Knicks,100,-191,+175
Tue Apr 4 2017,Milwaukee Bucks,79,Oklahoma City Thunder,110,+220,-240
Tue Apr 4 2017,Memphis Grizzlies,89,San Antonio Spurs,95,+370,-439
Tue Apr 4 2017,Portland Trail Blazers,87,Utah Jazz,106,+205,-235
Tue Apr 4 2017,Minnesota Timberwolves,107,Golden State Warriors,121, , 
Tue Apr 4 2017,Dallas Mavericks,87,Sacramento Kings,98,+105,+125
Wed Apr 5 2017,Miami Heat,112,Charlotte Hornets,99,+130,-135
Wed Apr 5 2017,Toronto Raptors,105,Detroit Pistons,102, , 
Wed Apr 5 2017,Cleveland Cavaliers,114,Boston Celtics,91,+155,-165
Wed Apr 5 2017,Denver Nuggets,104,Houston Rockets,110,+290,-330
Wed Apr 5 2017,Oklahoma City Thunder,103,Memphis Grizzlies,100, , 
Wed Apr 5 2017,Los Angeles Lakers,102,San Antonio Spurs,95,+1025,-750
Wed Apr 5 2017,Golden State Warriors,120,Phoenix Suns,111,-425,+400
Wed Apr 5 2017,Dallas Mavericks,101,Los Angeles Clippers,112,+605,-750
Thu Apr 6 2017,Milwaukee Bucks,89,Indiana Pacers,104,+175,-190
Thu Apr 6 2017,Brooklyn Nets,107,Orlando Magic,115,+105,-110
Thu Apr 6 2017,Chicago Bulls,102,Philadelphia 76ers,90,-225,+220
Thu Apr 6 2017,Washington Wizards,106,New York Knicks,103,-240,+225
Thu Apr 6 2017,Boston Celtics,116,Atlanta Hawks,123,-113,+110
Thu Apr 6 2017,Minnesota Timberwolves,98,Portland Trail Blazers,105,+200,-215
Fri Apr 7 2017,Atlanta Hawks,114,Cleveland Cavaliers,100, , 
Fri Apr 7 2017,Miami Heat,94,Toronto Raptors,96,+170,-190
Fri Apr 7 2017,Detroit Pistons,114,Houston Rockets,109, , 
Fri Apr 7 2017,New York Knicks,88,Memphis Grizzlies,101, , 
Fri Apr 7 2017,San Antonio Spurs,102,Dallas Mavericks,89,+180,-200
Fri Apr 7 2017,New Orleans Pelicans,106,Denver Nuggets,122,+260,-294
Fri Apr 7 2017,Minnesota Timberwolves,113,Utah Jazz,120,+575,-637
Fri Apr 7 2017,Oklahoma City Thunder,99,Phoenix Suns,120,-450,+450
Fri Apr 7 2017,Sacramento Kings,94,Los Angeles Lakers,98,+135,-130
Sat Apr 8 2017,Chicago Bulls,106,Brooklyn Nets,107,-155,+150
Sat Apr 8 2017,Boston Celtics,121,Charlotte Hornets,114, , 
Sat Apr 8 2017,Indiana Pacers,127,Orlando Magic,112,-184,+170
Sat Apr 8 2017,Milwaukee Bucks,90,Philadelphia 76ers,82,-260,+260
Sat Apr 8 2017,Miami Heat,106,Washington Wizards,103,+154,-160
Sat Apr 8 2017,Los Angeles Clippers,98,San Antonio Spurs,87,+108,-120
Sat Apr 8 2017,Utah Jazz,86,Portland Trail Blazers,101,+125,-139
Sat Apr 8 2017,New Orleans Pelicans,101,Golden State Warriors,123, , 
Sun Apr 9 2017,Toronto Raptors,110,New York Knicks,97,-450,+395
Sun Apr 9 2017,Cleveland Cavaliers,125,Atlanta Hawks,126,-205,+185
Sun Apr 9 2017,Oklahoma City Thunder,106,Denver Nuggets,105,+194,-190
Sun Apr 9 2017,Detroit Pistons,103,Memphis Grizzlies,90,+200,-220
Sun Apr 9 2017,Dallas Mavericks,111,Phoenix Suns,124,+120,-135
Sun Apr 9 2017,Houston Rockets,135,Sacramento Kings,128,-400,+375
Sun Apr 9 2017,Minnesota Timberwolves,109,Los Angeles Lakers,110,-220,+200
Mon Apr 10 2017,Indiana Pacers,120,Philadelphia 76ers,111,-364,+350
Mon Apr 10 2017,Brooklyn Nets,105,Boston Celtics,114, , 
Mon Apr 10 2017,Cleveland Cavaliers,121,Miami Heat,124,+480,-183
Mon Apr 10 2017,Orlando Magic,75,Chicago Bulls,122,+320,-360
Mon Apr 10 2017,Washington Wizards,105,Detroit Pistons,101,+195,-200
Mon Apr 10 2017,Charlotte Hornets,79,Milwaukee Bucks,89,+240,-252
Mon Apr 10 2017,San Antonio Spurs,98,Portland Trail Blazers,99,-231,+500
Mon Apr 10 2017,Utah Jazz,105,Golden State Warriors,99,+475,-500
Mon Apr 10 2017,Houston Rockets,96,Los Angeles Clippers,125,+380,-400
Tue Apr 11 2017,Charlotte Hornets,76,Atlanta Hawks,103,+290,-330
Tue Apr 11 2017,Oklahoma City Thunder,100,Minnesota Timberwolves,98,+270,-298
Tue Apr 11 2017,Denver Nuggets,109,Dallas Mavericks,91,+120,-130
Tue Apr 11 2017,New Orleans Pelicans,96,Los Angeles Lakers,108,+124,-140
Tue Apr 11 2017,Phoenix Suns,104,Sacramento Kings,129,+190,-200
Wed Apr 12 2017,Milwaukee Bucks,94,Boston Celtics,112, , 
Wed Apr 12 2017,Brooklyn Nets,73,Chicago Bulls,112, , 
Wed Apr 12 2017,Toronto Raptors,98,Cleveland Cavaliers,83,-155,+161
Wed Apr 12 2017,Minnesota Timberwolves,118,Houston Rockets,123,+303,-335
Wed Apr 12 2017,Atlanta Hawks,86,Indiana Pacers,104, , 
Wed Apr 12 2017,Dallas Mavericks,100,Memphis Grizzlies,93,+330,-375
Wed Apr 12 2017,Washington Wizards,102,Miami Heat,110,+500,-568
Wed Apr 12 2017,Philadelphia 76ers,113,New York Knicks,114,+148,+105
Wed Apr 12 2017,Denver Nuggets,111,Oklahoma City Thunder,105,+205,-230
Wed Apr 12 2017,Detroit Pistons,109,Orlando Magic,113,+105,-120
Wed Apr 12 2017,San Antonio Spurs,97,Utah Jazz,101,+155,-169
Wed Apr 12 2017,Los Angeles Lakers,94,Golden State Warriors,109, , 
Wed Apr 12 2017,Sacramento Kings,95,Los Angeles Clippers,115, , 
Wed Apr 12 2017,New Orleans Pelicans,103,Portland Trail Blazers,100,+471,-265
Sat Apr 15 2017,Indiana Pacers,108,Cleveland Cavaliers,109,+425,-500
Sat Apr 15 2017,Milwaukee Bucks,97,Toronto Raptors,83,+320,-340
Sat Apr 15 2017,Memphis Grizzlies,82,San Antonio Spurs,111,+425,-490
Sat Apr 15 2017,Utah Jazz,97,Los Angeles Clippers,95,+215,-230
Sun Apr 16 2017,Atlanta Hawks,107,Washington Wizards,114,+200,-215
Sun Apr 16 2017,Portland Trail Blazers,109,Golden State Warriors,121, , 
Sun Apr 16 2017,Chicago Bulls,106,Boston Celtics,102,+275,-290
Sun Apr 16 2017,Oklahoma City Thunder,87,Houston Rockets,118,+267,-310
Mon Apr 17 2017,Indiana Pacers,111,Cleveland Cavaliers,117,+385,-415
Mon Apr 17 2017,Memphis Grizzlies,82,San Antonio Spurs,96, , 
Tue Apr 18 2017,Milwaukee Bucks,100,Toronto Raptors,106,+340,-335
Tue Apr 18 2017,Chicago Bulls,111,Boston Celtics,97,+280,-300
Tue Apr 18 2017,Utah Jazz,91,Los Angeles Clippers,99,+465,-425
Wed Apr 19 2017,Atlanta Hawks,101,Washington Wizards,109,+210,-215
Wed Apr 19 2017,Oklahoma City Thunder,111,Houston Rockets,115,+295,-320
Wed Apr 19 2017,Portland Trail Blazers,81,Golden State Warriors,110, , 
Thu Apr 20 2017,Cleveland Cavaliers,119,Indiana Pacers,114,-112,+120
Thu Apr 20 2017,Toronto Raptors,77,Milwaukee Bucks,104, , 
Thu Apr 20 2017,San Antonio Spurs,94,Memphis Grizzlies,105,-160,+155
Fri Apr 21 2017,Boston Celtics,104,Chicago Bulls,87,-137,+130
Fri Apr 21 2017,Houston Rockets,113,Oklahoma City Thunder,115,+135,-130
Fri Apr 21 2017,Los Angeles Clippers,111,Utah Jazz,106, , 
Sat Apr 22 2017,Toronto Raptors,87,Milwaukee Bucks,76,+120,-130
Sat Apr 22 2017,Washington Wizards,98,Atlanta Hawks,116,+130,-135
Sat Apr 22 2017,San Antonio Spurs,108,Memphis Grizzlies,110,-210,+210
Sat Apr 22 2017,Golden State Warriors,119,Portland Trail Blazers,113,-190,+185
Sun Apr 23 2017,Cleveland Cavaliers,106,Indiana Pacers,102,-165,+160
Sun Apr 23 2017,Houston Rockets,113,Oklahoma City Thunder,109, , 
Sun Apr 23 2017,Boston Celtics,104,Chicago Bulls,95,-120,+120
Sun Apr 23 2017,Los Angeles Clippers,98,Utah Jazz,105,+175,-200
Mon Apr 24 2017,Milwaukee Bucks,93,Toronto Raptors,118,+205,-225
Mon Apr 24 2017,Washington Wizards,101,Atlanta Hawks,111,+125,-135
Mon Apr 24 2017,Golden State Warriors,128,Portland Trail Blazers,103,-440,+370
Tue Apr 25 2017,Oklahoma City Thunder,99,Houston Rockets,105,+300,-340
Tue Apr 25 2017,Memphis Grizzlies,103,San Antonio Spurs,116,+575,-700
Tue Apr 25 2017,Utah Jazz,96,Los Angeles Clippers,92,+145,-155
Wed Apr 26 2017,Atlanta Hawks,99,Washington Wizards,103,+235,-260
Wed Apr 26 2017,Chicago Bulls,97,Boston Celtics,108,+325,-370
Thu Apr 27 2017,Toronto Raptors,92,Milwaukee Bucks,89, , 
Thu Apr 27 2017,San Antonio Spurs,103,Memphis Grizzlies,96,-214,+190
Fri Apr 28 2017,Washington Wizards,115,Atlanta Hawks,99,+134,-140
Fri Apr 28 2017,Boston Celtics,105,Chicago Bulls,83,-153,+140
Fri Apr 28 2017,Los Angeles Clippers,98,Utah Jazz,93,+220,-230
Sun Apr 30 2017,Washington Wizards,111,Boston Celtics,123,+165,-175
Sun Apr 30 2017,Utah Jazz,104,Los Angeles Clippers,91,+150,-157
Mon May 1 2017,Toronto Raptors,105,Cleveland Cavaliers,116,+295,-305
Mon May 1 2017,Houston Rockets,126,San Antonio Spurs,99,+236,-240
Tue May 2 2017,Washington Wizards,119,Boston Celtics,129,+190,-190
Tue May 2 2017,Utah Jazz,94,Golden State Warriors,106, , 
Wed May 3 2017,Toronto Raptors,103,Cleveland Cavaliers,125,+305,-350
Wed May 3 2017,Houston Rockets,96,San Antonio Spurs,121,+225,-225
Thu May 4 2017,Boston Celtics,89,Washington Wizards,116,+215,-200
Thu May 4 2017,Utah Jazz,104,Golden State Warriors,115, , 
Fri May 5 2017,Cleveland Cavaliers,115,Toronto Raptors,94,-150,+140
Fri May 5 2017,San Antonio Spurs,103,Houston Rockets,92,+200,-225
Sat May 6 2017,Golden State Warriors,102,Utah Jazz,91,-270,+250
Sun May 7 2017,Cleveland Cavaliers,109,Toronto Raptors,102,-287,+270
Sun May 7 2017,Boston Celtics,102,Washington Wizards,121,+170,-170
Sun May 7 2017,San Antonio Spurs,104,Houston Rockets,125,+185,-180
Mon May 8 2017,Golden State Warriors,121,Utah Jazz,95,-433,+370
Tue May 9 2017,Houston Rockets,107,San Antonio Spurs,110,+200,-210
Wed May 10 2017,Washington Wizards,101,Boston Celtics,123,+170,-162
Thu May 11 2017,San Antonio Spurs,114,Houston Rockets,75,+425,-520
Fri May 12 2017,Boston Celtics,91,Washington Wizards,92,+200,-180
Sun May 14 2017,San Antonio Spurs,111,Golden State Warriors,113,+550,-625
Mon May 15 2017,Washington Wizards,105,Boston Celtics,115,+200,-208
Tue May 16 2017,San Antonio Spurs,100,Golden State Warriors,136, , 
Wed May 17 2017,Cleveland Cavaliers,117,Boston Celtics,104,-185,+180
Fri May 19 2017,Cleveland Cavaliers,130,Boston Celtics,86,-220,+210
Sat May 20 2017,Golden State Warriors,120,San Antonio Spurs,108,-230,+210
Sun May 21 2017,Boston Celtics,111,Cleveland Cavaliers,108,+1510,-3345
Mon May 22 2017,Golden State Warriors,129,San Antonio Spurs,115,-732,+539
Tue May 23 2017,Boston Celtics,99,Cleveland Cavaliers,112,+1261,-2293
Thu May 25 2017,Cleveland Cavaliers,135,Boston Celtics,102,-545,+425
Thu Jun 1 2017,Cleveland Cavaliers,91,Golden State Warriors,113,+269,-325
Sun Jun 4 2017,Cleveland Cavaliers,113,Golden State Warriors,132,+330,-413
Wed Jun 7 2017,Golden State Warriors,118,Cleveland Cavaliers,113,-149,+129
Fri Jun 9 2017,Golden State Warriors,116,Cleveland Cavaliers,137,-196,+168
Mon Jun 12 2017,Cleveland Cavaliers,120,Golden State Warriors,129,+313,-387
Tue Oct 17 2017,Boston Celtics,99,Cleveland Cavaliers,102,+168,-195
Tue Oct 17 2017,Houston Rockets,122,Golden State Warriors,121,+378,-475
Wed Oct 18 2017,Charlotte Hornets,90,Detroit Pistons,102,+125,-144
Wed Oct 18 2017,Brooklyn Nets,131,Indiana Pacers,140,+133,-152
Wed Oct 18 2017,Miami Heat,109,Orlando Magic,116,-165,+145
Wed Oct 18 2017,Philadelphia 76ers,115,Washington Wizards,120,+231,-273
Wed Oct 18 2017,Milwaukee Bucks,108,Boston Celtics,100,+104,-124
Wed Oct 18 2017,New Orleans Pelicans,91,Memphis Grizzlies,103,+112,-132
Wed Oct 18 2017,Atlanta Hawks,117,Dallas Mavericks,111,+188,-220
Wed Oct 18 2017,Denver Nuggets,96,Utah Jazz,106,+122,-141
Wed Oct 18 2017,Minnesota Timberwolves,99,San Antonio Spurs,107,-105,-116
Wed Oct 18 2017,Portland Trail Blazers,124,Phoenix Suns,76,-141,+121
Wed Oct 18 2017,Houston Rockets,105,Sacramento Kings,100,-303,+251
Thu Oct 19 2017,Chicago Bulls,100,Toronto Raptors,117,+786,-1159
Thu Oct 19 2017,New York Knicks,84,Oklahoma City Thunder,105,+590,-824
Thu Oct 19 2017,Los Angeles Clippers,108,Los Angeles Lakers,92,-237,+200
Fri Oct 20 2017,Atlanta Hawks,91,Charlotte Hornets,109,+162,-186
Fri Oct 20 2017,Portland Trail Blazers,114,Indiana Pacers,96,-220,+186
Fri Oct 20 2017,Cleveland Cavaliers,116,Milwaukee Bucks,97,-109,-114
Fri Oct 20 2017,Boston Celtics,102,Philadelphia 76ers,92,+129,-148
Fri Oct 20 2017,Detroit Pistons,111,Washington Wizards,115,+230,-272
Fri Oct 20 2017,Orlando Magic,121,Brooklyn Nets,126,+108,-128
Fri Oct 20 2017,Utah Jazz,97,Minnesota Timberwolves,100,+163,-186
Fri Oct 20 2017,Sacramento Kings,93,Dallas Mavericks,88,+199,-237
Fri Oct 20 2017,Golden State Warriors,128,New Orleans Pelicans,120,-472,+375
Fri Oct 20 2017,Los Angeles Lakers,132,Phoenix Suns,130,+143,-163
Sat Oct 21 2017,Philadelphia 76ers,94,Toronto Raptors,128,+325,-400
Sat Oct 21 2017,San Antonio Spurs,87,Chicago Bulls,77,-580,+450
Sat Oct 21 2017,Orlando Magic,114,Cleveland Cavaliers,93,+615,-850
Sat Oct 21 2017,Dallas Mavericks,91,Houston Rockets,107,+593,-825
Sat Oct 21 2017,Golden State Warriors,101,Memphis Grizzlies,111,-374,+307
Sat Oct 21 2017,Indiana Pacers,108,Miami Heat,112,+365,-454
Sat Oct 21 2017,Detroit Pistons,111,New York Knicks,107,-119,-102
Sat Oct 21 2017,Portland Trail Blazers,110,Milwaukee Bucks,113,+134,-154
Sat Oct 21 2017,Sacramento Kings,79,Denver Nuggets,96,+573,-789
Sat Oct 21 2017,Oklahoma City Thunder,87,Utah Jazz,96,-182,+160
Sat Oct 21 2017,Phoenix Suns,88,Los Angeles Clippers,130,+850,-1283
Sun Oct 22 2017,Atlanta Hawks,104,Brooklyn Nets,116,+101,-119
Sun Oct 22 2017,Minnesota Timberwolves,115,Oklahoma City Thunder,113,+155,-177
Sun Oct 22 2017,New Orleans Pelicans,119,Los Angeles Lakers,112,-221,+187
Mon Oct 23 2017,Philadelphia 76ers,97,Detroit Pistons,86,+138,-158
Mon Oct 23 2017,Atlanta Hawks,93,Miami Heat,104,+499,-671
Mon Oct 23 2017,Memphis Grizzlies,98,Houston Rockets,90,+288,-353
Mon Oct 23 2017,Charlotte Hornets,94,Milwaukee Bucks,103,+218,-259
Mon Oct 23 2017,Golden State Warriors,133,Dallas Mavericks,103,-1167,+792
Mon Oct 23 2017,Toronto Raptors,97,San Antonio Spurs,101,+128,-148
Mon Oct 23 2017,Washington Wizards,109,Denver Nuggets,104,+168,-194
Mon Oct 23 2017,Sacramento Kings,115,Phoenix Suns,117,-140,+120
Tue Oct 24 2017,Chicago Bulls,112,Cleveland Cavaliers,119,+1137,-1930
Tue Oct 24 2017,Brooklyn Nets,121,Orlando Magic,125,+167,-194
Tue Oct 24 2017,New York Knicks,89,Boston Celtics,110,+244,-290
Tue Oct 24 2017,Indiana Pacers,130,Minnesota Timberwolves,107,+453,-585
Tue Oct 24 2017,New Orleans Pelicans,93,Portland Trail Blazers,103,+171,-200
Tue Oct 24 2017,Utah Jazz,84,Los Angeles Clippers,102,+174,-203
Wed Oct 25 2017,Denver Nuggets,93,Charlotte Hornets,110,-134,+114
Wed Oct 25 2017,Minnesota Timberwolves,101,Detroit Pistons,122,+123,-143
Wed Oct 25 2017,Houston Rockets,105,Philadelphia 76ers,104,-157,+137
Wed Oct 25 2017,Cleveland Cavaliers,107,Brooklyn Nets,112,-327,+268
Wed Oct 25 2017,San Antonio Spurs,117,Miami Heat,100,-159,+138
Wed Oct 25 2017,Indiana Pacers,96,Oklahoma City Thunder,114,+712,-1034
Wed Oct 25 2017,Memphis Grizzlies,94,Dallas Mavericks,103,-155,+135
Wed Oct 25 2017,Utah Jazz,88,Phoenix Suns,97,-319,+263
Wed Oct 25 2017,Toronto Raptors,112,Golden State Warriors,117,+682,-978
Wed Oct 25 2017,Washington Wizards,99,Los Angeles Lakers,102,-230,+194
Thu Oct 26 2017,Atlanta Hawks,86,Chicago Bulls,91,+111,-131
Thu Oct 26 2017,Dallas Mavericks,91,Memphis Grizzlies,96,+265,-323
Thu Oct 26 2017,Boston Celtics,96,Milwaukee Bucks,89,+162,-187
Thu Oct 26 2017,Los Angeles Clippers,104,Portland Trail Blazers,103,+112,-131
Thu Oct 26 2017,New Orleans Pelicans,114,Sacramento Kings,106,-104,-116
Fri Oct 27 2017,Houston Rockets,109,Charlotte Hornets,93,-145,+125
Fri Oct 27 2017,San Antonio Spurs,87,Orlando Magic,114,-219,+185
Fri Oct 27 2017,Denver Nuggets,105,Atlanta Hawks,100,-279,+236
Fri Oct 27 2017,Brooklyn Nets,86,New York Knicks,107,+114,-133
Fri Oct 27 2017,Oklahoma City Thunder,116,Minnesota Timberwolves,119,-131,+112
Fri Oct 27 2017,Washington Wizards,117,Golden State Warriors,120,+557,-762
Fri Oct 27 2017,Toronto Raptors,101,Los Angeles Lakers,92,-240,+201
Sat Oct 28 2017,Cleveland Cavaliers,101,New Orleans Pelicans,123,-140,+121
Sat Oct 28 2017,Oklahoma City Thunder,101,Chicago Bulls,69,-382,+312
Sat Oct 28 2017,Houston Rockets,89,Memphis Grizzlies,103,+105,-124
Sat Oct 28 2017,Boston Celtics,96,Miami Heat,90,-119,-102
Sat Oct 28 2017,Philadelphia 76ers,112,Dallas Mavericks,110,-118,+102
Sat Oct 28 2017,Los Angeles Lakers,81,Utah Jazz,96,+487,-649
Sat Oct 28 2017,Phoenix Suns,107,Portland Trail Blazers,114,+582,-807
Sat Oct 28 2017,Detroit Pistons,95,Los Angeles Clippers,87,+292,-354
Sun Oct 29 2017,Milwaukee Bucks,117,Atlanta Hawks,106,-234,+197
Sun Oct 29 2017,San Antonio Spurs,94,Indiana Pacers,97,-260,+221
Sun Oct 29 2017,Denver Nuggets,124,Brooklyn Nets,111,-214,+181
Sun Oct 29 2017,Orlando Magic,113,Charlotte Hornets,120,+151,-171
Sun Oct 29 2017,Washington Wizards,110,Sacramento Kings,83,-302,+252
Sun Oct 29 2017,New York Knicks,114,Cleveland Cavaliers,95,+457,-594
Sun Oct 29 2017,Detroit Pistons,115,Golden State Warriors,107,+969,-1538
Mon Oct 30 2017,San Antonio Spurs,94,Boston Celtics,108,+150,-171
Mon Oct 30 2017,Minnesota Timberwolves,125,Miami Heat,122,-152,+132
Mon Oct 30 2017,Denver Nuggets,110,New York Knicks,116,-191,+165
Mon Oct 30 2017,Philadelphia 76ers,115,Houston Rockets,107,+241,-288
Mon Oct 30 2017,Charlotte Hornets,104,Memphis Grizzlies,99,+184,-218
Mon Oct 30 2017,Orlando Magic,115,New Orleans Pelicans,99,+265,-322
Mon Oct 30 2017,Dallas Mavericks,89,Utah Jazz,104,+294,-358
Mon Oct 30 2017,Toronto Raptors,99,Portland Trail Blazers,85,+151,-172
Mon Oct 30 2017,Golden State Warriors,141,Los Angeles Clippers,113,-249,+209
Tue Oct 31 2017,Sacramento Kings,83,Indiana Pacers,101,+199,-236
Tue Oct 31 2017,Phoenix Suns,122,Brooklyn Nets,114,+164,-189
Tue Oct 31 2017,Oklahoma City Thunder,110,Milwaukee Bucks,91,-140,+121
Tue Oct 31 2017,Detroit Pistons,93,Los Angeles Lakers,113,-152,+133
Wed Nov 1 2017,Milwaukee Bucks,121,Charlotte Hornets,126,+150,-171
Wed Nov 1 2017,Indiana Pacers,124,Cleveland Cavaliers,107,+399,-507
Wed Nov 1 2017,Atlanta Hawks,109,Philadelphia 76ers,119,+253,-307
Wed Nov 1 2017,Phoenix Suns,122,Washington Wizards,116,+502,-676
Wed Nov 1 2017,Sacramento Kings,86,Boston Celtics,113,+610,-863
Wed Nov 1 2017,Chicago Bulls,91,Miami Heat,97,+413,-533
Wed Nov 1 2017,Orlando Magic,101,Memphis Grizzlies,99,+124,-143
Wed Nov 1 2017,Minnesota Timberwolves,104,New Orleans Pelicans,98,+111,-130
Wed Nov 1 2017,Houston Rockets,119,New York Knicks,97,-230,+196
Wed Nov 1 2017,Toronto Raptors,111,Denver Nuggets,129,+106,-125
Wed Nov 1 2017,Portland Trail Blazers,103,Utah Jazz,112,+141,-160
Wed Nov 1 2017,Dallas Mavericks,98,Los Angeles Clippers,119,+422,-542
Thu Nov 2 2017,Golden State Warriors,112,San Antonio Spurs,92,-359,+293
Thu Nov 2 2017,Los Angeles Lakers,110,Portland Trail Blazers,113,+194,-230
Fri Nov 3 2017,Milwaukee Bucks,96,Detroit Pistons,105,+102,-122
Fri Nov 3 2017,Chicago Bulls,105,Orlando Magic,83,+264,-322
Fri Nov 3 2017,Indiana Pacers,110,Philadelphia 76ers,121,+168,-194
Fri Nov 3 2017,Cleveland Cavaliers,130,Washington Wizards,122,+127,-147
Fri Nov 3 2017,Houston Rockets,119,Atlanta Hawks,104,-402,+325
Fri Nov 3 2017,Phoenix Suns,107,New York Knicks,120,+163,-186
Fri Nov 3 2017,New Orleans Pelicans,99,Dallas Mavericks,94,-180,+158
Fri Nov 3 2017,Charlotte Hornets,101,San Antonio Spurs,108,+162,-185
Fri Nov 3 2017,Miami Heat,94,Denver Nuggets,95,+193,-228
Fri Nov 3 2017,Toronto Raptors,109,Utah Jazz,100,+107,-126
Fri Nov 3 2017,Boston Celtics,101,Oklahoma City Thunder,94,+205,-244
Fri Nov 3 2017,Brooklyn Nets,112,Los Angeles Lakers,124,+128,-147
Sat Nov 4 2017,Memphis Grizzlies,113,Los Angeles Clippers,104,+179,-210
Sat Nov 4 2017,Sacramento Kings,99,Detroit Pistons,108,+312,-385
Sat Nov 4 2017,New Orleans Pelicans,96,Chicago Bulls,90,-215,+183
Sat Nov 4 2017,Dallas Mavericks,99,Minnesota Timberwolves,112,+581,-802
Sat Nov 4 2017,Golden State Warriors,127,Denver Nuggets,108,-395,+319
Sun Nov 5 2017,Atlanta Hawks,117,Cleveland Cavaliers,115,+613,-861
Sun Nov 5 2017,Miami Heat,104,Los Angeles Clippers,101,+176,-208
Sun Nov 5 2017,Boston Celtics,104,Orlando Magic,88,-159,+139
Sun Nov 5 2017,Washington Wizards,107,Toronto Raptors,96,+220,-261
Sun Nov 5 2017,Utah Jazz,110,Houston Rockets,137,+198,-234
Sun Nov 5 2017,Phoenix Suns,95,San Antonio Spurs,112,+379,-475
Sun Nov 5 2017,Indiana Pacers,101,New York Knicks,108,-112,-108
Sun Nov 5 2017,Charlotte Hornets,94,Minnesota Timberwolves,112,+175,-206
Sun Nov 5 2017,Oklahoma City Thunder,99,Portland Trail Blazers,103,-148,+128
Sun Nov 5 2017,Memphis Grizzlies,102,Los Angeles Lakers,107,-140,+120
Mon Nov 6 2017,Boston Celtics,110,Atlanta Hawks,107,-360,+294
Mon Nov 6 2017,Brooklyn Nets,98,Phoenix Suns,92,-111,-109
Mon Nov 6 2017,Miami Heat,80,Golden State Warriors,97,+878,-1359
Tue Nov 7 2017,Milwaukee Bucks,119,Cleveland Cavaliers,124,+182,-215
Tue Nov 7 2017,New Orleans Pelicans,117,Indiana Pacers,112,-123,+103
Tue Nov 7 2017,Dallas Mavericks,113,Washington Wizards,99,+401,-511
Tue Nov 7 2017,Charlotte Hornets,113,New York Knicks,118,-133,+114
Tue Nov 7 2017,Chicago Bulls,114,Toronto Raptors,119,+528,-719
Tue Nov 7 2017,Los Angeles Clippers,107,San Antonio Spurs,120,+151,-173
Tue Nov 7 2017,Brooklyn Nets,104,Denver Nuggets,112,+620,-877
Tue Nov 7 2017,Philadelphia 76ers,104,Utah Jazz,97,+214,-255
Tue Nov 7 2017,Memphis Grizzlies,98,Portland Trail Blazers,97,+121,-140
Tue Nov 7 2017,Oklahoma City Thunder,86,Sacramento Kings,94,-589,+450
Wed Nov 8 2017,Indiana Pacers,97,Detroit Pistons,114,+217,-258
Wed Nov 8 2017,New York Knicks,99,Orlando Magic,112,+324,-400
Wed Nov 8 2017,Los Angeles Lakers,96,Boston Celtics,107,+249,-298
Wed Nov 8 2017,Miami Heat,126,Phoenix Suns,115,-241,+202
Wed Nov 8 2017,Minnesota Timberwolves,101,Golden State Warriors,125,+289,-353
Thu Nov 9 2017,Los Angeles Lakers,95,Washington Wizards,111,+397,-504
Thu Nov 9 2017,New Orleans Pelicans,118,Toronto Raptors,122,+172,-202
Thu Nov 9 2017,Cleveland Cavaliers,113,Houston Rockets,117,+180,-212
Thu Nov 9 2017,Philadelphia 76ers,108,Sacramento Kings,109,-243,+204
Thu Nov 9 2017,Oklahoma City Thunder,94,Denver Nuggets,102,-130,+110
Fri Nov 10 2017,Atlanta Hawks,104,Detroit Pistons,111,+269,-328
Fri Nov 10 2017,Charlotte Hornets,87,Boston Celtics,90,+135,-154
Fri Nov 10 2017,Indiana Pacers,105,Chicago Bulls,87,-158,+138
Fri Nov 10 2017,Los Angeles Clippers,111,Oklahoma City Thunder,120,+183,-214
Fri Nov 10 2017,Orlando Magic,128,Phoenix Suns,112,-166,+146
Fri Nov 10 2017,Milwaukee Bucks,94,San Antonio Spurs,87,+168,-195
Fri Nov 10 2017,Miami Heat,84,Utah Jazz,74,+123,-142
Fri Nov 10 2017,Brooklyn Nets,101,Portland Trail Blazers,97,+324,-398
Sat Nov 11 2017,Los Angeles Clippers,103,New Orleans Pelicans,111,+198,-235
Sat Nov 11 2017,Atlanta Hawks,94,Washington Wizards,113,+399,-504
Sat Nov 11 2017,Memphis Grizzlies,96,Houston Rockets,111,+234,-276
Sat Nov 11 2017,Sacramento Kings,91,New York Knicks,118,+225,-265
Sat Nov 11 2017,Cleveland Cavaliers,111,Dallas Mavericks,104,-239,+202
Sat Nov 11 2017,Philadelphia 76ers,114,Golden State Warriors,135,+665,-929
Sat Nov 11 2017,Los Angeles Lakers,90,Milwaukee Bucks,98,+209,-248
Sat Nov 11 2017,Chicago Bulls,94,San Antonio Spurs,133,+427,-545
Sat Nov 11 2017,Orlando Magic,107,Denver Nuggets,125,+311,-381
Sat Nov 11 2017,Minnesota Timberwolves,110,Phoenix Suns,118,-470,+374
Sat Nov 11 2017,Brooklyn Nets,106,Utah Jazz,114,+243,-290
Sun Nov 12 2017,Toronto Raptors,94,Boston Celtics,95,-163,+142
Sun Nov 12 2017,Miami Heat,103,Detroit Pistons,112,+117,-136
Sun Nov 12 2017,Houston Rockets,118,Indiana Pacers,95,-168,+146
Sun Nov 12 2017,Dallas Mavericks,99,Oklahoma City Thunder,112,+437,-570
Mon Nov 13 2017,Sacramento Kings,92,Washington Wizards,110,+497,-665
Mon Nov 13 2017,Cleveland Cavaliers,104,New York Knicks,101,-220,+187
Mon Nov 13 2017,Memphis Grizzlies,103,Milwaukee Bucks,110,+147,-168
Mon Nov 13 2017,Atlanta Hawks,105,New Orleans Pelicans,106,+374,-470
Mon Nov 13 2017,Los Angeles Lakers,100,Phoenix Suns,93,-106,-115
Mon Nov 13 2017,Minnesota Timberwolves,109,Utah Jazz,98,-147,+127
Mon Nov 13 2017,Denver Nuggets,82,Portland Trail Blazers,99,+109,-128
Mon Nov 13 2017,Orlando Magic,100,Golden State Warriors,110,+627,-882
Mon Nov 13 2017,Philadelphia 76ers,109,Los Angeles Clippers,105,+113,-133
Tue Nov 14 2017,Boston Celtics,109,Brooklyn Nets,102,-281,+235
Tue Nov 14 2017,Toronto Raptors,129,Houston Rockets,113,+224,-267
Tue Nov 14 2017,San Antonio Spurs,97,Dallas Mavericks,91,-260,+219
Wed Nov 15 2017,Sacramento Kings,80,Atlanta Hawks,126,+177,-207
Wed Nov 15 2017,Washington Wizards,102,Miami Heat,93,+108,-127
Wed Nov 15 2017,Utah Jazz,101,New York Knicks,106,+151,-171
Wed Nov 15 2017,Cleveland Cavaliers,115,Charlotte Hornets,107,-114,-107
Wed Nov 15 2017,Indiana Pacers,116,Memphis Grizzlies,113,+136,-156
Wed Nov 15 2017,Detroit Pistons,95,Milwaukee Bucks,99,+171,-199
Wed Nov 15 2017,San Antonio Spurs,86,Minnesota Timberwolves,98,+173,-202
Wed Nov 15 2017,Toronto Raptors,125,New Orleans Pelicans,116,+128,-148
Wed Nov 15 2017,Chicago Bulls,79,Oklahoma City Thunder,92,+691,-999
Wed Nov 15 2017,Orlando Magic,94,Portland Trail Blazers,99,+178,-208
Wed Nov 15 2017,Philadelphia 76ers,115,Los Angeles Lakers,109,-169,+149
Thu Nov 16 2017,Golden State Warriors,88,Boston Celtics,92,-285,+239
Thu Nov 16 2017,Houston Rockets,142,Phoenix Suns,116,-923,+652
Fri Nov 17 2017,Detroit Pistons,100,Indiana Pacers,107,+100,-117
Fri Nov 17 2017,Miami Heat,91,Washington Wizards,88,+171,-199
Fri Nov 17 2017,Utah Jazz,107,Brooklyn Nets,118,+109,-127
Fri Nov 17 2017,Los Angeles Clippers,113,Cleveland Cavaliers,118,+233,-275
Fri Nov 17 2017,New York Knicks,84,Toronto Raptors,107,+266,-321
Fri Nov 17 2017,Charlotte Hornets,120,Chicago Bulls,123,-264,+224
Fri Nov 17 2017,Oklahoma City Thunder,101,San Antonio Spurs,104,-124,+105
Fri Nov 17 2017,Minnesota Timberwolves,111,Dallas Mavericks,87,-249,+210
Fri Nov 17 2017,Portland Trail Blazers,82,Sacramento Kings,86,-280,+235
Fri Nov 17 2017,New Orleans Pelicans,114,Denver Nuggets,146,+164,-189
Fri Nov 17 2017,Phoenix Suns,122,Los Angeles Lakers,113,+254,-303
Sat Nov 18 2017,Los Angeles Clippers,87,Charlotte Hornets,102,+174,-203
Sat Nov 18 2017,Utah Jazz,125,Orlando Magic,85,+211,-249
Sat Nov 18 2017,Boston Celtics,110,Atlanta Hawks,99,-247,+207
Sat Nov 18 2017,Golden State Warriors,124,Philadelphia 76ers,116,-423,+338
Sat Nov 18 2017,Houston Rockets,105,Memphis Grizzlies,83,-313,+260
Sat Nov 18 2017,Milwaukee Bucks,79,Dallas Mavericks,111,-246,+207
Sat Nov 18 2017,Sacramento Kings,90,Portland Trail Blazers,102,+589,-815
Sun Nov 19 2017,Washington Wizards,91,Toronto Raptors,100,+226,-267
Sun Nov 19 2017,Indiana Pacers,120,Miami Heat,95,+191,-226
Sun Nov 19 2017,Golden State Warriors,118,Brooklyn Nets,111,-800,+580
Sun Nov 19 2017,Detroit Pistons,100,Minnesota Timberwolves,97,+195,-230
Sun Nov 19 2017,Chicago Bulls,105,Phoenix Suns,113,+120,-139
Sun Nov 19 2017,Denver Nuggets,109,Los Angeles Lakers,127,-205,+175
Mon Nov 20 2017,Minnesota Timberwolves,102,Charlotte Hornets,118,+126,-146
Mon Nov 20 2017,Cleveland Cavaliers,116,Detroit Pistons,88,-132,+113
Mon Nov 20 2017,Indiana Pacers,105,Orlando Magic,97,+147,-168
Mon Nov 20 2017,Utah Jazz,86,Philadelphia 76ers,107,+200,-237
Mon Nov 20 2017,Los Angeles Clippers,85,New York Knicks,107,-128,+108
Mon Nov 20 2017,Portland Trail Blazers,100,Memphis Grizzlies,92,-119,+101
Mon Nov 20 2017,Washington Wizards,99,Milwaukee Bucks,88,+139,-159
Mon Nov 20 2017,Oklahoma City Thunder,107,New Orleans Pelicans,114,-143,+124
Mon Nov 20 2017,Boston Celtics,110,Dallas Mavericks,102,-281,+235
Mon Nov 20 2017,Atlanta Hawks,85,San Antonio Spurs,96,+344,-428
Mon Nov 20 2017,Denver Nuggets,114,Sacramento Kings,98,-204,+175
Tue Nov 21 2017,Chicago Bulls,94,Los Angeles Lakers,103,+201,-239
Wed Nov 22 2017,Washington Wizards,124,Charlotte Hornets,129,+127,-147
Wed Nov 22 2017,Brooklyn Nets,109,Cleveland Cavaliers,119,+562,-769
Wed Nov 22 2017,Portland Trail Blazers,81,Philadelphia 76ers,101,+148,-169
Wed Nov 22 2017,Los Angeles Clippers,116,Atlanta Hawks,103,-148,+128
Wed Nov 22 2017,Boston Celtics,98,Miami Heat,104,-125,+106
Wed Nov 22 2017,Toronto Raptors,100,New York Knicks,108,-179,+156
Wed Nov 22 2017,Denver Nuggets,95,Houston Rockets,125,+341,-427
Wed Nov 22 2017,Dallas Mavericks,95,Memphis Grizzlies,94,+193,-228
Wed Nov 22 2017,Orlando Magic,118,Minnesota Timberwolves,124,+233,-278
Wed Nov 22 2017,San Antonio Spurs,90,New Orleans Pelicans,107,-102,-119
Wed Nov 22 2017,Golden State Warriors,91,Oklahoma City Thunder,108,-231,+195
Wed Nov 22 2017,Milwaukee Bucks,113,Phoenix Suns,107,-125,+106
Wed Nov 22 2017,Chicago Bulls,80,Utah Jazz,110,+329,-408
Wed Nov 22 2017,Los Angeles Lakers,102,Sacramento Kings,113,-108,-112
Fri Nov 24 2017,Portland Trail Blazers,127,Brooklyn Nets,125,-185,+162
Fri Nov 24 2017,New York Knicks,104,Atlanta Hawks,116,+104,-122
Fri Nov 24 2017,Orlando Magic,103,Boston Celtics,118,+239,-285
Fri Nov 24 2017,Charlotte Hornets,99,Cleveland Cavaliers,100,+192,-226
Fri Nov 24 2017,Toronto Raptors,104,Indiana Pacers,107,-128,+109
Fri Nov 24 2017,Miami Heat,109,Minnesota Timberwolves,97,+141,-162
Fri Nov 24 2017,Detroit Pistons,99,Oklahoma City Thunder,98,+308,-377
Fri Nov 24 2017,Memphis Grizzlies,92,Denver Nuggets,104,+206,-245
Fri Nov 24 2017,New Orleans Pelicans,115,Phoenix Suns,91,-261,+221
Fri Nov 24 2017,Chicago Bulls,94,Golden State Warriors,143,+1032,-1700
Sat Nov 25 2017,San Antonio Spurs,106,Charlotte Hornets,86,+108,-124
Sat Nov 25 2017,Orlando Magic,111,Philadelphia 76ers,130,+182,-217
Sat Nov 25 2017,Portland Trail Blazers,108,Washington Wizards,105,+155,-176
Sat Nov 25 2017,Toronto Raptors,112,Atlanta Hawks,78,-247,+209
Sat Nov 25 2017,New York Knicks,102,Houston Rockets,117,+1719,-3155
Sat Nov 25 2017,Boston Celtics,108,Indiana Pacers,98,-159,+139
Sat Nov 25 2017,Oklahoma City Thunder,81,Dallas Mavericks,97,-245,+207
Sat Nov 25 2017,New Orleans Pelicans,95,Golden State Warriors,110,+465,-617
Sat Nov 25 2017,Milwaukee Bucks,108,Utah Jazz,121,-123,+105
Sat Nov 25 2017,Los Angeles Clippers,97,Sacramento Kings,95,-181,+160
Sun Nov 26 2017,Miami Heat,100,Chicago Bulls,93,-292,+245
Sun Nov 26 2017,Phoenix Suns,108,Minnesota Timberwolves,119,+494,-653
Sun Nov 26 2017,Brooklyn Nets,98,Memphis Grizzlies,88,+193,-228
Mon Nov 27 2017,Orlando Magic,109,Indiana Pacers,121,+160,-183
Mon Nov 27 2017,Cleveland Cavaliers,113,Philadelphia 76ers,91,+114,-134
Mon Nov 27 2017,Detroit Pistons,118,Boston Celtics,108,+213,-253
Mon Nov 27 2017,Portland Trail Blazers,103,New York Knicks,91,-127,+108
Mon Nov 27 2017,Brooklyn Nets,103,Houston Rockets,117,+1605,-3129
Mon Nov 27 2017,Dallas Mavericks,108,San Antonio Spurs,115,+348,-431
Mon Nov 27 2017,Sacramento Kings,110,Golden State Warriors,106,+696,-1000
Mon Nov 27 2017,Los Angeles Lakers,115,Los Angeles Clippers,120,+161,-185
Tue Nov 28 2017,Miami Heat,97,Cleveland Cavaliers,108,+157,-181
Tue Nov 28 2017,Phoenix Suns,104,Chicago Bulls,99,-106,-112
Tue Nov 28 2017,Washington Wizards,92,Minnesota Timberwolves,89,+175,-206
Tue Nov 28 2017,Milwaukee Bucks,112,Sacramento Kings,87,-247,+207
Tue Nov 28 2017,Denver Nuggets,77,Utah Jazz,106,-113,-108
Wed Nov 29 2017,Phoenix Suns,107,Detroit Pistons,131,+517,-703
Wed Nov 29 2017,Oklahoma City Thunder,108,Orlando Magic,121,-241,+203
Wed Nov 29 2017,Washington Wizards,113,Philadelphia 76ers,118,+245,-295
Wed Nov 29 2017,Miami Heat,86,New York Knicks,115,+106,-123
Wed Nov 29 2017,Charlotte Hornets,113,Toronto Raptors,126,+255,-308
Wed Nov 29 2017,Indiana Pacers,97,Houston Rockets,118,+525,-711
Wed Nov 29 2017,Minnesota Timberwolves,120,New Orleans Pelicans,102,+212,-251
Wed Nov 29 2017,Brooklyn Nets,109,Dallas Mavericks,104,+179,-212
Wed Nov 29 2017,Memphis Grizzlies,95,San Antonio Spurs,104,+316,-391
Wed Nov 29 2017,Golden State Warriors,127,Los Angeles Lakers,123,-1001,+691
Thu Nov 30 2017,Cleveland Cavaliers,121,Atlanta Hawks,114,-338,+277
Thu Nov 30 2017,Philadelphia 76ers,97,Boston Celtics,108,+295,-360
Thu Nov 30 2017,Chicago Bulls,110,Denver Nuggets,111,+475,-619
Thu Nov 30 2017,Milwaukee Bucks,103,Portland Trail Blazers,91,+154,-176
Thu Nov 30 2017,Utah Jazz,126,Los Angeles Clippers,107,-115,-106
Fri Dec 1 2017,Golden State Warriors,133,Orlando Magic,112,-627,+473
Fri Dec 1 2017,Detroit Pistons,91,Washington Wizards,109,-118,-103
Fri Dec 1 2017,Indiana Pacers,115,Toronto Raptors,120,+242,-288
Fri Dec 1 2017,Sacramento Kings,107,Chicago Bulls,106,-117,-104
Fri Dec 1 2017,San Antonio Spurs,95,Memphis Grizzlies,79,-161,+140
Fri Dec 1 2017,Charlotte Hornets,100,Miami Heat,105,+113,-132
Fri Dec 1 2017,Minnesota Timberwolves,107,Oklahoma City Thunder,111,+193,-231
Fri Dec 1 2017,New Orleans Pelicans,108,Utah Jazz,114,-153,+133
Sat Dec 2 2017,Phoenix Suns,111,Boston Celtics,116,+654,-929
Sat Dec 2 2017,Los Angeles Clippers,82,Dallas Mavericks,108,+166,-193
Sat Dec 2 2017,Atlanta Hawks,114,Brooklyn Nets,102,+175,-204
Sat Dec 2 2017,Memphis Grizzlies,111,Cleveland Cavaliers,116,+601,-836
Sat Dec 2 2017,Detroit Pistons,103,Philadelphia 76ers,108,+159,-182
Sat Dec 2 2017,Sacramento Kings,104,Milwaukee Bucks,109,+726,-1059
Sat Dec 2 2017,Los Angeles Lakers,100,Denver Nuggets,115,+144,-163
Sat Dec 2 2017,New Orleans Pelicans,123,Portland Trail Blazers,116,+250,-299
Sun Dec 3 2017,Orlando Magic,105,New York Knicks,100,-136,+118
Sun Dec 3 2017,Golden State Warriors,123,Miami Heat,95,-567,+437
Sun Dec 3 2017,Los Angeles Clippers,106,Minnesota Timberwolves,112,+589,-823
Sun Dec 3 2017,San Antonio Spurs,87,Oklahoma City Thunder,90,+284,-347
Sun Dec 3 2017,Houston Rockets,118,Los Angeles Lakers,95,-780,+562
Mon Dec 4 2017,Orlando Magic,94,Charlotte Hornets,104,+251,-301
Mon Dec 4 2017,New York Knicks,97,Indiana Pacers,115,+498,-669
Mon Dec 4 2017,Phoenix Suns,115,Philadelphia 76ers,101,+409,-526
Mon Dec 4 2017,Brooklyn Nets,110,Atlanta Hawks,90,-102,-118
Mon Dec 4 2017,Milwaukee Bucks,100,Boston Celtics,111,+166,-193
Mon Dec 4 2017,Cleveland Cavaliers,113,Chicago Bulls,91,-455,+360
Mon Dec 4 2017,Minnesota Timberwolves,92,Memphis Grizzlies,95,-153,+133
Mon Dec 4 2017,Golden State Warriors,125,New Orleans Pelicans,115,-432,+346
Mon Dec 4 2017,Denver Nuggets,105,Dallas Mavericks,122,+116,-135
Mon Dec 4 2017,Detroit Pistons,93,San Antonio Spurs,96,+148,-168
Mon Dec 4 2017,Washington Wizards,69,Utah Jazz,116,+148,-169
Tue Dec 5 2017,Phoenix Suns,113,Toronto Raptors,126,+869,-1330
Tue Dec 5 2017,Utah Jazz,94,Oklahoma City Thunder,100,+285,-349
Tue Dec 5 2017,Washington Wizards,106,Portland Trail Blazers,92,+217,-258
Wed Dec 6 2017,Sacramento Kings,95,Cleveland Cavaliers,101,+704,-1022
Wed Dec 6 2017,Chicago Bulls,96,Indiana Pacers,98,+420,-544
Wed Dec 6 2017,Atlanta Hawks,106,Orlando Magic,110,+211,-251
Wed Dec 6 2017,Dallas Mavericks,90,Boston Celtics,97,+284,-344
Wed Dec 6 2017,Memphis Grizzlies,88,New York Knicks,99,+106,-126
Wed Dec 6 2017,Golden State Warriors,101,Charlotte Hornets,87,-154,+134
Wed Dec 6 2017,Detroit Pistons,100,Milwaukee Bucks,104,+155,-177
Wed Dec 6 2017,Denver Nuggets,114,New Orleans Pelicans,123,+186,-221
Wed Dec 6 2017,Miami Heat,105,San Antonio Spurs,117,+279,-338
Wed Dec 6 2017,Minnesota Timberwolves,113,Los Angeles Clippers,107,-208,+177
Thu Dec 7 2017,Los Angeles Lakers,107,Philadelphia 76ers,104,+315,-389
Thu Dec 7 2017,Washington Wizards,109,Phoenix Suns,99,-261,+219
Thu Dec 7 2017,Oklahoma City Thunder,95,Brooklyn Nets,100,-283,+238
Thu Dec 7 2017,Houston Rockets,112,Utah Jazz,101,-254,+214
Fri Dec 8 2017,Chicago Bulls,119,Charlotte Hornets,111,+403,-516
Fri Dec 8 2017,Golden State Warriors,102,Detroit Pistons,98,-220,+185
Fri Dec 8 2017,Cleveland Cavaliers,102,Indiana Pacers,106,-166,+146
Fri Dec 8 2017,Denver Nuggets,103,Orlando Magic,89,+112,-132
Fri Dec 8 2017,Toronto Raptors,116,Memphis Grizzlies,107,-220,+187
Fri Dec 8 2017,Dallas Mavericks,102,Milwaukee Bucks,109,+239,-282
Fri Dec 8 2017,Sacramento Kings,116,New Orleans Pelicans,109,+385,-487
Fri Dec 8 2017,Boston Celtics,102,San Antonio Spurs,105,+119,-139
Sat Dec 9 2017,Washington Wizards,112,Los Angeles Clippers,113,-129,+109
Sat Dec 9 2017,Miami Heat,101,Brooklyn Nets,89,-135,+116
Sat Dec 9 2017,Los Angeles Lakers,110,Charlotte Hornets,99,+139,-160
Sat Dec 9 2017,Orlando Magic,110,Atlanta Hawks,117,+177,-208
Sat Dec 9 2017,New York Knicks,102,Chicago Bulls,104,-162,+142
Sat Dec 9 2017,Philadelphia 76ers,98,Cleveland Cavaliers,105,+186,-220
Sat Dec 9 2017,Utah Jazz,100,Milwaukee Bucks,117,-106,-115
Sat Dec 9 2017,Oklahoma City Thunder,102,Memphis Grizzlies,101,-204,+174
Sat Dec 9 2017,San Antonio Spurs,104,Phoenix Suns,101,-205,+176
Sat Dec 9 2017,Houston Rockets,124,Portland Trail Blazers,117,-385,+311
Sun Dec 10 2017,Toronto Raptors,102,Sacramento Kings,87,-397,+322
Sun Dec 10 2017,Boston Celtics,91,Detroit Pistons,81,-121,+102
Sun Dec 10 2017,Denver Nuggets,116,Indiana Pacers,126,+184,-216
Sun Dec 10 2017,Dallas Mavericks,92,Minnesota Timberwolves,97,+268,-327
Sun Dec 10 2017,Philadelphia 76ers,124,New Orleans Pelicans,131,+228,-270
Sun Dec 10 2017,Atlanta Hawks,107,New York Knicks,111,+197,-233
Mon Dec 11 2017,Boston Celtics,85,Chicago Bulls,108,-218,+185
Mon Dec 11 2017,New Orleans Pelicans,123,Houston Rockets,130,+779,-1160
Mon Dec 11 2017,Miami Heat,107,Memphis Grizzlies,82,+101,-119
Mon Dec 11 2017,Charlotte Hornets,116,Oklahoma City Thunder,103,+275,-336
Mon Dec 11 2017,Portland Trail Blazers,104,Golden State Warriors,111,+329,-412
Mon Dec 11 2017,Toronto Raptors,91,Los Angeles Clippers,96,-229,+193
Tue Dec 12 2017,Atlanta Hawks,114,Cleveland Cavaliers,123,+627,-884
Tue Dec 12 2017,Denver Nuggets,103,Detroit Pistons,84,+223,-266
Tue Dec 12 2017,Los Angeles Lakers,109,New York Knicks,113,+122,-142
Tue Dec 12 2017,Washington Wizards,98,Brooklyn Nets,103,-155,+135
Tue Dec 12 2017,San Antonio Spurs,89,Dallas Mavericks,95,-255,+214
Tue Dec 12 2017,Philadelphia 76ers,118,Minnesota Timberwolves,112,+167,-193
Tue Dec 12 2017,Phoenix Suns,92,Sacramento Kings,99,+162,-187
Wed Dec 13 2017,Oklahoma City Thunder,100,Indiana Pacers,95,-113,-108
Wed Dec 13 2017,Los Angeles Clippers,106,Orlando Magic,95,-114,+100
Wed Dec 13 2017,Memphis Grizzlies,87,Washington Wizards,93,+263,-318
Wed Dec 13 2017,Denver Nuggets,118,Boston Celtics,124,+206,-246
Wed Dec 13 2017,Portland Trail Blazers,102,Miami Heat,95,+120,-139
Wed Dec 13 2017,Utah Jazz,100,Chicago Bulls,103,-230,+194
Wed Dec 13 2017,Milwaukee Bucks,108,New Orleans Pelicans,115,+114,-133
Wed Dec 13 2017,Toronto Raptors,115,Phoenix Suns,109,-800,+586
Wed Dec 13 2017,Charlotte Hornets,96,Houston Rockets,108,+579,-802
Thu Dec 14 2017,Detroit Pistons,105,Atlanta Hawks,91,-170,+149
Thu Dec 14 2017,New York Knicks,111,Brooklyn Nets,104,+102,-121
Thu Dec 14 2017,Los Angeles Lakers,112,Cleveland Cavaliers,121,+429,-554
Thu Dec 14 2017,Sacramento Kings,96,Minnesota Timberwolves,119,+483,-637
Thu Dec 14 2017,Dallas Mavericks,97,Golden State Warriors,112,+426,-554
Fri Dec 15 2017,Miami Heat,104,Charlotte Hornets,98,+180,-211
Fri Dec 15 2017,Detroit Pistons,104,Indiana Pacers,98,+181,-214
Fri Dec 15 2017,Portland Trail Blazers,95,Orlando Magic,88,-178,+156
Fri Dec 15 2017,Oklahoma City Thunder,119,Philadelphia 76ers,117,+102,-120
Fri Dec 15 2017,Los Angeles Clippers,91,Washington Wizards,100,+450,-586
Fri Dec 15 2017,Utah Jazz,107,Boston Celtics,95,+174,-206
Fri Dec 15 2017,Brooklyn Nets,87,Toronto Raptors,120,+731,-1074
Fri Dec 15 2017,Atlanta Hawks,94,Memphis Grizzlies,96,+218,-259
Fri Dec 15 2017,Chicago Bulls,115,Milwaukee Bucks,109,+321,-397
Fri Dec 15 2017,New Orleans Pelicans,111,Denver Nuggets,117,+105,-124
Fri Dec 15 2017,San Antonio Spurs,109,Houston Rockets,124,+302,-370
Sat Dec 16 2017,Portland Trail Blazers,93,Charlotte Hornets,91,+143,-164
Sat Dec 16 2017,Utah Jazz,100,Cleveland Cavaliers,109,+406,-516
Sat Dec 16 2017,Oklahoma City Thunder,96,New York Knicks,111,-187,+164
Sat Dec 16 2017,Milwaukee Bucks,111,Houston Rockets,115,+475,-627
Sat Dec 16 2017,Los Angeles Clippers,85,Miami Heat,90,+212,-252
Sat Dec 16 2017,Phoenix Suns,108,Minnesota Timberwolves,106,+608,-854
Sat Dec 16 2017,Dallas Mavericks,96,San Antonio Spurs,98,+205,-245
Sat Dec 16 2017,Boston Celtics,102,Memphis Grizzlies,93,-224,+191
Sun Dec 17 2017,Sacramento Kings,93,Toronto Raptors,108,+637,-905
Sun Dec 17 2017,Orlando Magic,110,Detroit Pistons,114,+323,-402
Sun Dec 17 2017,Indiana Pacers,109,Brooklyn Nets,97,-164,+143
Sun Dec 17 2017,Cleveland Cavaliers,106,Washington Wizards,99,+108,-128
Mon Dec 18 2017,New York Knicks,91,Charlotte Hornets,109,+297,-364
Mon Dec 18 2017,Boston Celtics,112,Indiana Pacers,111,-138,+119
Mon Dec 18 2017,Miami Heat,104,Atlanta Hawks,110,+108,-128
Mon Dec 18 2017,Philadelphia 76ers,115,Chicago Bulls,117,-130,+111
Mon Dec 18 2017,Utah Jazz,99,Houston Rockets,120,+624,-877
Mon Dec 18 2017,Portland Trail Blazers,107,Minnesota Timberwolves,108,+165,-191
Mon Dec 18 2017,Denver Nuggets,94,Oklahoma City Thunder,95,+175,-207
Mon Dec 18 2017,Phoenix Suns,97,Dallas Mavericks,91,+254,-305
Mon Dec 18 2017,Los Angeles Clippers,91,San Antonio Spurs,109,+566,-779
Mon Dec 18 2017,Golden State Warriors,116,Los Angeles Lakers,114,-226,+191
Tue Dec 19 2017,Sacramento Kings,101,Philadelphia 76ers,95,+307,-377
Tue Dec 19 2017,New Orleans Pelicans,106,Washington Wizards,116,+113,-132
Tue Dec 19 2017,Cleveland Cavaliers,116,Milwaukee Bucks,119,-119,-103
Wed Dec 20 2017,Toronto Raptors,129,Charlotte Hornets,111,-131,+112
Wed Dec 20 2017,Indiana Pacers,105,Atlanta Hawks,95,-198,+169
Wed Dec 20 2017,Miami Heat,90,Boston Celtics,89,+365,-455
Wed Dec 20 2017,Sacramento Kings,104,Brooklyn Nets,99,+187,-221
Wed Dec 20 2017,Orlando Magic,94,Chicago Bulls,112,+174,-205
Wed Dec 20 2017,Los Angeles Lakers,122,Houston Rockets,116,+903,-1419
Wed Dec 20 2017,Utah Jazz,79,Oklahoma City Thunder,107,+280,-342
Wed Dec 20 2017,Detroit Pistons,93,Dallas Mavericks,110,-102,-119
Wed Dec 20 2017,Minnesota Timberwolves,112,Denver Nuggets,104,-104,-117
Wed Dec 20 2017,San Antonio Spurs,93,Portland Trail Blazers,91,+120,-139
Wed Dec 20 2017,Memphis Grizzlies,84,Golden State Warriors,97,+404,-518
Wed Dec 20 2017,Phoenix Suns,95,Los Angeles Clippers,108,+191,-227
Thu Dec 21 2017,Chicago Bulls,112,Cleveland Cavaliers,115,+480,-643
Thu Dec 21 2017,Toronto Raptors,114,Philadelphia 76ers,109,-175,+154
Thu Dec 21 2017,Boston Celtics,93,New York Knicks,102,-146,+126
Thu Dec 21 2017,Memphis Grizzlies,95,Phoenix Suns,97,-154,+134
Thu Dec 21 2017,San Antonio Spurs,89,Utah Jazz,100,-130,+110
Fri Dec 22 2017,New York Knicks,101,Detroit Pistons,104,+232,-275
Fri Dec 22 2017,New Orleans Pelicans,111,Orlando Magic,97,-246,+206
Fri Dec 22 2017,Washington Wizards,84,Brooklyn Nets,119,-260,+219
Fri Dec 22 2017,Los Angeles Clippers,128,Houston Rockets,118,+637,-901
Fri Dec 22 2017,Dallas Mavericks,101,Miami Heat,113,-126,+107
Fri Dec 22 2017,Charlotte Hornets,104,Milwaukee Bucks,109,+169,-197
Fri Dec 22 2017,Atlanta Hawks,117,Oklahoma City Thunder,120,+533,-725
Fri Dec 22 2017,Denver Nuggets,102,Portland Trail Blazers,85,-125,+107
Fri Dec 22 2017,Los Angeles Lakers,106,Golden State Warriors,113,+543,-745
Sat Dec 23 2017,Philadelphia 76ers,86,Toronto Raptors,102,+264,-321
Sat Dec 23 2017,Milwaukee Bucks,106,Charlotte Hornets,111,+162,-187
Sat Dec 23 2017,Brooklyn Nets,119,Indiana Pacers,123,+386,-489
Sat Dec 23 2017,Orlando Magic,103,Washington Wizards,130,+650,-919
Sat Dec 23 2017,Dallas Mavericks,107,Atlanta Hawks,112,-124,+105
Sat Dec 23 2017,Chicago Bulls,92,Boston Celtics,117,+293,-358
Sat Dec 23 2017,Los Angeles Clippers,112,Memphis Grizzlies,115,+119,-137
Sat Dec 23 2017,New Orleans Pelicans,109,Miami Heat,94,-152,+132
Sat Dec 23 2017,Oklahoma City Thunder,103,Utah Jazz,89,+101,-119
Sat Dec 23 2017,Denver Nuggets,96,Golden State Warriors,81,+308,-378
Sat Dec 23 2017,Minnesota Timberwolves,115,Phoenix Suns,106,-340,+276
Sat Dec 23 2017,Portland Trail Blazers,95,Los Angeles Lakers,92,+138,-157
Sat Dec 23 2017,San Antonio Spurs,108,Sacramento Kings,99,-247,+208
Mon Dec 25 2017,Philadelphia 76ers,105,New York Knicks,98,-117,-105
Mon Dec 25 2017,Cleveland Cavaliers,92,Golden State Warriors,99,+158,-181
Mon Dec 25 2017,Washington Wizards,111,Boston Celtics,103,+153,-175
Mon Dec 25 2017,Houston Rockets,107,Oklahoma City Thunder,112,+116,-135
Mon Dec 25 2017,Minnesota Timberwolves,121,Los Angeles Lakers,104,-251,+210
Tue Dec 26 2017,Toronto Raptors,93,Dallas Mavericks,98,-244,+204
Tue Dec 26 2017,Indiana Pacers,83,Detroit Pistons,107,+106,-125
Tue Dec 26 2017,Orlando Magic,89,Miami Heat,107,+310,-382
Tue Dec 26 2017,Chicago Bulls,115,Milwaukee Bucks,106,+255,-307
Tue Dec 26 2017,Brooklyn Nets,97,San Antonio Spurs,109,+589,-803
Tue Dec 26 2017,Utah Jazz,83,Denver Nuggets,107,+212,-252
Tue Dec 26 2017,Memphis Grizzlies,97,Phoenix Suns,99,-121,+101
Tue Dec 26 2017,Sacramento Kings,95,Los Angeles Clippers,122,+190,-226
Wed Dec 27 2017,Boston Celtics,102,Charlotte Hornets,91,-115,-104
Wed Dec 27 2017,Dallas Mavericks,98,Indiana Pacers,94,+149,-170
Wed Dec 27 2017,Washington Wizards,99,Atlanta Hawks,113,-230,+195
Wed Dec 27 2017,New York Knicks,87,Chicago Bulls,92,+104,-124
Wed Dec 27 2017,Denver Nuggets,125,Minnesota Timberwolves,128,+174,-204
Wed Dec 27 2017,Brooklyn Nets,113,New Orleans Pelicans,128,+356,-447
Wed Dec 27 2017,Toronto Raptors,107,Oklahoma City Thunder,124,+144,-165
Wed Dec 27 2017,Cleveland Cavaliers,95,Sacramento Kings,109,-462,+366
Wed Dec 27 2017,Utah Jazz,101,Golden State Warriors,126,+525,-714
Wed Dec 27 2017,Memphis Grizzlies,109,Los Angeles Lakers,99,+141,-162
Thu Dec 28 2017,Detroit Pistons,89,Orlando Magic,102,-170,+149
Thu Dec 28 2017,Houston Rockets,98,Boston Celtics,99,-125,+106
Thu Dec 28 2017,Minnesota Timberwolves,96,Milwaukee Bucks,102,+158,-181
Thu Dec 28 2017,New York Knicks,107,San Antonio Spurs,119,+468,-609
Thu Dec 28 2017,Philadelphia 76ers,110,Portland Trail Blazers,114,-127,+111
Fri Dec 29 2017,Houston Rockets,103,Washington Wizards,121,-126,+107
Fri Dec 29 2017,Atlanta Hawks,98,Toronto Raptors,111,+492,-657
Fri Dec 29 2017,Indiana Pacers,107,Chicago Bulls,119,+127,-147
Fri Dec 29 2017,Brooklyn Nets,111,Miami Heat,87,+202,-240
Fri Dec 29 2017,Dallas Mavericks,128,New Orleans Pelicans,120,+229,-272
Fri Dec 29 2017,Milwaukee Bucks,97,Oklahoma City Thunder,95,+207,-246
Fri Dec 29 2017,Phoenix Suns,111,Sacramento Kings,101,+125,-145
Fri Dec 29 2017,Charlotte Hornets,111,Golden State Warriors,100,+429,-553
Fri Dec 29 2017,Los Angeles Clippers,121,Los Angeles Lakers,106,-149,+129
Sat Dec 30 2017,San Antonio Spurs,79,Detroit Pistons,93,-198,+170
Sat Dec 30 2017,New York Knicks,105,New Orleans Pelicans,103,+192,-226
Sat Dec 30 2017,Miami Heat,117,Orlando Magic,111,-120,-102
Sat Dec 30 2017,Portland Trail Blazers,89,Atlanta Hawks,104,-131,+111
Sat Dec 30 2017,Cleveland Cavaliers,101,Utah Jazz,104,-151,+132
Sat Dec 30 2017,Memphis Grizzlies,128,Golden State Warriors,141,+963,-1525
Sat Dec 30 2017,Philadelphia 76ers,107,Denver Nuggets,102,+239,-283
Sun Dec 31 2017,Chicago Bulls,110,Washington Wizards,114,+279,-340
Sun Dec 31 2017,Minnesota Timberwolves,107,Indiana Pacers,90,-149,+130
Sun Dec 31 2017,Brooklyn Nets,105,Boston Celtics,108,+390,-494
Sun Dec 31 2017,Los Angeles Lakers,142,Houston Rockets,148,+915,-1403
Sun Dec 31 2017,Charlotte Hornets,98,Los Angeles Clippers,106,+109,-128
Sun Dec 31 2017,Dallas Mavericks,116,Oklahoma City Thunder,113,+269,-326
Sun Dec 31 2017,Memphis Grizzlies,114,Sacramento Kings,96,+114,-133
Sun Dec 31 2017,Philadelphia 76ers,123,Phoenix Suns,110,-161,+141
Mon Jan 1 2018,Orlando Magic,95,Brooklyn Nets,98,+104,-123
Mon Jan 1 2018,Milwaukee Bucks,127,Toronto Raptors,131,+197,-235
Mon Jan 1 2018,Portland Trail Blazers,124,Chicago Bulls,120,+129,-148
Mon Jan 1 2018,Los Angeles Lakers,96,Minnesota Timberwolves,114,+394,-496
Tue Jan 2 2018,Portland Trail Blazers,110,Cleveland Cavaliers,127,+349,-438
Tue Jan 2 2018,San Antonio Spurs,100,New York Knicks,91,-213,+180
Tue Jan 2 2018,Atlanta Hawks,103,Phoenix Suns,104,-104,-117
Tue Jan 2 2018,Charlotte Hornets,131,Sacramento Kings,111,-173,+152
Tue Jan 2 2018,Memphis Grizzlies,105,Los Angeles Clippers,113,+213,-253
Wed Jan 3 2018,Houston Rockets,116,Orlando Magic,98,-319,+263
Wed Jan 3 2018,San Antonio Spurs,106,Philadelphia 76ers,112,+155,-178
Wed Jan 3 2018,New York Knicks,103,Washington Wizards,121,+361,-452
Wed Jan 3 2018,Minnesota Timberwolves,97,Brooklyn Nets,98,-255,+214
Wed Jan 3 2018,Detroit Pistons,104,Miami Heat,111,+164,-188
Wed Jan 3 2018,Cleveland Cavaliers,88,Boston Celtics,102,+132,-153
Wed Jan 3 2018,Toronto Raptors,124,Chicago Bulls,115,-191,+165
Wed Jan 3 2018,Indiana Pacers,101,Milwaukee Bucks,122,+272,-331
Wed Jan 3 2018,Golden State Warriors,125,Dallas Mavericks,122,-363,+298
Wed Jan 3 2018,Phoenix Suns,111,Denver Nuggets,134,+594,-822
Wed Jan 3 2018,New Orleans Pelicans,108,Utah Jazz,98,-105,-115
Wed Jan 3 2018,Oklahoma City Thunder,133,Los Angeles Lakers,96,-222,+187
Thu Jan 4 2018,Golden State Warriors,124,Houston Rockets,114,-180,+158
Thu Jan 4 2018,Oklahoma City Thunder,127,Los Angeles Clippers,117,-117,+100
Fri Jan 5 2018,Minnesota Timberwolves,84,Boston Celtics,91,+133,-153
Fri Jan 5 2018,Detroit Pistons,78,Philadelphia 76ers,114,+186,-222
Fri Jan 5 2018,New York Knicks,103,Miami Heat,107,+212,-253
Fri Jan 5 2018,Toronto Raptors,129,Milwaukee Bucks,110,+100,-117
Fri Jan 5 2018,Chicago Bulls,127,Dallas Mavericks,124,+154,-175
Fri Jan 5 2018,Phoenix Suns,89,San Antonio Spurs,103,+567,-783
Fri Jan 5 2018,Utah Jazz,91,Denver Nuggets,99,+232,-275
Fri Jan 5 2018,Washington Wizards,102,Memphis Grizzlies,100,-191,+164
Fri Jan 5 2018,Atlanta Hawks,89,Portland Trail Blazers,110,+261,-316
Fri Jan 5 2018,Charlotte Hornets,108,Los Angeles Lakers,94,-130,+110
Sat Jan 6 2018,Golden State Warriors,121,Los Angeles Clippers,105,-395,+319
Sat Jan 6 2018,Boston Celtics,87,Brooklyn Nets,85,-151,+132
Sat Jan 6 2018,Houston Rockets,101,Detroit Pistons,108,-253,+213
Sat Jan 6 2018,Chicago Bulls,86,Indiana Pacers,125,+204,-241
Sat Jan 6 2018,Cleveland Cavaliers,131,Orlando Magic,127,-429,+347
Sat Jan 6 2018,Milwaukee Bucks,110,Washington Wizards,103,+137,-157
Sat Jan 6 2018,New Orleans Pelicans,98,Minnesota Timberwolves,116,+103,-121
Sat Jan 6 2018,Denver Nuggets,98,Sacramento Kings,106,-339,+278
Sun Jan 7 2018,Utah Jazz,102,Miami Heat,103,+143,-163
Sun Jan 7 2018,New York Knicks,100,Dallas Mavericks,96,+180,-213
Sun Jan 7 2018,Oklahoma City Thunder,100,Phoenix Suns,114,-402,+324
Sun Jan 7 2018,San Antonio Spurs,110,Portland Trail Blazers,111,+103,-121
Sun Jan 7 2018,Atlanta Hawks,113,Los Angeles Lakers,132,+146,-166
Mon Jan 8 2018,Milwaukee Bucks,96,Indiana Pacers,109,+102,-121
Mon Jan 8 2018,Toronto Raptors,114,Brooklyn Nets,113,-313,+258
Mon Jan 8 2018,Houston Rockets,116,Chicago Bulls,107,-238,+199
Mon Jan 8 2018,Cleveland Cavaliers,99,Minnesota Timberwolves,127,-112,-107
Mon Jan 8 2018,Detroit Pistons,109,New Orleans Pelicans,112,+208,-249
Mon Jan 8 2018,San Antonio Spurs,107,Sacramento Kings,100,-214,+180
Mon Jan 8 2018,Denver Nuggets,114,Golden State Warriors,124,+457,-606
Mon Jan 8 2018,Atlanta Hawks,107,Los Angeles Clippers,108,+163,-187
Tue Jan 9 2018,Miami Heat,90,Toronto Raptors,89,+153,-175
Tue Jan 9 2018,Portland Trail Blazers,117,Oklahoma City Thunder,106,+292,-357
Tue Jan 9 2018,Orlando Magic,99,Dallas Mavericks,114,+251,-300
Tue Jan 9 2018,Sacramento Kings,86,Los Angeles Lakers,99,+297,-365
Wed Jan 10 2018,Dallas Mavericks,115,Charlotte Hornets,111,+234,-277
Wed Jan 10 2018,Miami Heat,114,Indiana Pacers,106,+161,-185
Wed Jan 10 2018,Utah Jazz,107,Washington Wizards,104,+294,-359
Wed Jan 10 2018,Detroit Pistons,114,Brooklyn Nets,80,-134,+114
Wed Jan 10 2018,Chicago Bulls,122,New York Knicks,119,+176,-208
Wed Jan 10 2018,Portland Trail Blazers,112,Houston Rockets,121,+239,-284
Wed Jan 10 2018,New Orleans Pelicans,102,Memphis Grizzlies,105,-112,-108
Wed Jan 10 2018,Orlando Magic,103,Milwaukee Bucks,110,+468,-615
Wed Jan 10 2018,Oklahoma City Thunder,88,Minnesota Timberwolves,104,+162,-186
Wed Jan 10 2018,Atlanta Hawks,110,Denver Nuggets,97,+377,-475
Wed Jan 10 2018,Los Angeles Clippers,125,Golden State Warriors,106,+623,-875
Thu Jan 11 2018,Boston Celtics,114,Philadelphia 76ers,103,-129,+108
Thu Jan 11 2018,Cleveland Cavaliers,99,Toronto Raptors,133,-142,+122
Thu Jan 11 2018,Los Angeles Clippers,121,Sacramento Kings,115,-161,+140
Thu Jan 11 2018,San Antonio Spurs,81,Los Angeles Lakers,93,-136,+116
Fri Jan 12 2018,Utah Jazz,88,Charlotte Hornets,99,+162,-189
Fri Jan 12 2018,Cleveland Cavaliers,95,Indiana Pacers,97,-126,+106
Fri Jan 12 2018,Orlando Magic,119,Washington Wizards,125,+502,-674
Fri Jan 12 2018,Brooklyn Nets,110,Atlanta Hawks,105,+125,-145
Fri Jan 12 2018,Golden State Warriors,108,Milwaukee Bucks,94,-192,+165
Fri Jan 12 2018,New York Knicks,108,Minnesota Timberwolves,118,+334,-414
Fri Jan 12 2018,Portland Trail Blazers,113,New Orleans Pelicans,119,+147,-170
Fri Jan 12 2018,Memphis Grizzlies,78,Denver Nuggets,87,+227,-270
Fri Jan 12 2018,Houston Rockets,112,Phoenix Suns,95,-314,+259
Sat Jan 13 2018,Los Angeles Lakers,107,Dallas Mavericks,101,+163,-189
Sat Jan 13 2018,Sacramento Kings,105,Los Angeles Clippers,126,+237,-283
Sat Jan 13 2018,Oklahoma City Thunder,101,Charlotte Hornets,91,-132,+112
Sat Jan 13 2018,Brooklyn Nets,113,Washington Wizards,119,+367,-461
Sat Jan 13 2018,Golden State Warriors,127,Toronto Raptors,125,-221,+186
Sat Jan 13 2018,Detroit Pistons,105,Chicago Bulls,107,-117,-104
Sat Jan 13 2018,Denver Nuggets,80,San Antonio Spurs,112,+252,-307
Sun Jan 14 2018,Milwaukee Bucks,79,Miami Heat,97,+105,-125
Sun Jan 14 2018,New Orleans Pelicans,123,New York Knicks,118,-137,+117
Sun Jan 14 2018,Indiana Pacers,120,Phoenix Suns,97,-162,+141
Sun Jan 14 2018,Portland Trail Blazers,103,Minnesota Timberwolves,120,+213,-252
Mon Jan 15 2018,Charlotte Hornets,118,Detroit Pistons,107,+125,-144
Mon Jan 15 2018,Toronto Raptors,111,Philadelphia 76ers,117,-128,+108
Mon Jan 15 2018,Milwaukee Bucks,104,Washington Wizards,95,+184,-217
Mon Jan 15 2018,San Antonio Spurs,99,Atlanta Hawks,102,-221,+186
Mon Jan 15 2018,New York Knicks,119,Brooklyn Nets,104,+143,-164
Mon Jan 15 2018,Miami Heat,111,Chicago Bulls,119,+101,-118
Mon Jan 15 2018,Los Angeles Lakers,114,Memphis Grizzlies,123,+146,-166
Mon Jan 15 2018,Golden State Warriors,118,Cleveland Cavaliers,108,-232,+195
Mon Jan 15 2018,Sacramento Kings,88,Oklahoma City Thunder,95,+668,-950
Mon Jan 15 2018,Indiana Pacers,109,Utah Jazz,94,+174,-202
Mon Jan 15 2018,Houston Rockets,102,Los Angeles Clippers,113,-197,+169
Tue Jan 16 2018,Minnesota Timberwolves,102,Orlando Magic,108,-388,+316
Tue Jan 16 2018,New Orleans Pelicans,116,Boston Celtics,113,+193,-230
Tue Jan 16 2018,Dallas Mavericks,102,Denver Nuggets,105,+221,-262
Tue Jan 16 2018,Phoenix Suns,111,Portland Trail Blazers,118,+458,-600
Wed Jan 17 2018,Washington Wizards,109,Charlotte Hornets,133,+107,-125
Wed Jan 17 2018,New Orleans Pelicans,93,Atlanta Hawks,94,-139,+119
Wed Jan 17 2018,San Antonio Spurs,100,Brooklyn Nets,95,-198,+169
Wed Jan 17 2018,Detroit Pistons,91,Toronto Raptors,96,+329,-407
Wed Jan 17 2018,Golden State Warriors,119,Chicago Bulls,112,-382,+310
Wed Jan 17 2018,New York Knicks,99,Memphis Grizzlies,105,-138,+118
Wed Jan 17 2018,Miami Heat,106,Milwaukee Bucks,101,+163,-189
Wed Jan 17 2018,Los Angeles Lakers,90,Oklahoma City Thunder,114,+394,-499
Wed Jan 17 2018,Utah Jazz,120,Sacramento Kings,105,-176,+154
Wed Jan 17 2018,Denver Nuggets,104,Los Angeles Clippers,109,+152,-175
Thu Jan 18 2018,Philadelphia 76ers,89,Boston Celtics,80,+127,-146
Thu Jan 18 2018,Orlando Magic,103,Cleveland Cavaliers,104,+602,-840
Thu Jan 18 2018,Minnesota Timberwolves,98,Houston Rockets,116,+174,-203
Thu Jan 18 2018,Indiana Pacers,86,Portland Trail Blazers,100,+164,-189
Fri Jan 19 2018,San Antonio Spurs,83,Toronto Raptors,86,+210,-250
Fri Jan 19 2018,Miami Heat,95,Brooklyn Nets,101,-160,+139
Fri Jan 19 2018,Washington Wizards,122,Detroit Pistons,112,-111,-110
Fri Jan 19 2018,Sacramento Kings,88,Memphis Grizzlies,106,+217,-257
Fri Jan 19 2018,Phoenix Suns,108,Denver Nuggets,100,+365,-454
Fri Jan 19 2018,Indiana Pacers,86,Los Angeles Lakers,99,-140,+120
Fri Jan 19 2018,New York Knicks,117,Utah Jazz,115,+192,-229
Sat Jan 20 2018,Oklahoma City Thunder,148,Cleveland Cavaliers,124,+127,-147
Sat Jan 20 2018,Chicago Bulls,113,Atlanta Hawks,97,+111,-130
Sat Jan 20 2018,Miami Heat,106,Charlotte Hornets,105,+243,-290
Sat Jan 20 2018,Memphis Grizzlies,104,New Orleans Pelicans,111,+346,-427
Sat Jan 20 2018,Milwaukee Bucks,94,Philadelphia 76ers,116,+266,-321
Sat Jan 20 2018,Golden State Warriors,108,Houston Rockets,116,-143,+123
Sat Jan 20 2018,Toronto Raptors,109,Minnesota Timberwolves,115,-116,+101
Sat Jan 20 2018,Los Angeles Clippers,113,Utah Jazz,125,+122,-141
Sat Jan 20 2018,Dallas Mavericks,108,Portland Trail Blazers,117,+189,-222
Sun Jan 21 2018,Orlando Magic,103,Boston Celtics,95,+498,-669
Sun Jan 21 2018,New York Knicks,107,Los Angeles Lakers,127,-128,+108
Sun Jan 21 2018,Brooklyn Nets,101,Detroit Pistons,100,+208,-246
Sun Jan 21 2018,Indiana Pacers,94,San Antonio Spurs,86,+199,-238
Mon Jan 22 2018,Sacramento Kings,107,Charlotte Hornets,112,+448,-584
Mon Jan 22 2018,Utah Jazz,90,Atlanta Hawks,104,-147,+128
Mon Jan 22 2018,Miami Heat,90,Houston Rockets,99,+517,-706
Mon Jan 22 2018,Philadelphia 76ers,101,Memphis Grizzlies,105,-151,+132
Mon Jan 22 2018,Phoenix Suns,105,Milwaukee Bucks,109,+185,-220
Mon Jan 22 2018,Chicago Bulls,128,New Orleans Pelicans,132,+228,-271
Mon Jan 22 2018,Washington Wizards,75,Dallas Mavericks,98,-132,+113
Mon Jan 22 2018,Portland Trail Blazers,101,Denver Nuggets,104,+135,-154
Mon Jan 22 2018,Minnesota Timberwolves,126,Los Angeles Clippers,118,+110,-130
Tue Jan 23 2018,Sacramento Kings,105,Orlando Magic,99,+252,-303
Tue Jan 23 2018,Brooklyn Nets,108,Oklahoma City Thunder,109,+428,-552
Tue Jan 23 2018,Cleveland Cavaliers,102,San Antonio Spurs,114,-141,+122
Tue Jan 23 2018,New York Knicks,112,Golden State Warriors,123,+1148,-2036
Tue Jan 23 2018,Boston Celtics,107,Los Angeles Lakers,108,-225,+190
Wed Jan 24 2018,New Orleans Pelicans,101,Charlotte Hornets,96,+116,-135
Wed Jan 24 2018,Utah Jazz,98,Detroit Pistons,95,+117,-136
Wed Jan 24 2018,Phoenix Suns,101,Indiana Pacers,116,+229,-270
Wed Jan 24 2018,Chicago Bulls,101,Philadelphia 76ers,115,+201,-240
Wed Jan 24 2018,Toronto Raptors,108,Atlanta Hawks,93,-271,+229
Wed Jan 24 2018,Houston Rockets,104,Dallas Mavericks,97,-280,+236
Wed Jan 24 2018,San Antonio Spurs,108,Memphis Grizzlies,85, , 
Wed Jan 24 2018,Minnesota Timberwolves,114,Portland Trail Blazers,123,+139,-160
Wed Jan 24 2018,Boston Celtics,113,Los Angeles Clippers,102,+134,-155
Thu Jan 25 2018,Sacramento Kings,89,Miami Heat,88,+377,-475
Thu Jan 25 2018,Washington Wizards,112,Oklahoma City Thunder,121,+183,-216
Thu Jan 25 2018,New York Knicks,118,Denver Nuggets,130,+228,-270
Thu Jan 25 2018,Minnesota Timberwolves,113,Golden State Warriors,126,+701,-1023
Fri Jan 26 2018,Atlanta Hawks,110,Charlotte Hornets,121,+241,-287
Fri Jan 26 2018,Indiana Pacers,108,Cleveland Cavaliers,115,+228,-271
Fri Jan 26 2018,Utah Jazz,97,Toronto Raptors,93,+320,-394
Fri Jan 26 2018,Los Angeles Lakers,108,Chicago Bulls,103,+151,-172
Fri Jan 26 2018,Los Angeles Clippers,109,Memphis Grizzlies,100,-183,+159
Fri Jan 26 2018,Brooklyn Nets,91,Milwaukee Bucks,116,+211,-251
Fri Jan 26 2018,Houston Rockets,113,New Orleans Pelicans,115,-194,+167
Fri Jan 26 2018,Portland Trail Blazers,107,Dallas Mavericks,93,-119,+101
Fri Jan 26 2018,Philadelphia 76ers,97,San Antonio Spurs,78,+146,-166
Fri Jan 26 2018,New York Knicks,107,Phoenix Suns,85,-124,+105
Sat Jan 27 2018,Oklahoma City Thunder,121,Detroit Pistons,108,-168,+148
Sat Jan 27 2018,Orlando Magic,112,Indiana Pacers,114,+219,-260
Sat Jan 27 2018,Washington Wizards,129,Atlanta Hawks,104,-162,+142
Sat Jan 27 2018,Charlotte Hornets,91,Miami Heat,95,+148,-169
Sat Jan 27 2018,Boston Celtics,105,Golden State Warriors,109,+543,-734
Sat Jan 27 2018,Dallas Mavericks,89,Denver Nuggets,91,+285,-345
Sat Jan 27 2018,Brooklyn Nets,97,Minnesota Timberwolves,111,+567,-769
Sun Jan 28 2018,Milwaukee Bucks,110,Chicago Bulls,96,-144,+124
Sun Jan 28 2018,Phoenix Suns,102,Houston Rockets,113,+991,-1622
Sun Jan 28 2018,Los Angeles Clippers,112,New Orleans Pelicans,103,+107,-127
Sun Jan 28 2018,Detroit Pistons,104,Cleveland Cavaliers,121,+282,-344
Sun Jan 28 2018,Philadelphia 76ers,112,Oklahoma City Thunder,122,+139,-159
Sun Jan 28 2018,Los Angeles Lakers,111,Toronto Raptors,123,+464,-608
Sun Jan 28 2018,Sacramento Kings,98,San Antonio Spurs,113,+538,-735
Mon Jan 29 2018,Charlotte Hornets,96,Indiana Pacers,105,+110,-129
Mon Jan 29 2018,Minnesota Timberwolves,100,Atlanta Hawks,105,-285,+240
Mon Jan 29 2018,Phoenix Suns,109,Memphis Grizzlies,120,+283,-347
Mon Jan 29 2018,Philadelphia 76ers,95,Milwaukee Bucks,107,+228,-270
Mon Jan 29 2018,Miami Heat,95,Dallas Mavericks,88,-130,+111
Mon Jan 29 2018,Boston Celtics,111,Denver Nuggets,110,-102,-120
Tue Jan 30 2018,Oklahoma City Thunder,96,Washington Wizards,102,-165,+145
Tue Jan 30 2018,Brooklyn Nets,95,New York Knicks,111,+203,-242
Tue Jan 30 2018,Minnesota Timberwolves,104,Toronto Raptors,109,+229,-273
Tue Jan 30 2018,Cleveland Cavaliers,114,Detroit Pistons,125,-250,+209
Tue Jan 30 2018,Orlando Magic,107,Houston Rockets,114,+719,-1058
Tue Jan 30 2018,Sacramento Kings,114,New Orleans Pelicans,103,+400,-509
Tue Jan 30 2018,Denver Nuggets,104,San Antonio Spurs,106,+232,-273
Tue Jan 30 2018,Golden State Warriors,99,Utah Jazz,129,-384,+311
Tue Jan 30 2018,Portland Trail Blazers,104,Los Angeles Clippers,96,-147,+127
Wed Jan 31 2018,Memphis Grizzlies,101,Indiana Pacers,105,+332,-409
Wed Jan 31 2018,Los Angeles Lakers,105,Orlando Magic,127,-153,+133
Wed Jan 31 2018,Charlotte Hornets,123,Atlanta Hawks,110,-143,+123
Wed Jan 31 2018,Philadelphia 76ers,108,Brooklyn Nets,116,-345,+282
Wed Jan 31 2018,Miami Heat,89,Cleveland Cavaliers,91,+120,-140
Wed Jan 31 2018,New York Knicks,73,Boston Celtics,103,+193,-229
Wed Jan 31 2018,Chicago Bulls,108,Portland Trail Blazers,124,+303,-369
Wed Jan 31 2018,Dallas Mavericks,88,Phoenix Suns,102,-144,+124
Thu Feb 1 2018,Memphis Grizzlies,102,Detroit Pistons,104,+327,-405
Thu Feb 1 2018,Toronto Raptors,119,Washington Wizards,122,-175,+153
Thu Feb 1 2018,Milwaukee Bucks,89,Minnesota Timberwolves,108,+206,-246
Thu Feb 1 2018,Houston Rockets,102,San Antonio Spurs,91,-141,+122
Thu Feb 1 2018,Oklahoma City Thunder,124,Denver Nuggets,127,-126,+106
Fri Feb 2 2018,Indiana Pacers,126,Charlotte Hornets,133,+145,-166
Fri Feb 2 2018,Atlanta Hawks,110,Boston Celtics,119,+243,-291
Fri Feb 2 2018,Los Angeles Lakers,102,Brooklyn Nets,99,-103,-118
Fri Feb 2 2018,Portland Trail Blazers,105,Toronto Raptors,130,+168,-195
Fri Feb 2 2018,New York Knicks,90,Milwaukee Bucks,92,+164,-190
Fri Feb 2 2018,Miami Heat,97,Philadelphia 76ers,103,+158,-184
Fri Feb 2 2018,New Orleans Pelicans,114,Oklahoma City Thunder,100,+224,-267
Fri Feb 2 2018,Utah Jazz,129,Phoenix Suns,97,-249,+209
Fri Feb 2 2018,Golden State Warriors,119,Sacramento Kings,104,-1366,+878
Sat Feb 3 2018,Chicago Bulls,103,Los Angeles Clippers,113,+318,-392
Sat Feb 3 2018,Miami Heat,107,Detroit Pistons,111,+168,-195
Sat Feb 3 2018,Philadelphia 76ers,92,Indiana Pacers,100,-102,-119
Sat Feb 3 2018,Washington Wizards,115,Orlando Magic,98,-199,+171
Sat Feb 3 2018,Houston Rockets,120,Cleveland Cavaliers,88,-170,+149
Sat Feb 3 2018,Golden State Warriors,108,Denver Nuggets,115,-217,+183
Sat Feb 3 2018,New Orleans Pelicans,107,Minnesota Timberwolves,118,+297,-361
Sat Feb 3 2018,Utah Jazz,120,San Antonio Spurs,111,+219,-260
Sat Feb 3 2018,Dallas Mavericks,106,Sacramento Kings,99,-184,+161
Sun Feb 4 2018,Portland Trail Blazers,96,Boston Celtics,97,-119,+103
Sun Feb 4 2018,Milwaukee Bucks,109,Brooklyn Nets,94,-192,+166
Sun Feb 4 2018,Atlanta Hawks,99,New York Knicks,96,+197,-236
Sun Feb 4 2018,Memphis Grizzlies,86,Toronto Raptors,101,+554,-765
Sun Feb 4 2018,Los Angeles Lakers,108,Oklahoma City Thunder,104,+396,-502
Sun Feb 4 2018,Charlotte Hornets,115,Phoenix Suns,110,-252,+212
Mon Feb 5 2018,Portland Trail Blazers,91,Detroit Pistons,111,+119,-139
Mon Feb 5 2018,Washington Wizards,111,Indiana Pacers,102,-150,+131
Mon Feb 5 2018,Orlando Magic,111,Miami Heat,109,+319,-391
Mon Feb 5 2018,Utah Jazz,133,New Orleans Pelicans,109,-107,-111
Mon Feb 5 2018,Charlotte Hornets,104,Denver Nuggets,121,+158,-182
Mon Feb 5 2018,Chicago Bulls,98,Sacramento Kings,104,+112,-132
Mon Feb 5 2018,Dallas Mavericks,101,Los Angeles Clippers,104,+214,-254
Tue Feb 6 2018,Cleveland Cavaliers,98,Orlando Magic,116,-304,+255
Tue Feb 6 2018,Memphis Grizzlies,82,Atlanta Hawks,108,+131,-151
Tue Feb 6 2018,Houston Rockets,123,Brooklyn Nets,113,-783,+575
Tue Feb 6 2018,Milwaukee Bucks,103,New York Knicks,89,+102,-118
Tue Feb 6 2018,Boston Celtics,91,Toronto Raptors,111,+177,-208
Tue Feb 6 2018,Washington Wizards,102,Philadelphia 76ers,115,+229,-271
Tue Feb 6 2018,Oklahoma City Thunder,125,Golden State Warriors,105,+425,-545
Tue Feb 6 2018,Phoenix Suns,93,Los Angeles Lakers,112,+285,-346
Wed Feb 7 2018,Brooklyn Nets,106,Detroit Pistons,115,+399,-503
Wed Feb 7 2018,Houston Rockets,109,Miami Heat,101,-195,+169
Wed Feb 7 2018,Minnesota Timberwolves,138,Cleveland Cavaliers,140,-157,+137
Wed Feb 7 2018,Utah Jazz,92,Memphis Grizzlies,88,-268,+226
Wed Feb 7 2018,San Antonio Spurs,129,Phoenix Suns,81,-674,+507
Thu Feb 8 2018,Atlanta Hawks,98,Orlando Magic,100,-126,+107
Thu Feb 8 2018,New York Knicks,88,Toronto Raptors,113,+862,-1310
Thu Feb 8 2018,Boston Celtics,110,Washington Wizards,104,-126,+108
Thu Feb 8 2018,Charlotte Hornets,103,Portland Trail Blazers,109,+135,-155
Thu Feb 8 2018,Dallas Mavericks,103,Golden State Warriors,121,+926,-1454
Thu Feb 8 2018,Oklahoma City Thunder,81,Los Angeles Lakers,106,-110,-115
Fri Feb 9 2018,Los Angeles Clippers,108,Detroit Pistons,95,+143,-163
Fri Feb 9 2018,New Orleans Pelicans,82,Philadelphia 76ers,100,+207,-247
Fri Feb 9 2018,Cleveland Cavaliers,123,Atlanta Hawks,107,-131,+111
Fri Feb 9 2018,Indiana Pacers,97,Boston Celtics,91,+153,-176
Fri Feb 9 2018,Denver Nuggets,104,Houston Rockets,130,+325,-397
Fri Feb 9 2018,Milwaukee Bucks,85,Miami Heat,91,+101,-119
Fri Feb 9 2018,Charlotte Hornets,94,Utah Jazz,106,+209,-248
Fri Feb 9 2018,Minnesota Timberwolves,113,Chicago Bulls,114,-333,+274
Fri Feb 9 2018,Portland Trail Blazers,118,Sacramento Kings,100,-209,+177
Sat Feb 10 2018,New Orleans Pelicans,138,Brooklyn Nets,128,-137,+119
Sat Feb 10 2018,Milwaukee Bucks,111,Orlando Magic,104,-205,+175
Sat Feb 10 2018,Los Angeles Clippers,98,Philadelphia 76ers,112,+176,-208
Sat Feb 10 2018,Washington Wizards,101,Chicago Bulls,90,-218,+186
Sat Feb 10 2018,Los Angeles Lakers,123,Dallas Mavericks,130,+136,-156
Sat Feb 10 2018,San Antonio Spurs,105,Golden State Warriors,122,+528,-702
Sat Feb 10 2018,Denver Nuggets,123,Phoenix Suns,113,-304,+253
Sun Feb 11 2018,Toronto Raptors,123,Charlotte Hornets,103,-166,+145
Sun Feb 11 2018,Detroit Pistons,115,Atlanta Hawks,118,-169,+149
Sun Feb 11 2018,Cleveland Cavaliers,121,Boston Celtics,99,+169,-197
Sun Feb 11 2018,New York Knicks,113,Indiana Pacers,121,+294,-355
Sun Feb 11 2018,Dallas Mavericks,97,Houston Rockets,104,+1144,-1917
Sun Feb 11 2018,Sacramento Kings,106,Minnesota Timberwolves,111,+802,-1191
Sun Feb 11 2018,Memphis Grizzlies,92,Oklahoma City Thunder,110,+160,-183
Sun Feb 11 2018,Utah Jazz,115,Portland Trail Blazers,96,+148,-168
Mon Feb 12 2018,New Orleans Pelicans,118,Detroit Pistons,103,+138,-158
Mon Feb 12 2018,New York Knicks,92,Philadelphia 76ers,108,+529,-706
Mon Feb 12 2018,Los Angeles Clippers,114,Brooklyn Nets,101,-190,+165
Mon Feb 12 2018,Orlando Magic,101,Chicago Bulls,105,+172,-200
Mon Feb 12 2018,San Antonio Spurs,99,Utah Jazz,101,+154,-175
Mon Feb 12 2018,Phoenix Suns,83,Golden State Warriors,129,+1399,-2523
Tue Feb 13 2018,Miami Heat,112,Toronto Raptors,115,+318,-389
Tue Feb 13 2018,Atlanta Hawks,92,Milwaukee Bucks,97,+260,-314
Tue Feb 13 2018,Houston Rockets,126,Minnesota Timberwolves,108,-162,+141
Tue Feb 13 2018,Cleveland Cavaliers,120,Oklahoma City Thunder,112,+134,-154
Tue Feb 13 2018,Sacramento Kings,114,Dallas Mavericks,109,+238,-284
Tue Feb 13 2018,San Antonio Spurs,109,Denver Nuggets,117,+236,-281
Wed Feb 14 2018,Atlanta Hawks,98,Detroit Pistons,104,+469,-610
Wed Feb 14 2018,Charlotte Hornets,104,Orlando Magic,102,-249,+208
Wed Feb 14 2018,Miami Heat,102,Philadelphia 76ers,104,+146,-167
Wed Feb 14 2018,Indiana Pacers,108,Brooklyn Nets,103,-160,+140
Wed Feb 14 2018,Washington Wizards,118,New York Knicks,113,-184,+161
Wed Feb 14 2018,Los Angeles Clippers,129,Boston Celtics,119,+169,-197
Wed Feb 14 2018,Toronto Raptors,122,Chicago Bulls,98,-285,+238
Wed Feb 14 2018,Sacramento Kings,91,Houston Rockets,100,+1079,-1792
Wed Feb 14 2018,Oklahoma City Thunder,121,Memphis Grizzlies,114,-185,+161
Wed Feb 14 2018,Los Angeles Lakers,117,New Orleans Pelicans,139,+186,-220
Wed Feb 14 2018,Phoenix Suns,97,Utah Jazz,107,+543,-725
Wed Feb 14 2018,Golden State Warriors,117,Portland Trail Blazers,123,-273,+230
Thu Feb 15 2018,Denver Nuggets,134,Milwaukee Bucks,123,+115,-135
Thu Feb 15 2018,Los Angeles Lakers,111,Minnesota Timberwolves,119,+423,-542
Thu Feb 22 2018,Brooklyn Nets,96,Charlotte Hornets,111,+310,-376
Thu Feb 22 2018,New York Knicks,120,Orlando Magic,113,+140,-161
Thu Feb 22 2018,Philadelphia 76ers,116,Chicago Bulls,115,-316,+262
Thu Feb 22 2018,Washington Wizards,110,Cleveland Cavaliers,103,+289,-348
Thu Feb 22 2018,Oklahoma City Thunder,110,Sacramento Kings,107,-373,+307
Thu Feb 22 2018,Los Angeles Clippers,127,Golden State Warriors,134,+487,-637
Fri Feb 23 2018,Boston Celtics,110,Detroit Pistons,98,-135,+115
Fri Feb 23 2018,Atlanta Hawks,93,Indiana Pacers,116,+265,-320
Fri Feb 23 2018,Charlotte Hornets,122,Washington Wizards,105,+141,-161
Fri Feb 23 2018,Milwaukee Bucks,122,Toronto Raptors,119,+271,-329
Fri Feb 23 2018,Minnesota Timberwolves,102,Houston Rockets,120,+276,-336
Fri Feb 23 2018,Cleveland Cavaliers,112,Memphis Grizzlies,89,-218,+185
Fri Feb 23 2018,Miami Heat,123,New Orleans Pelicans,124,+111,-130
Fri Feb 23 2018,San Antonio Spurs,119,Denver Nuggets,122,+150,-169
Fri Feb 23 2018,Los Angeles Clippers,128,Phoenix Suns,117,-226,+193
Fri Feb 23 2018,Portland Trail Blazers,100,Utah Jazz,81,+165,-190
Fri Feb 23 2018,Dallas Mavericks,102,Los Angeles Lakers,124,+160,-185
Sat Feb 24 2018,Orlando Magic,105,Philadelphia 76ers,116,+432,-550
Sat Feb 24 2018,Memphis Grizzlies,89,Miami Heat,115,+395,-492
Sat Feb 24 2018,Boston Celtics,121,New York Knicks,112,-239,+200
Sat Feb 24 2018,Oklahoma City Thunder,80,Golden State Warriors,112,+421,-536
Sat Feb 24 2018,Chicago Bulls,104,Minnesota Timberwolves,122,+279,-336
Sat Feb 24 2018,Portland Trail Blazers,106,Phoenix Suns,104,-266,+226
Sat Feb 24 2018,Dallas Mavericks,90,Utah Jazz,97,+440,-561
Sat Feb 24 2018,Los Angeles Lakers,113,Sacramento Kings,108,-129,+109
Sun Feb 25 2018,Detroit Pistons,98,Charlotte Hornets,114,+160,-183
Sun Feb 25 2018,New Orleans Pelicans,123,Milwaukee Bucks,121,+162,-185
Sun Feb 25 2018,San Antonio Spurs,110,Cleveland Cavaliers,94,+165,-190
Sun Feb 25 2018,Houston Rockets,119,Denver Nuggets,114,-196,+169
Sun Feb 25 2018,Philadelphia 76ers,94,Washington Wizards,109,+102,-119
Mon Feb 26 2018,Los Angeles Lakers,123,Atlanta Hawks,104,-134,+114
Mon Feb 26 2018,Memphis Grizzlies,98,Boston Celtics,109,+672,-945
Mon Feb 26 2018,Chicago Bulls,87,Brooklyn Nets,104,+166,-193
Mon Feb 26 2018,Golden State Warriors,125,New York Knicks,111,-1078,+740
Mon Feb 26 2018,Detroit Pistons,94,Toronto Raptors,123,+483,-642
Mon Feb 26 2018,Phoenix Suns,116,New Orleans Pelicans,125,+252,-304
Mon Feb 26 2018,Orlando Magic,105,Oklahoma City Thunder,112,+470,-615
Mon Feb 26 2018,Indiana Pacers,103,Dallas Mavericks,109,-148,+128
Mon Feb 26 2018,Houston Rockets,96,Utah Jazz,85,-124,+104
Mon Feb 26 2018,Minnesota Timberwolves,118,Sacramento Kings,100,-205,+175
Tue Feb 27 2018,Chicago Bulls,103,Charlotte Hornets,118,+548,-739
Tue Feb 27 2018,Brooklyn Nets,123,Cleveland Cavaliers,129,+496,-653
Tue Feb 27 2018,Philadelphia 76ers,101,Miami Heat,102,-103,-116
Tue Feb 27 2018,Washington Wizards,107,Milwaukee Bucks,104,+129,-149
Tue Feb 27 2018,Sacramento Kings,99,Portland Trail Blazers,116,+706,-1016
Tue Feb 27 2018,Los Angeles Clippers,122,Denver Nuggets,120,+194,-230
Wed Feb 28 2018,Milwaukee Bucks,87,Detroit Pistons,110,-103,-118
Wed Feb 28 2018,Toronto Raptors,117,Orlando Magic,104,-439,+355
Wed Feb 28 2018,Indiana Pacers,102,Atlanta Hawks,107,-181,+159
Wed Feb 28 2018,Charlotte Hornets,106,Boston Celtics,134,+284,-340
Wed Feb 28 2018,Phoenix Suns,110,Memphis Grizzlies,102,+125,-145
Wed Feb 28 2018,Golden State Warriors,109,Washington Wizards,101,-404,+329
Wed Feb 28 2018,Oklahoma City Thunder,111,Dallas Mavericks,110,-202,+173
Wed Feb 28 2018,New Orleans Pelicans,121,San Antonio Spurs,116,+172,-201
Wed Feb 28 2018,Houston Rockets,105,Los Angeles Clippers,92,-427,+346
Thu Mar 1 2018,Los Angeles Lakers,131,Miami Heat,113,+186,-219
Thu Mar 1 2018,Philadelphia 76ers,108,Cleveland Cavaliers,97,+129,-149
Thu Mar 1 2018,Brooklyn Nets,111,Sacramento Kings,116,-142,+123
Thu Mar 1 2018,Minnesota Timberwolves,99,Portland Trail Blazers,108,+187,-220
Fri Mar 2 2018,Detroit Pistons,106,Orlando Magic,115,-140,+121
Fri Mar 2 2018,Charlotte Hornets,99,Philadelphia 76ers,110,+145,-166
Fri Mar 2 2018,Golden State Warriors,114,Atlanta Hawks,109,-1250,+827
Fri Mar 2 2018,Dallas Mavericks,100,Chicago Bulls,108,-134,+114
Fri Mar 2 2018,Denver Nuggets,108,Memphis Grizzlies,102,-416,+337
Fri Mar 2 2018,Indiana Pacers,103,Milwaukee Bucks,96,+147,-167
Fri Mar 2 2018,Toronto Raptors,102,Washington Wizards,95,-155,+135
Fri Mar 2 2018,Oklahoma City Thunder,124,Phoenix Suns,116,-362,+301
Fri Mar 2 2018,New York Knicks,105,Los Angeles Clippers,128,+346,-425
Fri Mar 2 2018,Minnesota Timberwolves,108,Utah Jazz,116,+250,-300
Sat Mar 3 2018,Memphis Grizzlies,100,Orlando Magic,107,+245,-293
Sat Mar 3 2018,Denver Nuggets,126,Cleveland Cavaliers,117,+150,-171
Sat Mar 3 2018,Detroit Pistons,96,Miami Heat,105,+180,-212
Sat Mar 3 2018,Boston Celtics,120,Houston Rockets,123,+308,-375
Sat Mar 3 2018,Los Angeles Lakers,116,San Antonio Spurs,112,+195,-232
Sat Mar 3 2018,Oklahoma City Thunder,100,Portland Trail Blazers,108,+165,-189
Sat Mar 3 2018,Utah Jazz,98,Sacramento Kings,91,-303,+252
Sun Mar 4 2018,Phoenix Suns,112,Atlanta Hawks,113,+104,-124
Sun Mar 4 2018,Charlotte Hornets,98,Toronto Raptors,103,+345,-428
Sun Mar 4 2018,Indiana Pacers,98,Washington Wizards,95,+153,-176
Sun Mar 4 2018,New Orleans Pelicans,126,Dallas Mavericks,109,-167,+146
Sun Mar 4 2018,Philadelphia 76ers,110,Milwaukee Bucks,118,-119,-103
Sun Mar 4 2018,Brooklyn Nets,120,Los Angeles Clippers,123,+271,-329
Sun Mar 4 2018,New York Knicks,99,Sacramento Kings,102,-138,+118
Mon Mar 5 2018,Detroit Pistons,90,Cleveland Cavaliers,112,+218,-259
Mon Mar 5 2018,Milwaukee Bucks,89,Indiana Pacers,92,+116,-135
Mon Mar 5 2018,Phoenix Suns,103,Miami Heat,125,+398,-502
Mon Mar 5 2018,Boston Celtics,105,Chicago Bulls,89,-312,+259
Mon Mar 5 2018,Memphis Grizzlies,98,San Antonio Spurs,100,+721,-1037
Mon Mar 5 2018,Orlando Magic,80,Utah Jazz,94,+430,-543
Mon Mar 5 2018,Portland Trail Blazers,108,Los Angeles Lakers,103,-130,+111
Tue Mar 6 2018,Philadelphia 76ers,128,Charlotte Hornets,114,-128,+108
Tue Mar 6 2018,Atlanta Hawks,90,Toronto Raptors,106,+769,-1135
Tue Mar 6 2018,Miami Heat,113,Washington Wizards,117,+152,-173
Tue Mar 6 2018,Houston Rockets,122,Oklahoma City Thunder,112,-223,+189
Tue Mar 6 2018,Denver Nuggets,107,Dallas Mavericks,118,-257,+215
Tue Mar 6 2018,New York Knicks,87,Portland Trail Blazers,111,+422,-538
Tue Mar 6 2018,Brooklyn Nets,101,Golden State Warriors,114,+1135,-1902
Tue Mar 6 2018,New Orleans Pelicans,121,Los Angeles Clippers,116,+111,-131
Wed Mar 7 2018,Utah Jazz,104,Indiana Pacers,84,-121,+102
Wed Mar 7 2018,Memphis Grizzlies,110,Chicago Bulls,119,+146,-167
Wed Mar 7 2018,Toronto Raptors,121,Detroit Pistons,119,-200,+172
Wed Mar 7 2018,Houston Rockets,110,Milwaukee Bucks,99,-249,+210
Wed Mar 7 2018,New Orleans Pelicans,114,Sacramento Kings,101,-245,+207
Wed Mar 7 2018,Cleveland Cavaliers,113,Denver Nuggets,108,+136,-155
Wed Mar 7 2018,Orlando Magic,107,Los Angeles Lakers,108,+227,-269
Thu Mar 8 2018,Brooklyn Nets,125,Charlotte Hornets,111,+257,-309
Thu Mar 8 2018,Philadelphia 76ers,99,Miami Heat,108,-108,-110
Thu Mar 8 2018,Boston Celtics,117,Minnesota Timberwolves,109,-136,+117
Thu Mar 8 2018,Phoenix Suns,87,Oklahoma City Thunder,115,+508,-675
Thu Mar 8 2018,San Antonio Spurs,107,Golden State Warriors,110,+545,-731
Fri Mar 9 2018,Chicago Bulls,83,Detroit Pistons,99,+284,-343
Fri Mar 9 2018,Atlanta Hawks,87,Indiana Pacers,112,+339,-415
Fri Mar 9 2018,Houston Rockets,105,Toronto Raptors,108,-154,+134
Fri Mar 9 2018,Utah Jazz,95,Memphis Grizzlies,78,-559,+438
Fri Mar 9 2018,New York Knicks,112,Milwaukee Bucks,120,+424,-538
Fri Mar 9 2018,Washington Wizards,116,New Orleans Pelicans,97,-161,+142
Fri Mar 9 2018,Los Angeles Lakers,116,Denver Nuggets,125,+264,-314
Fri Mar 9 2018,Golden State Warriors,108,Portland Trail Blazers,125,+109,-126
Fri Mar 9 2018,Orlando Magic,88,Sacramento Kings,94,+120,-139
Fri Mar 9 2018,Cleveland Cavaliers,102,Los Angeles Clippers,116,-117,+101
Sat Mar 10 2018,Phoenix Suns,115,Charlotte Hornets,122,+758,-1103
Sat Mar 10 2018,Washington Wizards,102,Miami Heat,129,+155,-177
Sat Mar 10 2018,Memphis Grizzlies,80,Dallas Mavericks,114,+381,-472
Sat Mar 10 2018,San Antonio Spurs,94,Oklahoma City Thunder,104,+158,-181
Sat Mar 10 2018,Orlando Magic,105,Los Angeles Clippers,113,+607,-853
Sun Mar 11 2018,Toronto Raptors,132,New York Knicks,106,-584,+450
Sun Mar 11 2018,Chicago Bulls,129,Atlanta Hawks,122,+110,-130
Sun Mar 11 2018,Golden State Warriors,103,Minnesota Timberwolves,109,-163,+142
Sun Mar 11 2018,Utah Jazz,116,New Orleans Pelicans,99,-123,+104
Sun Mar 11 2018,Sacramento Kings,104,Denver Nuggets,130,+646,-907
Sun Mar 11 2018,Houston Rockets,105,Dallas Mavericks,82,-627,+479
Sun Mar 11 2018,Indiana Pacers,99,Boston Celtics,97,+171,-198
Sun Mar 11 2018,Philadelphia 76ers,120,Brooklyn Nets,97,-240,+201
Sun Mar 11 2018,Cleveland Cavaliers,113,Los Angeles Lakers,127,-139,+119
Mon Mar 12 2018,San Antonio Spurs,93,Houston Rockets,109,+604,-839
Mon Mar 12 2018,Milwaukee Bucks,121,Memphis Grizzlies,103,-345,+284
Mon Mar 12 2018,Sacramento Kings,101,Oklahoma City Thunder,106,+900,-1366
Mon Mar 12 2018,Miami Heat,99,Portland Trail Blazers,115,+205,-244
Tue Mar 13 2018,Indiana Pacers,101,Philadelphia 76ers,98,+221,-262
Tue Mar 13 2018,Minnesota Timberwolves,116,Washington Wizards,111,+135,-155
Tue Mar 13 2018,Oklahoma City Thunder,119,Atlanta Hawks,107,-255,+215
Tue Mar 13 2018,Toronto Raptors,116,Brooklyn Nets,102,-478,+381
Tue Mar 13 2018,Dallas Mavericks,110,New York Knicks,97,-111,-109
Tue Mar 13 2018,Los Angeles Clippers,112,Chicago Bulls,106,-339,+279
Tue Mar 13 2018,Charlotte Hornets,115,New Orleans Pelicans,119,+173,-202
Tue Mar 13 2018,Orlando Magic,72,San Antonio Spurs,108,+497,-651
Tue Mar 13 2018,Detroit Pistons,79,Utah Jazz,110,+334,-409
Tue Mar 13 2018,Cleveland Cavaliers,129,Phoenix Suns,107,-347,+286
Tue Mar 13 2018,Denver Nuggets,103,Los Angeles Lakers,112,-134,+114
Wed Mar 14 2018,Milwaukee Bucks,117,Orlando Magic,126,-585,+451
Wed Mar 14 2018,Washington Wizards,125,Boston Celtics,124,-183,+160
Wed Mar 14 2018,Miami Heat,119,Sacramento Kings,123,-290,+243
Wed Mar 14 2018,Los Angeles Lakers,106,Golden State Warriors,117,+201,-240
Thu Mar 15 2018,Toronto Raptors,106,Indiana Pacers,99,-180,+156
Thu Mar 15 2018,Charlotte Hornets,129,Atlanta Hawks,117,-223,+189
Thu Mar 15 2018,Philadelphia 76ers,118,New York Knicks,110,-570,+449
Thu Mar 15 2018,Los Angeles Clippers,96,Houston Rockets,101,+621,-849
Thu Mar 15 2018,Chicago Bulls,111,Memphis Grizzlies,110,+120,-139
Thu Mar 15 2018,New Orleans Pelicans,93,San Antonio Spurs,98,+163,-187
Thu Mar 15 2018,Detroit Pistons,113,Denver Nuggets,120,+328,-401
Thu Mar 15 2018,Phoenix Suns,88,Utah Jazz,116,+988,-1509
Thu Mar 15 2018,Cleveland Cavaliers,105,Portland Trail Blazers,113,+193,-226
Fri Mar 16 2018,Boston Celtics,92,Orlando Magic,83,-275,+231
Fri Mar 16 2018,Brooklyn Nets,116,Philadelphia 76ers,120,+329,-405
Fri Mar 16 2018,Dallas Mavericks,115,Toronto Raptors,122,+493,-656
Fri Mar 16 2018,Los Angeles Clippers,113,Oklahoma City Thunder,121,+221,-263
Fri Mar 16 2018,Sacramento Kings,98,Golden State Warriors,93,+329,-403
Fri Mar 16 2018,Miami Heat,92,Los Angeles Lakers,91,+116,-135
Sat Mar 17 2018,Atlanta Hawks,117,Milwaukee Bucks,122,+552,-750
Sat Mar 17 2018,Houston Rockets,107,New Orleans Pelicans,101,-397,+324
Sat Mar 17 2018,Indiana Pacers,102,Washington Wizards,109,+160,-184
Sat Mar 17 2018,Dallas Mavericks,106,Brooklyn Nets,114,+162,-185
Sat Mar 17 2018,Charlotte Hornets,101,New York Knicks,124,-263,+223
Sat Mar 17 2018,Cleveland Cavaliers,114,Chicago Bulls,109,-308,+255
Sat Mar 17 2018,Denver Nuggets,94,Memphis Grizzlies,101,-310,+257
Sat Mar 17 2018,Minnesota Timberwolves,101,San Antonio Spurs,117,+162,-186
Sat Mar 17 2018,Sacramento Kings,97,Utah Jazz,103,+1180,-2072
Sat Mar 17 2018,Golden State Warriors,124,Phoenix Suns,109,-210,+177
Sat Mar 17 2018,Detroit Pistons,87,Portland Trail Blazers,100,+372,-464
Sun Mar 18 2018,Oklahoma City Thunder,132,Toronto Raptors,125,+211,-251
Sun Mar 18 2018,Boston Celtics,89,New Orleans Pelicans,108,+136,-157
Sun Mar 18 2018,Houston Rockets,129,Minnesota Timberwolves,120,-337,+281
Sun Mar 18 2018,Portland Trail Blazers,122,Los Angeles Clippers,109,+100,-117
Mon Mar 19 2018,Milwaukee Bucks,117,Cleveland Cavaliers,124,+131,-151
Mon Mar 19 2018,Los Angeles Lakers,100,Indiana Pacers,110,+184,-218
Mon Mar 19 2018,Charlotte Hornets,94,Philadelphia 76ers,108,+346,-427
Mon Mar 19 2018,Memphis Grizzlies,115,Brooklyn Nets,118,+292,-354
Mon Mar 19 2018,Denver Nuggets,141,Miami Heat,149,+105,-125
Mon Mar 19 2018,Chicago Bulls,92,New York Knicks,110,+178,-210
Mon Mar 19 2018,Golden State Warriors,75,San Antonio Spurs,89,+293,-355
Mon Mar 19 2018,Detroit Pistons,106,Sacramento Kings,90,-173,+151
Tue Mar 20 2018,Toronto Raptors,93,Orlando Magic,86,-494,+391
Tue Mar 20 2018,Oklahoma City Thunder,99,Boston Celtics,100,-213,+180
Tue Mar 20 2018,Los Angeles Clippers,109,Minnesota Timberwolves,123,+149,-170
Tue Mar 20 2018,Dallas Mavericks,105,New Orleans Pelicans,115,+245,-296
Tue Mar 20 2018,Atlanta Hawks,99,Utah Jazz,94,+987,-1535
Tue Mar 20 2018,Detroit Pistons,115,Phoenix Suns,88,-325,+268
Tue Mar 20 2018,Houston Rockets,115,Portland Trail Blazers,111,-184,+160
Wed Mar 21 2018,Toronto Raptors,129,Cleveland Cavaliers,132,-122,+104
Wed Mar 21 2018,Memphis Grizzlies,105,Philadelphia 76ers,119,+839,-1246
Wed Mar 21 2018,Charlotte Hornets,111,Brooklyn Nets,105,-114,-105
Wed Mar 21 2018,New York Knicks,98,Miami Heat,119,+423,-538
Wed Mar 21 2018,Denver Nuggets,135,Chicago Bulls,102,-476,+383
Wed Mar 21 2018,Los Angeles Clippers,127,Milwaukee Bucks,120,+191,-227
Wed Mar 21 2018,Indiana Pacers,92,New Orleans Pelicans,96,-102,-119
Wed Mar 21 2018,Washington Wizards,90,San Antonio Spurs,98,+194,-230
Thu Mar 22 2018,Memphis Grizzlies,79,Charlotte Hornets,140,+343,-424
Thu Mar 22 2018,Philadelphia 76ers,118,Orlando Magic,98,-370,+306
Thu Mar 22 2018,Detroit Pistons,96,Houston Rockets,100,+572,-765
Thu Mar 22 2018,Los Angeles Lakers,125,New Orleans Pelicans,128,+123,-143
Thu Mar 22 2018,Utah Jazz,119,Dallas Mavericks,112,-379,+311
Thu Mar 22 2018,Atlanta Hawks,90,Sacramento Kings,105,+143,-163
Fri Mar 23 2018,Los Angeles Clippers,104,Indiana Pacers,109,+154,-175
Fri Mar 23 2018,Denver Nuggets,108,Washington Wizards,100,+104,-123
Fri Mar 23 2018,Phoenix Suns,95,Cleveland Cavaliers,120,+1242,-2187
Fri Mar 23 2018,Minnesota Timberwolves,108,New York Knicks,104,-271,+228
Fri Mar 23 2018,Brooklyn Nets,112,Toronto Raptors,116,+602,-835
Fri Mar 23 2018,Milwaukee Bucks,118,Chicago Bulls,105,-184,+160
Fri Mar 23 2018,Miami Heat,99,Oklahoma City Thunder,105,+224,-265
Fri Mar 23 2018,Utah Jazz,120,San Antonio Spurs,124,+140,-160
Fri Mar 23 2018,Boston Celtics,105,Portland Trail Blazers,100,+283,-344
Fri Mar 23 2018,Atlanta Hawks,94,Golden State Warriors,106,+594,-818
Sat Mar 24 2018,Minnesota Timberwolves,108,Philadelphia 76ers,120,+297,-361
Sat Mar 24 2018,Chicago Bulls,95,Detroit Pistons,117,+816,-1214
Sat Mar 24 2018,Phoenix Suns,99,Orlando Magic,105,+271,-329
Sat Mar 24 2018,New Orleans Pelicans,91,Houston Rockets,114,+343,-425
Sat Mar 24 2018,Los Angeles Lakers,100,Memphis Grizzlies,93,-266,+225
Sat Mar 24 2018,Charlotte Hornets,102,Dallas Mavericks,98,-140,+120
Sun Mar 25 2018,Cleveland Cavaliers,121,Brooklyn Nets,114,-313,+259
Sun Mar 25 2018,San Antonio Spurs,103,Milwaukee Bucks,106,-126,+108
Sun Mar 25 2018,Miami Heat,107,Indiana Pacers,113,+134,-154
Sun Mar 25 2018,Boston Celtics,104,Sacramento Kings,93,-275,+232
Sun Mar 25 2018,Los Angeles Clippers,117,Toronto Raptors,106,+334,-411
Sun Mar 25 2018,New York Knicks,101,Washington Wizards,97,+502,-670
Sun Mar 25 2018,Portland Trail Blazers,108,Oklahoma City Thunder,105,+150,-171
Sun Mar 25 2018,Atlanta Hawks,99,Houston Rockets,118,+1009,-1608
Sun Mar 25 2018,Utah Jazz,110,Golden State Warriors,91,-502,+397
Mon Mar 26 2018,New York Knicks,128,Charlotte Hornets,137,+584,-803
Mon Mar 26 2018,Los Angeles Lakers,106,Detroit Pistons,112,+184,-217
Mon Mar 26 2018,Denver Nuggets,104,Philadelphia 76ers,123,+183,-217
Mon Mar 26 2018,Memphis Grizzlies,101,Minnesota Timberwolves,93,+924,-1361
Mon Mar 26 2018,Boston Celtics,102,Phoenix Suns,94,-659,+497
Tue Mar 27 2018,San Antonio Spurs,106,Washington Wizards,116,-132,+112
Tue Mar 27 2018,Denver Nuggets,110,Toronto Raptors,114,+319,-388
Tue Mar 27 2018,Chicago Bulls,86,Houston Rockets,118,+916,-1407
Tue Mar 27 2018,Cleveland Cavaliers,79,Miami Heat,98,-131,+111
Tue Mar 27 2018,Portland Trail Blazers,107,New Orleans Pelicans,103,-123,+105
Tue Mar 27 2018,Dallas Mavericks,103,Sacramento Kings,97,+125,-144
Tue Mar 27 2018,Indiana Pacers,92,Golden State Warriors,81,-374,+307
Tue Mar 27 2018,Milwaukee Bucks,98,Los Angeles Clippers,105,+132,-152
Wed Mar 28 2018,Cleveland Cavaliers,118,Charlotte Hornets,105,+108,-127
Wed Mar 28 2018,Brooklyn Nets,111,Orlando Magic,104,-146,+127
Wed Mar 28 2018,New York Knicks,101,Philadelphia 76ers,118,+988,-1539
Wed Mar 28 2018,Portland Trail Blazers,103,Memphis Grizzlies,108,-262,+220
Wed Mar 28 2018,Atlanta Hawks,114,Minnesota Timberwolves,126,+721,-1030
Wed Mar 28 2018,Boston Celtics,97,Utah Jazz,94,+496,-661
Wed Mar 28 2018,Los Angeles Clippers,111,Phoenix Suns,99,-782,+571
Wed Mar 28 2018,Dallas Mavericks,93,Los Angeles Lakers,103,+317,-387
Thu Mar 29 2018,Washington Wizards,92,Detroit Pistons,103,-140,+121
Thu Mar 29 2018,Chicago Bulls,92,Miami Heat,103,+873,-1335
Thu Mar 29 2018,Oklahoma City Thunder,99,San Antonio Spurs,103,+102,-118
Thu Mar 29 2018,Indiana Pacers,106,Sacramento Kings,103,-378,+310
Thu Mar 29 2018,Milwaukee Bucks,116,Golden State Warriors,107,+160,-184
Fri Mar 30 2018,Chicago Bulls,90,Orlando Magic,82,+227,-268
Fri Mar 30 2018,Philadelphia 76ers,101,Atlanta Hawks,91,-370,+303
Fri Mar 30 2018,New Orleans Pelicans,102,Cleveland Cavaliers,107,+182,-214
Fri Mar 30 2018,Phoenix Suns,103,Houston Rockets,104,+1776,-4273
Fri Mar 30 2018,Denver Nuggets,126,Oklahoma City Thunder,125,+153,-175
Fri Mar 30 2018,Minnesota Timberwolves,93,Dallas Mavericks,92,-238,+202
Fri Mar 30 2018,Memphis Grizzlies,97,Utah Jazz,107,+1318,-2298
Fri Mar 30 2018,Milwaukee Bucks,124,Los Angeles Lakers,122,-120,+103
Fri Mar 30 2018,Los Angeles Clippers,96,Portland Trail Blazers,105,+201,-240
Sat Mar 31 2018,Charlotte Hornets,93,Washington Wizards,107,+233,-277
Sat Mar 31 2018,Detroit Pistons,115,New York Knicks,109,-195,+168
Sat Mar 31 2018,Toronto Raptors,99,Boston Celtics,110,-198,+170
Sat Mar 31 2018,Brooklyn Nets,110,Miami Heat,109,+343,-422
Sat Mar 31 2018,Golden State Warriors,112,Sacramento Kings,96,-475,+380
Sun Apr 1 2018,Philadelphia 76ers,119,Charlotte Hornets,102,-150,+131
Sun Apr 1 2018,Washington Wizards,94,Chicago Bulls,113,-328,+270
Sun Apr 1 2018,Indiana Pacers,111,Los Angeles Clippers,104,+134,-154
Sun Apr 1 2018,Houston Rockets,83,San Antonio Spurs,100,-111,-111
Sun Apr 1 2018,Orlando Magic,88,Atlanta Hawks,94,+103,-122
Sun Apr 1 2018,Detroit Pistons,108,Brooklyn Nets,96,+100,-109
Sun Apr 1 2018,Dallas Mavericks,87,Cleveland Cavaliers,98,+558,-736
Sun Apr 1 2018,Oklahoma City Thunder,109,New Orleans Pelicans,104,-114,-105
Sun Apr 1 2018,Utah Jazz,121,Minnesota Timberwolves,97,-150,+130
Sun Apr 1 2018,Milwaukee Bucks,125,Denver Nuggets,128,+199,-236
Sun Apr 1 2018,Phoenix Suns,107,Golden State Warriors,117,+1120,-1952
Sun Apr 1 2018,Memphis Grizzlies,98,Portland Trail Blazers,113,+1248,-2085
Sun Apr 1 2018,Sacramento Kings,84,Los Angeles Lakers,83,+271,-326
Tue Apr 3 2018,Toronto Raptors,106,Cleveland Cavaliers,112,+105,-122
Tue Apr 3 2018,Brooklyn Nets,95,Philadelphia 76ers,121,+339,-419
Tue Apr 3 2018,Atlanta Hawks,98,Miami Heat,101,+814,-1233
Tue Apr 3 2018,Orlando Magic,97,New York Knicks,73,-102,-119
Tue Apr 3 2018,Charlotte Hornets,114,Chicago Bulls,120,-229,+192
Tue Apr 3 2018,Washington Wizards,104,Houston Rockets,120,+328,-403
Tue Apr 3 2018,Boston Celtics,102,Milwaukee Bucks,106,+165,-191
Tue Apr 3 2018,Golden State Warriors,111,Oklahoma City Thunder,107,+157,-180
Tue Apr 3 2018,Portland Trail Blazers,109,Dallas Mavericks,115,-323,+270
Tue Apr 3 2018,Indiana Pacers,104,Denver Nuggets,107,+165,-192
Tue Apr 3 2018,Los Angeles Lakers,110,Utah Jazz,117,+599,-822
Tue Apr 3 2018,Sacramento Kings,94,Phoenix Suns,97,-140,+120
Tue Apr 3 2018,San Antonio Spurs,110,Los Angeles Clippers,113,-137,+117
Wed Apr 4 2018,Philadelphia 76ers,115,Detroit Pistons,108,-131,+112
Wed Apr 4 2018,Dallas Mavericks,100,Orlando Magic,105,+104,-122
Wed Apr 4 2018,Miami Heat,115,Atlanta Hawks,86,-308,+256
Wed Apr 4 2018,Memphis Grizzlies,95,New Orleans Pelicans,123,+911,-1388
Wed Apr 4 2018,Boston Celtics,78,Toronto Raptors,96,+275,-333
Wed Apr 4 2018,San Antonio Spurs,112,Los Angeles Lakers,122,-266,+224
Thu Apr 5 2018,Golden State Warriors,106,Indiana Pacers,126,-147,+128
Thu Apr 5 2018,Washington Wizards,115,Cleveland Cavaliers,119,+213,-254
Thu Apr 5 2018,Portland Trail Blazers,94,Houston Rockets,96,+553,-750
Thu Apr 5 2018,Brooklyn Nets,119,Milwaukee Bucks,111,+407,-519
Thu Apr 5 2018,Los Angeles Clippers,95,Utah Jazz,117,+273,-331
Thu Apr 5 2018,Minnesota Timberwolves,96,Denver Nuggets,100,+168,-196
Fri Apr 6 2018,Dallas Mavericks,106,Detroit Pistons,113,+252,-303
Fri Apr 6 2018,Charlotte Hornets,137,Orlando Magic,100,-314,+260
Fri Apr 6 2018,Cleveland Cavaliers,130,Philadelphia 76ers,132,+143,-163
Fri Apr 6 2018,Atlanta Hawks,103,Washington Wizards,97,+510,-679
Fri Apr 6 2018,Chicago Bulls,104,Boston Celtics,111,+244,-293
Fri Apr 6 2018,Miami Heat,98,New York Knicks,122,-369,+304
Fri Apr 6 2018,Indiana Pacers,73,Toronto Raptors,92,+280,-341
Fri Apr 6 2018,Sacramento Kings,94,Memphis Grizzlies,93,-168,+148
Fri Apr 6 2018,New Orleans Pelicans,122,Phoenix Suns,103,-1047,+725
Fri Apr 6 2018,Minnesota Timberwolves,113,Los Angeles Lakers,96,-222,+186
Sat Apr 7 2018,Denver Nuggets,134,Los Angeles Clippers,115,-171,+150
Sat Apr 7 2018,Milwaukee Bucks,115,New York Knicks,102,-289,+242
Sat Apr 7 2018,Brooklyn Nets,124,Chicago Bulls,96,-222,+187
Sat Apr 7 2018,New Orleans Pelicans,126,Golden State Warriors,120,+221,-261
Sat Apr 7 2018,Oklahoma City Thunder,108,Houston Rockets,102,+164,-188
Sat Apr 7 2018,Portland Trail Blazers,105,San Antonio Spurs,116,+187,-224
Sun Apr 8 2018,Atlanta Hawks,112,Boston Celtics,106,+417,-528
Sun Apr 8 2018,Indiana Pacers,123,Charlotte Hornets,117,-118,-103
Sun Apr 8 2018,Dallas Mavericks,97,Philadelphia 76ers,109,+805,-1213
Sun Apr 8 2018,Detroit Pistons,117,Memphis Grizzlies,130,-243,+204
Sun Apr 8 2018,Utah Jazz,112,Los Angeles Lakers,97,-527,+416
Sun Apr 8 2018,Orlando Magic,101,Toronto Raptors,112,+549,-735
Sun Apr 8 2018,Golden State Warriors,117,Phoenix Suns,100,-935,+626
Mon Apr 9 2018,Toronto Raptors,108,Detroit Pistons,98,-251,+212
Mon Apr 9 2018,Chicago Bulls,105,Brooklyn Nets,114,+255,-307
Mon Apr 9 2018,Oklahoma City Thunder,115,Miami Heat,93,-202,+172
Mon Apr 9 2018,Cleveland Cavaliers,123,New York Knicks,109,-1060,+720
Mon Apr 9 2018,Orlando Magic,86,Milwaukee Bucks,102,+456,-592
Mon Apr 9 2018,Memphis Grizzlies,94,Minnesota Timberwolves,113,+1336,-2474
Mon Apr 9 2018,Sacramento Kings,85,San Antonio Spurs,98,+956,-1576
Mon Apr 9 2018,Portland Trail Blazers,82,Denver Nuggets,88,+172,-201
Mon Apr 9 2018,New Orleans Pelicans,113,Los Angeles Clippers,100,-465,+374
Tue Apr 10 2018,Charlotte Hornets,119,Indiana Pacers,93,+111,-130
Tue Apr 10 2018,Philadelphia 76ers,121,Atlanta Hawks,113,-607,+460
Tue Apr 10 2018,Boston Celtics,101,Washington Wizards,113,+270,-324
Tue Apr 10 2018,Phoenix Suns,124,Dallas Mavericks,97,+123,-142
Tue Apr 10 2018,Golden State Warriors,79,Utah Jazz,119,+285,-347
Tue Apr 10 2018,Houston Rockets,105,Los Angeles Lakers,99,-369,+304
Wed Apr 11 2018,Brooklyn Nets,97,Boston Celtics,110,-175,+153
Wed Apr 11 2018,Detroit Pistons,119,Chicago Bulls,87,-209,+176
Wed Apr 11 2018,New York Knicks,110,Cleveland Cavaliers,98,+302,-370
Wed Apr 11 2018,Toronto Raptors,109,Miami Heat,116,+122,-142
Wed Apr 11 2018,Denver Nuggets,106,Minnesota Timberwolves,112,+149,-170
Wed Apr 11 2018,San Antonio Spurs,98,New Orleans Pelicans,122,+142,-162
Wed Apr 11 2018,Memphis Grizzlies,123,Oklahoma City Thunder,137,+1633,-3384
Wed Apr 11 2018,Washington Wizards,92,Orlando Magic,101,-260,+218
Wed Apr 11 2018,Milwaukee Bucks,95,Philadelphia 76ers,130,+222,-265
Wed Apr 11 2018,Los Angeles Lakers,115,Los Angeles Clippers,100,+117,-137
Wed Apr 11 2018,Utah Jazz,93,Portland Trail Blazers,102,+113,-133
Wed Apr 11 2018,Houston Rockets,83,Sacramento Kings,96,+117,-137
Sat Apr 14 2018,San Antonio Spurs,92,Golden State Warriors,113,+329,-404
Sat Apr 14 2018,Washington Wizards,106,Toronto Raptors,114,+309,-379
Sat Apr 14 2018,Miami Heat,103,Philadelphia 76ers,130,+204,-245
Sat Apr 14 2018,New Orleans Pelicans,97,Portland Trail Blazers,95,+195,-234
Sun Apr 15 2018,Milwaukee Bucks,107,Boston Celtics,113,+148,-169
Sun Apr 15 2018,Indiana Pacers,98,Cleveland Cavaliers,80,+307,-375
Sun Apr 15 2018,Utah Jazz,108,Oklahoma City Thunder,116,+164,-190
Sun Apr 15 2018,Minnesota Timberwolves,101,Houston Rockets,104,+783,-1098
Mon Apr 16 2018,Miami Heat,113,Philadelphia 76ers,103,+255,-309
Mon Apr 16 2018,San Antonio Spurs,101,Golden State Warriors,116,+451,-584
Tue Apr 17 2018,Washington Wizards,119,Toronto Raptors,130,+252,-303
Tue Apr 17 2018,Milwaukee Bucks,106,Boston Celtics,120,-106,-115
Tue Apr 17 2018,New Orleans Pelicans,111,Portland Trail Blazers,102,+245,-291
Wed Apr 18 2018,Indiana Pacers,97,Cleveland Cavaliers,100,+344,-424
Wed Apr 18 2018,Utah Jazz,102,Oklahoma City Thunder,95,+150,-171
Wed Apr 18 2018,Minnesota Timberwolves,82,Houston Rockets,102,+557,-762
Thu Apr 19 2018,Philadelphia 76ers,128,Miami Heat,108,-145,+126
Thu Apr 19 2018,Portland Trail Blazers,102,New Orleans Pelicans,119,+141,-161
Thu Apr 19 2018,Golden State Warriors,110,San Antonio Spurs,97,-160,+140
Fri Apr 20 2018,Cleveland Cavaliers,90,Indiana Pacers,92,+106,-124
Fri Apr 20 2018,Toronto Raptors,103,Washington Wizards,122,-106,-114
Fri Apr 20 2018,Boston Celtics,92,Milwaukee Bucks,116,+181,-215
Sat Apr 21 2018,Philadelphia 76ers,106,Miami Heat,102,-177,+154
Sat Apr 21 2018,Portland Trail Blazers,123,New Orleans Pelicans,131,+231,-274
Sat Apr 21 2018,Houston Rockets,105,Minnesota Timberwolves,121,-250,+210
Sat Apr 21 2018,Oklahoma City Thunder,102,Utah Jazz,115,+178,-211
Sun Apr 22 2018,Boston Celtics,102,Milwaukee Bucks,104,+201,-239
Sun Apr 22 2018,Golden State Warriors,90,San Antonio Spurs,103,-281,+237
Sun Apr 22 2018,Toronto Raptors,98,Washington Wizards,106,-117,+101
Sun Apr 22 2018,Cleveland Cavaliers,104,Indiana Pacers,100,-130,+112
Mon Apr 23 2018,Houston Rockets,119,Minnesota Timberwolves,100,-250,+211
Mon Apr 23 2018,Oklahoma City Thunder,96,Utah Jazz,113,+167,-194
Tue Apr 24 2018,Milwaukee Bucks,87,Boston Celtics,92,+169,-197
Tue Apr 24 2018,Miami Heat,91,Philadelphia 76ers,104,+481,-633
Tue Apr 24 2018,San Antonio Spurs,91,Golden State Warriors,99,+647,-911
Wed Apr 25 2018,Indiana Pacers,95,Cleveland Cavaliers,98,+254,-306
Wed Apr 25 2018,Washington Wizards,98,Toronto Raptors,108,+259,-313
Wed Apr 25 2018,Minnesota Timberwolves,104,Houston Rockets,122,+739,-1108
Wed Apr 25 2018,Utah Jazz,99,Oklahoma City Thunder,107,+127,-147
Thu Apr 26 2018,Boston Celtics,86,Milwaukee Bucks,97,+164,-191
Fri Apr 27 2018,Toronto Raptors,102,Washington Wizards,92,-134,+114
Fri Apr 27 2018,Cleveland Cavaliers,87,Indiana Pacers,121,+107,-126
Fri Apr 27 2018,Oklahoma City Thunder,91,Utah Jazz,96,+236,-281
Sat Apr 28 2018,Milwaukee Bucks,96,Boston Celtics,112,+180,-212
Sat Apr 28 2018,New Orleans Pelicans,101,Golden State Warriors,123,+275,-335
Sun Apr 29 2018,Indiana Pacers,101,Cleveland Cavaliers,105,+213,-253
Sun Apr 29 2018,Utah Jazz,96,Houston Rockets,110,+670,-945
Mon Apr 30 2018,Philadelphia 76ers,101,Boston Celtics,117,-212,+179
Tue May 1 2018,Cleveland Cavaliers,113,Toronto Raptors,112,+233,-275
Tue May 1 2018,New Orleans Pelicans,116,Golden State Warriors,121,+577,-790
Wed May 2 2018,Utah Jazz,116,Houston Rockets,108,+646,-907
Thu May 3 2018,Cleveland Cavaliers,128,Toronto Raptors,110,+253,-305
Thu May 3 2018,Philadelphia 76ers,103,Boston Celtics,108,-172,+150
Fri May 4 2018,Golden State Warriors,100,New Orleans Pelicans,119,-216,+182
Fri May 4 2018,Houston Rockets,113,Utah Jazz,92,-202,+172
Sat May 5 2018,Boston Celtics,101,Philadelphia 76ers,98,+406,-512
Sat May 5 2018,Toronto Raptors,103,Cleveland Cavaliers,105,+168,-196
Sun May 6 2018,Golden State Warriors,118,New Orleans Pelicans,92,-257,+217
Sun May 6 2018,Houston Rockets,100,Utah Jazz,87,-271,+229
Mon May 7 2018,Boston Celtics,92,Philadelphia 76ers,103,+262,-318
Mon May 7 2018,Toronto Raptors,93,Cleveland Cavaliers,128,+181,-215
Tue May 8 2018,Utah Jazz,102,Houston Rockets,112,+701,-1000
Tue May 8 2018,New Orleans Pelicans,104,Golden State Warriors,113,+693,-994
Wed May 9 2018,Philadelphia 76ers,112,Boston Celtics,114,+103,-122
Sun May 13 2018,Cleveland Cavaliers,83,Boston Celtics,108,-117,-104
Mon May 14 2018,Golden State Warriors,119,Houston Rockets,106,+112,-131
Tue May 15 2018,Cleveland Cavaliers,94,Boston Celtics,107,-108,-112
Wed May 16 2018,Golden State Warriors,105,Houston Rockets,127,+104,-123
Sat May 19 2018,Boston Celtics,86,Cleveland Cavaliers,116,+252,-302
Sun May 20 2018,Houston Rockets,85,Golden State Warriors,126,+301,-366
Mon May 21 2018,Boston Celtics,102,Cleveland Cavaliers,111,+265,-320
Tue May 22 2018,Houston Rockets,95,Golden State Warriors,92,+341,-417
Wed May 23 2018,Cleveland Cavaliers,83,Boston Celtics,96,+104,-122
Thu May 24 2018,Golden State Warriors,94,Houston Rockets,98,-114,-106
Fri May 25 2018,Boston Celtics,99,Cleveland Cavaliers,109,+263,-316
Sat May 26 2018,Houston Rockets,86,Golden State Warriors,115,+707,-1015
Sun May 27 2018,Cleveland Cavaliers,87,Boston Celtics,79,+131,-150
Mon May 28 2018,Golden State Warriors,101,Houston Rockets,92,-272,+230
Thu May 31 2018,Cleveland Cavaliers,114,Golden State Warriors,124,+615,-869
Sun Jun 3 2018,Cleveland Cavaliers,103,Golden State Warriors,122,+454,-592
Wed Jun 6 2018,Golden State Warriors,110,Cleveland Cavaliers,102,-147,+128
Fri Jun 8 2018,Golden State Warriors,108,Cleveland Cavaliers,85,-167,+146
Tue Oct 16 2018,Philadelphia 76ers,87,Boston Celtics,105,179,-215
Tue Oct 16 2018,Oklahoma City Thunder,100,Golden State Warriors,108,789,-1243
Wed Oct 17 2018,Milwaukee Bucks,113,Charlotte Hornets,112,-164,143
Wed Oct 17 2018,Brooklyn Nets,100,Detroit Pistons,103,207,-248
Wed Oct 17 2018,Memphis Grizzlies,83,Indiana Pacers,111,255,-311
Wed Oct 17 2018,Miami Heat,101,Orlando Magic,104,-133,112
Wed Oct 17 2018,Atlanta Hawks,107,New York Knicks,126,145,-166
Wed Oct 17 2018,Cleveland Cavaliers,104,Toronto Raptors,116,754,-1140
Wed Oct 17 2018,New Orleans Pelicans,131,Houston Rockets,112,285,-353
Wed Oct 17 2018,Minnesota Timberwolves,108,San Antonio Spurs,112,120,-142
Wed Oct 17 2018,Utah Jazz,123,Sacramento Kings,117,-408,327
Wed Oct 17 2018,Denver Nuggets,107,Los Angeles Clippers,98,-134,114
Wed Oct 17 2018,Dallas Mavericks,100,Phoenix Suns,121,-135,115
Thu Oct 18 2018,Chicago Bulls,108,Philadelphia 76ers,127,682,-997
Thu Oct 18 2018,Miami Heat,113,Washington Wizards,112,207,-249
Thu Oct 18 2018,Los Angeles Lakers,119,Portland Trail Blazers,128,127,-147
Fri Oct 19 2018,Charlotte Hornets,120,Orlando Magic,88,-123,103
Fri Oct 19 2018,New York Knicks,105,Brooklyn Nets,107,149,-169
Fri Oct 19 2018,Atlanta Hawks,117,Memphis Grizzlies,131,240,-286
Fri Oct 19 2018,Cleveland Cavaliers,123,Minnesota Timberwolves,131,311,-386
Fri Oct 19 2018,Sacramento Kings,129,New Orleans Pelicans,149,601,-869
Fri Oct 19 2018,Boston Celtics,101,Toronto Raptors,113,126,-146
Fri Oct 19 2018,Indiana Pacers,101,Milwaukee Bucks,118,152,-174
Fri Oct 19 2018,Oklahoma City Thunder,92,Los Angeles Clippers,108,124,-144
Fri Oct 19 2018,Golden State Warriors,124,Utah Jazz,123,-146,125
Sat Oct 20 2018,Brooklyn Nets,112,Indiana Pacers,132,309,-379
Sat Oct 20 2018,Toronto Raptors,117,Washington Wizards,113,109,-127
Sat Oct 20 2018,Boston Celtics,103,New York Knicks,101,-509,397
Sat Oct 20 2018,Orlando Magic,115,Philadelphia 76ers,116,820,-1231
Sat Oct 20 2018,Detroit Pistons,118,Chicago Bulls,116,-194,167
Sat Oct 20 2018,Charlotte Hornets,113,Miami Heat,112,141,-162
Sat Oct 20 2018,Minnesota Timberwolves,136,Dallas Mavericks,140,107,-128
Sat Oct 20 2018,Phoenix Suns,91,Denver Nuggets,119,449,-586
Sat Oct 20 2018,San Antonio Spurs,108,Portland Trail Blazers,121,169,-197
Sat Oct 20 2018,Houston Rockets,124,Los Angeles Lakers,115,-159,137
Sun Oct 21 2018,Atlanta Hawks,133,Cleveland Cavaliers,111,302,-372
Sun Oct 21 2018,Sacramento Kings,131,Oklahoma City Thunder,120,496,-676
Sun Oct 21 2018,Golden State Warriors,98,Denver Nuggets,100,-199,169
Sun Oct 21 2018,Houston Rockets,112,Los Angeles Clippers,115,108,-127
Mon Oct 22 2018,Orlando Magic,93,Boston Celtics,90,602,-852
Mon Oct 22 2018,Charlotte Hornets,106,Toronto Raptors,127,335,-418
Mon Oct 22 2018,New York Knicks,113,Milwaukee Bucks,124,591,-841
Mon Oct 22 2018,Indiana Pacers,91,Minnesota Timberwolves,101,109,-129
Mon Oct 22 2018,Chicago Bulls,109,Dallas Mavericks,115,175,-207
Mon Oct 22 2018,Memphis Grizzlies,92,Utah Jazz,84,464,-615
Mon Oct 22 2018,Washington Wizards,125,Portland Trail Blazers,124,165,-193
Mon Oct 22 2018,Phoenix Suns,103,Golden State Warriors,123,757,-1146
Mon Oct 22 2018,San Antonio Spurs,143,Los Angeles Lakers,142,106,-123
Tue Oct 23 2018,Philadelphia 76ers,132,Detroit Pistons,133,-111,-109
Tue Oct 23 2018,Los Angeles Clippers,109,New Orleans Pelicans,116,206,-245
Tue Oct 23 2018,Sacramento Kings,112,Denver Nuggets,126,608,-876
Wed Oct 24 2018,Dallas Mavericks,104,Atlanta Hawks,111,-128,107
Wed Oct 24 2018,Brooklyn Nets,102,Cleveland Cavaliers,86,126,-145
Wed Oct 24 2018,New York Knicks,87,Miami Heat,110,293,-361
Wed Oct 24 2018,Minnesota Timberwolves,105,Toronto Raptors,112,341,-424
Wed Oct 24 2018,Charlotte Hornets,110,Chicago Bulls,112,-193,166
Wed Oct 24 2018,Utah Jazz,100,Houston Rockets,89,-106,-114
Wed Oct 24 2018,Indiana Pacers,116,San Antonio Spurs,96,107,-126
Wed Oct 24 2018,Philadelphia 76ers,108,Milwaukee Bucks,123,184,-219
Wed Oct 24 2018,Los Angeles Lakers,131,Phoenix Suns,113,-225,188
Wed Oct 24 2018,Memphis Grizzlies,92,Sacramento Kings,97,-147,127
Wed Oct 24 2018,Washington Wizards,122,Golden State Warriors,144,447,-585
Thu Oct 25 2018,Cleveland Cavaliers,103,Detroit Pistons,110,405,-520
Thu Oct 25 2018,Portland Trail Blazers,128,Orlando Magic,114,-159,139
Thu Oct 25 2018,Boston Celtics,101,Oklahoma City Thunder,95,-112,101
Thu Oct 25 2018,Denver Nuggets,114,Los Angeles Lakers,121,-116,-104
Fri Oct 26 2018,Chicago Bulls,106,Charlotte Hornets,135,462,-618
Fri Oct 26 2018,Golden State Warriors,128,New York Knicks,100,-1062,691
Fri Oct 26 2018,Dallas Mavericks,107,Toronto Raptors,116,639,-921
Fri Oct 26 2018,Los Angeles Clippers,133,Houston Rockets,113,152,-175
Fri Oct 26 2018,Milwaukee Bucks,125,Minnesota Timberwolves,95,-141,121
Fri Oct 26 2018,Brooklyn Nets,115,New Orleans Pelicans,117,390,-498
Fri Oct 26 2018,Washington Wizards,112,Sacramento Kings,116,-226,189
Sat Oct 27 2018,Boston Celtics,109,Detroit Pistons,89,-166,145
Sat Oct 27 2018,Utah Jazz,132,New Orleans Pelicans,111,-234,194
Sat Oct 27 2018,Chicago Bulls,97,Atlanta Hawks,85,191,-229
Sat Oct 27 2018,Indiana Pacers,119,Cleveland Cavaliers,107,-299,247
Sat Oct 27 2018,Charlotte Hornets,103,Philadelphia 76ers,105,250,-302
Sat Oct 27 2018,Phoenix Suns,96,Memphis Grizzlies,117,265,-324
Sat Oct 27 2018,Portland Trail Blazers,111,Miami Heat,120,101,-121
Sat Oct 27 2018,Orlando Magic,91,Milwaukee Bucks,113,370,-467
Sat Oct 27 2018,Los Angeles Lakers,106,San Antonio Spurs,110,-123,-102
Sun Oct 28 2018,Golden State Warriors,120,Brooklyn Nets,114,-554,424
Sun Oct 28 2018,Utah Jazz,113,Dallas Mavericks,104,-194,166
Sun Oct 28 2018,Phoenix Suns,110,Oklahoma City Thunder,117,801,-1250
Sun Oct 28 2018,Washington Wizards,104,Los Angeles Clippers,136,137,-158
Mon Oct 29 2018,Portland Trail Blazers,103,Indiana Pacers,93,148,-169
Mon Oct 29 2018,Atlanta Hawks,92,Philadelphia 76ers,113,636,-945
Mon Oct 29 2018,Sacramento Kings,123,Miami Heat,113,353,-449
Mon Oct 29 2018,Brooklyn Nets,96,New York Knicks,115,101,-116
Mon Oct 29 2018,Golden State Warriors,149,Chicago Bulls,124,-847,601
Mon Oct 29 2018,Toronto Raptors,109,Milwaukee Bucks,124,-131,110
Mon Oct 29 2018,Los Angeles Lakers,120,Minnesota Timberwolves,124,-130,109
Mon Oct 29 2018,Dallas Mavericks,108,San Antonio Spurs,113,250,-301
Mon Oct 29 2018,New Orleans Pelicans,111,Denver Nuggets,116,397,-508
Tue Oct 30 2018,Miami Heat,113,Charlotte Hornets,125,137,-159
Tue Oct 30 2018,Atlanta Hawks,114,Cleveland Cavaliers,136,170,-199
Tue Oct 30 2018,Sacramento Kings,107,Orlando Magic,99,166,-193
Tue Oct 30 2018,Detroit Pistons,105,Boston Celtics,108,342,-429
Tue Oct 30 2018,Philadelphia 76ers,112,Toronto Raptors,129,217,-261
Tue Oct 30 2018,Portland Trail Blazers,104,Houston Rockets,85,165,-192
Tue Oct 30 2018,Washington Wizards,95,Memphis Grizzlies,107,-103,-117
Tue Oct 30 2018,Los Angeles Clippers,110,Oklahoma City Thunder,128,139,-161
Wed Oct 31 2018,Detroit Pistons,119,Brooklyn Nets,120,114,-134
Wed Oct 31 2018,Denver Nuggets,108,Chicago Bulls,107,-380,308
Wed Oct 31 2018,Utah Jazz,125,Minnesota Timberwolves,128,-306,253
Wed Oct 31 2018,Indiana Pacers,107,New York Knicks,101,-258,216
Wed Oct 31 2018,New Orleans Pelicans,121,Golden State Warriors,131,394,-509
Wed Oct 31 2018,Dallas Mavericks,113,Los Angeles Lakers,114,297,-367
Wed Oct 31 2018,San Antonio Spurs,120,Phoenix Suns,90,-313,257
Thu Nov 1 2018,Oklahoma City Thunder,111,Charlotte Hornets,107,-104,-118
Thu Nov 1 2018,Denver Nuggets,110,Cleveland Cavaliers,91,-223,187
Thu Nov 1 2018,Los Angeles Clippers,113,Philadelphia 76ers,122,192,-230
Thu Nov 1 2018,Sacramento Kings,146,Atlanta Hawks,115,-141,119
Thu Nov 1 2018,Milwaukee Bucks,113,Boston Celtics,117,121,-143
Thu Nov 1 2018,New Orleans Pelicans,119,Portland Trail Blazers,132,269,-328
Fri Nov 2 2018,Los Angeles Clippers,120,Orlando Magic,95,-170,147
Fri Nov 2 2018,Houston Rockets,119,Brooklyn Nets,111,-187,161
Fri Nov 2 2018,Indiana Pacers,107,Chicago Bulls,105,-333,271
Fri Nov 2 2018,Oklahoma City Thunder,134,Washington Wizards,111,138,-160
Fri Nov 2 2018,New York Knicks,118,Dallas Mavericks,106,205,-248
Fri Nov 2 2018,Memphis Grizzlies,110,Utah Jazz,100,280,-344
Fri Nov 2 2018,Toronto Raptors,107,Phoenix Suns,98,-682,504
Fri Nov 2 2018,Minnesota Timberwolves,99,Golden State Warriors,116,545,-763
Sat Nov 3 2018,Detroit Pistons,99,Philadelphia 76ers,109,272,-333
Sat Nov 3 2018,Cleveland Cavaliers,94,Charlotte Hornets,126,420,-544
Sat Nov 3 2018,Boston Celtics,101,Indiana Pacers,102,-161,140
Sat Nov 3 2018,Miami Heat,118,Atlanta Hawks,123,-234,194
Sat Nov 3 2018,Houston Rockets,96,Chicago Bulls,88,-389,312
Sat Nov 3 2018,New Orleans Pelicans,95,San Antonio Spurs,109,111,-130
Sat Nov 3 2018,Utah Jazz,88,Denver Nuggets,103,169,-197
Sat Nov 3 2018,Los Angeles Lakers,114,Portland Trail Blazers,110,136,-157
Sun Nov 4 2018,Sacramento Kings,109,Milwaukee Bucks,144,426,-561
Sun Nov 4 2018,Philadelphia 76ers,97,Brooklyn Nets,122,-180,157
Sun Nov 4 2018,New York Knicks,95,Washington Wizards,108,231,-277
Sun Nov 4 2018,Orlando Magic,117,San Antonio Spurs,110,298,-362
Sun Nov 4 2018,Memphis Grizzlies,100,Phoenix Suns,102,-185,161
Sun Nov 4 2018,Minnesota Timberwolves,81,Portland Trail Blazers,111,224,-267
Sun Nov 4 2018,Toronto Raptors,121,Los Angeles Lakers,107,112,-131
Mon Nov 5 2018,Miami Heat,120,Detroit Pistons,115,137,-158
Mon Nov 5 2018,Houston Rockets,98,Indiana Pacers,94,-105,-115
Mon Nov 5 2018,Cleveland Cavaliers,100,Orlando Magic,102,163,-190
Mon Nov 5 2018,Chicago Bulls,116,New York Knicks,115,124,-144
Mon Nov 5 2018,New Orleans Pelicans,116,Oklahoma City Thunder,122,148,-169
Mon Nov 5 2018,Boston Celtics,107,Denver Nuggets,115,101,-116
Mon Nov 5 2018,Toronto Raptors,124,Utah Jazz,111,128,-147
Mon Nov 5 2018,Memphis Grizzlies,101,Golden State Warriors,117,894,-1523
Mon Nov 5 2018,Minnesota Timberwolves,109,Los Angeles Clippers,120,197,-236
Tue Nov 6 2018,Atlanta Hawks,102,Charlotte Hornets,113,603,-851
Tue Nov 6 2018,Washington Wizards,100,Dallas Mavericks,119,-130,110
Tue Nov 6 2018,Brooklyn Nets,104,Phoenix Suns,82,-138,118
Tue Nov 6 2018,Milwaukee Bucks,103,Portland Trail Blazers,118,-134,114
Wed Nov 7 2018,Oklahoma City Thunder,95,Cleveland Cavaliers,86,-273,230
Wed Nov 7 2018,Detroit Pistons,103,Orlando Magic,96,-152,132
Wed Nov 7 2018,New York Knicks,112,Atlanta Hawks,107,-119,101
Wed Nov 7 2018,San Antonio Spurs,88,Miami Heat,95,-105,-116
Wed Nov 7 2018,Philadelphia 76ers,100,Indiana Pacers,94,127,-148
Wed Nov 7 2018,Denver Nuggets,87,Memphis Grizzlies,89,-166,145
Wed Nov 7 2018,Chicago Bulls,98,New Orleans Pelicans,107,533,-727
Wed Nov 7 2018,Dallas Mavericks,102,Utah Jazz,117,412,-531
Wed Nov 7 2018,Toronto Raptors,114,Sacramento Kings,105,-509,393
Wed Nov 7 2018,Minnesota Timberwolves,110,Los Angeles Lakers,114,219,-262
Thu Nov 8 2018,Houston Rockets,80,Oklahoma City Thunder,98,-213,180
Thu Nov 8 2018,Boston Celtics,116,Phoenix Suns,109,-568,436
Thu Nov 8 2018,Los Angeles Clippers,105,Portland Trail Blazers,116,181,-216
Thu Nov 8 2018,Milwaukee Bucks,134,Golden State Warriors,111,220,-264
Fri Nov 9 2018,Washington Wizards,108,Orlando Magic,117,-176,153
Fri Nov 9 2018,Charlotte Hornets,132,Philadelphia 76ers,133,201,-243
Fri Nov 9 2018,Detroit Pistons,124,Atlanta Hawks,109,-229,191
Fri Nov 9 2018,Indiana Pacers,110,Miami Heat,102,-137,121
Fri Nov 9 2018,Brooklyn Nets,112,Denver Nuggets,110,355,-443
Fri Nov 9 2018,Boston Celtics,115,Utah Jazz,123,197,-236
Fri Nov 9 2018,Minnesota Timberwolves,110,Sacramento Kings,121,-135,116
Sat Nov 10 2018,New York Knicks,112,Toronto Raptors,128,986,-1640
Sat Nov 10 2018,Milwaukee Bucks,126,Los Angeles Clippers,128,-195,166
Sat Nov 10 2018,Phoenix Suns,99,New Orleans Pelicans,119,360,-454
Sat Nov 10 2018,Cleveland Cavaliers,98,Chicago Bulls,99,169,-199
Sat Nov 10 2018,Philadelphia 76ers,106,Memphis Grizzlies,112,169,-196
Sat Nov 10 2018,Washington Wizards,116,Miami Heat,110,148,-170
Sat Nov 10 2018,Brooklyn Nets,100,Golden State Warriors,116,293,-356
Sat Nov 10 2018,Houston Rockets,89,San Antonio Spurs,96,-167,146
Sat Nov 10 2018,Oklahoma City Thunder,96,Dallas Mavericks,111,101,-115
Sat Nov 10 2018,Los Angeles Lakers,101,Sacramento Kings,86,-249,208
Sun Nov 11 2018,Charlotte Hornets,113,Detroit Pistons,103,120,-139
Sun Nov 11 2018,Indiana Pacers,103,Houston Rockets,115,125,-145
Sun Nov 11 2018,Orlando Magic,115,New York Knicks,89,138,-159
Sun Nov 11 2018,Milwaukee Bucks,121,Denver Nuggets,114,139,-159
Sun Nov 11 2018,Boston Celtics,94,Portland Trail Blazers,100,111,-130
Sun Nov 11 2018,Atlanta Hawks,106,Los Angeles Lakers,107,569,-804
Mon Nov 12 2018,Orlando Magic,109,Washington Wizards,117,265,-324
Mon Nov 12 2018,Philadelphia 76ers,124,Miami Heat,114,114,-131
Mon Nov 12 2018,New Orleans Pelicans,126,Toronto Raptors,110,421,-554
Mon Nov 12 2018,Dallas Mavericks,103,Chicago Bulls,98,-139,119
Mon Nov 12 2018,Utah Jazz,96,Memphis Grizzlies,88,-176,154
Mon Nov 12 2018,Brooklyn Nets,113,Minnesota Timberwolves,120,157,-180
Mon Nov 12 2018,Phoenix Suns,101,Oklahoma City Thunder,118,304,-376
Mon Nov 12 2018,San Antonio Spurs,99,Sacramento Kings,104,-138,118
Mon Nov 12 2018,Golden State Warriors,116,Los Angeles Clippers,121,-173,150
Tue Nov 13 2018,Charlotte Hornets,89,Cleveland Cavaliers,113,-430,346
Tue Nov 13 2018,Houston Rockets,109,Denver Nuggets,99,155,-177
Tue Nov 13 2018,Atlanta Hawks,103,Golden State Warriors,110,635,-929
Wed Nov 14 2018,Philadelphia 76ers,106,Orlando Magic,111,-227,192
Wed Nov 14 2018,Cleveland Cavaliers,95,Washington Wizards,119,666,-955
Wed Nov 14 2018,Chicago Bulls,82,Boston Celtics,111,714,-1080
Wed Nov 14 2018,Miami Heat,120,Brooklyn Nets,107,-136,116
Wed Nov 14 2018,Detroit Pistons,106,Toronto Raptors,104,407,-528
Wed Nov 14 2018,Memphis Grizzlies,116,Milwaukee Bucks,113,405,-530
Wed Nov 14 2018,New Orleans Pelicans,100,Minnesota Timberwolves,107,-128,109
Wed Nov 14 2018,New York Knicks,103,Oklahoma City Thunder,128,323,-404
Wed Nov 14 2018,Utah Jazz,68,Dallas Mavericks,118,-216,181
Wed Nov 14 2018,San Antonio Spurs,96,Phoenix Suns,116,-241,201
Wed Nov 14 2018,Portland Trail Blazers,117,Los Angeles Lakers,126,114,-134
Thu Nov 15 2018,Golden State Warriors,86,Houston Rockets,107,148,-170
Thu Nov 15 2018,Atlanta Hawks,93,Denver Nuggets,138,802,-1235
Thu Nov 15 2018,San Antonio Spurs,111,Los Angeles Clippers,116,217,-259
Fri Nov 16 2018,Toronto Raptors,116,Boston Celtics,123,111,-131
Fri Nov 16 2018,Miami Heat,91,Indiana Pacers,99,179,-215
Fri Nov 16 2018,Utah Jazz,107,Philadelphia 76ers,113,129,-149
Fri Nov 16 2018,Brooklyn Nets,115,Washington Wizards,104,210,-252
Fri Nov 16 2018,Sacramento Kings,104,Memphis Grizzlies,112,218,-260
Fri Nov 16 2018,Portland Trail Blazers,96,Minnesota Timberwolves,112,101,-119
Fri Nov 16 2018,New York Knicks,124,New Orleans Pelicans,129,518,-711
Fri Nov 16 2018,Chicago Bulls,104,Milwaukee Bucks,123,1005,-1677
Sat Nov 17 2018,Los Angeles Clippers,127,Brooklyn Nets,119,-183,158
Sat Nov 17 2018,Philadelphia 76ers,122,Charlotte Hornets,119,124,-144
Sat Nov 17 2018,Atlanta Hawks,89,Indiana Pacers,97,543,-759
Sat Nov 17 2018,Denver Nuggets,115,New Orleans Pelicans,125,-106,-114
Sat Nov 17 2018,Los Angeles Lakers,117,Orlando Magic,130,-176,154
Sat Nov 17 2018,Utah Jazz,98,Boston Celtics,86,154,-177
Sat Nov 17 2018,Toronto Raptors,122,Chicago Bulls,83,-517,399
Sat Nov 17 2018,Sacramento Kings,112,Houston Rockets,132,663,-959
Sat Nov 17 2018,Golden State Warriors,109,Dallas Mavericks,112,-129,109
Sat Nov 17 2018,Oklahoma City Thunder,110,Phoenix Suns,100,-196,168
Sun Nov 18 2018,Memphis Grizzlies,100,Minnesota Timberwolves,87,184,-220
Sun Nov 18 2018,Los Angeles Lakers,113,Miami Heat,97,-122,102
Sun Nov 18 2018,New York Knicks,117,Orlando Magic,131,171,-201
Sun Nov 18 2018,Portland Trail Blazers,119,Washington Wizards,109,-116,-105
Sun Nov 18 2018,Golden State Warriors,92,San Antonio Spurs,104,123,-143
Mon Nov 19 2018,Boston Celtics,112,Charlotte Hornets,117,-162,141
Mon Nov 19 2018,Cleveland Cavaliers,102,Detroit Pistons,113,407,-524
Mon Nov 19 2018,Utah Jazz,94,Indiana Pacers,121,-170,149
Mon Nov 19 2018,Phoenix Suns,114,Philadelphia 76ers,119,614,-893
Mon Nov 19 2018,Los Angeles Clippers,127,Atlanta Hawks,119,-271,227
Mon Nov 19 2018,Dallas Mavericks,88,Memphis Grizzlies,98,134,-155
Mon Nov 19 2018,Denver Nuggets,98,Milwaukee Bucks,104,203,-245
Mon Nov 19 2018,San Antonio Spurs,126,New Orleans Pelicans,140,258,-314
Mon Nov 19 2018,Oklahoma City Thunder,113,Sacramento Kings,117,-196,166
Tue Nov 20 2018,Toronto Raptors,93,Orlando Magic,91,-301,250
Tue Nov 20 2018,Los Angeles Clippers,118,Washington Wizards,125,-112,-110
Tue Nov 20 2018,Brooklyn Nets,104,Miami Heat,92,124,-143
Tue Nov 20 2018,Portland Trail Blazers,118,New York Knicks,114,-302,252
Wed Nov 21 2018,Indiana Pacers,109,Charlotte Hornets,127,142,-164
Wed Nov 21 2018,New Orleans Pelicans,120,Philadelphia 76ers,121,148,-169
Wed Nov 21 2018,Toronto Raptors,124,Atlanta Hawks,108,-365,298
Wed Nov 21 2018,New York Knicks,117,Boston Celtics,109,993,-1712
Wed Nov 21 2018,Phoenix Suns,116,Chicago Bulls,124,-122,102
Wed Nov 21 2018,Los Angeles Lakers,109,Cleveland Cavaliers,105,-503,391
Wed Nov 21 2018,Detroit Pistons,124,Houston Rockets,126,332,-416
Wed Nov 21 2018,Portland Trail Blazers,100,Milwaukee Bucks,143,248,-299
Wed Nov 21 2018,Denver Nuggets,103,Minnesota Timberwolves,101,-106,-114
Wed Nov 21 2018,Brooklyn Nets,113,Dallas Mavericks,119,184,-219
Wed Nov 21 2018,Memphis Grizzlies,104,San Antonio Spurs,103,129,-149
Wed Nov 21 2018,Sacramento Kings,119,Utah Jazz,110,385,-487
Wed Nov 21 2018,Oklahoma City Thunder,123,Golden State Warriors,95,-113,-107
Fri Nov 23 2018,Minnesota Timberwolves,112,Brooklyn Nets,102,-130,110
Fri Nov 23 2018,Memphis Grizzlies,107,Los Angeles Clippers,112,159,-184
Fri Nov 23 2018,Houston Rockets,111,Detroit Pistons,116,-179,155
Fri Nov 23 2018,Boston Celtics,114,Atlanta Hawks,96,-343,279
Fri Nov 23 2018,New Orleans Pelicans,109,New York Knicks,114,-311,256
Fri Nov 23 2018,Cleveland Cavaliers,121,Philadelphia 76ers,112,806,-1275
Fri Nov 23 2018,Washington Wizards,107,Toronto Raptors,125,429,-567
Fri Nov 23 2018,Miami Heat,103,Chicago Bulls,96,-171,149
Fri Nov 23 2018,San Antonio Spurs,111,Indiana Pacers,100,106,-126
Fri Nov 23 2018,Charlotte Hornets,104,Oklahoma City Thunder,109,232,-275
Fri Nov 23 2018,Phoenix Suns,116,Milwaukee Bucks,114,881,-1356
Fri Nov 23 2018,Orlando Magic,87,Denver Nuggets,112,314,-387
Fri Nov 23 2018,Portland Trail Blazers,97,Golden State Warriors,125,100,-118
Fri Nov 23 2018,Utah Jazz,83,Los Angeles Lakers,90,126,-147
Sat Nov 24 2018,Houston Rockets,108,Cleveland Cavaliers,117,-307,254
Sat Nov 24 2018,Chicago Bulls,96,Minnesota Timberwolves,111,507,-687
Sat Nov 24 2018,Denver Nuggets,105,Oklahoma City Thunder,98,205,-244
Sat Nov 24 2018,New Orleans Pelicans,114,Washington Wizards,124,138,-158
Sat Nov 24 2018,Boston Celtics,104,Dallas Mavericks,113,-145,126
Sat Nov 24 2018,Sacramento Kings,116,Golden State Warriors,117,225,-268
Sat Nov 24 2018,San Antonio Spurs,129,Milwaukee Bucks,135,383,-492
Sun Nov 25 2018,Orlando Magic,108,Los Angeles Lakers,104,300,-367
Sun Nov 25 2018,Phoenix Suns,107,Detroit Pistons,118,313,-386
Sun Nov 25 2018,Charlotte Hornets,123,Atlanta Hawks,124,-279,234
Sun Nov 25 2018,Philadelphia 76ers,127,Brooklyn Nets,125,-193,166
Sun Nov 25 2018,New York Knicks,103,Memphis Grizzlies,98,285,-349
Sun Nov 25 2018,Miami Heat,115,Toronto Raptors,125,639,-916
Sun Nov 25 2018,Utah Jazz,133,Sacramento Kings,112,-168,143
Sun Nov 25 2018,Los Angeles Clippers,104,Portland Trail Blazers,100,155,-179
Mon Nov 26 2018,Milwaukee Bucks,107,Charlotte Hornets,110,-195,168
Mon Nov 26 2018,Minnesota Timberwolves,102,Cleveland Cavaliers,95,-233,195
Mon Nov 26 2018,Houston Rockets,131,Washington Wizards,135,-113,-115
Mon Nov 26 2018,San Antonio Spurs,108,Chicago Bulls,107,-266,220
Mon Nov 26 2018,Boston Celtics,124,New Orleans Pelicans,107,116,-136
Mon Nov 26 2018,Indiana Pacers,121,Utah Jazz,88,168,-198
Mon Nov 26 2018,Orlando Magic,110,Golden State Warriors,116,249,-305
Tue Nov 27 2018,New York Knicks,108,Detroit Pistons,115,259,-317
Tue Nov 27 2018,Atlanta Hawks,115,Miami Heat,113,283,-344
Tue Nov 27 2018,Toronto Raptors,122,Memphis Grizzlies,114,-229,191
Tue Nov 27 2018,Los Angeles Lakers,85,Denver Nuggets,117,128,-148
Tue Nov 27 2018,Indiana Pacers,109,Phoenix Suns,104,-143,123
Wed Nov 28 2018,Atlanta Hawks,94,Charlotte Hornets,108,647,-926
Wed Nov 28 2018,New York Knicks,91,Philadelphia 76ers,117,714,-1070
Wed Nov 28 2018,Utah Jazz,101,Brooklyn Nets,91,-161,140
Wed Nov 28 2018,Dallas Mavericks,128,Houston Rockets,108,207,-247
Wed Nov 28 2018,Chicago Bulls,113,Milwaukee Bucks,116,979,-1690
Wed Nov 28 2018,San Antonio Spurs,89,Minnesota Timberwolves,128,162,-188
Wed Nov 28 2018,Washington Wizards,104,New Orleans Pelicans,125,200,-239
Wed Nov 28 2018,Cleveland Cavaliers,83,Oklahoma City Thunder,100,793,-1224
Wed Nov 28 2018,Orlando Magic,112,Portland Trail Blazers,115,393,-505
Wed Nov 28 2018,Phoenix Suns,99,Los Angeles Clippers,115,564,-800
Thu Nov 29 2018,Golden State Warriors,128,Toronto Raptors,131,359,-456
Thu Nov 29 2018,Indiana Pacers,96,Los Angeles Lakers,104,182,-218
Thu Nov 29 2018,Los Angeles Clippers,133,Sacramento Kings,121,-133,112
Fri Nov 30 2018,Cleveland Cavaliers,95,Boston Celtics,128,719,-1093
Fri Nov 30 2018,Utah Jazz,119,Charlotte Hornets,111,117,-137
Fri Nov 30 2018,Chicago Bulls,88,Detroit Pistons,107,331,-416
Fri Nov 30 2018,Washington Wizards,98,Philadelphia 76ers,123,334,-418
Fri Nov 30 2018,Memphis Grizzlies,131,Brooklyn Nets,125,-137,118
Fri Nov 30 2018,New Orleans Pelicans,101,Miami Heat,106,-150,130
Fri Nov 30 2018,Atlanta Hawks,109,Oklahoma City Thunder,124,778,-1164
Fri Nov 30 2018,Houston Rockets,136,San Antonio Spurs,105,-176,154
Fri Nov 30 2018,Orlando Magic,99,Phoenix Suns,85,-184,160
Fri Nov 30 2018,Dallas Mavericks,103,Los Angeles Lakers,114,153,-175
Fri Nov 30 2018,Denver Nuggets,113,Portland Trail Blazers,112,103,-123
Sat Dec 1 2018,Milwaukee Bucks,134,New York Knicks,136,-383,309
Sat Dec 1 2018,Golden State Warriors,102,Detroit Pistons,111,-196,167
Sat Dec 1 2018,Brooklyn Nets,88,Washington Wizards,102,223,-268
Sat Dec 1 2018,Toronto Raptors,106,Cleveland Cavaliers,95,-937,646
Sat Dec 1 2018,Chicago Bulls,105,Houston Rockets,121,839,-1315
Sat Dec 1 2018,Boston Celtics,118,Minnesota Timberwolves,109,104,-124
Sat Dec 1 2018,Indiana Pacers,110,Sacramento Kings,111,-123,104
Sun Dec 2 2018,Phoenix Suns,96,Los Angeles Lakers,120,585,-835
Sun Dec 2 2018,New Orleans Pelicans,119,Charlotte Hornets,109,129,-149
Sun Dec 2 2018,Utah Jazz,100,Miami Heat,102,-173,151
Sun Dec 2 2018,Memphis Grizzlies,95,Philadelphia 76ers,103,213,-255
Sun Dec 2 2018,Los Angeles Clippers,110,Dallas Mavericks,114,-155,135
Sun Dec 2 2018,Portland Trail Blazers,118,San Antonio Spurs,131,-112,-107
Mon Dec 3 2018,Oklahoma City Thunder,110,Detroit Pistons,83,-138,118
Mon Dec 3 2018,Golden State Warriors,128,Atlanta Hawks,111,-720,515
Mon Dec 3 2018,Cleveland Cavaliers,99,Brooklyn Nets,97,206,-248
Mon Dec 3 2018,Washington Wizards,110,New York Knicks,107,-133,113
Mon Dec 3 2018,Denver Nuggets,106,Toronto Raptors,103,242,-291
Mon Dec 3 2018,Houston Rockets,91,Minnesota Timberwolves,103,-140,120
Mon Dec 3 2018,Los Angeles Clippers,129,New Orleans Pelicans,126,108,-127
Tue Dec 4 2018,Chicago Bulls,90,Indiana Pacers,96,302,-371
Tue Dec 4 2018,Orlando Magic,105,Miami Heat,90,127,-147
Tue Dec 4 2018,Portland Trail Blazers,102,Dallas Mavericks,111,104,-124
Tue Dec 4 2018,Sacramento Kings,122,Phoenix Suns,105,-228,190
Tue Dec 4 2018,San Antonio Spurs,105,Utah Jazz,139,268,-327
Wed Dec 5 2018,Golden State Warriors,129,Cleveland Cavaliers,105,-860,603
Wed Dec 5 2018,Denver Nuggets,124,Orlando Magic,118,-187,161
Wed Dec 5 2018,Washington Wizards,131,Atlanta Hawks,117,-161,140
Wed Dec 5 2018,Oklahoma City Thunder,114,Brooklyn Nets,112,-262,220
Wed Dec 5 2018,Los Angeles Clippers,86,Memphis Grizzlies,96,111,-131
Wed Dec 5 2018,Detroit Pistons,92,Milwaukee Bucks,115,250,-303
Wed Dec 5 2018,Charlotte Hornets,104,Minnesota Timberwolves,121,168,-197
Wed Dec 5 2018,Dallas Mavericks,106,New Orleans Pelicans,132,182,-218
Wed Dec 5 2018,Philadelphia 76ers,102,Toronto Raptors,113,228,-271
Wed Dec 5 2018,San Antonio Spurs,113,Los Angeles Lakers,121,307,-377
Thu Dec 6 2018,New York Knicks,100,Boston Celtics,128,840,-1365
Thu Dec 6 2018,Phoenix Suns,86,Portland Trail Blazers,108,759,-1175
Thu Dec 6 2018,Houston Rockets,91,Utah Jazz,118,101,-119
Fri Dec 7 2018,Denver Nuggets,107,Charlotte Hornets,113,103,-118
Fri Dec 7 2018,Philadelphia 76ers,117,Detroit Pistons,111,113,-131
Fri Dec 7 2018,Indiana Pacers,112,Orlando Magic,90,152,-174
Fri Dec 7 2018,Toronto Raptors,105,Brooklyn Nets,106,-420,334
Fri Dec 7 2018,Sacramento Kings,129,Cleveland Cavaliers,110,-150,130
Fri Dec 7 2018,Oklahoma City Thunder,112,Chicago Bulls,114,-449,358
Fri Dec 7 2018,Memphis Grizzlies,107,New Orleans Pelicans,103,191,-229
Fri Dec 7 2018,Los Angeles Lakers,120,San Antonio Spurs,133,-117,-102
Fri Dec 7 2018,Miami Heat,115,Phoenix Suns,98,-403,323
Fri Dec 7 2018,Golden State Warriors,105,Milwaukee Bucks,95,-102,-124
Sat Dec 8 2018,Houston Rockets,104,Dallas Mavericks,107,-164,144
Sat Dec 8 2018,Sacramento Kings,97,Indiana Pacers,107,182,-216
Sat Dec 8 2018,Denver Nuggets,98,Atlanta Hawks,106,-239,198
Sat Dec 8 2018,Washington Wizards,101,Cleveland Cavaliers,116,-328,268
Sat Dec 8 2018,Brooklyn Nets,112,New York Knicks,104,110,-129
Sat Dec 8 2018,Boston Celtics,133,Chicago Bulls,77,-350,288
Sat Dec 8 2018,Los Angeles Lakers,111,Memphis Grizzlies,88,118,-137
Sat Dec 8 2018,Minnesota Timberwolves,105,Portland Trail Blazers,113,150,-171
Sat Dec 8 2018,Miami Heat,121,Los Angeles Clippers,98,432,-567
Sun Dec 9 2018,New Orleans Pelicans,116,Detroit Pistons,108,-137,116
Sun Dec 9 2018,Milwaukee Bucks,104,Toronto Raptors,99,174,-204
Sun Dec 9 2018,Utah Jazz,97,San Antonio Spurs,110,-172,150
Sun Dec 9 2018,Charlotte Hornets,119,New York Knicks,107,-241,202
Mon Dec 10 2018,Washington Wizards,101,Indiana Pacers,109,207,-248
Mon Dec 10 2018,Detroit Pistons,102,Philadelphia 76ers,116,574,-808
Mon Dec 10 2018,New Orleans Pelicans,100,Boston Celtics,113,117,-135
Mon Dec 10 2018,Sacramento Kings,108,Chicago Bulls,89,-134,114
Mon Dec 10 2018,Cleveland Cavaliers,92,Milwaukee Bucks,108,487,-698
Mon Dec 10 2018,Utah Jazz,113,Oklahoma City Thunder,122,173,-205
Mon Dec 10 2018,Orlando Magic,76,Dallas Mavericks,101,166,-194
Mon Dec 10 2018,Memphis Grizzlies,99,Denver Nuggets,105,142,-162
Mon Dec 10 2018,Los Angeles Clippers,123,Phoenix Suns,119,-512,399
Mon Dec 10 2018,Minnesota Timberwolves,108,Golden State Warriors,116,409,-534
Mon Dec 10 2018,Miami Heat,105,Los Angeles Lakers,108,188,-227
Tue Dec 11 2018,Portland Trail Blazers,104,Houston Rockets,111,211,-253
Tue Dec 11 2018,Phoenix Suns,86,San Antonio Spurs,111,770,-1188
Tue Dec 11 2018,Toronto Raptors,123,Los Angeles Clippers,99,-156,135
Wed Dec 12 2018,Detroit Pistons,107,Charlotte Hornets,108,194,-233
Wed Dec 12 2018,New York Knicks,106,Cleveland Cavaliers,113,-118,101
Wed Dec 12 2018,Milwaukee Bucks,97,Indiana Pacers,113,-131,111
Wed Dec 12 2018,Brooklyn Nets,127,Philadelphia 76ers,124,215,-257
Wed Dec 12 2018,Boston Celtics,130,Washington Wizards,125,-177,155
Wed Dec 12 2018,Portland Trail Blazers,83,Memphis Grizzlies,92,136,-157
Wed Dec 12 2018,Oklahoma City Thunder,114,New Orleans Pelicans,118,-138,118
Wed Dec 12 2018,Atlanta Hawks,107,Dallas Mavericks,114,396,-513
Wed Dec 12 2018,Miami Heat,84,Utah Jazz,111,317,-399
Wed Dec 12 2018,Minnesota Timberwolves,130,Sacramento Kings,141,-155,134
Wed Dec 12 2018,Toronto Raptors,113,Golden State Warriors,93,286,-353
Thu Dec 13 2018,Los Angeles Lakers,111,Houston Rockets,126,194,-236
Thu Dec 13 2018,Los Angeles Clippers,87,San Antonio Spurs,125,132,-151
Thu Dec 13 2018,Chicago Bulls,91,Orlando Magic,97,197,-235
Thu Dec 13 2018,Dallas Mavericks,89,Phoenix Suns,99,-240,200
Fri Dec 14 2018,Atlanta Hawks,108,Boston Celtics,129,689,-1033
Fri Dec 14 2018,New York Knicks,126,Charlotte Hornets,124,442,-580
Fri Dec 14 2018,Washington Wizards,118,Brooklyn Nets,125,132,-152
Fri Dec 14 2018,Milwaukee Bucks,114,Cleveland Cavaliers,102,-521,407
Fri Dec 14 2018,Indiana Pacers,113,Philadelphia 76ers,101,122,-142
Fri Dec 14 2018,Miami Heat,100,Memphis Grizzlies,97,157,-179
Fri Dec 14 2018,Oklahoma City Thunder,98,Denver Nuggets,109,-131,111
Fri Dec 14 2018,Toronto Raptors,122,Portland Trail Blazers,128,-122,104
Fri Dec 14 2018,Golden State Warriors,130,Sacramento Kings,125,-332,271
Sat Dec 15 2018,Utah Jazz,89,Orlando Magic,96,-250,211
Sat Dec 15 2018,Los Angeles Lakers,128,Charlotte Hornets,100,-123,-101
Sat Dec 15 2018,Boston Celtics,104,Detroit Pistons,113,-134,114
Sat Dec 15 2018,Houston Rockets,105,Memphis Grizzlies,97,-203,172
Sat Dec 15 2018,Chicago Bulls,98,San Antonio Spurs,93,424,-554
Sat Dec 15 2018,Los Angeles Clippers,104,Oklahoma City Thunder,110,222,-264
Sat Dec 15 2018,Minnesota Timberwolves,99,Phoenix Suns,107,-325,269
Sun Dec 16 2018,Atlanta Hawks,127,Brooklyn Nets,144,247,-296
Sun Dec 16 2018,Philadelphia 76ers,128,Cleveland Cavaliers,105,-412,331
Sun Dec 16 2018,New York Knicks,99,Indiana Pacers,110,610,-858
Sun Dec 16 2018,Los Angeles Lakers,110,Washington Wizards,128,-164,144
Sun Dec 16 2018,Sacramento Kings,120,Dallas Mavericks,113,167,-193
Sun Dec 16 2018,Miami Heat,102,New Orleans Pelicans,96,205,-246
Sun Dec 16 2018,Toronto Raptors,86,Denver Nuggets,95,136,-156
Mon Dec 17 2018,Milwaukee Bucks,107,Detroit Pistons,104,-153,133
Mon Dec 17 2018,Phoenix Suns,128,New York Knicks,110,-119,-103
Mon Dec 17 2018,Utah Jazz,97,Houston Rockets,102,175,-206
Mon Dec 17 2018,Sacramento Kings,105,Minnesota Timberwolves,132,281,-341
Mon Dec 17 2018,Chicago Bulls,96,Oklahoma City Thunder,121,727,-1078
Mon Dec 17 2018,Philadelphia 76ers,96,San Antonio Spurs,123,-104,-117
Mon Dec 17 2018,Memphis Grizzlies,93,Golden State Warriors,110,759,-1164
Mon Dec 17 2018,Portland Trail Blazers,131,Los Angeles Clippers,127,100,-116
Tue Dec 18 2018,Cleveland Cavaliers,92,Indiana Pacers,91,713,-1068
Tue Dec 18 2018,Washington Wizards,110,Atlanta Hawks,118,-154,133
Tue Dec 18 2018,Los Angeles Lakers,110,Brooklyn Nets,115,-126,106
Tue Dec 18 2018,Dallas Mavericks,118,Denver Nuggets,126,168,-196
Wed Dec 19 2018,Cleveland Cavaliers,99,Charlotte Hornets,110,816,-1270
Wed Dec 19 2018,San Antonio Spurs,129,Orlando Magic,90,-157,137
Wed Dec 19 2018,New York Knicks,109,Philadelphia 76ers,131,707,-1048
Wed Dec 19 2018,Phoenix Suns,111,Boston Celtics,103,619,-899
Wed Dec 19 2018,Indiana Pacers,96,Toronto Raptors,99,158,-182
Wed Dec 19 2018,Brooklyn Nets,96,Chicago Bulls,93,-121,102
Wed Dec 19 2018,Washington Wizards,118,Houston Rockets,136,533,-743
Wed Dec 19 2018,New Orleans Pelicans,115,Milwaukee Bucks,123,332,-417
Wed Dec 19 2018,Detroit Pistons,129,Minnesota Timberwolves,123,196,-237
Wed Dec 19 2018,Golden State Warriors,103,Utah Jazz,108,-133,113
Wed Dec 19 2018,Memphis Grizzlies,92,Portland Trail Blazers,99,212,-252
Wed Dec 19 2018,Oklahoma City Thunder,132,Sacramento Kings,113,-180,158
Thu Dec 20 2018,Houston Rockets,99,Miami Heat,101,-146,126
Thu Dec 20 2018,Dallas Mavericks,121,Los Angeles Clippers,125,134,-155
Fri Dec 21 2018,Detroit Pistons,86,Charlotte Hornets,98,158,-182
Fri Dec 21 2018,Cleveland Cavaliers,110,Toronto Raptors,126,565,-784
Fri Dec 21 2018,Indiana Pacers,114,Brooklyn Nets,106,-148,130
Fri Dec 21 2018,Atlanta Hawks,114,New York Knicks,107,117,-137
Fri Dec 21 2018,Milwaukee Bucks,120,Boston Celtics,107,-122,103
Fri Dec 21 2018,Orlando Magic,80,Chicago Bulls,90,-159,140
Fri Dec 21 2018,Minnesota Timberwolves,98,San Antonio Spurs,124,149,-170
Fri Dec 21 2018,Utah Jazz,120,Portland Trail Blazers,90,105,-123
Fri Dec 21 2018,Memphis Grizzlies,99,Sacramento Kings,102,110,-130
Fri Dec 21 2018,New Orleans Pelicans,104,Los Angeles Lakers,112,201,-241
Sat Dec 22 2018,Denver Nuggets,111,Los Angeles Clippers,132,113,-132
Sat Dec 22 2018,Phoenix Suns,146,Washington Wizards,149,168,-196
Sat Dec 22 2018,Toronto Raptors,101,Philadelphia 76ers,126,273,-337
Sat Dec 22 2018,San Antonio Spurs,101,Houston Rockets,108,167,-194
Sat Dec 22 2018,Milwaukee Bucks,87,Miami Heat,94,-129,109
Sat Dec 22 2018,Dallas Mavericks,116,Golden State Warriors,120,557,-773
Sat Dec 22 2018,Oklahoma City Thunder,107,Utah Jazz,106,114,-134
Sun Dec 23 2018,Atlanta Hawks,98,Detroit Pistons,95,370,-466
Sun Dec 23 2018,Washington Wizards,89,Indiana Pacers,105,466,-619
Sun Dec 23 2018,Charlotte Hornets,103,Boston Celtics,119,258,-316
Sun Dec 23 2018,Phoenix Suns,103,Brooklyn Nets,111,340,-428
Sun Dec 23 2018,Chicago Bulls,112,Cleveland Cavaliers,92,-105,-115
Sun Dec 23 2018,Miami Heat,115,Orlando Magic,91,115,-135
Sun Dec 23 2018,New Orleans Pelicans,117,Sacramento Kings,122,-117,-104
Sun Dec 23 2018,Minnesota Timberwolves,114,Oklahoma City Thunder,112,233,-278
Sun Dec 23 2018,Los Angeles Clippers,127,Golden State Warriors,129,489,-658
Sun Dec 23 2018,Dallas Mavericks,118,Portland Trail Blazers,121,265,-321
Sun Dec 23 2018,Memphis Grizzlies,107,Los Angeles Lakers,99,185,-219
Tue Dec 25 2018,Milwaukee Bucks,109,New York Knicks,95,-543,417
Tue Dec 25 2018,Oklahoma City Thunder,109,Houston Rockets,113,-117,-104
Tue Dec 25 2018,Philadelphia 76ers,114,Boston Celtics,121,179,-213
Tue Dec 25 2018,Los Angeles Lakers,127,Golden State Warriors,101,348,-436
Tue Dec 25 2018,Portland Trail Blazers,96,Utah Jazz,117,231,-278
Wed Dec 26 2018,Washington Wizards,95,Detroit Pistons,106,160,-186
Wed Dec 26 2018,Phoenix Suns,122,Orlando Magic,120,184,-220
Wed Dec 26 2018,Indiana Pacers,129,Atlanta Hawks,121,-277,232
Wed Dec 26 2018,Charlotte Hornets,132,Brooklyn Nets,134,101,-120
Wed Dec 26 2018,Toronto Raptors,106,Miami Heat,104,-130,110
Wed Dec 26 2018,Minnesota Timberwolves,119,Chicago Bulls,94,-179,155
Wed Dec 26 2018,Cleveland Cavaliers,87,Memphis Grizzlies,95,402,-518
Wed Dec 26 2018,New Orleans Pelicans,119,Dallas Mavericks,122,113,-134
Wed Dec 26 2018,Denver Nuggets,103,San Antonio Spurs,111,154,-176
Wed Dec 26 2018,Sacramento Kings,118,Los Angeles Clippers,127,171,-201
Thu Dec 27 2018,Boston Celtics,113,Houston Rockets,127,-140,120
Thu Dec 27 2018,New York Knicks,96,Milwaukee Bucks,112,848,-1366
Thu Dec 27 2018,Los Angeles Lakers,116,Sacramento Kings,117,163,-189
Thu Dec 27 2018,Portland Trail Blazers,110,Golden State Warriors,109,336,-421
Thu Dec 27 2018,Philadelphia 76ers,114,Utah Jazz,97,173,-204
Fri Dec 28 2018,Brooklyn Nets,87,Charlotte Hornets,100,169,-198
Fri Dec 28 2018,Detroit Pistons,88,Indiana Pacers,125,240,-289
Fri Dec 28 2018,Toronto Raptors,87,Orlando Magic,116,-200,170
Fri Dec 28 2018,Chicago Bulls,101,Washington Wizards,92,163,-189
Fri Dec 28 2018,Cleveland Cavaliers,94,Miami Heat,118,440,-580
Fri Dec 28 2018,Atlanta Hawks,123,Minnesota Timberwolves,120,385,-494
Fri Dec 28 2018,Dallas Mavericks,112,New Orleans Pelicans,114,149,-170
Fri Dec 28 2018,San Antonio Spurs,99,Denver Nuggets,102,163,-189
Fri Dec 28 2018,Oklahoma City Thunder,118,Phoenix Suns,102,-188,162
Fri Dec 28 2018,Los Angeles Clippers,118,Los Angeles Lakers,107,-291,242
Sat Dec 29 2018,Brooklyn Nets,115,Milwaukee Bucks,129,478,-647
Sat Dec 29 2018,Houston Rockets,108,New Orleans Pelicans,104,-160,138
Sat Dec 29 2018,Charlotte Hornets,126,Washington Wizards,130,-168,147
Sat Dec 29 2018,Cleveland Cavaliers,108,Atlanta Hawks,111,153,-176
Sat Dec 29 2018,Boston Celtics,112,Memphis Grizzlies,103,-170,148
Sat Dec 29 2018,New York Knicks,97,Utah Jazz,129,623,-911
Sat Dec 29 2018,Denver Nuggets,122,Phoenix Suns,118,-190,163
Sat Dec 29 2018,Golden State Warriors,115,Portland Trail Blazers,105,-210,177
Sat Dec 29 2018,San Antonio Spurs,122,Los Angeles Clippers,111,121,-142
Sun Dec 30 2018,Detroit Pistons,107,Orlando Magic,109,104,-124
Sun Dec 30 2018,Minnesota Timberwolves,113,Miami Heat,104,148,-168
Sun Dec 30 2018,Chicago Bulls,89,Toronto Raptors,95,480,-646
Sun Dec 30 2018,Oklahoma City Thunder,103,Dallas Mavericks,105,-137,117
Sun Dec 30 2018,Philadelphia 76ers,95,Portland Trail Blazers,129,130,-149
Sun Dec 30 2018,Sacramento Kings,114,Los Angeles Lakers,121,113,-132
Mon Dec 31 2018,Atlanta Hawks,108,Indiana Pacers,116,785,-1211
Mon Dec 31 2018,Orlando Magic,100,Charlotte Hornets,125,288,-351
Mon Dec 31 2018,Memphis Grizzlies,101,Houston Rockets,113,158,-181
Mon Dec 31 2018,Boston Celtics,111,San Antonio Spurs,120,-121,102
Mon Dec 31 2018,Minnesota Timberwolves,114,New Orleans Pelicans,123,158,-188
Mon Dec 31 2018,Dallas Mavericks,102,Oklahoma City Thunder,122,261,-315
Mon Dec 31 2018,Golden State Warriors,132,Phoenix Suns,109,-608,463
Tue Jan 1 2019,Utah Jazz,116,Toronto Raptors,122,-103,-118
Tue Jan 1 2019,Detroit Pistons,98,Milwaukee Bucks,121,431,-565
Tue Jan 1 2019,New York Knicks,108,Denver Nuggets,115,782,-1206
Tue Jan 1 2019,Portland Trail Blazers,113,Sacramento Kings,108,-118,100
Tue Jan 1 2019,Philadelphia 76ers,119,Los Angeles Clippers,113,-121,103
Wed Jan 2 2019,Dallas Mavericks,122,Charlotte Hornets,84,101,-120
Wed Jan 2 2019,Miami Heat,117,Cleveland Cavaliers,92,-244,203
Wed Jan 2 2019,Atlanta Hawks,98,Washington Wizards,114,217,-259
Wed Jan 2 2019,New Orleans Pelicans,121,Brooklyn Nets,126,-130,110
Wed Jan 2 2019,Minnesota Timberwolves,102,Boston Celtics,115,218,-261
Wed Jan 2 2019,Orlando Magic,112,Chicago Bulls,84,-117,100
Wed Jan 2 2019,Detroit Pistons,101,Memphis Grizzlies,94,209,-250
Wed Jan 2 2019,Philadelphia 76ers,132,Phoenix Suns,127,-165,144
Wed Jan 2 2019,Oklahoma City Thunder,107,Los Angeles Lakers,100,-220,183
Thu Jan 3 2019,Toronto Raptors,107,San Antonio Spurs,125,141,-163
Thu Jan 3 2019,Denver Nuggets,117,Sacramento Kings,113,-171,149
Thu Jan 3 2019,Houston Rockets,135,Golden State Warriors,134,313,-389
Fri Jan 4 2019,Utah Jazz,117,Cleveland Cavaliers,91,-512,398
Fri Jan 4 2019,Dallas Mavericks,93,Boston Celtics,114,154,-178
Fri Jan 4 2019,Indiana Pacers,119,Chicago Bulls,116,-305,253
Fri Jan 4 2019,Brooklyn Nets,109,Memphis Grizzlies,100,152,-175
Fri Jan 4 2019,Washington Wizards,109,Miami Heat,115,245,-296
Fri Jan 4 2019,Orlando Magic,103,Minnesota Timberwolves,120,156,-180
Fri Jan 4 2019,Atlanta Hawks,112,Milwaukee Bucks,144,824,-1304
Fri Jan 4 2019,Los Angeles Clippers,121,Phoenix Suns,111,-200,170
Fri Jan 4 2019,New York Knicks,119,Los Angeles Lakers,112,201,-242
Fri Jan 4 2019,Oklahoma City Thunder,111,Portland Trail Blazers,109,-108,-113
Sat Jan 5 2019,Charlotte Hornets,110,Denver Nuggets,123,355,-446
Sat Jan 5 2019,Utah Jazz,110,Detroit Pistons,105,-177,155
Sat Jan 5 2019,Dallas Mavericks,100,Philadelphia 76ers,106,227,-271
Sat Jan 5 2019,New Orleans Pelicans,133,Cleveland Cavaliers,98,-477,374
Sat Jan 5 2019,Toronto Raptors,123,Milwaukee Bucks,116,197,-238
Sat Jan 5 2019,Memphis Grizzlies,88,San Antonio Spurs,108,324,-402
Sat Jan 5 2019,Houston Rockets,101,Portland Trail Blazers,110,113,-134
Sat Jan 5 2019,Golden State Warriors,127,Sacramento Kings,123,-344,282
Sun Jan 6 2019,Brooklyn Nets,117,Chicago Bulls,100,-137,117
Sun Jan 6 2019,Orlando Magic,96,Los Angeles Clippers,106,231,-276
Sun Jan 6 2019,Los Angeles Lakers,86,Minnesota Timberwolves,108,271,-333
Sun Jan 6 2019,Miami Heat,82,Atlanta Hawks,106,-274,229
Sun Jan 6 2019,Washington Wizards,116,Oklahoma City Thunder,98,440,-582
Sun Jan 6 2019,Indiana Pacers,105,Toronto Raptors,121,102,-121
Sun Jan 6 2019,Charlotte Hornets,119,Phoenix Suns,113,106,-124
Mon Jan 7 2019,San Antonio Spurs,119,Detroit Pistons,107,-153,133
Mon Jan 7 2019,Brooklyn Nets,95,Boston Celtics,116,461,-609
Mon Jan 7 2019,Denver Nuggets,113,Houston Rockets,125,101,-120
Mon Jan 7 2019,Utah Jazz,102,Milwaukee Bucks,114,185,-219
Mon Jan 7 2019,Memphis Grizzlies,95,New Orleans Pelicans,114,183,-211
Mon Jan 7 2019,Los Angeles Lakers,107,Dallas Mavericks,97,271,-328
Mon Jan 7 2019,New York Knicks,101,Portland Trail Blazers,111,610,-856
Mon Jan 7 2019,Orlando Magic,95,Sacramento Kings,111,167,-194
Tue Jan 8 2019,Indiana Pacers,123,Cleveland Cavaliers,115,-538,415
Tue Jan 8 2019,Washington Wizards,115,Philadelphia 76ers,132,291,-357
Tue Jan 8 2019,Denver Nuggets,103,Miami Heat,99,108,-128
Tue Jan 8 2019,Atlanta Hawks,101,Toronto Raptors,104,780,-1186
Tue Jan 8 2019,Minnesota Timberwolves,119,Oklahoma City Thunder,117,294,-362
Tue Jan 8 2019,Sacramento Kings,111,Phoenix Suns,115,-168,147
Tue Jan 8 2019,New York Knicks,95,Golden State Warriors,122,1693,-4000
Tue Jan 8 2019,Charlotte Hornets,109,Los Angeles Clippers,128,219,-261
Wed Jan 9 2019,Indiana Pacers,108,Boston Celtics,135,256,-311
Wed Jan 9 2019,Philadelphia 76ers,106,Washington Wizards,123,-166,144
Wed Jan 9 2019,Atlanta Hawks,100,Brooklyn Nets,116,322,-403
Wed Jan 9 2019,Milwaukee Bucks,116,Houston Rockets,109,-127,107
Wed Jan 9 2019,San Antonio Spurs,86,Memphis Grizzlies,96,-140,121
Wed Jan 9 2019,Cleveland Cavaliers,124,New Orleans Pelicans,140,1004,-1714
Wed Jan 9 2019,Phoenix Suns,94,Dallas Mavericks,104,496,-679
Wed Jan 9 2019,Orlando Magic,93,Utah Jazz,106,370,-470
Wed Jan 9 2019,Chicago Bulls,112,Portland Trail Blazers,124,405,-526
Wed Jan 9 2019,Detroit Pistons,100,Los Angeles Lakers,113,102,-121
Thu Jan 10 2019,Boston Celtics,99,Miami Heat,115,-142,122
Thu Jan 10 2019,Los Angeles Clippers,100,Denver Nuggets,121,190,-226
Thu Jan 10 2019,Oklahoma City Thunder,147,San Antonio Spurs,154,-122,102
Thu Jan 10 2019,Detroit Pistons,102,Sacramento Kings,112,285,-349
Fri Jan 11 2019,Atlanta Hawks,123,Philadelphia 76ers,121,443,-583
Fri Jan 11 2019,Milwaukee Bucks,106,Washington Wizards,113,-129,109
Fri Jan 11 2019,Indiana Pacers,121,New York Knicks,106,-374,304
Fri Jan 11 2019,Brooklyn Nets,105,Toronto Raptors,122,433,-565
Fri Jan 11 2019,Cleveland Cavaliers,113,Houston Rockets,141,929,-1592
Fri Jan 11 2019,Dallas Mavericks,119,Minnesota Timberwolves,115,165,-192
Fri Jan 11 2019,Charlotte Hornets,96,Portland Trail Blazers,127,230,-275
Fri Jan 11 2019,Los Angeles Lakers,95,Utah Jazz,113,307,-379
Fri Jan 11 2019,Chicago Bulls,109,Golden State Warriors,146,1103,-2022
Sat Jan 12 2019,Detroit Pistons,109,Los Angeles Clippers,104,246,-296
Sat Jan 12 2019,Memphis Grizzlies,108,Miami Heat,112,142,-163
Sat Jan 12 2019,Boston Celtics,103,Orlando Magic,105,-297,247
Sat Jan 12 2019,New Orleans Pelicans,106,Minnesota Timberwolves,110,-127,107
Sat Jan 12 2019,San Antonio Spurs,112,Oklahoma City Thunder,122,217,-260
Sat Jan 12 2019,Denver Nuggets,93,Phoenix Suns,102,-445,355
Sat Jan 12 2019,Charlotte Hornets,97,Sacramento Kings,104,191,-228
Sat Jan 12 2019,Chicago Bulls,102,Utah Jazz,110,580,-820
Sun Jan 13 2019,Philadelphia 76ers,108,New York Knicks,105,-416,330
Sun Jan 13 2019,Toronto Raptors,140,Washington Wizards,138,-215,181
Sun Jan 13 2019,Milwaukee Bucks,133,Atlanta Hawks,114,-505,392
Sun Jan 13 2019,Houston Rockets,109,Orlando Magic,116,-214,179
Sun Jan 13 2019,Golden State Warriors,119,Dallas Mavericks,114,-245,204
Sun Jan 13 2019,Portland Trail Blazers,113,Denver Nuggets,116,161,-188
Sun Jan 13 2019,Cleveland Cavaliers,101,Los Angeles Lakers,95,462,-618
Mon Jan 14 2019,Boston Celtics,102,Brooklyn Nets,109,-134,114
Mon Jan 14 2019,Memphis Grizzlies,94,Houston Rockets,112,141,-162
Mon Jan 14 2019,Charlotte Hornets,108,San Antonio Spurs,93,278,-340
Mon Jan 14 2019,Detroit Pistons,94,Utah Jazz,100,279,-344
Mon Jan 14 2019,Portland Trail Blazers,107,Sacramento Kings,115,107,-127
Mon Jan 14 2019,New Orleans Pelicans,121,Los Angeles Clippers,117,-118,101
Tue Jan 15 2019,Phoenix Suns,97,Indiana Pacers,131,473,-642
Tue Jan 15 2019,Minnesota Timberwolves,107,Philadelphia 76ers,149,206,-247
Tue Jan 15 2019,Oklahoma City Thunder,126,Atlanta Hawks,142,-530,410
Tue Jan 15 2019,Miami Heat,86,Milwaukee Bucks,124,328,-411
Tue Jan 15 2019,Golden State Warriors,142,Denver Nuggets,111,-139,119
Tue Jan 15 2019,Chicago Bulls,100,Los Angeles Lakers,107,241,-292
Wed Jan 16 2019,Orlando Magic,115,Detroit Pistons,120,150,-171
Wed Jan 16 2019,Toronto Raptors,108,Boston Celtics,117,124,-145
Wed Jan 16 2019,Brooklyn Nets,145,Houston Rockets,142,197,-236
Wed Jan 16 2019,Milwaukee Bucks,111,Memphis Grizzlies,101,-250,209
Wed Jan 16 2019,San Antonio Spurs,105,Dallas Mavericks,101,-104,-119
Wed Jan 16 2019,Cleveland Cavaliers,112,Portland Trail Blazers,129,894,-1453
Wed Jan 16 2019,New Orleans Pelicans,140,Golden State Warriors,147,254,-307
Wed Jan 16 2019,Utah Jazz,129,Los Angeles Clippers,109,-104,-118
Thu Jan 17 2019,New York Knicks,100,Washington Wizards,101,257,-312
Thu Jan 17 2019,Sacramento Kings,95,Charlotte Hornets,114,126,-146
Thu Jan 17 2019,Philadelphia 76ers,120,Indiana Pacers,96,133,-153
Thu Jan 17 2019,Phoenix Suns,109,Toronto Raptors,111,365,-462
Thu Jan 17 2019,Chicago Bulls,105,Denver Nuggets,135,984,-1642
Thu Jan 17 2019,Los Angeles Lakers,138,Oklahoma City Thunder,128,426,-557
Fri Jan 18 2019,Memphis Grizzlies,116,Boston Celtics,122,453,-605
Fri Jan 18 2019,Miami Heat,93,Detroit Pistons,98,121,-141
Fri Jan 18 2019,Brooklyn Nets,117,Orlando Magic,115,120,-140
Fri Jan 18 2019,San Antonio Spurs,116,Minnesota Timberwolves,113,103,-122
Fri Jan 18 2019,Cleveland Cavaliers,99,Utah Jazz,115,1246,-2318
Fri Jan 18 2019,Golden State Warriors,112,Los Angeles Clippers,94,-309,253
Fri Jan 18 2019,New Orleans Pelicans,112,Portland Trail Blazers,128,135,-156
Sat Jan 19 2019,Oklahoma City Thunder,117,Philadelphia 76ers,115,153,-175
Sat Jan 19 2019,Phoenix Suns,115,Charlotte Hornets,135,255,-307
Sat Jan 19 2019,Sacramento Kings,103,Detroit Pistons,101,-121,102
Sat Jan 19 2019,Dallas Mavericks,99,Indiana Pacers,111,269,-331
Sat Jan 19 2019,Milwaukee Bucks,118,Orlando Magic,108,-571,437
Sat Jan 19 2019,Boston Celtics,113,Atlanta Hawks,105,-277,231
Sat Jan 19 2019,Memphis Grizzlies,90,Toronto Raptors,119,477,-643
Sat Jan 19 2019,Miami Heat,117,Chicago Bulls,103,-181,157
Sat Jan 19 2019,Los Angeles Lakers,134,Houston Rockets,138,245,-296
Sat Jan 19 2019,Cleveland Cavaliers,102,Denver Nuggets,124,1642,-3688
Sun Jan 20 2019,Charlotte Hornets,95,Indiana Pacers,120,285,-347
Sun Jan 20 2019,Phoenix Suns,114,Minnesota Timberwolves,116,682,-1004
Sun Jan 20 2019,Los Angeles Clippers,103,San Antonio Spurs,95,374,-477
Mon Jan 21 2019,Oklahoma City Thunder,127,New York Knicks,109,-449,355
Mon Jan 21 2019,Chicago Bulls,104,Cleveland Cavaliers,88,-143,123
Mon Jan 21 2019,Dallas Mavericks,106,Milwaukee Bucks,116,552,-769
Mon Jan 21 2019,Detroit Pistons,87,Washington Wizards,101,192,-231
Mon Jan 21 2019,Orlando Magic,122,Atlanta Hawks,103,115,-135
Mon Jan 21 2019,Sacramento Kings,94,Brooklyn Nets,123,141,-162
Mon Jan 21 2019,New Orleans Pelicans,105,Memphis Grizzlies,85,126,-146
Mon Jan 21 2019,Miami Heat,99,Boston Celtics,107,327,-413
Mon Jan 21 2019,Houston Rockets,93,Philadelphia 76ers,121,161,-187
Mon Jan 21 2019,Portland Trail Blazers,109,Utah Jazz,104,187,-223
Mon Jan 21 2019,Golden State Warriors,130,Los Angeles Lakers,111,-1191,750
Tue Jan 22 2019,Sacramento Kings,105,Toronto Raptors,120,506,-703
Tue Jan 22 2019,Portland Trail Blazers,114,Oklahoma City Thunder,123,155,-177
Tue Jan 22 2019,Los Angeles Clippers,98,Dallas Mavericks,106,130,-150
Tue Jan 22 2019,Minnesota Timberwolves,118,Phoenix Suns,91,-177,154
Wed Jan 23 2019,Toronto Raptors,106,Indiana Pacers,110,209,-252
Wed Jan 23 2019,Cleveland Cavaliers,103,Boston Celtics,123,1102,-2045
Wed Jan 23 2019,Orlando Magic,110,Brooklyn Nets,114,178,-212
Wed Jan 23 2019,Los Angeles Clippers,111,Miami Heat,99,190,-229
Wed Jan 23 2019,Houston Rockets,114,New York Knicks,110,-367,297
Wed Jan 23 2019,Atlanta Hawks,121,Chicago Bulls,101,101,-120
Wed Jan 23 2019,Charlotte Hornets,118,Memphis Grizzlies,107,105,-121
Wed Jan 23 2019,Detroit Pistons,98,New Orleans Pelicans,94,170,-199
Wed Jan 23 2019,San Antonio Spurs,120,Philadelphia 76ers,122,145,-166
Wed Jan 23 2019,Denver Nuggets,108,Utah Jazz,114,151,-174
Thu Jan 24 2019,New Orleans Pelicans,116,Oklahoma City Thunder,122,897,-1450
Thu Jan 24 2019,Golden State Warriors,126,Washington Wizards,118,-491,382
Thu Jan 24 2019,Portland Trail Blazers,120,Phoenix Suns,106,-428,343
Thu Jan 24 2019,Minnesota Timberwolves,120,Los Angeles Lakers,105,114,-133
Fri Jan 25 2019,Washington Wizards,95,Orlando Magic,91,139,-160
Fri Jan 25 2019,New York Knicks,99,Brooklyn Nets,109,347,-438
Fri Jan 25 2019,Miami Heat,100,Cleveland Cavaliers,94,-414,330
Fri Jan 25 2019,Los Angeles Clippers,106,Chicago Bulls,101,-205,174
Fri Jan 25 2019,Toronto Raptors,119,Houston Rockets,121,-161,140
Fri Jan 25 2019,Sacramento Kings,99,Memphis Grizzlies,96,114,-134
Fri Jan 25 2019,Detroit Pistons,101,Dallas Mavericks,106,170,-199
Fri Jan 25 2019,Charlotte Hornets,99,Milwaukee Bucks,108,600,-843
Fri Jan 25 2019,Phoenix Suns,95,Denver Nuggets,132,1066,-1923
Fri Jan 25 2019,Minnesota Timberwolves,102,Utah Jazz,106,455,-603
Sat Jan 26 2019,San Antonio Spurs,126,New Orleans Pelicans,114,-196,168
Sat Jan 26 2019,Indiana Pacers,103,Memphis Grizzlies,106,-208,175
Sat Jan 26 2019,Golden State Warriors,115,Boston Celtics,111,-170,148
Sat Jan 26 2019,Philadelphia 76ers,110,Denver Nuggets,126,440,-572
Sat Jan 26 2019,Atlanta Hawks,111,Portland Trail Blazers,120,353,-450
Sun Jan 27 2019,Cleveland Cavaliers,104,Chicago Bulls,101,172,-202
Sun Jan 27 2019,Sacramento Kings,108,Los Angeles Clippers,122,141,-162
Sun Jan 27 2019,Milwaukee Bucks,112,Oklahoma City Thunder,118,100,-111
Sun Jan 27 2019,Toronto Raptors,123,Dallas Mavericks,120,-194,165
Sun Jan 27 2019,Orlando Magic,98,Houston Rockets,103,344,-433
Sun Jan 27 2019,Utah Jazz,125,Minnesota Timberwolves,111,-217,181
Sun Jan 27 2019,Washington Wizards,119,San Antonio Spurs,132,162,-188
Sun Jan 27 2019,Miami Heat,106,New York Knicks,97,-211,177
Sun Jan 27 2019,Phoenix Suns,102,Los Angeles Lakers,116,280,-345
Mon Jan 28 2019,New York Knicks,92,Charlotte Hornets,101,654,-964
Mon Jan 28 2019,Golden State Warriors,132,Indiana Pacers,100,-357,286
Mon Jan 28 2019,Brooklyn Nets,104,Boston Celtics,112,365,-462
Mon Jan 28 2019,Denver Nuggets,95,Memphis Grizzlies,92,-240,201
Mon Jan 28 2019,Atlanta Hawks,123,Los Angeles Clippers,118,229,-273
Tue Jan 29 2019,Washington Wizards,113,Cleveland Cavaliers,116,-354,288
Tue Jan 29 2019,Milwaukee Bucks,115,Detroit Pistons,105,-301,250
Tue Jan 29 2019,Oklahoma City Thunder,126,Orlando Magic,117,-170,144
Tue Jan 29 2019,Chicago Bulls,117,Brooklyn Nets,122,239,-283
Tue Jan 29 2019,New Orleans Pelicans,121,Houston Rockets,116,826,-1338
Tue Jan 29 2019,Phoenix Suns,124,San Antonio Spurs,126,848,-1380
Tue Jan 29 2019,Philadelphia 76ers,121,Los Angeles Lakers,105,-333,273
Wed Jan 30 2019,Charlotte Hornets,94,Boston Celtics,126,256,-312
Wed Jan 30 2019,Chicago Bulls,105,Miami Heat,89,467,-620
Wed Jan 30 2019,Dallas Mavericks,114,New York Knicks,90,-294,247
Wed Jan 30 2019,Memphis Grizzlies,97,Minnesota Timberwolves,99,146,-169
Wed Jan 30 2019,Denver Nuggets,105,New Orleans Pelicans,99,-444,352
Wed Jan 30 2019,Indiana Pacers,89,Washington Wizards,107,-111,-109
Wed Jan 30 2019,Atlanta Hawks,113,Sacramento Kings,135,180,-212
Wed Jan 30 2019,Utah Jazz,105,Portland Trail Blazers,132,-125,-105
Thu Jan 31 2019,Dallas Mavericks,89,Detroit Pistons,93,252,-303
Thu Jan 31 2019,Indiana Pacers,100,Orlando Magic,107,140,-161
Thu Jan 31 2019,Milwaukee Bucks,105,Toronto Raptors,92,120,-140
Thu Jan 31 2019,Brooklyn Nets,114,San Antonio Spurs,117,282,-350
Thu Jan 31 2019,Philadelphia 76ers,113,Golden State Warriors,104,309,-381
Thu Jan 31 2019,Los Angeles Lakers,123,Los Angeles Clippers,120,-124,109
Fri Feb 1 2019,Memphis Grizzlies,92,Charlotte Hornets,100,299,-367
Fri Feb 1 2019,Boston Celtics,113,New York Knicks,99,-1508,935
Fri Feb 1 2019,Oklahoma City Thunder,118,Miami Heat,102,-173,151
Fri Feb 1 2019,Atlanta Hawks,112,Utah Jazz,128,647,-942
Fri Feb 1 2019,Houston Rockets,122,Denver Nuggets,136,134,-155
Sat Feb 2 2019,Los Angeles Clippers,111,Detroit Pistons,101,116,-135
Sat Feb 2 2019,Chicago Bulls,118,Charlotte Hornets,125,246,-298
Sat Feb 2 2019,Brooklyn Nets,89,Orlando Magic,102,129,-149
Sat Feb 2 2019,Milwaukee Bucks,131,Washington Wizards,115,-255,213
Sat Feb 2 2019,Dallas Mavericks,111,Cleveland Cavaliers,98,-223,188
Sat Feb 2 2019,Indiana Pacers,95,Miami Heat,88,110,-129
Sat Feb 2 2019,Los Angeles Lakers,101,Golden State Warriors,115,1071,-1919
Sat Feb 2 2019,New Orleans Pelicans,108,San Antonio Spurs,113,469,-620
Sat Feb 2 2019,Denver Nuggets,107,Minnesota Timberwolves,106,-111,-112
Sat Feb 2 2019,Atlanta Hawks,118,Phoenix Suns,112,110,-130
Sat Feb 2 2019,Houston Rockets,125,Utah Jazz,98,240,-289
Sat Feb 2 2019,Philadelphia 76ers,108,Sacramento Kings,115,-149,130
Sun Feb 3 2019,Memphis Grizzlies,96,New York Knicks,84,-142,122
Sun Feb 3 2019,Oklahoma City Thunder,129,Boston Celtics,134,153,-176
Sun Feb 3 2019,Los Angeles Clippers,103,Toronto Raptors,121,380,-486
Mon Feb 4 2019,Denver Nuggets,103,Detroit Pistons,129,-131,-102
Mon Feb 4 2019,Atlanta Hawks,137,Washington Wizards,129,232,-279
Mon Feb 4 2019,Milwaukee Bucks,113,Brooklyn Nets,94,-310,255
Mon Feb 4 2019,Indiana Pacers,109,New Orleans Pelicans,107,-163,142
Mon Feb 4 2019,Houston Rockets,118,Phoenix Suns,110,-430,342
Mon Feb 4 2019,San Antonio Spurs,112,Sacramento Kings,127,-130,110
Tue Feb 5 2019,Los Angeles Clippers,117,Charlotte Hornets,115,140,-160
Tue Feb 5 2019,Boston Celtics,103,Cleveland Cavaliers,96,-688,510
Tue Feb 5 2019,Los Angeles Lakers,94,Indiana Pacers,136,-142,122
Tue Feb 5 2019,Detroit Pistons,105,New York Knicks,92,-159,138
Tue Feb 5 2019,Minnesota Timberwolves,106,Memphis Grizzlies,108,-170,148
Tue Feb 5 2019,Orlando Magic,122,Oklahoma City Thunder,132,362,-461
Tue Feb 5 2019,Toronto Raptors,119,Philadelphia 76ers,107,116,-136
Tue Feb 5 2019,Miami Heat,118,Portland Trail Blazers,108,289,-355
Wed Feb 6 2019,Denver Nuggets,130,Brooklyn Nets,135,-160,139
Wed Feb 6 2019,New Orleans Pelicans,125,Chicago Bulls,120,-123,103
Wed Feb 6 2019,Washington Wizards,129,Milwaukee Bucks,148,607,-860
Wed Feb 6 2019,Charlotte Hornets,93,Dallas Mavericks,99,194,-232
Wed Feb 6 2019,Phoenix Suns,88,Utah Jazz,116,998,-1737
Wed Feb 6 2019,Houston Rockets,127,Sacramento Kings,101,-168,146
Wed Feb 6 2019,San Antonio Spurs,102,Golden State Warriors,141,1056,-1873
Thu Feb 7 2019,Los Angeles Clippers,92,Indiana Pacers,116,221,-265
Thu Feb 7 2019,Minnesota Timberwolves,112,Orlando Magic,122,145,-167
Thu Feb 7 2019,Toronto Raptors,119,Atlanta Hawks,101,-274,229
Thu Feb 7 2019,Los Angeles Lakers,129,Boston Celtics,128,365,-460
Thu Feb 7 2019,Memphis Grizzlies,95,Oklahoma City Thunder,117,894,-1448
Thu Feb 7 2019,San Antonio Spurs,118,Portland Trail Blazers,127,209,-251
Fri Feb 8 2019,New York Knicks,103,Detroit Pistons,120,298,-364
Fri Feb 8 2019,Denver Nuggets,110,Philadelphia 76ers,117,234,-280
Fri Feb 8 2019,Cleveland Cavaliers,106,Washington Wizards,119,408,-526
Fri Feb 8 2019,Chicago Bulls,125,Brooklyn Nets,106,300,-369
Fri Feb 8 2019,Milwaukee Bucks,122,Dallas Mavericks,107,-246,205
Fri Feb 8 2019,Golden State Warriors,117,Phoenix Suns,107,-2680,1330
Fri Feb 8 2019,Minnesota Timberwolves,117,New Orleans Pelicans,122,197,-234
Fri Feb 8 2019,Miami Heat,96,Sacramento Kings,102,150,-172
Sat Feb 9 2019,San Antonio Spurs,105,Utah Jazz,125,278,-340
Sat Feb 9 2019,Cleveland Cavaliers,90,Indiana Pacers,105,942,-1620
Sat Feb 9 2019,Charlotte Hornets,129,Atlanta Hawks,120,-135,114
Sat Feb 9 2019,Toronto Raptors,104,New York Knicks,99,-1457,892
Sat Feb 9 2019,Los Angeles Clippers,123,Boston Celtics,112,634,-921
Sat Feb 9 2019,Washington Wizards,134,Chicago Bulls,125,-130,110
Sat Feb 9 2019,New Orleans Pelicans,90,Memphis Grizzlies,99,-105,-116
Sat Feb 9 2019,Oklahoma City Thunder,117,Houston Rockets,112,120,-139
Sat Feb 9 2019,Orlando Magic,103,Milwaukee Bucks,83,232,-277
Sun Feb 10 2019,Portland Trail Blazers,101,Dallas Mavericks,102,-156,136
Sun Feb 10 2019,Los Angeles Lakers,120,Philadelphia 76ers,143,246,-298
Sun Feb 10 2019,Phoenix Suns,104,Sacramento Kings,117,351,-438
Sun Feb 10 2019,Orlando Magic,124,Atlanta Hawks,108,-114,-108
Sun Feb 10 2019,Miami Heat,118,Golden State Warriors,120,919,-1550
Mon Feb 11 2019,New York Knicks,104,Cleveland Cavaliers,107,101,-118
Mon Feb 11 2019,Washington Wizards,112,Detroit Pistons,121,200,-238
Mon Feb 11 2019,Charlotte Hornets,90,Indiana Pacers,99,191,-229
Mon Feb 11 2019,Brooklyn Nets,125,Toronto Raptors,127,450,-598
Mon Feb 11 2019,Milwaukee Bucks,112,Chicago Bulls,99,-730,530
Mon Feb 11 2019,Dallas Mavericks,104,Houston Rockets,120,515,-698
Mon Feb 11 2019,Los Angeles Clippers,120,Minnesota Timberwolves,130,149,-170
Mon Feb 11 2019,Portland Trail Blazers,111,Oklahoma City Thunder,120,162,-187
Mon Feb 11 2019,Miami Heat,87,Denver Nuggets,103,373,-475
Tue Feb 12 2019,Los Angeles Lakers,113,Atlanta Hawks,117,-247,205
Tue Feb 12 2019,San Antonio Spurs,108,Memphis Grizzlies,107,-313,257
Tue Feb 12 2019,Orlando Magic,118,New Orleans Pelicans,88,166,-194
Tue Feb 12 2019,Boston Celtics,112,Philadelphia 76ers,109,246,-297
Tue Feb 12 2019,Utah Jazz,108,Golden State Warriors,115,369,-467
Wed Feb 13 2019,Brooklyn Nets,148,Cleveland Cavaliers,139,-332,271
Wed Feb 13 2019,Milwaukee Bucks,106,Indiana Pacers,97,-196,167
Wed Feb 13 2019,Detroit Pistons,110,Boston Celtics,118,147,-168
Wed Feb 13 2019,Philadelphia 76ers,126,New York Knicks,111,-567,437
Wed Feb 13 2019,Washington Wizards,120,Toronto Raptors,129,381,-488
Wed Feb 13 2019,Memphis Grizzlies,110,Chicago Bulls,122,102,-121
Wed Feb 13 2019,Houston Rockets,111,Minnesota Timberwolves,121,-181,157
Wed Feb 13 2019,Miami Heat,112,Dallas Mavericks,101,139,-159
Wed Feb 13 2019,Sacramento Kings,118,Denver Nuggets,120,283,-349
Wed Feb 13 2019,Phoenix Suns,107,Los Angeles Clippers,134,269,-330
Wed Feb 13 2019,Golden State Warriors,107,Portland Trail Blazers,129,-139,118
Thu Feb 14 2019,Charlotte Hornets,89,Orlando Magic,127,150,-172
Thu Feb 14 2019,New York Knicks,106,Atlanta Hawks,91,274,-335
Thu Feb 14 2019,Oklahoma City Thunder,122,New Orleans Pelicans,131,-201,169
Thu Feb 21 2019,Phoenix Suns,98,Cleveland Cavaliers,111,-103,-118
Thu Feb 21 2019,Miami Heat,102,Philadelphia 76ers,106,208,-247
Thu Feb 21 2019,Portland Trail Blazers,113,Brooklyn Nets,99,-157,136
Thu Feb 21 2019,Boston Celtics,97,Milwaukee Bucks,98,213,-255
Thu Feb 21 2019,Sacramento Kings,123,Golden State Warriors,125,662,-986
Thu Feb 21 2019,Houston Rockets,106,Los Angeles Lakers,111,-146,126
Fri Feb 22 2019,Washington Wizards,110,Charlotte Hornets,123,183,-219
Fri Feb 22 2019,New Orleans Pelicans,111,Indiana Pacers,126,176,-209
Fri Feb 22 2019,Chicago Bulls,110,Orlando Magic,109,297,-371
Fri Feb 22 2019,San Antonio Spurs,117,Toronto Raptors,120,294,-365
Fri Feb 22 2019,Detroit Pistons,125,Atlanta Hawks,122,-192,165
Fri Feb 22 2019,Minnesota Timberwolves,115,New York Knicks,104,-183,158
Fri Feb 22 2019,Los Angeles Clippers,112,Memphis Grizzlies,106,-149,130
Fri Feb 22 2019,Denver Nuggets,114,Dallas Mavericks,104,-294,243
Fri Feb 22 2019,Utah Jazz,147,Oklahoma City Thunder,148,157,-181
Sat Feb 23 2019,Portland Trail Blazers,130,Philadelphia 76ers,115,106,-126
Sat Feb 23 2019,Phoenix Suns,112,Atlanta Hawks,120,140,-161
Sat Feb 23 2019,Brooklyn Nets,117,Charlotte Hornets,115,138,-159
Sat Feb 23 2019,Memphis Grizzlies,107,Cleveland Cavaliers,112,102,-122
Sat Feb 23 2019,Los Angeles Lakers,115,New Orleans Pelicans,128,-262,218
Sat Feb 23 2019,Indiana Pacers,119,Washington Wizards,112,-111,100
Sat Feb 23 2019,Detroit Pistons,119,Miami Heat,96,139,-161
Sat Feb 23 2019,Boston Celtics,116,Chicago Bulls,126,-572,432
Sat Feb 23 2019,Sacramento Kings,119,Oklahoma City Thunder,116,207,-248
Sat Feb 23 2019,Houston Rockets,118,Golden State Warriors,112,579,-823
Sat Feb 23 2019,Minnesota Timberwolves,128,Milwaukee Bucks,140,746,-1126
Sat Feb 23 2019,Dallas Mavericks,109,Utah Jazz,125,562,-783
Sun Feb 24 2019,Orlando Magic,113,Toronto Raptors,98,254,-308
Sun Feb 24 2019,Los Angeles Clippers,96,Denver Nuggets,123,374,-474
Sun Feb 24 2019,San Antonio Spurs,118,New York Knicks,130,-475,372
Mon Feb 25 2019,Golden State Warriors,121,Charlotte Hornets,110,-397,316
Mon Feb 25 2019,Portland Trail Blazers,123,Cleveland Cavaliers,110,-420,335
Mon Feb 25 2019,Indiana Pacers,109,Detroit Pistons,113,119,-139
Mon Feb 25 2019,San Antonio Spurs,85,Brooklyn Nets,101,104,-124
Mon Feb 25 2019,Phoenix Suns,124,Miami Heat,121,271,-333
Mon Feb 25 2019,Milwaukee Bucks,117,Chicago Bulls,106,-355,289
Mon Feb 25 2019,Atlanta Hawks,111,Houston Rockets,119,733,-1132
Mon Feb 25 2019,Los Angeles Lakers,105,Memphis Grizzlies,110,-225,183
Mon Feb 25 2019,Sacramento Kings,105,Minnesota Timberwolves,112,140,-162
Mon Feb 25 2019,Philadelphia 76ers,111,New Orleans Pelicans,110,-137,117
Mon Feb 25 2019,Dallas Mavericks,112,Los Angeles Clippers,121,145,-166
Tue Feb 26 2019,Orlando Magic,103,New York Knicks,108,-320,262
Tue Feb 26 2019,Boston Celtics,95,Toronto Raptors,118,142,-163
Tue Feb 26 2019,Oklahoma City Thunder,112,Denver Nuggets,121,139,-159
Wed Feb 27 2019,Houston Rockets,118,Charlotte Hornets,113,-214,179
Wed Feb 27 2019,Minnesota Timberwolves,123,Atlanta Hawks,131,-205,173
Wed Feb 27 2019,Washington Wizards,125,Brooklyn Nets,116,185,-222
Wed Feb 27 2019,Golden State Warriors,125,Miami Heat,126,-502,391
Wed Feb 27 2019,Portland Trail Blazers,97,Boston Celtics,92,120,-141
Wed Feb 27 2019,Chicago Bulls,109,Memphis Grizzlies,107,134,-155
Wed Feb 27 2019,Indiana Pacers,101,Dallas Mavericks,110,-116,-104
Wed Feb 27 2019,Detroit Pistons,93,San Antonio Spurs,105,156,-180
Wed Feb 27 2019,Los Angeles Clippers,105,Utah Jazz,111,402,-520
Wed Feb 27 2019,Milwaukee Bucks,141,Sacramento Kings,140,-259,217
Wed Feb 27 2019,New Orleans Pelicans,119,Los Angeles Lakers,125,251,-303
Thu Feb 28 2019,Minnesota Timberwolves,115,Indiana Pacers,122,143,-164
Thu Feb 28 2019,Golden State Warriors,96,Orlando Magic,103,-192,164
Thu Feb 28 2019,Cleveland Cavaliers,125,New York Knicks,118,105,-125
Thu Feb 28 2019,Miami Heat,118,Houston Rockets,121,378,-478
Thu Feb 28 2019,Philadelphia 76ers,108,Oklahoma City Thunder,104,153,-176
Thu Feb 28 2019,Utah Jazz,111,Denver Nuggets,104,255,-307
Fri Mar 1 2019,Chicago Bulls,168,Atlanta Hawks,161,-110,-112
Fri Mar 1 2019,Charlotte Hornets,123,Brooklyn Nets,112,126,-146
Fri Mar 1 2019,Washington Wizards,96,Boston Celtics,107,418,-539
Fri Mar 1 2019,Portland Trail Blazers,117,Toronto Raptors,119,179,-211
Fri Mar 1 2019,New Orleans Pelicans,130,Phoenix Suns,116,-185,161
Fri Mar 1 2019,Los Angeles Clippers,116,Sacramento Kings,109,137,-158
Fri Mar 1 2019,Milwaukee Bucks,131,Los Angeles Lakers,120,-233,194
Sat Mar 2 2019,Detroit Pistons,129,Cleveland Cavaliers,93,-350,285
Sat Mar 2 2019,Orlando Magic,117,Indiana Pacers,112,130,-151
Sat Mar 2 2019,Brooklyn Nets,88,Miami Heat,117,110,-130
Sat Mar 2 2019,Memphis Grizzlies,111,Dallas Mavericks,81,172,-202
Sat Mar 2 2019,Golden State Warriors,120,Philadelphia 76ers,117,-208,176
Sat Mar 2 2019,Oklahoma City Thunder,102,San Antonio Spurs,116,169,-197
Sat Mar 2 2019,New Orleans Pelicans,120,Denver Nuggets,112,828,-1304
Sat Mar 2 2019,Los Angeles Lakers,109,Phoenix Suns,118,-296,245
Sat Mar 2 2019,Milwaukee Bucks,111,Utah Jazz,115,165,-192
Sun Mar 3 2019,Portland Trail Blazers,118,Charlotte Hornets,108,-137,117
Sun Mar 3 2019,Houston Rockets,115,Boston Celtics,104,116,-136
Sun Mar 3 2019,Atlanta Hawks,123,Chicago Bulls,118,153,-175
Sun Mar 3 2019,New York Knicks,107,Los Angeles Clippers,128,458,-611
Sun Mar 3 2019,Orlando Magic,93,Cleveland Cavaliers,107,-248,207
Sun Mar 3 2019,Toronto Raptors,107,Detroit Pistons,112,-130,110
Sun Mar 3 2019,Minnesota Timberwolves,121,Washington Wizards,135,-107,-114
Sun Mar 3 2019,Memphis Grizzlies,95,Oklahoma City Thunder,99,434,-571
Mon Mar 4 2019,Dallas Mavericks,88,Brooklyn Nets,127,192,-231
Mon Mar 4 2019,Atlanta Hawks,113,Miami Heat,114,421,-549
Mon Mar 4 2019,Denver Nuggets,103,San Antonio Spurs,104,106,-124
Mon Mar 4 2019,Milwaukee Bucks,105,Phoenix Suns,114,-1082,723
Mon Mar 4 2019,New Orleans Pelicans,115,Utah Jazz,112,402,-517
Mon Mar 4 2019,New York Knicks,108,Sacramento Kings,115,490,-669
Mon Mar 4 2019,Los Angeles Clippers,113,Los Angeles Lakers,105,145,-166
Tue Mar 5 2019,Chicago Bulls,96,Indiana Pacers,105,238,-285
Tue Mar 5 2019,Orlando Magic,106,Philadelphia 76ers,114,163,-190
Tue Mar 5 2019,Portland Trail Blazers,111,Memphis Grizzlies,120,-229,192
Tue Mar 5 2019,Oklahoma City Thunder,120,Minnesota Timberwolves,131,-129,111
Tue Mar 5 2019,Houston Rockets,107,Toronto Raptors,95,141,-162
Tue Mar 5 2019,Boston Celtics,128,Golden State Warriors,95,231,-274
Wed Mar 6 2019,Miami Heat,91,Charlotte Hornets,84,135,-156
Wed Mar 6 2019,Minnesota Timberwolves,114,Detroit Pistons,131,170,-199
Wed Mar 6 2019,Dallas Mavericks,123,Washington Wizards,132,185,-222
Wed Mar 6 2019,San Antonio Spurs,111,Atlanta Hawks,104,-225,189
Wed Mar 6 2019,Cleveland Cavaliers,107,Brooklyn Nets,113,396,-511
Wed Mar 6 2019,Philadelphia 76ers,107,Chicago Bulls,108,-172,151
Wed Mar 6 2019,Utah Jazz,114,New Orleans Pelicans,104,-198,169
Wed Mar 6 2019,New York Knicks,96,Phoenix Suns,107,148,-169
Wed Mar 6 2019,Boston Celtics,111,Sacramento Kings,109,-131,111
Wed Mar 6 2019,Denver Nuggets,115,Los Angeles Lakers,99,-215,180
Thu Mar 7 2019,Indiana Pacers,98,Milwaukee Bucks,117,413,-540
Thu Mar 7 2019,Oklahoma City Thunder,129,Portland Trail Blazers,121,144,-165
Fri Mar 8 2019,Washington Wizards,111,Charlotte Hornets,112,160,-182
Fri Mar 8 2019,Dallas Mavericks,106,Orlando Magic,111,233,-277
Fri Mar 8 2019,Detroit Pistons,112,Chicago Bulls,104,-164,145
Fri Mar 8 2019,Philadelphia 76ers,91,Houston Rockets,107,282,-343
Fri Mar 8 2019,Utah Jazz,104,Memphis Grizzlies,114,-202,173
Fri Mar 8 2019,Cleveland Cavaliers,110,Miami Heat,126,328,-406
Fri Mar 8 2019,Toronto Raptors,127,New Orleans Pelicans,104,-431,342
Fri Mar 8 2019,Denver Nuggets,105,Golden State Warriors,122,238,-282
Fri Mar 8 2019,Oklahoma City Thunder,110,Los Angeles Clippers,118,111,-130
Sat Mar 9 2019,Sacramento Kings,102,New York Knicks,94,-228,191
Sat Mar 9 2019,Brooklyn Nets,114,Atlanta Hawks,112,-188,162
Sat Mar 9 2019,Washington Wizards,130,Minnesota Timberwolves,135,245,-290
Sat Mar 9 2019,Boston Celtics,120,Los Angeles Lakers,107,-312,257
Sat Mar 9 2019,Charlotte Hornets,114,Milwaukee Bucks,131,648,-955
Sat Mar 9 2019,Phoenix Suns,120,Portland Trail Blazers,127,649,-947
Sun Mar 10 2019,Chicago Bulls,108,Detroit Pistons,131,339,-427
Sun Mar 10 2019,Toronto Raptors,125,Miami Heat,104,109,-128
Sun Mar 10 2019,Indiana Pacers,89,Philadelphia 76ers,106,235,-279
Sun Mar 10 2019,New Orleans Pelicans,116,Atlanta Hawks,128,101,-120
Sun Mar 10 2019,Orlando Magic,97,Memphis Grizzlies,105,101,-117
Sun Mar 10 2019,Houston Rockets,94,Dallas Mavericks,93,-411,327
Sun Mar 10 2019,New York Knicks,92,Minnesota Timberwolves,103,222,-265
Sun Mar 10 2019,Milwaukee Bucks,114,San Antonio Spurs,121,-131,113
Sun Mar 10 2019,Phoenix Suns,115,Golden State Warriors,111,1345,-3071
Mon Mar 11 2019,Toronto Raptors,101,Cleveland Cavaliers,126,-437,348
Mon Mar 11 2019,Sacramento Kings,115,Washington Wizards,121,112,-132
Mon Mar 11 2019,Detroit Pistons,75,Brooklyn Nets,103,111,-131
Mon Mar 11 2019,Charlotte Hornets,106,Houston Rockets,118,425,-556
Mon Mar 11 2019,Oklahoma City Thunder,98,Utah Jazz,89,144,-166
Mon Mar 11 2019,Boston Celtics,115,Los Angeles Clippers,140,-130,109
Tue Mar 12 2019,New York Knicks,98,Indiana Pacers,103,565,-801
Tue Mar 12 2019,Cleveland Cavaliers,99,Philadelphia 76ers,106,998,-1841
Tue Mar 12 2019,Los Angeles Lakers,123,Chicago Bulls,107,-133,113
Tue Mar 12 2019,San Antonio Spurs,112,Dallas Mavericks,105,-165,142
Tue Mar 12 2019,Milwaukee Bucks,130,New Orleans Pelicans,113,-624,464
Tue Mar 12 2019,Minnesota Timberwolves,107,Denver Nuggets,133,431,-572
Tue Mar 12 2019,Portland Trail Blazers,125,Los Angeles Clippers,104,-171,150
Wed Mar 13 2019,Brooklyn Nets,96,Oklahoma City Thunder,108,242,-292
Wed Mar 13 2019,Orlando Magic,90,Washington Wizards,100,105,-123
Wed Mar 13 2019,Memphis Grizzlies,111,Atlanta Hawks,132,-117,-104
Wed Mar 13 2019,Detroit Pistons,74,Miami Heat,108,115,-137
Wed Mar 13 2019,Golden State Warriors,106,Houston Rockets,104,153,-175
Wed Mar 13 2019,Utah Jazz,114,Phoenix Suns,97,-395,318
Thu Mar 14 2019,Oklahoma City Thunder,106,Indiana Pacers,108,-106,-114
Thu Mar 14 2019,Cleveland Cavaliers,91,Orlando Magic,120,315,-391
Thu Mar 14 2019,Sacramento Kings,120,Boston Celtics,126,279,-346
Thu Mar 14 2019,Los Angeles Lakers,98,Toronto Raptors,111,255,-313
Thu Mar 14 2019,Minnesota Timberwolves,100,Utah Jazz,120,330,-413
Thu Mar 14 2019,Dallas Mavericks,99,Denver Nuggets,100,533,-741
Fri Mar 15 2019,Los Angeles Lakers,97,Detroit Pistons,111,719,-1096
Fri Mar 15 2019,Sacramento Kings,114,Philadelphia 76ers,123,472,-640
Fri Mar 15 2019,Charlotte Hornets,116,Washington Wizards,110,132,-154
Fri Mar 15 2019,Phoenix Suns,102,Houston Rockets,108,690,-1048
Fri Mar 15 2019,Milwaukee Bucks,113,Miami Heat,98,-219,182
Fri Mar 15 2019,Portland Trail Blazers,122,New Orleans Pelicans,110,-427,339
Fri Mar 15 2019,New York Knicks,83,San Antonio Spurs,109,791,-1210
Fri Mar 15 2019,Chicago Bulls,121,Los Angeles Clippers,128,326,-408
Sat Mar 16 2019,Atlanta Hawks,120,Boston Celtics,129,459,-614
Sat Mar 16 2019,Phoenix Suns,138,New Orleans Pelicans,136,167,-196
Sat Mar 16 2019,Memphis Grizzlies,128,Washington Wizards,135,105,-125
Sat Mar 16 2019,Cleveland Cavaliers,116,Dallas Mavericks,121,179,-213
Sat Mar 16 2019,Golden State Warriors,110,Oklahoma City Thunder,88,109,-129
Sat Mar 16 2019,Portland Trail Blazers,103,San Antonio Spurs,108,121,-141
Sat Mar 16 2019,Indiana Pacers,100,Denver Nuggets,102,233,-278
Sat Mar 16 2019,Brooklyn Nets,98,Utah Jazz,114,331,-414
Sun Mar 17 2019,Los Angeles Lakers,123,New York Knicks,124,-211,179
Sun Mar 17 2019,Charlotte Hornets,75,Miami Heat,93,136,-157
Sun Mar 17 2019,Philadelphia 76ers,130,Milwaukee Bucks,125,202,-242
Sun Mar 17 2019,Toronto Raptors,107,Detroit Pistons,110,-108,-115
Sun Mar 17 2019,Atlanta Hawks,91,Orlando Magic,101,333,-414
Sun Mar 17 2019,Chicago Bulls,102,Sacramento Kings,129,233,-279
Sun Mar 17 2019,Minnesota Timberwolves,102,Houston Rockets,117,418,-544
Sun Mar 17 2019,Brooklyn Nets,116,Los Angeles Clippers,119,201,-243
Mon Mar 18 2019,Detroit Pistons,119,Cleveland Cavaliers,126,-270,225
Mon Mar 18 2019,Utah Jazz,116,Washington Wizards,95,-229,187
Mon Mar 18 2019,Denver Nuggets,114,Boston Celtics,105,156,-181
Mon Mar 18 2019,New York Knicks,92,Toronto Raptors,128,651,-973
Mon Mar 18 2019,Miami Heat,116,Oklahoma City Thunder,107,195,-236
Mon Mar 18 2019,Golden State Warriors,105,San Antonio Spurs,111,-152,129
Mon Mar 18 2019,New Orleans Pelicans,129,Dallas Mavericks,125,170,-203
Mon Mar 18 2019,Chicago Bulls,116,Phoenix Suns,101,120,-141
Mon Mar 18 2019,Indiana Pacers,98,Portland Trail Blazers,106,166,-195
Tue Mar 19 2019,Philadelphia 76ers,118,Charlotte Hornets,114,-110,-115
Tue Mar 19 2019,Houston Rockets,121,Atlanta Hawks,105,-365,293
Tue Mar 19 2019,Los Angeles Lakers,101,Milwaukee Bucks,115,499,-686
Tue Mar 19 2019,Golden State Warriors,117,Minnesota Timberwolves,107,-273,228
Tue Mar 19 2019,Brooklyn Nets,123,Sacramento Kings,121,137,-158
Tue Mar 19 2019,Indiana Pacers,109,Los Angeles Clippers,115,182,-217
Wed Mar 20 2019,Milwaukee Bucks,102,Cleveland Cavaliers,107,-242,201
Wed Mar 20 2019,New Orleans Pelicans,96,Orlando Magic,119,368,-467
Wed Mar 20 2019,Boston Celtics,115,Philadelphia 76ers,118,141,-162
Wed Mar 20 2019,Utah Jazz,137,New York Knicks,116,-1110,733
Wed Mar 20 2019,Washington Wizards,120,Chicago Bulls,126,-180,157
Wed Mar 20 2019,Houston Rockets,125,Memphis Grizzlies,126,-228,192
Wed Mar 20 2019,Miami Heat,110,San Antonio Spurs,105,206,-247
Wed Mar 20 2019,Toronto Raptors,123,Oklahoma City Thunder,114,173,-204
Wed Mar 20 2019,Dallas Mavericks,118,Portland Trail Blazers,126,406,-528
Thu Mar 21 2019,Minnesota Timberwolves,106,Charlotte Hornets,113,205,-247
Thu Mar 21 2019,Denver Nuggets,113,Washington Wizards,108,-372,302
Thu Mar 21 2019,Utah Jazz,114,Atlanta Hawks,117,-311,255
Thu Mar 21 2019,Detroit Pistons,118,Phoenix Suns,98,-277,232
Thu Mar 21 2019,Dallas Mavericks,100,Sacramento Kings,116,347,-437
Thu Mar 21 2019,Indiana Pacers,89,Golden State Warriors,112,515,-716
Fri Mar 22 2019,Memphis Grizzlies,119,Orlando Magic,123,491,-662
Fri Mar 22 2019,Los Angeles Clippers,110,Cleveland Cavaliers,108,-307,254
Fri Mar 22 2019,Denver Nuggets,111,New York Knicks,93,-770,549
Fri Mar 22 2019,Oklahoma City Thunder,116,Toronto Raptors,109,110,-131
Fri Mar 22 2019,San Antonio Spurs,105,Houston Rockets,111,222,-265
Fri Mar 22 2019,Miami Heat,87,Milwaukee Bucks,116,271,-331
Fri Mar 22 2019,Brooklyn Nets,111,Los Angeles Lakers,106,-138,117
Sat Mar 23 2019,Boston Celtics,117,Charlotte Hornets,124,-172,150
Sat Mar 23 2019,Miami Heat,113,Washington Wizards,108,101,-120
Sat Mar 23 2019,Philadelphia 76ers,127,Atlanta Hawks,129,-327,264
Sat Mar 23 2019,Utah Jazz,114,Chicago Bulls,83,-712,513
Sat Mar 23 2019,Minnesota Timberwolves,112,Memphis Grizzlies,99,100,-116
Sat Mar 23 2019,Dallas Mavericks,126,Golden State Warriors,91,798,-1205
Sat Mar 23 2019,Detroit Pistons,112,Portland Trail Blazers,117,189,-226
Sat Mar 23 2019,Phoenix Suns,103,Sacramento Kings,112,497,-674
Sun Mar 24 2019,Los Angeles Clippers,124,New York Knicks,113,-398,319
Sun Mar 24 2019,Cleveland Cavaliers,105,Milwaukee Bucks,127,891,-1485
Sun Mar 24 2019,Denver Nuggets,88,Indiana Pacers,124,-121,101
Sun Mar 24 2019,Charlotte Hornets,115,Toronto Raptors,114,536,-744
Sun Mar 24 2019,Houston Rockets,113,New Orleans Pelicans,90,-498,389
Sun Mar 24 2019,San Antonio Spurs,115,Boston Celtics,96,-128,108
Sun Mar 24 2019,Detroit Pistons,114,Golden State Warriors,121,428,-563
Sun Mar 24 2019,Sacramento Kings,106,Los Angeles Lakers,111,-112,-108
Mon Mar 25 2019,Philadelphia 76ers,98,Orlando Magic,119,108,-123
Mon Mar 25 2019,Oklahoma City Thunder,103,Memphis Grizzlies,115,-352,283
Mon Mar 25 2019,Phoenix Suns,92,Utah Jazz,125,936,-1542
Mon Mar 25 2019,Brooklyn Nets,144,Portland Trail Blazers,148,217,-261
Tue Mar 26 2019,San Antonio Spurs,116,Charlotte Hornets,125,-185,159
Tue Mar 26 2019,Boston Celtics,116,Cleveland Cavaliers,106,-251,209
Tue Mar 26 2019,Orlando Magic,104,Miami Heat,99,141,-162
Tue Mar 26 2019,Chicago Bulls,103,Toronto Raptors,112,950,-1628
Tue Mar 26 2019,Houston Rockets,94,Milwaukee Bucks,108,132,-152
Tue Mar 26 2019,Los Angeles Clippers,122,Minnesota Timberwolves,111,-147,127
Tue Mar 26 2019,Atlanta Hawks,130,New Orleans Pelicans,120,-140,120
Tue Mar 26 2019,Sacramento Kings,125,Dallas Mavericks,121,-133,113
Tue Mar 26 2019,Detroit Pistons,92,Denver Nuggets,95,273,-332
Tue Mar 26 2019,Washington Wizards,106,Los Angeles Lakers,124,126,-146
Wed Mar 27 2019,Portland Trail Blazers,118,Chicago Bulls,98,-444,354
Wed Mar 27 2019,Golden State Warriors,118,Memphis Grizzlies,103,-502,391
Wed Mar 27 2019,Indiana Pacers,99,Oklahoma City Thunder,107,236,-282
Wed Mar 27 2019,Washington Wizards,124,Phoenix Suns,121,-120,-102
Wed Mar 27 2019,Los Angeles Lakers,100,Utah Jazz,115,1077,-1924
Thu Mar 28 2019,Orlando Magic,98,Detroit Pistons,115,137,-158
Thu Mar 28 2019,Brooklyn Nets,110,Philadelphia 76ers,123,260,-317
Thu Mar 28 2019,Dallas Mavericks,99,Miami Heat,105,213,-255
Thu Mar 28 2019,Toronto Raptors,117,New York Knicks,92,-585,444
Thu Mar 28 2019,Denver Nuggets,85,Houston Rockets,112,202,-241
Thu Mar 28 2019,Los Angeles Clippers,118,Milwaukee Bucks,128,420,-553
Thu Mar 28 2019,Sacramento Kings,118,New Orleans Pelicans,121,-258,217
Thu Mar 28 2019,Cleveland Cavaliers,110,San Antonio Spurs,116,619,-899
Fri Mar 29 2019,Indiana Pacers,112,Boston Celtics,114,244,-294
Fri Mar 29 2019,Portland Trail Blazers,118,Atlanta Hawks,98,-142,121
Fri Mar 29 2019,Golden State Warriors,130,Minnesota Timberwolves,131,-564,429
Fri Mar 29 2019,Denver Nuggets,115,Oklahoma City Thunder,105,166,-194
Fri Mar 29 2019,Washington Wizards,124,Utah Jazz,128,781,-1226
Fri Mar 29 2019,Charlotte Hornets,115,Los Angeles Lakers,129,-126,106
Sat Mar 30 2019,Cleveland Cavaliers,108,Los Angeles Clippers,132,341,-426
Sat Mar 30 2019,Boston Celtics,96,Brooklyn Nets,110,154,-177
Sat Mar 30 2019,Sacramento Kings,108,Houston Rockets,119,415,-541
Sat Mar 30 2019,Portland Trail Blazers,90,Detroit Pistons,99,193,-230
Sat Mar 30 2019,Orlando Magic,121,Indiana Pacers,116,103,-124
Sat Mar 30 2019,Miami Heat,100,New York Knicks,92,-302,250
Sat Mar 30 2019,Toronto Raptors,124,Chicago Bulls,101,-594,447
Sat Mar 30 2019,Philadelphia 76ers,118,Minnesota Timberwolves,109,-189,162
Sat Mar 30 2019,Memphis Grizzlies,120,Phoenix Suns,115,-132,112
Sun Mar 31 2019,Milwaukee Bucks,135,Atlanta Hawks,136,-132,112
Sun Mar 31 2019,Dallas Mavericks,106,Oklahoma City Thunder,103,709,-1059
Sun Mar 31 2019,Los Angeles Lakers,130,New Orleans Pelicans,102,134,-155
Sun Mar 31 2019,Sacramento Kings,113,San Antonio Spurs,106,445,-580
Sun Mar 31 2019,Washington Wizards,95,Denver Nuggets,90,501,-675
Sun Mar 31 2019,Charlotte Hornets,90,Golden State Warriors,137,574,-809
Sun Mar 31 2019,Memphis Grizzlies,96,Los Angeles Clippers,113,418,-544
Mon Apr 1 2019,Detroit Pistons,102,Indiana Pacers,111,185,-222
Mon Apr 1 2019,Miami Heat,105,Boston Celtics,110,227,-272
Mon Apr 1 2019,Milwaukee Bucks,131,Brooklyn Nets,121,-109,-113
Mon Apr 1 2019,Chicago Bulls,105,New York Knicks,113,148,-170
Mon Apr 1 2019,Orlando Magic,109,Toronto Raptors,121,229,-275
Mon Apr 1 2019,Portland Trail Blazers,132,Minnesota Timberwolves,122,-155,134
Mon Apr 1 2019,Philadelphia 76ers,102,Dallas Mavericks,122,-201,171
Mon Apr 1 2019,Charlotte Hornets,102,Utah Jazz,111,527,-727
Mon Apr 1 2019,Cleveland Cavaliers,113,Phoenix Suns,122,111,-132
Tue Apr 2 2019,Los Angeles Lakers,103,Oklahoma City Thunder,119,733,-1149
Tue Apr 2 2019,Atlanta Hawks,111,San Antonio Spurs,117,538,-750
Tue Apr 2 2019,Houston Rockets,130,Sacramento Kings,105,-245,204
Tue Apr 2 2019,Denver Nuggets,102,Golden State Warriors,116,322,-399
Wed Apr 3 2019,Indiana Pacers,108,Detroit Pistons,89,125,-145
Wed Apr 3 2019,New York Knicks,100,Orlando Magic,114,781,-1202
Wed Apr 3 2019,Chicago Bulls,115,Washington Wizards,114,415,-538
Wed Apr 3 2019,Philadelphia 76ers,122,Atlanta Hawks,130,-186,160
Wed Apr 3 2019,Toronto Raptors,115,Brooklyn Nets,105,-131,111
Wed Apr 3 2019,Boston Celtics,112,Miami Heat,102,-109,-111
Wed Apr 3 2019,Charlotte Hornets,115,New Orleans Pelicans,109,-196,168
Wed Apr 3 2019,Minnesota Timberwolves,110,Dallas Mavericks,108,117,-137
Wed Apr 3 2019,San Antonio Spurs,85,Denver Nuggets,113,171,-200
Wed Apr 3 2019,Utah Jazz,118,Phoenix Suns,97,-649,479
Wed Apr 3 2019,Memphis Grizzlies,89,Portland Trail Blazers,116,504,-691
Wed Apr 3 2019,Houston Rockets,135,Los Angeles Clippers,103,-145,125
Thu Apr 4 2019,Milwaukee Bucks,128,Philadelphia 76ers,122,-185,160
Thu Apr 4 2019,Cleveland Cavaliers,104,Sacramento Kings,117,411,-537
Thu Apr 4 2019,Golden State Warriors,108,Los Angeles Lakers,90,-1325,835
Fri Apr 5 2019,Toronto Raptors,111,Charlotte Hornets,113,-251,209
Fri Apr 5 2019,Atlanta Hawks,113,Orlando Magic,149,323,-404
Fri Apr 5 2019,San Antonio Spurs,129,Washington Wizards,112,-277,233
Fri Apr 5 2019,New York Knicks,96,Houston Rockets,120,1618,-4443
Fri Apr 5 2019,Boston Celtics,117,Indiana Pacers,97,-119,102
Fri Apr 5 2019,Miami Heat,109,Minnesota Timberwolves,111,-175,154
Fri Apr 5 2019,Detroit Pistons,110,Oklahoma City Thunder,123,200,-237
Fri Apr 5 2019,Memphis Grizzlies,122,Dallas Mavericks,112,152,-174
Fri Apr 5 2019,Sacramento Kings,98,Utah Jazz,119,422,-548
Fri Apr 5 2019,New Orleans Pelicans,126,Phoenix Suns,133,-145,126
Fri Apr 5 2019,Portland Trail Blazers,110,Denver Nuggets,119,209,-251
Fri Apr 5 2019,Cleveland Cavaliers,114,Golden State Warriors,120,1188,-2350
Fri Apr 5 2019,Los Angeles Lakers,122,Los Angeles Clippers,117,549,-769
Sat Apr 6 2019,Brooklyn Nets,133,Milwaukee Bucks,128,135,-156
Sat Apr 6 2019,Philadelphia 76ers,116,Chicago Bulls,96,-591,447
Sun Apr 7 2019,Miami Heat,109,Toronto Raptors,117,193,-230
Sun Apr 7 2019,San Antonio Spurs,112,Cleveland Cavaliers,90,-408,327
Sun Apr 7 2019,Oklahoma City Thunder,132,Minnesota Timberwolves,126,-269,226
Sun Apr 7 2019,Charlotte Hornets,104,Detroit Pistons,91,229,-273
Sun Apr 7 2019,Brooklyn Nets,108,Indiana Pacers,96,121,-141
Sun Apr 7 2019,Dallas Mavericks,129,Memphis Grizzlies,127,-113,100
Sun Apr 7 2019,Phoenix Suns,113,Houston Rockets,149,1858,-5886
Sun Apr 7 2019,Atlanta Hawks,107,Milwaukee Bucks,115,604,-861
Sun Apr 7 2019,Orlando Magic,116,Boston Celtics,108,154,-176
Sun Apr 7 2019,Washington Wizards,110,New York Knicks,113,-170,150
Sun Apr 7 2019,Los Angeles Clippers,104,Golden State Warriors,131,591,-824
Sun Apr 7 2019,Denver Nuggets,108,Portland Trail Blazers,115,325,-406
Sun Apr 7 2019,New Orleans Pelicans,133,Sacramento Kings,129,581,-823
Sun Apr 7 2019,Utah Jazz,109,Los Angeles Lakers,113,-881,609
Tue Apr 9 2019,Charlotte Hornets,124,Cleveland Cavaliers,97,-408,327
Tue Apr 9 2019,Memphis Grizzlies,93,Detroit Pistons,100,705,-1053
Tue Apr 9 2019,Boston Celtics,116,Washington Wizards,110,179,-212
Tue Apr 9 2019,Philadelphia 76ers,99,Miami Heat,122,219,-262
Tue Apr 9 2019,New York Knicks,96,Chicago Bulls,86,108,-128
Tue Apr 9 2019,Toronto Raptors,120,Minnesota Timberwolves,100,-345,281
Tue Apr 9 2019,Golden State Warriors,112,New Orleans Pelicans,103,-489,385
Tue Apr 9 2019,Phoenix Suns,109,Dallas Mavericks,120,306,-377
Tue Apr 9 2019,Denver Nuggets,108,Utah Jazz,118,107,-127
Tue Apr 9 2019,Houston Rockets,111,Oklahoma City Thunder,112,-153,133
Tue Apr 9 2019,Portland Trail Blazers,104,Los Angeles Lakers,101,-498,391
Wed Apr 10 2019,Indiana Pacers,135,Atlanta Hawks,134,195,-234
Wed Apr 10 2019,Miami Heat,94,Brooklyn Nets,113,167,-195
Wed Apr 10 2019,Orlando Magic,122,Charlotte Hornets,114,162,-187
Wed Apr 10 2019,Golden State Warriors,117,Memphis Grizzlies,132,-207,174
Wed Apr 10 2019,Oklahoma City Thunder,127,Milwaukee Bucks,116,-204,173
Wed Apr 10 2019,Detroit Pistons,115,New York Knicks,89,-410,328
Wed Apr 10 2019,Chicago Bulls,109,Philadelphia 76ers,125,203,-243
Wed Apr 10 2019,Dallas Mavericks,94,San Antonio Spurs,105,872,-1390
Wed Apr 10 2019,Minnesota Timberwolves,95,Denver Nuggets,99,629,-902
Wed Apr 10 2019,Utah Jazz,137,Los Angeles Clippers,143,260,-315
Wed Apr 10 2019,Sacramento Kings,131,Portland Trail Blazers,136,129,-149
Sat Apr 13 2019,Brooklyn Nets,111,Philadelphia 76ers,102,277,-334
Sat Apr 13 2019,Orlando Magic,104,Toronto Raptors,101,403,-517
Sat Apr 13 2019,Los Angeles Clippers,104,Golden State Warriors,121,865,-1348
Sat Apr 13 2019,San Antonio Spurs,101,Denver Nuggets,96,205,-245
Sun Apr 14 2019,Indiana Pacers,74,Boston Celtics,84,294,-359
Sun Apr 14 2019,Oklahoma City Thunder,99,Portland Trail Blazers,104,132,-152
Sun Apr 14 2019,Detroit Pistons,86,Milwaukee Bucks,121,1007,-1818
Sun Apr 14 2019,Utah Jazz,90,Houston Rockets,122,232,-277
Mon Apr 15 2019,Brooklyn Nets,123,Philadelphia 76ers,145,333,-417
Mon Apr 15 2019,Los Angeles Clippers,135,Golden State Warriors,131,936,-1581
Tue Apr 16 2019,Orlando Magic,82,Toronto Raptors,111,521,-720
Tue Apr 16 2019,San Antonio Spurs,105,Denver Nuggets,114,248,-298
Tue Apr 16 2019,Oklahoma City Thunder,94,Portland Trail Blazers,114,-107,-115
Wed Apr 17 2019,Indiana Pacers,91,Boston Celtics,99,257,-314
Wed Apr 17 2019,Detroit Pistons,99,Milwaukee Bucks,120,1103,-2132
Wed Apr 17 2019,Utah Jazz,98,Houston Rockets,118,238,-283
Thu Apr 18 2019,Philadelphia 76ers,131,Brooklyn Nets,115,-122,-104
Thu Apr 18 2019,Denver Nuggets,108,San Antonio Spurs,118,163,-190
Thu Apr 18 2019,Golden State Warriors,132,Los Angeles Clippers,105,-501,391
Fri Apr 19 2019,Toronto Raptors,98,Orlando Magic,93,-230,193
Fri Apr 19 2019,Boston Celtics,104,Indiana Pacers,96,114,-134
Fri Apr 19 2019,Portland Trail Blazers,108,Oklahoma City Thunder,120,270,-329
Sat Apr 20 2019,Philadelphia 76ers,112,Brooklyn Nets,108,-160,140
Sat Apr 20 2019,Denver Nuggets,117,San Antonio Spurs,103,148,-168
Sat Apr 20 2019,Milwaukee Bucks,119,Detroit Pistons,103,-465,366
Sat Apr 20 2019,Houston Rockets,104,Utah Jazz,101,105,-124
Sun Apr 21 2019,Boston Celtics,110,Indiana Pacers,106,-164,144
Sun Apr 21 2019,Golden State Warriors,113,Los Angeles Clippers,105,-494,390
Sun Apr 21 2019,Toronto Raptors,107,Orlando Magic,85,-233,194
Sun Apr 21 2019,Portland Trail Blazers,111,Oklahoma City Thunder,98,188,-224
Mon Apr 22 2019,Milwaukee Bucks,127,Detroit Pistons,104,-955,655
Mon Apr 22 2019,Houston Rockets,91,Utah Jazz,107,-137,117
Tue Apr 23 2019,Orlando Magic,96,Toronto Raptors,115,560,-778
Tue Apr 23 2019,Brooklyn Nets,100,Philadelphia 76ers,122,324,-397
Tue Apr 23 2019,San Antonio Spurs,90,Denver Nuggets,108,207,-255
Tue Apr 23 2019,Oklahoma City Thunder,115,Portland Trail Blazers,118,157,-181
Wed Apr 24 2019,Utah Jazz,93,Houston Rockets,100,321,-397
Wed Apr 24 2019,Los Angeles Clippers,129,Golden State Warriors,121,1111,-2043
Thu Apr 25 2019,Denver Nuggets,103,San Antonio Spurs,120,127,-147
Fri Apr 26 2019,Golden State Warriors,129,Los Angeles Clippers,110,-592,447
Sat Apr 27 2019,Philadelphia 76ers,95,Toronto Raptors,108,228,-272
Sat Apr 27 2019,San Antonio Spurs,86,Denver Nuggets,90,214,-256
Sun Apr 28 2019,Boston Celtics,112,Milwaukee Bucks,90,287,-352
Sun Apr 28 2019,Houston Rockets,100,Golden State Warriors,104,215,-257
Mon Apr 29 2019,Philadelphia 76ers,94,Toronto Raptors,89,248,-299
Mon Apr 29 2019,Portland Trail Blazers,113,Denver Nuggets,121,159,-182
Tue Apr 30 2019,Boston Celtics,102,Milwaukee Bucks,123,270,-326
Tue Apr 30 2019,Houston Rockets,109,Golden State Warriors,115,183,-219
Wed May 1 2019,Portland Trail Blazers,97,Denver Nuggets,90,157,-179
Thu May 2 2019,Toronto Raptors,95,Philadelphia 76ers,116,-121,102
Fri May 3 2019,Milwaukee Bucks,123,Boston Celtics,116,114,-133
Fri May 3 2019,Denver Nuggets,137,Portland Trail Blazers,140,179,-212
Sat May 4 2019,Golden State Warriors,121,Houston Rockets,126,145,-165
Sun May 5 2019,Toronto Raptors,101,Philadelphia 76ers,96,118,-137
Sun May 5 2019,Denver Nuggets,116,Portland Trail Blazers,112,130,-149
Mon May 6 2019,Milwaukee Bucks,113,Boston Celtics,101,101,-117
Mon May 6 2019,Golden State Warriors,108,Houston Rockets,112,-109,-110
Tue May 7 2019,Philadelphia 76ers,89,Toronto Raptors,125,216,-256
Tue May 7 2019,Portland Trail Blazers,98,Denver Nuggets,124,181,-213
Wed May 8 2019,Boston Celtics,91,Milwaukee Bucks,116,311,-382
Wed May 8 2019,Houston Rockets,99,Golden State Warriors,104,219,-259
Thu May 9 2019,Toronto Raptors,101,Philadelphia 76ers,112,-124,104
Thu May 9 2019,Denver Nuggets,108,Portland Trail Blazers,119,156,-177
Fri May 10 2019,Golden State Warriors,118,Houston Rockets,113,275,-334
Sun May 12 2019,Portland Trail Blazers,100,Denver Nuggets,96,211,-250
Sun May 12 2019,Philadelphia 76ers,90,Toronto Raptors,92,210,-248
Tue May 14 2019,Portland Trail Blazers,94,Golden State Warriors,116,259,-311
Wed May 15 2019,Toronto Raptors,100,Milwaukee Bucks,108,253,-303
Thu May 16 2019,Portland Trail Blazers,111,Golden State Warriors,114,259,-315
Fri May 17 2019,Toronto Raptors,103,Milwaukee Bucks,125,218,-257
Sat May 18 2019,Golden State Warriors,110,Portland Trail Blazers,99,131,-150
Sun May 19 2019,Milwaukee Bucks,112,Toronto Raptors,118,115,-134
Mon May 20 2019,Golden State Warriors,119,Portland Trail Blazers,117,-129,110
Tue May 21 2019,Milwaukee Bucks,102,Toronto Raptors,120,-194,157
Thu May 23 2019,Toronto Raptors,105,Milwaukee Bucks,99,268,-326
Sat May 25 2019,Milwaukee Bucks,94,Toronto Raptors,100,109,-128
Thu May 30 2019,Golden State Warriors,109,Toronto Raptors,118,107,-124
Sun Jun 2 2019,Golden State Warriors,109,Toronto Raptors,104,112,-131
Wed Jun 5 2019,Toronto Raptors,123,Golden State Warriors,109,120,-140
Fri Jun 7 2019,Toronto Raptors,105,Golden State Warriors,92,188,-224
Mon Jun 10 2019,Golden State Warriors,106,Toronto Raptors,105,-108,-112
Thu Jun 13 2019,Toronto Raptors,114,Golden State Warriors,110,120,-140
Tue Oct 22 2019,New Orleans Pelicans,122,Toronto Raptors,130,+237,-286
Tue Oct 22 2019,Los Angeles Lakers,102,Los Angeles Clippers,112,-169,+147
Wed Oct 23 2019,Chicago Bulls,125,Charlotte Hornets,126,-161,+140
Wed Oct 23 2019,Detroit Pistons,119,Indiana Pacers,110,+242,-292
Wed Oct 23 2019,Cleveland Cavaliers,85,Orlando Magic,94,+424,-587
Wed Oct 23 2019,Minnesota Timberwolves,127,Brooklyn Nets,126,+158,-193
Wed Oct 23 2019,Memphis Grizzlies,101,Miami Heat,120,+233,-280
Wed Oct 23 2019,Boston Celtics,93,Philadelphia 76ers,107,+242,-331
Wed Oct 23 2019,Washington Wizards,100,Dallas Mavericks,108,+413,-843
Wed Oct 23 2019,New York Knicks,111,San Antonio Spurs,120,+434,-569
Wed Oct 23 2019,Oklahoma City Thunder,95,Utah Jazz,100,+328,-413
Wed Oct 23 2019,Sacramento Kings,95,Phoenix Suns,124, , 
Wed Oct 23 2019,Denver Nuggets,108,Portland Trail Blazers,100,-122,+103
Thu Oct 24 2019,Atlanta Hawks,117,Detroit Pistons,100,+102,-119
Thu Oct 24 2019,Milwaukee Bucks,117,Houston Rockets,111,+101,-121
Thu Oct 24 2019,Los Angeles Clippers,141,Golden State Warriors,122,-154,+123
Fri Oct 25 2019,Toronto Raptors,106,Boston Celtics,112,+130,-154
Fri Oct 25 2019,Minnesota Timberwolves,121,Charlotte Hornets,99,-246,+199
Fri Oct 25 2019,New York Knicks,109,Brooklyn Nets,113,+301,-386
Fri Oct 25 2019,Chicago Bulls,110,Memphis Grizzlies,102,-126,+108
Fri Oct 25 2019,Dallas Mavericks,123,New Orleans Pelicans,116,+107,-127
Fri Oct 25 2019,Washington Wizards,97,Oklahoma City Thunder,85,+297,-369
Fri Oct 25 2019,Phoenix Suns,107,Denver Nuggets,108,+608,-858
Fri Oct 25 2019,Portland Trail Blazers,122,Sacramento Kings,112,-565,+202
Fri Oct 25 2019,Utah Jazz,86,Los Angeles Lakers,95,+213,-377
Sat Oct 26 2019,Miami Heat,131,Milwaukee Bucks,126,+523,-715
Sat Oct 26 2019,Philadelphia 76ers,117,Detroit Pistons,111,-182,+158
Sat Oct 26 2019,Orlando Magic,99,Atlanta Hawks,103,-134,+115
Sat Oct 26 2019,Boston Celtics,118,New York Knicks,95,-225,+187
Sat Oct 26 2019,Toronto Raptors,108,Chicago Bulls,84,-287,+189
Sat Oct 26 2019,Indiana Pacers,99,Cleveland Cavaliers,110,-179,+157
Sat Oct 26 2019,New Orleans Pelicans,123,Houston Rockets,126,+642,-944
Sat Oct 26 2019,Washington Wizards,122,San Antonio Spurs,124,+580,-807
Sat Oct 26 2019,Sacramento Kings,81,Utah Jazz,113,+410,-643
Sat Oct 26 2019,Los Angeles Clippers,122,Phoenix Suns,130,-527,+405
Sun Oct 27 2019,Golden State Warriors,92,Oklahoma City Thunder,120,-111,+102
Sun Oct 27 2019,Brooklyn Nets,133,Memphis Grizzlies,134,-184,+159
Sun Oct 27 2019,Portland Trail Blazers,121,Dallas Mavericks,119,+123,-140
Sun Oct 27 2019,Miami Heat,109,Minnesota Timberwolves,116,+224,-267
Sun Oct 27 2019,Charlotte Hornets,101,Los Angeles Lakers,120,+858,-1392
Mon Oct 28 2019,Chicago Bulls,98,New York Knicks,105,-175,+137
Mon Oct 28 2019,Indiana Pacers,94,Detroit Pistons,96,-125,+108
Mon Oct 28 2019,Orlando Magic,95,Toronto Raptors,104,+216,-297
Mon Oct 28 2019,Philadelphia 76ers,105,Atlanta Hawks,103,-260,+220
Mon Oct 28 2019,Oklahoma City Thunder,112,Houston Rockets,116,+426,-562
Mon Oct 28 2019,Cleveland Cavaliers,112,Milwaukee Bucks,129,+1175,-2063
Mon Oct 28 2019,Golden State Warriors,134,New Orleans Pelicans,123,+113,-131
Mon Oct 28 2019,Portland Trail Blazers,110,San Antonio Spurs,113,+251,-343
Mon Oct 28 2019,Utah Jazz,96,Phoenix Suns,95,-190,+166
Mon Oct 28 2019,Denver Nuggets,101,Sacramento Kings,94,-247,+200
Mon Oct 28 2019,Charlotte Hornets,96,Los Angeles Clippers,111,+1225,-2179
Tue Oct 29 2019,Atlanta Hawks,97,Miami Heat,112,+402,-381
Tue Oct 29 2019,Dallas Mavericks,109,Denver Nuggets,106,+177,-212
Tue Oct 29 2019,Memphis Grizzlies,91,Los Angeles Lakers,120,+579,-805
Wed Oct 30 2019,Chicago Bulls,111,Cleveland Cavaliers,117,-128,+111
Wed Oct 30 2019,New York Knicks,83,Orlando Magic,95,+404,-526
Wed Oct 30 2019,Minnesota Timberwolves,95,Philadelphia 76ers,117,+267,-337
Wed Oct 30 2019,Milwaukee Bucks,105,Boston Celtics,116,-155,+136
Wed Oct 30 2019,Indiana Pacers,118,Brooklyn Nets,108,+128,-145
Wed Oct 30 2019,Detroit Pistons,113,Toronto Raptors,125,+465,-1345
Wed Oct 30 2019,Portland Trail Blazers,102,Oklahoma City Thunder,99,-123,+104
Wed Oct 30 2019,Houston Rockets,159,Washington Wizards,158,-330,+271
Wed Oct 30 2019,Charlotte Hornets,118,Sacramento Kings,111,+264,-322
Wed Oct 30 2019,Los Angeles Clippers,96,Utah Jazz,110,+240,-290
Wed Oct 30 2019,Phoenix Suns,121,Golden State Warriors,110,+182,-213
Thu Oct 31 2019,Miami Heat,106,Atlanta Hawks,97,-355,+260
Thu Oct 31 2019,Denver Nuggets,107,New Orleans Pelicans,122,-163,+144
Thu Oct 31 2019,San Antonio Spurs,97,Los Angeles Clippers,103,+218,-309
Fri Nov 1 2019,Houston Rockets,116,Brooklyn Nets,123,-182,+159
Fri Nov 1 2019,Cleveland Cavaliers,95,Indiana Pacers,102,+291,-421
Fri Nov 1 2019,Milwaukee Bucks,123,Orlando Magic,91,-232,+186
Fri Nov 1 2019,New York Knicks,102,Boston Celtics,104,+427,-636
Fri Nov 1 2019,Detroit Pistons,106,Chicago Bulls,112,+179,-219
Fri Nov 1 2019,Los Angeles Lakers,119,Dallas Mavericks,110,-116,+101
Fri Nov 1 2019,Utah Jazz,101,Sacramento Kings,102,-179,+157
Fri Nov 1 2019,San Antonio Spurs,127,Golden State Warriors,110,-418,+293
Sat Nov 2 2019,New Orleans Pelicans,104,Oklahoma City Thunder,115,+124,-150
Sat Nov 2 2019,Brooklyn Nets,109,Detroit Pistons,113,-171,+151
Sat Nov 2 2019,Denver Nuggets,91,Orlando Magic,87,-195,+166
Sat Nov 2 2019,Phoenix Suns,114,Memphis Grizzlies,105,-191,+152
Sat Nov 2 2019,Toronto Raptors,105,Milwaukee Bucks,115,+247,-319
Sat Nov 2 2019,Minnesota Timberwolves,131,Washington Wizards,109,+128,-146
Sat Nov 2 2019,Charlotte Hornets,93,Golden State Warriors,87,-236,+196
Sat Nov 2 2019,Philadelphia 76ers,129,Portland Trail Blazers,128,-109,-139
Sun Nov 3 2019,Chicago Bulls,95,Indiana Pacers,108,+161,-226
Sun Nov 3 2019,Houston Rockets,100,Miami Heat,129,-153,+132
Sun Nov 3 2019,Sacramento Kings,113,New York Knicks,92,-230,-102
Sun Nov 3 2019,Los Angeles Lakers,103,San Antonio Spurs,96,-153,+124
Sun Nov 3 2019,Dallas Mavericks,131,Cleveland Cavaliers,111,-1110,+283
Sun Nov 3 2019,Utah Jazz,94,Los Angeles Clippers,105,+175,-208
Mon Nov 4 2019,Detroit Pistons,99,Washington Wizards,115,+215,-382
Mon Nov 4 2019,New Orleans Pelicans,125,Brooklyn Nets,135,+168,-207
Mon Nov 4 2019,Houston Rockets,107,Memphis Grizzlies,100,-404,+257
Mon Nov 4 2019,Milwaukee Bucks,134,Minnesota Timberwolves,106,-1207,+366
Mon Nov 4 2019,Philadelphia 76ers,109,Phoenix Suns,114, , 
Mon Nov 4 2019,Portland Trail Blazers,118,Golden State Warriors,127,-849,+600
Tue Nov 5 2019,Indiana Pacers,120,Charlotte Hornets,122,-137,+117
Tue Nov 5 2019,Boston Celtics,119,Cleveland Cavaliers,113,-260,+218
Tue Nov 5 2019,San Antonio Spurs,100,Atlanta Hawks,108,-227,+192
Tue Nov 5 2019,Los Angeles Lakers,118,Chicago Bulls,112,-293,+243
Tue Nov 5 2019,Orlando Magic,94,Oklahoma City Thunder,102,+129,-152
Tue Nov 5 2019,Miami Heat,89,Denver Nuggets,109,+226,-315
Wed Nov 6 2019,New York Knicks,102,Detroit Pistons,122,+149,-174
Wed Nov 6 2019,Washington Wizards,106,Indiana Pacers,121,+134,-158
Wed Nov 6 2019,Chicago Bulls,113,Atlanta Hawks,93, , 
Wed Nov 6 2019,Golden State Warriors,112,Houston Rockets,129,+1225,-2958
Wed Nov 6 2019,Sacramento Kings,120,Toronto Raptors,124,+314,-406
Wed Nov 6 2019,Minnesota Timberwolves,121,Memphis Grizzlies,137,-161,+142
Wed Nov 6 2019,Orlando Magic,106,Dallas Mavericks,107,+239,-291
Wed Nov 6 2019,Philadelphia 76ers,104,Utah Jazz,106,+162,-220
Wed Nov 6 2019,Milwaukee Bucks,129,Los Angeles Clippers,124,-322,+244
Thu Nov 7 2019,Boston Celtics,108,Charlotte Hornets,87,-422,+303
Thu Nov 7 2019,Oklahoma City Thunder,112,San Antonio Spurs,121,+215,-292
Thu Nov 7 2019,Miami Heat,124,Phoenix Suns,108,+106,-124
Thu Nov 7 2019,Portland Trail Blazers,101,Los Angeles Clippers,107,+195,-234
Fri Nov 8 2019,Detroit Pistons,106,Indiana Pacers,112,+238,-304
Fri Nov 8 2019,Memphis Grizzlies,86,Orlando Magic,118,+280,-353
Fri Nov 8 2019,Cleveland Cavaliers,113,Washington Wizards,100,+166,-192
Fri Nov 8 2019,Sacramento Kings,121,Atlanta Hawks,109,-167,+141
Fri Nov 8 2019,Golden State Warriors,119,Minnesota Timberwolves,125,+504,-687
Fri Nov 8 2019,Toronto Raptors,122,New Orleans Pelicans,104,-147,+123
Fri Nov 8 2019,New York Knicks,106,Dallas Mavericks,102,+464,-622
Fri Nov 8 2019,Philadelphia 76ers,97,Denver Nuggets,100,+173,-201
Fri Nov 8 2019,Milwaukee Bucks,100,Utah Jazz,103,-130,+113
Fri Nov 8 2019,Brooklyn Nets,119,Portland Trail Blazers,115,+137,-155
Fri Nov 8 2019,Miami Heat,80,Los Angeles Lakers,95,+341,-454
Sat Nov 9 2019,Boston Celtics,135,San Antonio Spurs,115,+108,-126
Sat Nov 9 2019,New Orleans Pelicans,115,Charlotte Hornets,110,-127,+109
Sat Nov 9 2019,Houston Rockets,117,Chicago Bulls,94,-317,+257
Sat Nov 9 2019,Dallas Mavericks,138,Memphis Grizzlies,122,-282,+221
Sat Nov 9 2019,Golden State Warriors,108,Oklahoma City Thunder,114,+552,-766
Sun Nov 10 2019,Denver Nuggets,100,Minnesota Timberwolves,98,-180,+156
Sun Nov 10 2019,Indiana Pacers,109,Orlando Magic,102,+166,-194
Sun Nov 10 2019,Charlotte Hornets,106,Philadelphia 76ers,114,+842,-1522
Sun Nov 10 2019,Milwaukee Bucks,121,Oklahoma City Thunder,119,-458,+348
Sun Nov 10 2019,Cleveland Cavaliers,108,New York Knicks,87,+115,-132
Sun Nov 10 2019,Brooklyn Nets,112,Phoenix Suns,138,+216,-586
Sun Nov 10 2019,Atlanta Hawks,113,Portland Trail Blazers,124,+321,-404
Sun Nov 10 2019,Toronto Raptors,113,Los Angeles Lakers,104,+403,-521
Mon Nov 11 2019,Minnesota Timberwolves,120,Detroit Pistons,114,+150,-170
Mon Nov 11 2019,Dallas Mavericks,106,Boston Celtics,116,+131,-151
Mon Nov 11 2019,Memphis Grizzlies,113,San Antonio Spurs,109,+454,-603
Mon Nov 11 2019,Houston Rockets,122,New Orleans Pelicans,116,-389,+288
Mon Nov 11 2019,Utah Jazz,122,Golden State Warriors,108,-628,+354
Mon Nov 11 2019,Toronto Raptors,88,Los Angeles Clippers,98,+352,-459
Tue Nov 12 2019,Oklahoma City Thunder,85,Indiana Pacers,111,+148,-212
Tue Nov 12 2019,Cleveland Cavaliers,97,Philadelphia 76ers,98,+439,-579
Tue Nov 12 2019,Detroit Pistons,108,Miami Heat,117,+383,-546
Tue Nov 12 2019,New York Knicks,102,Chicago Bulls,120,+223,-267
Tue Nov 12 2019,Atlanta Hawks,125,Denver Nuggets,121,+440,-578
Tue Nov 12 2019,Los Angeles Lakers,123,Phoenix Suns,115,-161,+142
Tue Nov 12 2019,Brooklyn Nets,114,Utah Jazz,119,+224,-268
Tue Nov 12 2019,Portland Trail Blazers,99,Sacramento Kings,107,-126,+109
Wed Nov 13 2019,Memphis Grizzlies,119,Charlotte Hornets,117,+119,-136
Wed Nov 13 2019,Philadelphia 76ers,97,Orlando Magic,112,+174,-263
Wed Nov 13 2019,Washington Wizards,133,Boston Celtics,140,+278,-349
Wed Nov 13 2019,Los Angeles Clippers,93,Houston Rockets,102,+129,-153
Wed Nov 13 2019,San Antonio Spurs,114,Minnesota Timberwolves,129,+108,-129
Wed Nov 13 2019,Golden State Warriors,94,Los Angeles Lakers,120,+380,-570
Wed Nov 13 2019,Toronto Raptors,114,Portland Trail Blazers,106,+135,-153
Thu Nov 14 2019,Miami Heat,108,Cleveland Cavaliers,97,-292,+214
Thu Nov 14 2019,Chicago Bulls,115,Milwaukee Bucks,124,+582,-825
Thu Nov 14 2019,Los Angeles Clippers,127,New Orleans Pelicans,132,-173,+151
Thu Nov 14 2019,Dallas Mavericks,103,New York Knicks,106,-313,+257
Thu Nov 14 2019,Atlanta Hawks,112,Phoenix Suns,128,+300,-396
Thu Nov 14 2019,Brooklyn Nets,93,Denver Nuggets,101,+280,-346
Fri Nov 15 2019,Detroit Pistons,106,Charlotte Hornets,109,-159,+143
Fri Nov 15 2019,San Antonio Spurs,109,Orlando Magic,111,+120,-136
Fri Nov 15 2019,Indiana Pacers,102,Houston Rockets,111,+200,-238
Fri Nov 15 2019,Utah Jazz,106,Memphis Grizzlies,107,-312,+256
Fri Nov 15 2019,Washington Wizards,137,Minnesota Timberwolves,116,+189,-220
Fri Nov 15 2019,Philadelphia 76ers,119,Oklahoma City Thunder,127,-266,+191
Fri Nov 15 2019,Boston Celtics,105,Golden State Warriors,100,-294,+243
Fri Nov 15 2019,Sacramento Kings,97,Los Angeles Lakers,99,+432,-572
Sat Nov 16 2019,Brooklyn Nets,117,Chicago Bulls,111,+146,-165
Sat Nov 16 2019,Milwaukee Bucks,102,Indiana Pacers,83,-464,+326
Sat Nov 16 2019,Charlotte Hornets,103,New York Knicks,102,+165,-194
Sat Nov 16 2019,New Orleans Pelicans,94,Miami Heat,109,+271,-334
Sat Nov 16 2019,Houston Rockets,125,Minnesota Timberwolves,105,+116,-133
Sat Nov 16 2019,Toronto Raptors,102,Dallas Mavericks,110,+155,-178
Sat Nov 16 2019,Portland Trail Blazers,121,San Antonio Spurs,116,+148,-212
Sat Nov 16 2019,Atlanta Hawks,101,Los Angeles Clippers,150,+401,-549
Sun Nov 17 2019,Philadelphia 76ers,114,Cleveland Cavaliers,95,-451,+299
Sun Nov 17 2019,Boston Celtics,99,Sacramento Kings,100,-148,+128
Sun Nov 17 2019,Denver Nuggets,131,Memphis Grizzlies,114,-1146,+327
Sun Nov 17 2019,Washington Wizards,121,Orlando Magic,125,+306,-1126
Sun Nov 17 2019,Golden State Warriors,100,New Orleans Pelicans,108,+201,-300
Sun Nov 17 2019,Atlanta Hawks,101,Los Angeles Lakers,122,+854,-1325
Mon Nov 18 2019,Cleveland Cavaliers,105,New York Knicks,123,+190,-227
Mon Nov 18 2019,Indiana Pacers,115,Brooklyn Nets,86,+119,-139
Mon Nov 18 2019,Charlotte Hornets,96,Toronto Raptors,132,+302,-374
Mon Nov 18 2019,Milwaukee Bucks,115,Chicago Bulls,101,-370,+299
Mon Nov 18 2019,Portland Trail Blazers,108,Houston Rockets,132,+271,-330
Mon Nov 18 2019,San Antonio Spurs,110,Dallas Mavericks,117,+171,-201
Mon Nov 18 2019,Boston Celtics,99,Phoenix Suns,85,+115,-134
Mon Nov 18 2019,Minnesota Timberwolves,112,Utah Jazz,102,+353,-445
Mon Nov 18 2019,Oklahoma City Thunder,88,Los Angeles Clippers,90,+286,-352
Tue Nov 19 2019,Golden State Warriors,114,Memphis Grizzlies,95,+208,-245
Tue Nov 19 2019,Portland Trail Blazers,104,New Orleans Pelicans,115,+136,-157
Tue Nov 19 2019,Phoenix Suns,116,Sacramento Kings,120,+237,-1043
Tue Nov 19 2019,Oklahoma City Thunder,107,Los Angeles Lakers,112,+533,-840
Wed Nov 20 2019,New York Knicks,104,Philadelphia 76ers,109,+631,-905
Wed Nov 20 2019,San Antonio Spurs,132,Washington Wizards,138,-132,+115
Wed Nov 20 2019,Milwaukee Bucks,135,Atlanta Hawks,127,-685,+497
Wed Nov 20 2019,Charlotte Hornets,91,Brooklyn Nets,101,+194,-243
Wed Nov 20 2019,Golden State Warriors,94,Dallas Mavericks,142,+821,-1250
Wed Nov 20 2019,Cleveland Cavaliers,100,Miami Heat,124,+474,-1363
Wed Nov 20 2019,Orlando Magic,97,Toronto Raptors,113,+154,-185
Wed Nov 20 2019,Detroit Pistons,89,Chicago Bulls,109, , 
Wed Nov 20 2019,Utah Jazz,103,Minnesota Timberwolves,95,-150,+131
Wed Nov 20 2019,Houston Rockets,95,Denver Nuggets,105,+122,-152
Wed Nov 20 2019,Boston Celtics,104,Los Angeles Clippers,107,+246,-298
Thu Nov 21 2019,Portland Trail Blazers,129,Milwaukee Bucks,137,+786,-1440
Thu Nov 21 2019,New Orleans Pelicans,124,Phoenix Suns,121,+133,-151
Fri Nov 22 2019,Atlanta Hawks,103,Detroit Pistons,128,+249,-314
Fri Nov 22 2019,Charlotte Hornets,118,Washington Wizards,125,+185,-217
Fri Nov 22 2019,Sacramento Kings,97,Brooklyn Nets,116,+154,-219
Fri Nov 22 2019,Miami Heat,116,Chicago Bulls,108,-242,+191
Fri Nov 22 2019,Los Angeles Lakers,130,Oklahoma City Thunder,127,-208,+175
Fri Nov 22 2019,San Antonio Spurs,104,Philadelphia 76ers,115,+268,-344
Fri Nov 22 2019,Cleveland Cavaliers,101,Dallas Mavericks,143,+458,-632
Fri Nov 22 2019,Boston Celtics,92,Denver Nuggets,96,+185,-221
Fri Nov 22 2019,Golden State Warriors,109,Utah Jazz,113,+1173,-2126
Fri Nov 22 2019,Houston Rockets,119,Los Angeles Clippers,122,+174,-203
Sat Nov 23 2019,Phoenix Suns,100,Minnesota Timberwolves,98,+161,-185
Sat Nov 23 2019,Chicago Bulls,116,Charlotte Hornets,115,-126,+109
Sat Nov 23 2019,Orlando Magic,106,Indiana Pacers,111,+230,-277
Sat Nov 23 2019,Toronto Raptors,119,Atlanta Hawks,116,-296,+244
Sat Nov 23 2019,San Antonio Spurs,111,New York Knicks,104,-180,+147
Sat Nov 23 2019,Miami Heat,86,Philadelphia 76ers,113,+241,-344
Sat Nov 23 2019,Portland Trail Blazers,104,Cleveland Cavaliers,110,-249,+210
Sat Nov 23 2019,Los Angeles Lakers,109,Memphis Grizzlies,108,-350,+281
Sat Nov 23 2019,Detroit Pistons,90,Milwaukee Bucks,104,+784,-1294
Sat Nov 23 2019,New Orleans Pelicans,120,Utah Jazz,128,+262,-439
Sun Nov 24 2019,Dallas Mavericks,137,Houston Rockets,123,+190,-224
Sun Nov 24 2019,Brooklyn Nets,103,New York Knicks,101,-208,+157
Sun Nov 24 2019,Sacramento Kings,113,Washington Wizards,106,+110,-127
Sun Nov 24 2019,Phoenix Suns,104,Denver Nuggets,116,+479,-648
Sun Nov 24 2019,New Orleans Pelicans,109,Los Angeles Clippers,134,+712,-1076
Mon Nov 25 2019,Brooklyn Nets,108,Cleveland Cavaliers,106,+100,-116
Mon Nov 25 2019,Orlando Magic,88,Detroit Pistons,103,+158,-180
Mon Nov 25 2019,Memphis Grizzlies,114,Indiana Pacers,126,+426,-664
Mon Nov 25 2019,Minnesota Timberwolves,125,Atlanta Hawks,113,-398,+229
Mon Nov 25 2019,Sacramento Kings,102,Boston Celtics,103,+241,-299
Mon Nov 25 2019,Charlotte Hornets,100,Miami Heat,117,+490,-671
Mon Nov 25 2019,Philadelphia 76ers,96,Toronto Raptors,101,-141,+117
Mon Nov 25 2019,Portland Trail Blazers,117,Chicago Bulls,94,-156,+126
Mon Nov 25 2019,Utah Jazz,118,Milwaukee Bucks,122,+316,-395
Mon Nov 25 2019,Los Angeles Lakers,114,San Antonio Spurs,104,-208,+176
Mon Nov 25 2019,Oklahoma City Thunder,100,Golden State Warriors,97,-279,+234
Tue Nov 26 2019,Los Angeles Clippers,114,Dallas Mavericks,99,-149,+122
Tue Nov 26 2019,Washington Wizards,104,Denver Nuggets,117,+524,-1426
Wed Nov 27 2019,Brooklyn Nets,110,Boston Celtics,121,+338,-439
Wed Nov 27 2019,Detroit Pistons,101,Charlotte Hornets,102,-169,+150
Wed Nov 27 2019,Orlando Magic,116,Cleveland Cavaliers,104, , 
Wed Nov 27 2019,Utah Jazz,102,Indiana Pacers,121,-102,-183
Wed Nov 27 2019,Sacramento Kings,91,Philadelphia 76ers,97,+368,-470
Wed Nov 27 2019,New York Knicks,98,Toronto Raptors,126,+496,-967
Wed Nov 27 2019,Miami Heat,108,Houston Rockets,117,+368,-1206
Wed Nov 27 2019,Los Angeles Clippers,121,Memphis Grizzlies,119,-265,+219
Wed Nov 27 2019,Atlanta Hawks,102,Milwaukee Bucks,111,+825,-1255
Wed Nov 27 2019,Minnesota Timberwolves,113,San Antonio Spurs,101,+129,-146
Wed Nov 27 2019,Washington Wizards,140,Phoenix Suns,132,+228,-273
Wed Nov 27 2019,Los Angeles Lakers,114,New Orleans Pelicans,110,-303,+250
Wed Nov 27 2019,Oklahoma City Thunder,119,Portland Trail Blazers,136,+159,-203
Wed Nov 27 2019,Chicago Bulls,90,Golden State Warriors,104,-128,+111
Fri Nov 29 2019,Boston Celtics,107,Brooklyn Nets,112,-179,+157
Fri Nov 29 2019,Charlotte Hornets,110,Detroit Pistons,107,+290,-361
Fri Nov 29 2019,Toronto Raptors,90,Orlando Magic,83,-204,+163
Fri Nov 29 2019,Milwaukee Bucks,119,Cleveland Cavaliers,110,-1619,+628
Fri Nov 29 2019,Philadelphia 76ers,101,New York Knicks,95,-269,+223
Fri Nov 29 2019,Atlanta Hawks,104,Indiana Pacers,105,+523,-817
Fri Nov 29 2019,Utah Jazz,103,Memphis Grizzlies,94,-318,+260
Fri Nov 29 2019,Golden State Warriors,105,Miami Heat,122,+555,-782
Fri Nov 29 2019,New Orleans Pelicans,104,Oklahoma City Thunder,109,+167,-194
Fri Nov 29 2019,Los Angeles Clippers,97,San Antonio Spurs,107,-217,+185
Fri Nov 29 2019,Dallas Mavericks,120,Phoenix Suns,113,-163,+136
Fri Nov 29 2019,Chicago Bulls,103,Portland Trail Blazers,107,+266,-332
Fri Nov 29 2019,Washington Wizards,103,Los Angeles Lakers,125,+657,-758
Sat Nov 30 2019,Denver Nuggets,97,Sacramento Kings,100,-206,+173
Sat Nov 30 2019,Indiana Pacers,116,Philadelphia 76ers,119,+220,-263
Sat Nov 30 2019,Atlanta Hawks,111,Houston Rockets,158,+880,-2054
Sat Nov 30 2019,Charlotte Hornets,96,Milwaukee Bucks,137,+903,-2065
Sun Dec 1 2019,Miami Heat,109,Brooklyn Nets,106,-183,+158
Sun Dec 1 2019,Memphis Grizzlies,115,Minnesota Timberwolves,107,+573,-791
Sun Dec 1 2019,Boston Celtics,113,New York Knicks,104,-306,+254
Sun Dec 1 2019,Dallas Mavericks,114,Los Angeles Lakers,100,+216,-256
Sun Dec 1 2019,San Antonio Spurs,98,Detroit Pistons,132,+154,-195
Sun Dec 1 2019,Oklahoma City Thunder,107,New Orleans Pelicans,104,+121,-141
Sun Dec 1 2019,Golden State Warriors,96,Orlando Magic,100,+283,-348
Sun Dec 1 2019,Utah Jazz,110,Toronto Raptors,130,+138,-173
Sun Dec 1 2019,Washington Wizards,125,Los Angeles Clippers,150,+695,-1271
Mon Dec 2 2019,Phoenix Suns,109,Charlotte Hornets,104,-164,+144
Mon Dec 2 2019,Utah Jazz,94,Philadelphia 76ers,103,+245,-421
Mon Dec 2 2019,Golden State Warriors,79,Atlanta Hawks,104,+259,-351
Mon Dec 2 2019,Indiana Pacers,117,Memphis Grizzlies,104,-494,+486
Mon Dec 2 2019,New York Knicks,88,Milwaukee Bucks,132,+1286,-3030
Mon Dec 2 2019,Chicago Bulls,113,Sacramento Kings,106,+159,-184
Tue Dec 3 2019,Detroit Pistons,127,Cleveland Cavaliers,94,-328,+205
Tue Dec 3 2019,Orlando Magic,127,Washington Wizards,120,-152,-110
Tue Dec 3 2019,Dallas Mavericks,118,New Orleans Pelicans,97,-258,+202
Tue Dec 3 2019,Miami Heat,121,Toronto Raptors,110,+191,-227
Tue Dec 3 2019,Houston Rockets,133,San Antonio Spurs,135,-420,+302
Tue Dec 3 2019,Los Angeles Lakers,105,Denver Nuggets,96,+113,-131
Tue Dec 3 2019,Portland Trail Blazers,97,Los Angeles Clippers,117,+369,-481
Wed Dec 4 2019,Golden State Warriors,91,Charlotte Hornets,106,+120,-141
Wed Dec 4 2019,Milwaukee Bucks,127,Detroit Pistons,103,-635,+433
Wed Dec 4 2019,Phoenix Suns,114,Orlando Magic,128,-123,+106
Wed Dec 4 2019,Brooklyn Nets,130,Atlanta Hawks,118,-228,+171
Wed Dec 4 2019,Miami Heat,93,Boston Celtics,112,+243,-357
Wed Dec 4 2019,Memphis Grizzlies,99,Chicago Bulls,106,+277,-377
Wed Dec 4 2019,Indiana Pacers,107,Oklahoma City Thunder,100,-125,-102
Wed Dec 4 2019,Minnesota Timberwolves,114,Dallas Mavericks,121,+214,-269
Wed Dec 4 2019,Los Angeles Lakers,121,Utah Jazz,96,+105,-126
Wed Dec 4 2019,Sacramento Kings,116,Portland Trail Blazers,127,+190,-227
Thu Dec 5 2019,Philadelphia 76ers,113,Washington Wizards,119,-337,+275
Thu Dec 5 2019,Denver Nuggets,129,New York Knicks,92,-407,+318
Thu Dec 5 2019,Houston Rockets,119,Toronto Raptors,109,+108,-129
Thu Dec 5 2019,Phoenix Suns,139,New Orleans Pelicans,132,+153,-174
Fri Dec 6 2019,Brooklyn Nets,111,Charlotte Hornets,104,-155,+132
Fri Dec 6 2019,Orlando Magic,93,Cleveland Cavaliers,87,-194,+167
Fri Dec 6 2019,Indiana Pacers,101,Detroit Pistons,108,-116,+100
Fri Dec 6 2019,Denver Nuggets,95,Boston Celtics,108,+183,-242
Fri Dec 6 2019,Golden State Warriors,100,Chicago Bulls,98,+167,-196
Fri Dec 6 2019,Washington Wizards,103,Miami Heat,112,+439,-619
Fri Dec 6 2019,Minnesota Timberwolves,127,Oklahoma City Thunder,139,+142,-163
Fri Dec 6 2019,Los Angeles Clippers,91,Milwaukee Bucks,119,+220,-323
Fri Dec 6 2019,Sacramento Kings,104,San Antonio Spurs,105,+160,-185
Fri Dec 6 2019,Los Angeles Lakers,136,Portland Trail Blazers,113,-638,+264
Sat Dec 7 2019,New Orleans Pelicans,84,Dallas Mavericks,130,+400,-628
Sat Dec 7 2019,Indiana Pacers,104,New York Knicks,103,-234,+194
Sat Dec 7 2019,Cleveland Cavaliers,94,Philadelphia 76ers,141,+505,-707
Sat Dec 7 2019,Phoenix Suns,109,Houston Rockets,115,+612,-1580
Sat Dec 7 2019,Memphis Grizzlies,112,Utah Jazz,126,+552,-775
Sun Dec 8 2019,Denver Nuggets,102,Brooklyn Nets,105,-181,+156
Sun Dec 8 2019,Atlanta Hawks,122,Charlotte Hornets,107,+107,-124
Sun Dec 8 2019,Chicago Bulls,105,Miami Heat,110,+236,-283
Sun Dec 8 2019,Toronto Raptors,104,Philadelphia 76ers,110,+156,-193
Sun Dec 8 2019,Los Angeles Clippers,135,Washington Wizards,119,-585,+409
Sun Dec 8 2019,Sacramento Kings,110,Dallas Mavericks,106,+311,-390
Sun Dec 8 2019,Oklahoma City Thunder,108,Portland Trail Blazers,96,+146,-164
Sun Dec 8 2019,Minnesota Timberwolves,125,Los Angeles Lakers,142,+521,-993
Mon Dec 9 2019,Los Angeles Clippers,110,Indiana Pacers,99,+120,-140
Mon Dec 9 2019,Cleveland Cavaliers,88,Boston Celtics,110,+833,-1314
Mon Dec 9 2019,Toronto Raptors,93,Chicago Bulls,92,-246,+205
Mon Dec 9 2019,Sacramento Kings,119,Houston Rockets,118,+588,-841
Mon Dec 9 2019,Orlando Magic,101,Milwaukee Bucks,110,+685,-1057
Mon Dec 9 2019,Detroit Pistons,105,New Orleans Pelicans,103, , 
Mon Dec 9 2019,Minnesota Timberwolves,109,Phoenix Suns,125,+153,-184
Mon Dec 9 2019,Oklahoma City Thunder,104,Utah Jazz,90,+298,-375
Mon Dec 9 2019,Memphis Grizzlies,110,Golden State Warriors,102,+128,-147
Tue Dec 10 2019,Washington Wizards,107,Charlotte Hornets,114,-133,+112
Tue Dec 10 2019,Atlanta Hawks,121,Miami Heat,135,+291,-363
Tue Dec 10 2019,Denver Nuggets,92,Philadelphia 76ers,97,+215,-284
Tue Dec 10 2019,New York Knicks,87,Portland Trail Blazers,115,+394,-540
Wed Dec 11 2019,Houston Rockets,116,Cleveland Cavaliers,110,-735,+523
Wed Dec 11 2019,Boston Celtics,117,Indiana Pacers,122, , 
Wed Dec 11 2019,Los Angeles Lakers,96,Orlando Magic,87,-462,+355
Wed Dec 11 2019,Los Angeles Clippers,112,Toronto Raptors,92,-179,+147
Wed Dec 11 2019,Charlotte Hornets,113,Brooklyn Nets,108,+405,-537
Wed Dec 11 2019,Atlanta Hawks,102,Chicago Bulls,136,+327,-1149
Wed Dec 11 2019,Utah Jazz,127,Minnesota Timberwolves,116, , 
Wed Dec 11 2019,Memphis Grizzlies,115,Phoenix Suns,108,+238,-284
Wed Dec 11 2019,New Orleans Pelicans,112,Milwaukee Bucks,127,+469,-1376
Wed Dec 11 2019,Oklahoma City Thunder,93,Sacramento Kings,94,+109,-126
Wed Dec 11 2019,New York Knicks,124,Golden State Warriors,122,+169,-198
Thu Dec 12 2019,Philadelphia 76ers,115,Boston Celtics,109, , 
Thu Dec 12 2019,Cleveland Cavaliers,117,San Antonio Spurs,109,+555,-806
Thu Dec 12 2019,Dallas Mavericks,122,Detroit Pistons,111,-320,+255
Thu Dec 12 2019,Portland Trail Blazers,99,Denver Nuggets,114,+265,-328
Fri Dec 13 2019,Los Angeles Lakers,113,Miami Heat,110,-331,+243
Fri Dec 13 2019,Houston Rockets,130,Orlando Magic,107,-325,+256
Fri Dec 13 2019,New Orleans Pelicans,109,Philadelphia 76ers,116,+304,-443
Fri Dec 13 2019,Indiana Pacers,110,Atlanta Hawks,100,-274,+221
Fri Dec 13 2019,Charlotte Hornets,83,Chicago Bulls,73,+243,-290
Fri Dec 13 2019,Milwaukee Bucks,127,Memphis Grizzlies,114,-922,+616
Fri Dec 13 2019,Golden State Warriors,106,Utah Jazz,114,+706,-1062
Fri Dec 13 2019,Los Angeles Clippers,124,Minnesota Timberwolves,117,-219,+182
Fri Dec 13 2019,New York Knicks,103,Sacramento Kings,101,+308,-391
Sat Dec 14 2019,San Antonio Spurs,121,Phoenix Suns,119,-130,+110
Sat Dec 14 2019,Brooklyn Nets,102,Toronto Raptors,110,+354,-1191
Sat Dec 14 2019,Los Angeles Clippers,106,Chicago Bulls,109,-164,+142
Sat Dec 14 2019,Washington Wizards,111,Memphis Grizzlies,128,+140,-185
Sat Dec 14 2019,Miami Heat,122,Dallas Mavericks,118,+333,-421
Sat Dec 14 2019,Cleveland Cavaliers,108,Milwaukee Bucks,125,+832,-1355
Sat Dec 14 2019,Oklahoma City Thunder,102,Denver Nuggets,110,+264,-405
Sat Dec 14 2019,Detroit Pistons,115,Houston Rockets,107,+263,-320
Sun Dec 15 2019,Orlando Magic,130,New Orleans Pelicans,119,-113,-107
Sun Dec 15 2019,Charlotte Hornets,85,Indiana Pacers,107,+569,-802
Sun Dec 15 2019,Los Angeles Lakers,101,Atlanta Hawks,96,-904,+625
Sun Dec 15 2019,Philadelphia 76ers,89,Brooklyn Nets,109,-172,+150
Sun Dec 15 2019,New York Knicks,105,Denver Nuggets,111,+419,-550
Sun Dec 15 2019,Sacramento Kings,100,Golden State Warriors,79,-226,+187
Mon Dec 16 2019,Washington Wizards,133,Detroit Pistons,119,+121,-140
Mon Dec 16 2019,Cleveland Cavaliers,113,Toronto Raptors,133,+646,-970
Mon Dec 16 2019,San Antonio Spurs,107,Houston Rockets,109,+434,-591
Mon Dec 16 2019,Miami Heat,111,Memphis Grizzlies,118,-162,+139
Mon Dec 16 2019,Dallas Mavericks,120,Milwaukee Bucks,116,+459,-626
Mon Dec 16 2019,Chicago Bulls,106,Oklahoma City Thunder,109,+181,-212
Mon Dec 16 2019,Portland Trail Blazers,111,Phoenix Suns,110,-156,+129
Tue Dec 17 2019,Sacramento Kings,102,Charlotte Hornets,110,-207,+177
Tue Dec 17 2019,Los Angeles Lakers,102,Indiana Pacers,105,-133,+108
Tue Dec 17 2019,Atlanta Hawks,120,New York Knicks,143,+142,-183
Tue Dec 17 2019,Brooklyn Nets,108,New Orleans Pelicans,101,-165,+134
Tue Dec 17 2019,Orlando Magic,102,Utah Jazz,109,+259,-339
Tue Dec 17 2019,Phoenix Suns,99,Los Angeles Clippers,120,+841,-2034
Wed Dec 18 2019,Charlotte Hornets,98,Cleveland Cavaliers,100,+155,-203
Wed Dec 18 2019,Toronto Raptors,112,Detroit Pistons,99,-147,+123
Wed Dec 18 2019,Miami Heat,108,Philadelphia 76ers,104,+281,-361
Wed Dec 18 2019,Chicago Bulls,110,Washington Wizards,109,-105,-140
Wed Dec 18 2019,New Orleans Pelicans,107,Minnesota Timberwolves,99,+142,-161
Wed Dec 18 2019,Memphis Grizzlies,122,Oklahoma City Thunder,126,+220,-262
Wed Dec 18 2019,Orlando Magic,104,Denver Nuggets,113,+341,-450
Wed Dec 18 2019,Boston Celtics,109,Dallas Mavericks,103,-162,+129
Wed Dec 18 2019,Golden State Warriors,112,Portland Trail Blazers,122,+414,-610
Thu Dec 19 2019,Utah Jazz,111,Atlanta Hawks,106,-308,+248
Thu Dec 19 2019,Los Angeles Lakers,104,Milwaukee Bucks,111,+220,-447
Thu Dec 19 2019,Brooklyn Nets,105,San Antonio Spurs,118,+185,-234
Thu Dec 19 2019,Houston Rockets,122,Los Angeles Clippers,117,+175,-209
Fri Dec 20 2019,Memphis Grizzlies,107,Cleveland Cavaliers,114,-137,+119
Fri Dec 20 2019,Sacramento Kings,105,Indiana Pacers,119,+244,-384
Fri Dec 20 2019,Detroit Pistons,93,Boston Celtics,114,+439,-879
Fri Dec 20 2019,Washington Wizards,118,Toronto Raptors,122,+258,-337
Fri Dec 20 2019,New York Knicks,114,Miami Heat,129,+387,-530
Fri Dec 20 2019,Phoenix Suns,108,Oklahoma City Thunder,126,+141,-166
Fri Dec 20 2019,Dallas Mavericks,117,Philadelphia 76ers,98,+308,-384
Fri Dec 20 2019,Minnesota Timberwolves,100,Denver Nuggets,109,+479,-653
Fri Dec 20 2019,Orlando Magic,103,Portland Trail Blazers,118,+194,-279
Fri Dec 20 2019,New Orleans Pelicans,102,Golden State Warriors,106,-146,+122
Sat Dec 21 2019,Utah Jazz,114,Charlotte Hornets,107,-293,+241
Sat Dec 21 2019,Atlanta Hawks,112,Brooklyn Nets,122,+289,-379
Sat Dec 21 2019,Chicago Bulls,119,Detroit Pistons,107,-132,+110
Sat Dec 21 2019,Washington Wizards,108,Philadelphia 76ers,125,+736,-1186
Sat Dec 21 2019,Milwaukee Bucks,123,New York Knicks,102,-1094,+706
Sat Dec 21 2019,Sacramento Kings,115,Memphis Grizzlies,119,-127,+110
Sat Dec 21 2019,Los Angeles Clippers,134,San Antonio Spurs,109,-468,+309
Sat Dec 21 2019,Houston Rockets,139,Phoenix Suns,125,-693,+398
Sat Dec 21 2019,Minnesota Timberwolves,106,Portland Trail Blazers,113,+259,-321
Sun Dec 22 2019,Dallas Mavericks,107,Toronto Raptors,110,+106,-125
Sun Dec 22 2019,Charlotte Hornets,93,Boston Celtics,119,+637,-915
Sun Dec 22 2019,Indiana Pacers,89,Milwaukee Bucks,117,+313,-397
Sun Dec 22 2019,Los Angeles Clippers,112,Oklahoma City Thunder,118, , 
Sun Dec 22 2019,Denver Nuggets,128,Los Angeles Lakers,104,+110,-127
Mon Dec 23 2019,Atlanta Hawks,118,Cleveland Cavaliers,121,-133,+114
Mon Dec 23 2019,Philadelphia 76ers,125,Detroit Pistons,109,-381,+271
Mon Dec 23 2019,Toronto Raptors,115,Indiana Pacers,120,+188,-223
Mon Dec 23 2019,Washington Wizards,121,New York Knicks,115,+141,-159
Mon Dec 23 2019,Chicago Bulls,95,Orlando Magic,103,+174,-208
Mon Dec 23 2019,Utah Jazz,104,Miami Heat,107,+213,-309
Mon Dec 23 2019,San Antonio Spurs,145,Memphis Grizzlies,115,-1104,-104
Mon Dec 23 2019,Denver Nuggets,113,Phoenix Suns,111,-145,+124
Mon Dec 23 2019,New Orleans Pelicans,102,Portland Trail Blazers,94,+193,-233
Mon Dec 23 2019,Houston Rockets,113,Sacramento Kings,104,-289,+232
Mon Dec 23 2019,Minnesota Timberwolves,104,Golden State Warriors,113,-105,-153
Wed Dec 25 2019,Boston Celtics,118,Toronto Raptors,102,-293,+208
Wed Dec 25 2019,Milwaukee Bucks,109,Philadelphia 76ers,121,-145,+131
Wed Dec 25 2019,Houston Rockets,104,Golden State Warriors,116,-671,+491
Wed Dec 25 2019,Los Angeles Clippers,111,Los Angeles Lakers,106,+126,-150
Wed Dec 25 2019,New Orleans Pelicans,112,Denver Nuggets,100,+356,-453
Thu Dec 26 2019,Washington Wizards,102,Detroit Pistons,132,+266,-370
Thu Dec 26 2019,New York Knicks,94,Brooklyn Nets,82,+249,-307
Thu Dec 26 2019,San Antonio Spurs,98,Dallas Mavericks,102,+296,-380
Thu Dec 26 2019,Memphis Grizzlies,110,Oklahoma City Thunder,97,+201,-237
Thu Dec 26 2019,Minnesota Timberwolves,105,Sacramento Kings,104,+253,-316
Thu Dec 26 2019,Portland Trail Blazers,115,Utah Jazz,121,+217,-287
Fri Dec 27 2019,Cleveland Cavaliers,117,Boston Celtics,129,+880,-1376
Fri Dec 27 2019,Oklahoma City Thunder,104,Charlotte Hornets,102,-121,-106
Fri Dec 27 2019,Philadelphia 76ers,97,Orlando Magic,98,-181,+157
Fri Dec 27 2019,Milwaukee Bucks,112,Atlanta Hawks,86,-348,+269
Fri Dec 27 2019,Indiana Pacers,112,Miami Heat,113,+173,-205
Fri Dec 27 2019,Phoenix Suns,96,Golden State Warriors,105,-220,+173
Sat Dec 28 2019,Memphis Grizzlies,110,Denver Nuggets,119,+379,-516
Sat Dec 28 2019,Toronto Raptors,113,Boston Celtics,97,+240,-289
Sat Dec 28 2019,Indiana Pacers,98,New Orleans Pelicans,120,+108,-128
Sat Dec 28 2019,Atlanta Hawks,81,Chicago Bulls,116,+441,-619
Sat Dec 28 2019,Brooklyn Nets,98,Houston Rockets,108,+360,-460
Sat Dec 28 2019,Philadelphia 76ers,116,Miami Heat,117,+108,-130
Sat Dec 28 2019,Cleveland Cavaliers,94,Minnesota Timberwolves,88,+211,-252
Sat Dec 28 2019,New York Knicks,107,Washington Wizards,100,-222,+172
Sat Dec 28 2019,Dallas Mavericks,141,Golden State Warriors,121,-600,+450
Sat Dec 28 2019,Orlando Magic,100,Milwaukee Bucks,111,+228,-275
Sat Dec 28 2019,Detroit Pistons,109,San Antonio Spurs,136,+187,-225
Sat Dec 28 2019,Phoenix Suns,112,Sacramento Kings,110,+122,-140
Sat Dec 28 2019,Los Angeles Lakers,128,Portland Trail Blazers,120,-330,+239
Sat Dec 28 2019,Utah Jazz,120,Los Angeles Clippers,107,+257,-315
Sun Dec 29 2019,Oklahoma City Thunder,98,Toronto Raptors,97,+177,-210
Sun Dec 29 2019,Sacramento Kings,115,Denver Nuggets,120,+279,-346
Sun Dec 29 2019,Charlotte Hornets,104,Memphis Grizzlies,117,+179,-261
Sun Dec 29 2019,Houston Rockets,112,New Orleans Pelicans,127,+173,-202
Sun Dec 29 2019,Dallas Mavericks,95,Los Angeles Lakers,108,+310,-210
Mon Dec 30 2019,Atlanta Hawks,101,Orlando Magic,93,+485,-665
Mon Dec 30 2019,Miami Heat,105,Washington Wizards,123,-876,+540
Mon Dec 30 2019,Milwaukee Bucks,123,Chicago Bulls,102,-455,+355
Mon Dec 30 2019,Brooklyn Nets,115,Minnesota Timberwolves,122,-200,+168
Mon Dec 30 2019,Detroit Pistons,81,Utah Jazz,104,+385,-508
Mon Dec 30 2019,Phoenix Suns,122,Portland Trail Blazers,116,+153,-175
Tue Dec 31 2019,Boston Celtics,109,Charlotte Hornets,92,-548,+337
Tue Dec 31 2019,Philadelphia 76ers,97,Indiana Pacers,115,+139,-164
Tue Dec 31 2019,Los Angeles Clippers,105,Sacramento Kings,87,-305,+247
Tue Dec 31 2019,Denver Nuggets,104,Houston Rockets,130,+257,-332
Tue Dec 31 2019,Golden State Warriors,113,San Antonio Spurs,117,+492,-678
Tue Dec 31 2019,Cleveland Cavaliers,97,Toronto Raptors,117,+396,-831
Tue Dec 31 2019,Dallas Mavericks,101,Oklahoma City Thunder,106,-208,+165
Wed Jan 1 2020,Orlando Magic,122,Washington Wizards,101,-271,+186
Wed Jan 1 2020,Portland Trail Blazers,93,New York Knicks,117,-173,+153
Wed Jan 1 2020,Minnesota Timberwolves,104,Milwaukee Bucks,106,+1544,-4871
Wed Jan 1 2020,Phoenix Suns,107,Los Angeles Lakers,117,+605,-1594
Thu Jan 2 2020,Charlotte Hornets,109,Cleveland Cavaliers,106,+163,-247
Thu Jan 2 2020,Denver Nuggets,124,Indiana Pacers,116, , 
Thu Jan 2 2020,Toronto Raptors,76,Miami Heat,84,+221,-306
Thu Jan 2 2020,Utah Jazz,102,Chicago Bulls,98,-204,+165
Thu Jan 2 2020,Golden State Warriors,84,Minnesota Timberwolves,99,+181,-266
Thu Jan 2 2020,Brooklyn Nets,111,Dallas Mavericks,123,+300,-386
Thu Jan 2 2020,Oklahoma City Thunder,109,San Antonio Spurs,103,+116,-134
Thu Jan 2 2020,Memphis Grizzlies,123,Sacramento Kings,128,+162,-189
Thu Jan 2 2020,Detroit Pistons,112,Los Angeles Clippers,126,+764,-1880
Fri Jan 3 2020,Atlanta Hawks,106,Boston Celtics,109,+473,-653
Fri Jan 3 2020,Miami Heat,85,Orlando Magic,105,-107,-132
Fri Jan 3 2020,Portland Trail Blazers,122,Washington Wizards,103,-1195,+350
Fri Jan 3 2020,Philadelphia 76ers,108,Houston Rockets,118,+189,-236
Fri Jan 3 2020,New York Knicks,112,Phoenix Suns,120,+298,-455
Fri Jan 3 2020,New Orleans Pelicans,113,Los Angeles Lakers,123,+494,-784
Sat Jan 4 2020,Memphis Grizzlies,140,Los Angeles Clippers,114,+408,-531
Sat Jan 4 2020,Toronto Raptors,121,Brooklyn Nets,102,+108,-125
Sat Jan 4 2020,Utah Jazz,109,Orlando Magic,96,-171,+147
Sat Jan 4 2020,Indiana Pacers,111,Atlanta Hawks,116,-285,+238
Sat Jan 4 2020,Oklahoma City Thunder,121,Cleveland Cavaliers,106,-1150,+321
Sat Jan 4 2020,Boston Celtics,111,Chicago Bulls,104, , 
Sat Jan 4 2020,Denver Nuggets,114,Washington Wizards,128,-911,+636
Sat Jan 4 2020,Charlotte Hornets,123,Dallas Mavericks,120,+596,-1011
Sat Jan 4 2020,Detroit Pistons,111,Golden State Warriors,104,-203,+158
Sat Jan 4 2020,San Antonio Spurs,118,Milwaukee Bucks,127,+628,-1055
Sat Jan 4 2020,New Orleans Pelicans,117,Sacramento Kings,115,+113,-128
Sun Jan 5 2020,New York Knicks,132,Los Angeles Clippers,135,+418,-554
Sun Jan 5 2020,Portland Trail Blazers,111,Miami Heat,122,+228,-323
Sun Jan 5 2020,Minnesota Timberwolves,118,Cleveland Cavaliers,103,-272,+221
Sun Jan 5 2020,Memphis Grizzlies,121,Phoenix Suns,114,+220,-260
Sun Jan 5 2020,Detroit Pistons,99,Los Angeles Lakers,106,+931,-1550
Mon Jan 6 2020,Indiana Pacers,115,Charlotte Hornets,104,-1129,+301
Mon Jan 6 2020,Brooklyn Nets,89,Orlando Magic,101,+191,-244
Mon Jan 6 2020,Oklahoma City Thunder,113,Philadelphia 76ers,120,+263,-325
Mon Jan 6 2020,Boston Celtics,94,Washington Wizards,99,-424,+333
Mon Jan 6 2020,Denver Nuggets,123,Atlanta Hawks,115,-340,+268
Mon Jan 6 2020,Utah Jazz,128,New Orleans Pelicans,126,-173,+152
Mon Jan 6 2020,Chicago Bulls,110,Dallas Mavericks,118,+386,-818
Mon Jan 6 2020,Milwaukee Bucks,104,San Antonio Spurs,126,-359,+285
Mon Jan 6 2020,Golden State Warriors,98,Sacramento Kings,111,+497,-981
Tue Jan 7 2020,Detroit Pistons,115,Cleveland Cavaliers,113,-160,+141
Tue Jan 7 2020,Portland Trail Blazers,101,Toronto Raptors,99,+159,-217
Tue Jan 7 2020,Oklahoma City Thunder,111,Brooklyn Nets,103, , 
Tue Jan 7 2020,Minnesota Timberwolves,112,Memphis Grizzlies,119,+153,-172
Tue Jan 7 2020,Sacramento Kings,114,Phoenix Suns,103,+209,-251
Tue Jan 7 2020,New York Knicks,87,Los Angeles Lakers,117,+840,-1368
Wed Jan 8 2020,San Antonio Spurs,129,Boston Celtics,114,+239,-296
Wed Jan 8 2020,Toronto Raptors,112,Charlotte Hornets,110,-142,+123
Wed Jan 8 2020,Miami Heat,122,Indiana Pacers,108, , 
Wed Jan 8 2020,Washington Wizards,89,Orlando Magic,123,+418,-563
Wed Jan 8 2020,Houston Rockets,122,Atlanta Hawks,115,-342,+277
Wed Jan 8 2020,Denver Nuggets,107,Dallas Mavericks,106,+158,-183
Wed Jan 8 2020,Chicago Bulls,108,New Orleans Pelicans,123,+177,-226
Wed Jan 8 2020,New York Knicks,104,Utah Jazz,128,+828,-1323
Wed Jan 8 2020,Milwaukee Bucks,107,Golden State Warriors,98,-1590,+831
Thu Jan 9 2020,Cleveland Cavaliers,115,Detroit Pistons,112,+243,-295
Thu Jan 9 2020,Boston Celtics,98,Philadelphia 76ers,109, , 
Thu Jan 9 2020,Portland Trail Blazers,102,Minnesota Timberwolves,116,-114,+100
Thu Jan 9 2020,Houston Rockets,92,Oklahoma City Thunder,113,-161,+143
Fri Jan 10 2020,Atlanta Hawks,101,Washington Wizards,111,-120,+103
Fri Jan 10 2020,New Orleans Pelicans,123,New York Knicks,111,-305,+214
Fri Jan 10 2020,Miami Heat,113,Brooklyn Nets,117,-218,+179
Fri Jan 10 2020,Indiana Pacers,116,Chicago Bulls,105,+100,-110
Fri Jan 10 2020,San Antonio Spurs,121,Memphis Grizzlies,134, , 
Fri Jan 10 2020,Orlando Magic,94,Phoenix Suns,98,+157,-182
Fri Jan 10 2020,Charlotte Hornets,92,Utah Jazz,109,+646,-1028
Fri Jan 10 2020,Los Angeles Lakers,129,Dallas Mavericks,114,+111,-127
Fri Jan 10 2020,Milwaukee Bucks,127,Sacramento Kings,106,-474,+369
Fri Jan 10 2020,Golden State Warriors,100,Los Angeles Clippers,109,+851,-1466
Sat Jan 11 2020,Minnesota Timberwolves,109,Houston Rockets,139,+494,-1417
Sat Jan 11 2020,New Orleans Pelicans,105,Boston Celtics,140,+588,-892
Sat Jan 11 2020,Chicago Bulls,108,Detroit Pistons,99,+142,-161
Sat Jan 11 2020,Los Angeles Lakers,125,Oklahoma City Thunder,110,+315,-392
Sat Jan 11 2020,Philadelphia 76ers,91,Dallas Mavericks,109,+132,-156
Sat Jan 11 2020,Cleveland Cavaliers,111,Denver Nuggets,103,+615,-878
Sat Jan 11 2020,Milwaukee Bucks,122,Portland Trail Blazers,101,-606,+336
Sun Jan 12 2020,Miami Heat,121,New York Knicks,124,-332,+271
Sun Jan 12 2020,Utah Jazz,127,Washington Wizards,116,-249,+208
Sun Jan 12 2020,Atlanta Hawks,86,Brooklyn Nets,108,+451,-1329
Sun Jan 12 2020,Golden State Warriors,102,Memphis Grizzlies,122,+225,-271
Sun Jan 12 2020,San Antonio Spurs,105,Toronto Raptors,104,+161,-188
Sun Jan 12 2020,Los Angeles Clippers,104,Denver Nuggets,114, , 
Sun Jan 12 2020,Charlotte Hornets,92,Phoenix Suns,100,+294,-367
Mon Jan 13 2020,New Orleans Pelicans,117,Detroit Pistons,110,+164,-188
Mon Jan 13 2020,Philadelphia 76ers,95,Indiana Pacers,101,+137,-156
Mon Jan 13 2020,Chicago Bulls,101,Boston Celtics,113,+468,-1375
Mon Jan 13 2020,Oklahoma City Thunder,117,Minnesota Timberwolves,104,-250,+169
Mon Jan 13 2020,Charlotte Hornets,112,Portland Trail Blazers,115,+354,-460
Mon Jan 13 2020,Orlando Magic,114,Sacramento Kings,112, , 
Mon Jan 13 2020,Cleveland Cavaliers,99,Los Angeles Lakers,128,+862,-2071
Tue Jan 14 2020,Phoenix Suns,110,Atlanta Hawks,123,-119,+103
Tue Jan 14 2020,Utah Jazz,118,Brooklyn Nets,107,-440,+217
Tue Jan 14 2020,Houston Rockets,110,Memphis Grizzlies,121,-185,+161
Tue Jan 14 2020,New York Knicks,102,Milwaukee Bucks,128,+1200,-2222
Tue Jan 14 2020,Dallas Mavericks,124,Golden State Warriors,97,-1243,+389
Tue Jan 14 2020,Cleveland Cavaliers,103,Los Angeles Clippers,128,+1108,-2634
Wed Jan 15 2020,Detroit Pistons,116,Boston Celtics,103,+369,-479
Wed Jan 15 2020,Brooklyn Nets,106,Philadelphia 76ers,117,+235,-289
Wed Jan 15 2020,San Antonio Spurs,100,Miami Heat,106,+252,-393
Wed Jan 15 2020,Washington Wizards,106,Chicago Bulls,115,+158,-182
Wed Jan 15 2020,Indiana Pacers,104,Minnesota Timberwolves,99,-183,+159
Wed Jan 15 2020,Toronto Raptors,130,Oklahoma City Thunder,121, , 
Wed Jan 15 2020,Charlotte Hornets,86,Denver Nuggets,100,+525,-764
Wed Jan 15 2020,Portland Trail Blazers,117,Houston Rockets,107,+296,-379
Wed Jan 15 2020,Dallas Mavericks,127,Sacramento Kings,123,-229,+182
Wed Jan 15 2020,Orlando Magic,119,Los Angeles Lakers,118,+423,-562
Thu Jan 16 2020,Phoenix Suns,121,New York Knicks,98,-223,+158
Thu Jan 16 2020,Boston Celtics,123,Milwaukee Bucks,128,+589,-1556
Thu Jan 16 2020,Utah Jazz,132,New Orleans Pelicans,138,-220,+185
Thu Jan 16 2020,Denver Nuggets,134,Golden State Warriors,131,-168,+143
Thu Jan 16 2020,Orlando Magic,95,Los Angeles Clippers,122,+431,-590
Fri Jan 17 2020,Minnesota Timberwolves,114,Indiana Pacers,116,+245,-299
Fri Jan 17 2020,Chicago Bulls,89,Philadelphia 76ers,100,+337,-542
Fri Jan 17 2020,Washington Wizards,111,Toronto Raptors,140,+517,-1433
Fri Jan 17 2020,Cleveland Cavaliers,109,Memphis Grizzlies,113,+368,-471
Fri Jan 17 2020,Miami Heat,115,Oklahoma City Thunder,108,-231,-108
Fri Jan 17 2020,Atlanta Hawks,121,San Antonio Spurs,120,+315,-397
Fri Jan 17 2020,Portland Trail Blazers,112,Dallas Mavericks,120,+288,-359
Sat Jan 18 2020,Los Angeles Clippers,133,New Orleans Pelicans,130,-260,+206
Sat Jan 18 2020,Milwaukee Bucks,117,Brooklyn Nets,97,-1049,+499
Sat Jan 18 2020,Phoenix Suns,123,Boston Celtics,119,+157,-180
Sat Jan 18 2020,Detroit Pistons,136,Atlanta Hawks,103,-181,+137
Sat Jan 18 2020,Philadelphia 76ers,90,New York Knicks,87,-185,+156
Sat Jan 18 2020,Cleveland Cavaliers,116,Chicago Bulls,118,+304,-403
Sat Jan 18 2020,Toronto Raptors,122,Minnesota Timberwolves,112,-305,+214
Sat Jan 18 2020,Orlando Magic,95,Golden State Warriors,109,-223,+186
Sat Jan 18 2020,Los Angeles Lakers,124,Houston Rockets,115,+131,-150
Sat Jan 18 2020,Portland Trail Blazers,106,Oklahoma City Thunder,119,+373,-271
Sat Jan 18 2020,Sacramento Kings,101,Utah Jazz,123,+447,-981
Sun Jan 19 2020,Miami Heat,102,San Antonio Spurs,107,-120,+102
Sun Jan 19 2020,Indiana Pacers,115,Denver Nuggets,107,-116,-112
Mon Jan 20 2020,Detroit Pistons,100,Washington Wizards,106, , 
Mon Jan 20 2020,Toronto Raptors,122,Atlanta Hawks,117,-612,+393
Mon Jan 20 2020,Philadelphia 76ers,117,Brooklyn Nets,111,-166,+138
Mon Jan 20 2020,Orlando Magic,106,Charlotte Hornets,83,-221,+173
Mon Jan 20 2020,New York Knicks,106,Cleveland Cavaliers,86,-162,+128
Mon Jan 20 2020,Oklahoma City Thunder,112,Houston Rockets,107,+355,-660
Mon Jan 20 2020,New Orleans Pelicans,126,Memphis Grizzlies,116,+129,-151
Mon Jan 20 2020,Sacramento Kings,113,Miami Heat,118,+142,-165
Mon Jan 20 2020,Chicago Bulls,98,Milwaukee Bucks,111,+951,-1736
Mon Jan 20 2020,Los Angeles Lakers,107,Boston Celtics,139,-152,+131
Mon Jan 20 2020,Denver Nuggets,107,Minnesota Timberwolves,100,+139,-160
Mon Jan 20 2020,San Antonio Spurs,120,Phoenix Suns,118,+161,-186
Mon Jan 20 2020,Indiana Pacers,88,Utah Jazz,118,+311,-432
Mon Jan 20 2020,Golden State Warriors,124,Portland Trail Blazers,129,+248,-310
Tue Jan 21 2020,Los Angeles Clippers,110,Dallas Mavericks,107,+115,-135
Wed Jan 22 2020,Sacramento Kings,106,Detroit Pistons,127,-124,+104
Wed Jan 22 2020,Oklahoma City Thunder,120,Orlando Magic,114,+117,-138
Wed Jan 22 2020,Philadelphia 76ers,95,Toronto Raptors,107,+249,-330
Wed Jan 22 2020,Los Angeles Clippers,95,Atlanta Hawks,102,-205,+166
Wed Jan 22 2020,Memphis Grizzlies,95,Boston Celtics,119,+312,-471
Wed Jan 22 2020,Washington Wizards,129,Miami Heat,134,+443,-625
Wed Jan 22 2020,Los Angeles Lakers,100,New York Knicks,92,-919,+564
Wed Jan 22 2020,Minnesota Timberwolves,110,Chicago Bulls,117,+107,-127
Wed Jan 22 2020,Denver Nuggets,105,Houston Rockets,121,+549,-601
Wed Jan 22 2020,Indiana Pacers,112,Phoenix Suns,87,-171,+133
Wed Jan 22 2020,San Antonio Spurs,121,New Orleans Pelicans,117,+134,-161
Wed Jan 22 2020,Utah Jazz,129,Golden State Warriors,96,-690,+410
Thu Jan 23 2020,Washington Wizards,124,Cleveland Cavaliers,112,+116,-136
Thu Jan 23 2020,Los Angeles Lakers,128,Brooklyn Nets,113,-259,+208
Thu Jan 23 2020,Dallas Mavericks,133,Portland Trail Blazers,125,-1335,+321
Fri Jan 24 2020,Milwaukee Bucks,116,Charlotte Hornets,103,-1345,+812
Fri Jan 24 2020,Memphis Grizzlies,125,Detroit Pistons,112,-164,+130
Fri Jan 24 2020,Boston Celtics,109,Orlando Magic,98,+116,-141
Fri Jan 24 2020,Toronto Raptors,118,New York Knicks,112,-555,+384
Fri Jan 24 2020,Sacramento Kings,98,Chicago Bulls,81,+105,-123
Fri Jan 24 2020,Los Angeles Clippers,122,Miami Heat,117,-143,+119
Fri Jan 24 2020,Houston Rockets,131,Minnesota Timberwolves,124,-247,+201
Fri Jan 24 2020,Denver Nuggets,113,New Orleans Pelicans,106,+143,-163
Fri Jan 24 2020,Atlanta Hawks,111,Oklahoma City Thunder,140,+313,-411
Fri Jan 24 2020,Phoenix Suns,103,San Antonio Spurs,99,+168,-199
Fri Jan 24 2020,Indiana Pacers,129,Golden State Warriors,118,-263,+216
Sat Jan 25 2020,Dallas Mavericks,107,Utah Jazz,112,+156,-183
Sat Jan 25 2020,Brooklyn Nets,121,Detroit Pistons,111,-150,+126
Sat Jan 25 2020,Chicago Bulls,118,Cleveland Cavaliers,106,-112,-114
Sat Jan 25 2020,Oklahoma City Thunder,113,Minnesota Timberwolves,104,+106,-125
Sat Jan 25 2020,Los Angeles Lakers,91,Philadelphia 76ers,108,-204,+172
Sun Jan 26 2020,Houston Rockets,110,Denver Nuggets,117,+143,-179
Sun Jan 26 2020,Toronto Raptors,110,San Antonio Spurs,106,-162,+138
Sun Jan 26 2020,Washington Wizards,133,Atlanta Hawks,152,-104,-125
Sun Jan 26 2020,Phoenix Suns,109,Memphis Grizzlies,114,+147,-192
Sun Jan 26 2020,Boston Celtics,108,New Orleans Pelicans,123,+122,-147
Sun Jan 26 2020,Brooklyn Nets,97,New York Knicks,110,+191,-341
Sun Jan 26 2020,Los Angeles Clippers,112,Orlando Magic,97,-237,+180
Sun Jan 26 2020,Indiana Pacers,129,Portland Trail Blazers,139,+260,-1245
Mon Jan 27 2020,Cleveland Cavaliers,115,Detroit Pistons,100,+226,-283
Mon Jan 27 2020,Orlando Magic,92,Miami Heat,113,+249,-315
Mon Jan 27 2020,San Antonio Spurs,109,Chicago Bulls,110, , 
Mon Jan 27 2020,Sacramento Kings,133,Minnesota Timberwolves,129,+133,-159
Mon Jan 27 2020,Dallas Mavericks,107,Oklahoma City Thunder,97,-323,+233
Mon Jan 27 2020,Houston Rockets,126,Utah Jazz,117,+770,-1276
Tue Jan 28 2020,New York Knicks,92,Charlotte Hornets,97,+130,-166
Tue Jan 28 2020,Golden State Warriors,104,Philadelphia 76ers,115,+786,-1589
Tue Jan 28 2020,New Orleans Pelicans,125,Cleveland Cavaliers,111,-747,+393
Tue Jan 28 2020,Atlanta Hawks,114,Toronto Raptors,130,+752,-1373
Tue Jan 28 2020,Denver Nuggets,96,Memphis Grizzlies,104,-105,-142
Tue Jan 28 2020,Boston Celtics,109,Miami Heat,101,+106,-122
Tue Jan 28 2020,Washington Wizards,131,Milwaukee Bucks,151,+579,-858
Tue Jan 28 2020,Phoenix Suns,133,Dallas Mavericks,104,+235,-282
Wed Jan 29 2020,Chicago Bulls,106,Indiana Pacers,115,+299,-381
Wed Jan 29 2020,Detroit Pistons,115,Brooklyn Nets,125,+213,-269
Wed Jan 29 2020,Memphis Grizzlies,127,New York Knicks,106,-149,+123
Wed Jan 29 2020,Utah Jazz,120,San Antonio Spurs,127,-215,+182
Wed Jan 29 2020,Houston Rockets,112,Portland Trail Blazers,125,-220,+185
Wed Jan 29 2020,Oklahoma City Thunder,120,Sacramento Kings,100,-397,+205
Thu Jan 30 2020,Toronto Raptors,115,Cleveland Cavaliers,109,-517,+372
Thu Jan 30 2020,Charlotte Hornets,107,Washington Wizards,121,+150,-177
Thu Jan 30 2020,Philadelphia 76ers,117,Atlanta Hawks,127,-261,+211
Thu Jan 30 2020,Golden State Warriors,104,Boston Celtics,119,+802,-2200
Thu Jan 30 2020,Utah Jazz,100,Denver Nuggets,106,-146,+126
Thu Jan 30 2020,Sacramento Kings,124,Los Angeles Clippers,103,+746,-1239
Fri Jan 31 2020,Toronto Raptors,105,Detroit Pistons,92,-286,+208
Fri Jan 31 2020,Chicago Bulls,118,Brooklyn Nets,133,+253,-391
Fri Jan 31 2020,Dallas Mavericks,121,Houston Rockets,128,+336,-539
Fri Jan 31 2020,Memphis Grizzlies,111,New Orleans Pelicans,139,+282,-359
Fri Jan 31 2020,Denver Nuggets,127,Milwaukee Bucks,115,+584,-873
Fri Jan 31 2020,Oklahoma City Thunder,111,Phoenix Suns,107, , 
Fri Jan 31 2020,Portland Trail Blazers,127,Los Angeles Lakers,119,+599,-892
Sat Feb 1 2020,Minnesota Timberwolves,106,Los Angeles Clippers,118,+561,-1673
Sat Feb 1 2020,New York Knicks,92,Indiana Pacers,85,+448,-614
Sat Feb 1 2020,Miami Heat,102,Orlando Magic,89,-205,+155
Sat Feb 1 2020,Golden State Warriors,131,Cleveland Cavaliers,112,+105,-123
Sat Feb 1 2020,Brooklyn Nets,107,Washington Wizards,113,-150,+123
Sat Feb 1 2020,Philadelphia 76ers,95,Boston Celtics,116, , 
Sat Feb 1 2020,Atlanta Hawks,100,Dallas Mavericks,123,+262,-545
Sat Feb 1 2020,Charlotte Hornets,90,San Antonio Spurs,114,+335,-455
Sat Feb 1 2020,Los Angeles Lakers,129,Sacramento Kings,113,-501,+322
Sat Feb 1 2020,Utah Jazz,107,Portland Trail Blazers,124,-247,+198
Sun Feb 2 2020,Denver Nuggets,123,Detroit Pistons,128,-140,+120
Sun Feb 2 2020,New Orleans Pelicans,109,Houston Rockets,117,+169,-203
Sun Feb 2 2020,Phoenix Suns,108,Milwaukee Bucks,129,+677,-1877
Sun Feb 2 2020,Chicago Bulls,102,Toronto Raptors,129,+455,-644
Mon Feb 3 2020,Orlando Magic,112,Charlotte Hornets,100,-239,+194
Mon Feb 3 2020,New York Knicks,139,Cleveland Cavaliers,134,-133,+114
Mon Feb 3 2020,Dallas Mavericks,112,Indiana Pacers,103,+171,-206
Mon Feb 3 2020,Golden State Warriors,125,Washington Wizards,117,+209,-254
Mon Feb 3 2020,Boston Celtics,123,Atlanta Hawks,115,-371,+259
Mon Feb 3 2020,Phoenix Suns,97,Brooklyn Nets,119,+183,-280
Mon Feb 3 2020,Philadelphia 76ers,106,Miami Heat,137,+195,-315
Mon Feb 3 2020,Detroit Pistons,82,Memphis Grizzlies,96,+396,-577
Mon Feb 3 2020,Minnesota Timberwolves,109,Sacramento Kings,113,-104,-246
Mon Feb 3 2020,San Antonio Spurs,105,Los Angeles Clippers,108,+343,-453
Tue Feb 4 2020,Milwaukee Bucks,120,New Orleans Pelicans,108,-348,+259
Tue Feb 4 2020,Charlotte Hornets,110,Houston Rockets,125,+666,-1028
Tue Feb 4 2020,Portland Trail Blazers,99,Denver Nuggets,127,+212,-317
Tue Feb 4 2020,San Antonio Spurs,102,Los Angeles Lakers,129,+569,-1672
Wed Feb 5 2020,Phoenix Suns,108,Detroit Pistons,116,-143,+125
Wed Feb 5 2020,Orlando Magic,100,Boston Celtics,116,+200,-246
Wed Feb 5 2020,Golden State Warriors,88,Brooklyn Nets,129,+261,-340
Wed Feb 5 2020,Indiana Pacers,118,Toronto Raptors,119,+197,-234
Wed Feb 5 2020,Atlanta Hawks,127,Minnesota Timberwolves,120,+151,-173
Wed Feb 5 2020,Cleveland Cavaliers,103,Oklahoma City Thunder,109,+697,-1098
Wed Feb 5 2020,Memphis Grizzlies,121,Dallas Mavericks,107,+152,-175
Wed Feb 5 2020,Denver Nuggets,98,Utah Jazz,95,+417,-583
Wed Feb 5 2020,Miami Heat,111,Los Angeles Clippers,128,+284,-428
Thu Feb 6 2020,Orlando Magic,103,New York Knicks,105,-158,+139
Thu Feb 6 2020,New Orleans Pelicans,125,Chicago Bulls,119,-310,+238
Thu Feb 6 2020,Philadelphia 76ers,101,Milwaukee Bucks,112,+417,-617
Thu Feb 6 2020,San Antonio Spurs,117,Portland Trail Blazers,125,+131,-150
Thu Feb 6 2020,Houston Rockets,121,Los Angeles Lakers,111,+197,-239
Fri Feb 7 2020,Memphis Grizzlies,107,Philadelphia 76ers,119,+360,-1375
Fri Feb 7 2020,Dallas Mavericks,118,Washington Wizards,119,-159,+134
Fri Feb 7 2020,Atlanta Hawks,107,Boston Celtics,112,+621,-913
Fri Feb 7 2020,Toronto Raptors,115,Indiana Pacers,106,+100,-115
Fri Feb 7 2020,Detroit Pistons,101,Oklahoma City Thunder,108,+694,-1235
Fri Feb 7 2020,Houston Rockets,91,Phoenix Suns,127,-137,+118
Fri Feb 7 2020,Miami Heat,97,Sacramento Kings,105, , 
Fri Feb 7 2020,Portland Trail Blazers,114,Utah Jazz,117,+440,-642
Sat Feb 8 2020,Milwaukee Bucks,111,Orlando Magic,95,-1495,+434
Sat Feb 8 2020,Dallas Mavericks,116,Charlotte Hornets,100,-215,+170
Sat Feb 8 2020,New York Knicks,95,Detroit Pistons,92,-122,+103
Sat Feb 8 2020,New Orleans Pelicans,124,Indiana Pacers,117,+170,-204
Sat Feb 8 2020,Brooklyn Nets,118,Toronto Raptors,119,+264,-365
Sat Feb 8 2020,Los Angeles Clippers,115,Minnesota Timberwolves,142,-497,+381
Sat Feb 8 2020,Los Angeles Lakers,125,Golden State Warriors,120,-1678,+817
Sat Feb 8 2020,Denver Nuggets,117,Phoenix Suns,108,-221,+176
Sat Feb 8 2020,San Antonio Spurs,102,Sacramento Kings,122,-137,+118
Sun Feb 9 2020,Boston Celtics,112,Oklahoma City Thunder,111,-147,+120
Sun Feb 9 2020,New York Knicks,135,Atlanta Hawks,140,+170,-205
Sun Feb 9 2020,Chicago Bulls,111,Philadelphia 76ers,118,+486,-737
Sun Feb 9 2020,Memphis Grizzlies,106,Washington Wizards,99,-144,+125
Sun Feb 9 2020,Utah Jazz,114,Houston Rockets,113,+124,-146
Sun Feb 9 2020,Los Angeles Clippers,133,Cleveland Cavaliers,92,-302,+234
Sun Feb 9 2020,Miami Heat,109,Portland Trail Blazers,115,+216,-284
Mon Feb 10 2020,Charlotte Hornets,87,Detroit Pistons,76,+139,-159
Mon Feb 10 2020,Brooklyn Nets,106,Indiana Pacers,105,+266,-365
Mon Feb 10 2020,Atlanta Hawks,126,Orlando Magic,135,+301,-388
Mon Feb 10 2020,Minnesota Timberwolves,126,Toronto Raptors,137,+316,-424
Mon Feb 10 2020,Sacramento Kings,111,Milwaukee Bucks,123,+400,-556
Mon Feb 10 2020,Utah Jazz,123,Dallas Mavericks,119, , 
Mon Feb 10 2020,San Antonio Spurs,120,Denver Nuggets,127,+233,-296
Mon Feb 10 2020,Miami Heat,113,Golden State Warriors,101,-409,+290
Mon Feb 10 2020,Phoenix Suns,100,Los Angeles Lakers,125,+755,-2048
Tue Feb 11 2020,Los Angeles Clippers,103,Philadelphia 76ers,110,-114,+102
Tue Feb 11 2020,Chicago Bulls,114,Washington Wizards,126,+150,-180
Tue Feb 11 2020,Portland Trail Blazers,117,New Orleans Pelicans,138,+134,-158
Tue Feb 11 2020,San Antonio Spurs,114,Oklahoma City Thunder,106,+266,-339
Tue Feb 11 2020,Boston Celtics,105,Houston Rockets,116,+122,-146
Wed Feb 12 2020,Atlanta Hawks,105,Cleveland Cavaliers,127,-142,+123
Wed Feb 12 2020,Detroit Pistons,112,Orlando Magic,116,+223,-272
Wed Feb 12 2020,Toronto Raptors,91,Brooklyn Nets,101,-170,+148
Wed Feb 12 2020,Milwaukee Bucks,111,Indiana Pacers,118,+188,-385
Wed Feb 12 2020,Washington Wizards,114,New York Knicks,96,+124,-143
Wed Feb 12 2020,Portland Trail Blazers,104,Memphis Grizzlies,111,+232,-516
Wed Feb 12 2020,Charlotte Hornets,115,Minnesota Timberwolves,108,+211,-265
Wed Feb 12 2020,Sacramento Kings,111,Dallas Mavericks,130,+386,-722
Wed Feb 12 2020,Golden State Warriors,106,Phoenix Suns,112,+270,-376
Wed Feb 12 2020,Miami Heat,101,Utah Jazz,116,+229,-325
Wed Feb 12 2020,Los Angeles Lakers,120,Denver Nuggets,116,-151,+129
Thu Feb 13 2020,Los Angeles Clippers,133,Boston Celtics,141,-110,-117
Thu Feb 13 2020,Oklahoma City Thunder,123,New Orleans Pelicans,118,+146,-168
Thu Feb 20 2020,Milwaukee Bucks,126,Detroit Pistons,106,-1227,+738
Thu Feb 20 2020,Miami Heat,124,Atlanta Hawks,129,-271,+220
Thu Feb 20 2020,Charlotte Hornets,103,Chicago Bulls,93,+149,-171
Thu Feb 20 2020,Brooklyn Nets,104,Philadelphia 76ers,112,+231,-290
Thu Feb 20 2020,Memphis Grizzlies,125,Sacramento Kings,129, , 
Thu Feb 20 2020,Houston Rockets,135,Golden State Warriors,105,-1574,+501
Fri Feb 21 2020,Dallas Mavericks,122,Orlando Magic,106,-231,+186
Fri Feb 21 2020,Cleveland Cavaliers,113,Washington Wizards,108,+210,-259
Fri Feb 21 2020,Indiana Pacers,106,New York Knicks,98,-323,+259
Fri Feb 21 2020,Phoenix Suns,101,Toronto Raptors,118,+323,-440
Fri Feb 21 2020,Boston Celtics,127,Minnesota Timberwolves,117,-390,+300
Fri Feb 21 2020,Denver Nuggets,101,Oklahoma City Thunder,113,+131,-166
Fri Feb 21 2020,San Antonio Spurs,113,Utah Jazz,104,+231,-277
Fri Feb 21 2020,Memphis Grizzlies,105,Los Angeles Lakers,117,+507,-784
Fri Feb 21 2020,New Orleans Pelicans,128,Portland Trail Blazers,115,-331,+241
Sat Feb 22 2020,Sacramento Kings,112,Los Angeles Clippers,103,+301,-387
Sat Feb 22 2020,Brooklyn Nets,115,Charlotte Hornets,86,-290,+209
Sat Feb 22 2020,Dallas Mavericks,107,Atlanta Hawks,111,+110,-126
Sat Feb 22 2020,Phoenix Suns,112,Chicago Bulls,104,-152,+132
Sat Feb 22 2020,Cleveland Cavaliers,105,Miami Heat,124,+714,-1299
Sat Feb 22 2020,Philadelphia 76ers,98,Milwaukee Bucks,119,+464,-1531
Sat Feb 22 2020,Houston Rockets,120,Utah Jazz,110,+103,-120
Sun Feb 23 2020,Boston Celtics,112,Los Angeles Lakers,114,+266,-331
Sun Feb 23 2020,Minnesota Timberwolves,116,Denver Nuggets,128,+898,-2650
Sun Feb 23 2020,Indiana Pacers,81,Toronto Raptors,127,+226,-314
Sun Feb 23 2020,Washington Wizards,117,Chicago Bulls,126,-160,+139
Sun Feb 23 2020,San Antonio Spurs,103,Oklahoma City Thunder,131,+186,-229
Sun Feb 23 2020,New Orleans Pelicans,115,Golden State Warriors,101,-586,+430
Sun Feb 23 2020,Detroit Pistons,104,Portland Trail Blazers,107,+209,-260
Mon Feb 24 2020,Miami Heat,119,Cleveland Cavaliers,125,-264,+216
Mon Feb 24 2020,Atlanta Hawks,112,Philadelphia 76ers,129,+402,-426
Mon Feb 24 2020,Milwaukee Bucks,137,Washington Wizards,134,-1593,+777
Mon Feb 24 2020,Orlando Magic,115,Brooklyn Nets,113,+145,-169
Mon Feb 24 2020,New York Knicks,112,Houston Rockets,123,+677,-1890
Mon Feb 24 2020,Minnesota Timberwolves,123,Dallas Mavericks,139,+757,-1257
Mon Feb 24 2020,Phoenix Suns,131,Utah Jazz,111,+280,-358
Mon Feb 24 2020,Memphis Grizzlies,97,Los Angeles Clippers,124,+511,-754
Tue Feb 25 2020,Charlotte Hornets,80,Indiana Pacers,119,+542,-787
Tue Feb 25 2020,Milwaukee Bucks,108,Toronto Raptors,97, , 
Tue Feb 25 2020,Oklahoma City Thunder,124,Chicago Bulls,122,-323,+253
Tue Feb 25 2020,Detroit Pistons,98,Denver Nuggets,115,+801,-2143
Tue Feb 25 2020,New Orleans Pelicans,109,Los Angeles Lakers,118,+263,-334
Tue Feb 25 2020,Boston Celtics,118,Portland Trail Blazers,106,-356,+274
Tue Feb 25 2020,Sacramento Kings,112,Golden State Warriors,94,-847,+350
Wed Feb 26 2020,New York Knicks,101,Charlotte Hornets,107,-128,+109
Wed Feb 26 2020,Philadelphia 76ers,94,Cleveland Cavaliers,108,-309,+250
Wed Feb 26 2020,Brooklyn Nets,106,Washington Wizards,110,-130,+108
Wed Feb 26 2020,Orlando Magic,130,Atlanta Hawks,120,-235,+167
Wed Feb 26 2020,Minnesota Timberwolves,129,Miami Heat,126,+555,-804
Wed Feb 26 2020,Memphis Grizzlies,112,Houston Rockets,140,+592,-898
Wed Feb 26 2020,Dallas Mavericks,109,San Antonio Spurs,103,-307,+218
Wed Feb 26 2020,Los Angeles Clippers,102,Phoenix Suns,92,-447,+309
Wed Feb 26 2020,Boston Celtics,114,Utah Jazz,103,+166,-194
Thu Feb 27 2020,New York Knicks,106,Philadelphia 76ers,115,+357,-638
Thu Feb 27 2020,Portland Trail Blazers,100,Indiana Pacers,106,+436,-623
Thu Feb 27 2020,Sacramento Kings,108,Oklahoma City Thunder,112,+255,-319
Thu Feb 27 2020,Los Angeles Lakers,116,Golden State Warriors,86,-1030,+536
Fri Feb 28 2020,Minnesota Timberwolves,125,Orlando Magic,136,+250,-313
Fri Feb 28 2020,Brooklyn Nets,118,Atlanta Hawks,141,-128,+110
Fri Feb 28 2020,Charlotte Hornets,99,Toronto Raptors,96,-101,-1063
Fri Feb 28 2020,Sacramento Kings,104,Memphis Grizzlies,101,+105,-123
Fri Feb 28 2020,Dallas Mavericks,118,Miami Heat,126,+139,-171
Fri Feb 28 2020,Oklahoma City Thunder,86,Milwaukee Bucks,133,+461,-648
Fri Feb 28 2020,Cleveland Cavaliers,104,New Orleans Pelicans,116,+653,-989
Fri Feb 28 2020,Detroit Pistons,113,Phoenix Suns,111,+288,-363
Fri Feb 28 2020,Washington Wizards,119,Utah Jazz,129,+417,-563
Fri Feb 28 2020,Denver Nuggets,103,Los Angeles Clippers,132,+296,-442
Sat Feb 29 2020,Chicago Bulls,115,New York Knicks,125,+133,-159
Sat Feb 29 2020,Portland Trail Blazers,117,Atlanta Hawks,129,+155,-208
Sat Feb 29 2020,Brooklyn Nets,113,Miami Heat,116,+337,-571
Sat Feb 29 2020,Indiana Pacers,113,Cleveland Cavaliers,104,-421,+320
Sat Feb 29 2020,Los Angeles Lakers,88,Memphis Grizzlies,105,-549,+408
Sat Feb 29 2020,Houston Rockets,111,Boston Celtics,110,-122,+107
Sat Feb 29 2020,Orlando Magic,113,San Antonio Spurs,114,+145,-165
Sat Feb 29 2020,Golden State Warriors,115,Phoenix Suns,99,+372,-494
Sun Mar 1 2020,Milwaukee Bucks,93,Charlotte Hornets,85,-1332,+753
Sun Mar 1 2020,Philadelphia 76ers,130,Los Angeles Clippers,136,+809,-1368
Sun Mar 1 2020,Dallas Mavericks,111,Minnesota Timberwolves,91,-686,+326
Sun Mar 1 2020,Toronto Raptors,118,Denver Nuggets,133,+167,-224
Sun Mar 1 2020,Detroit Pistons,100,Sacramento Kings,106,+463,-1520
Sun Mar 1 2020,Los Angeles Lakers,122,New Orleans Pelicans,114,+105,-126
Sun Mar 1 2020,Washington Wizards,124,Golden State Warriors,110,-363,+281
Mon Mar 2 2020,Utah Jazz,126,Cleveland Cavaliers,113,-692,+442
Mon Mar 2 2020,Houston Rockets,123,New York Knicks,125,-565,+417
Mon Mar 2 2020,Portland Trail Blazers,130,Orlando Magic,107,+204,-245
Mon Mar 2 2020,Memphis Grizzlies,127,Atlanta Hawks,88,+111,-130
Mon Mar 2 2020,Milwaukee Bucks,89,Miami Heat,105,-193,+163
Mon Mar 2 2020,Dallas Mavericks,107,Chicago Bulls,109,-268,+223
Mon Mar 2 2020,Indiana Pacers,116,San Antonio Spurs,111,-129,+112
Tue Mar 3 2020,San Antonio Spurs,104,Charlotte Hornets,103,-174,+149
Tue Mar 3 2020,Brooklyn Nets,129,Boston Celtics,120,+293,-473
Tue Mar 3 2020,Minnesota Timberwolves,139,New Orleans Pelicans,134,+450,-643
Tue Mar 3 2020,Los Angeles Clippers,109,Oklahoma City Thunder,94,-303,+217
Tue Mar 3 2020,Golden State Warriors,116,Denver Nuggets,100,+1075,-2902
Tue Mar 3 2020,Toronto Raptors,123,Phoenix Suns,114,-174,+149
Tue Mar 3 2020,Philadelphia 76ers,107,Los Angeles Lakers,120,+720,-899
Tue Mar 3 2020,Washington Wizards,126,Sacramento Kings,133,+228,-299
Wed Mar 4 2020,Boston Celtics,112,Cleveland Cavaliers,106,-171,+147
Wed Mar 4 2020,Oklahoma City Thunder,114,Detroit Pistons,107,-352,+274
Wed Mar 4 2020,Indiana Pacers,100,Milwaukee Bucks,119,+626,-2041
Wed Mar 4 2020,Memphis Grizzlies,118,Brooklyn Nets,79,+107,-130
Wed Mar 4 2020,Utah Jazz,112,New York Knicks,104,-714,+379
Wed Mar 4 2020,Orlando Magic,113,Miami Heat,116,+225,-274
Wed Mar 4 2020,Chicago Bulls,108,Minnesota Timberwolves,115,+117,-144
Wed Mar 4 2020,New Orleans Pelicans,123,Dallas Mavericks,127,+217,-265
Wed Mar 4 2020,Washington Wizards,104,Portland Trail Blazers,125,+323,-458
Thu Mar 5 2020,Denver Nuggets,114,Charlotte Hornets,112,-441,+340
Thu Mar 5 2020,Los Angeles Clippers,120,Houston Rockets,105,-818,-102
Thu Mar 5 2020,Philadelphia 76ers,125,Sacramento Kings,108,+172,-201
Thu Mar 5 2020,Toronto Raptors,121,Golden State Warriors,113,-474,+354
Fri Mar 6 2020,Atlanta Hawks,112,Washington Wizards,118,+274,-730
Fri Mar 6 2020,San Antonio Spurs,120,Brooklyn Nets,139,+207,-326
Fri Mar 6 2020,Oklahoma City Thunder,126,New York Knicks,103,-330,+252
Fri Mar 6 2020,Indiana Pacers,108,Chicago Bulls,102,-671,+267
Fri Mar 6 2020,Orlando Magic,132,Minnesota Timberwolves,118,-228,+168
Fri Mar 6 2020,Miami Heat,104,New Orleans Pelicans,110,+108,-132
Fri Mar 6 2020,Utah Jazz,99,Boston Celtics,94,+101,-118
Fri Mar 6 2020,Memphis Grizzlies,96,Dallas Mavericks,121,+333,-503
Fri Mar 6 2020,Portland Trail Blazers,117,Phoenix Suns,127,-159,+141
Fri Mar 6 2020,Milwaukee Bucks,103,Los Angeles Lakers,113,+110,-134
Sat Mar 7 2020,Houston Rockets,99,Charlotte Hornets,108,-328,+263
Sat Mar 7 2020,Utah Jazz,111,Detroit Pistons,105,-1584,+422
Sat Mar 7 2020,Denver Nuggets,102,Cleveland Cavaliers,104,-466,+356
Sat Mar 7 2020,Atlanta Hawks,101,Memphis Grizzlies,118,+399,-1875
Sat Mar 7 2020,Philadelphia 76ers,114,Golden State Warriors,118,-168,+144
Sat Mar 7 2020,Sacramento Kings,123,Portland Trail Blazers,111,+116,-136
Sun Mar 8 2020,Chicago Bulls,107,Brooklyn Nets,110,+352,-1345
Sun Mar 8 2020,New Orleans Pelicans,120,Minnesota Timberwolves,107,-559,+327
Sun Mar 8 2020,Los Angeles Lakers,112,Los Angeles Clippers,103,+118,-137
Sun Mar 8 2020,Oklahoma City Thunder,105,Boston Celtics,104,+208,-257
Sun Mar 8 2020,Milwaukee Bucks,131,Phoenix Suns,140,-260,+214
Sun Mar 8 2020,Miami Heat,100,Washington Wizards,89,-225,+186
Sun Mar 8 2020,Indiana Pacers,112,Dallas Mavericks,109,+219,-269
Sun Mar 8 2020,Orlando Magic,126,Houston Rockets,106,+269,-347
Sun Mar 8 2020,Detroit Pistons,84,New York Knicks,96,+203,-248
Sun Mar 8 2020,San Antonio Spurs,129,Cleveland Cavaliers,132,-180,+157
Sun Mar 8 2020,Toronto Raptors,118,Sacramento Kings,113,-200,+167
Mon Mar 9 2020,Charlotte Hornets,138,Atlanta Hawks,143,+204,-266
Mon Mar 9 2020,Milwaukee Bucks,95,Denver Nuggets,109,+312,-619
Mon Mar 9 2020,Toronto Raptors,101,Utah Jazz,92,+180,-215
Tue Mar 10 2020,New York Knicks,115,Washington Wizards,122,+194,-242
Tue Mar 10 2020,Boston Celtics,114,Indiana Pacers,111,-185,+151
Tue Mar 10 2020,Minnesota Timberwolves,111,Houston Rockets,117,+645,-993
Tue Mar 10 2020,Dallas Mavericks,109,San Antonio Spurs,119,-174,+148
Tue Mar 10 2020,Orlando Magic,120,Memphis Grizzlies,115,+114,-133
Tue Mar 10 2020,Cleveland Cavaliers,103,Chicago Bulls,108,+212,-315
Tue Mar 10 2020,Phoenix Suns,105,Portland Trail Blazers,121,+219,-275
Tue Mar 10 2020,Brooklyn Nets,104,Los Angeles Lakers,102,+537,-790
Tue Mar 10 2020,Los Angeles Clippers,131,Golden State Warriors,107,-1925,+690
Wed Mar 11 2020,Detroit Pistons,106,Philadelphia 76ers,124,+662,-815
Wed Mar 11 2020,New York Knicks,136,Atlanta Hawks,131,+179,-215
Wed Mar 11 2020,Charlotte Hornets,109,Miami Heat,98,+435,-607
Wed Mar 11 2020,Denver Nuggets,97,Dallas Mavericks,113,-145,+123
Thu Jul 30 2020,Utah Jazz,106,New Orleans Pelicans,104,+112,-127
Thu Jul 30 2020,Los Angeles Clippers,101,Los Angeles Lakers,103,+154,-191
Fri Jul 31 2020,Orlando Magic,128,Brooklyn Nets,118,-316,+236
Fri Jul 31 2020,Memphis Grizzlies,135,Portland Trail Blazers,140,+141,-162
Fri Jul 31 2020,Phoenix Suns,125,Washington Wizards,112,-305,+250
Fri Jul 31 2020,Boston Celtics,112,Milwaukee Bucks,119,+176,-220
Fri Jul 31 2020,Sacramento Kings,120,San Antonio Spurs,129,-164,+137
Fri Jul 31 2020,Houston Rockets,153,Dallas Mavericks,149,-126,+101
Sat Aug 1 2020,Miami Heat,125,Denver Nuggets,105,-149,-109
Sat Aug 1 2020,Utah Jazz,94,Oklahoma City Thunder,110,+109,-139
Sat Aug 1 2020,New Orleans Pelicans,103,Los Angeles Clippers,126,+230,-312
Sat Aug 1 2020,Philadelphia 76ers,121,Indiana Pacers,127,-289,+235
Sat Aug 1 2020,Los Angeles Lakers,92,Toronto Raptors,107,-135,-115
Sun Aug 2 2020,Washington Wizards,110,Brooklyn Nets,118,-109,-141
Sun Aug 2 2020,Portland Trail Blazers,124,Boston Celtics,128,+167,-209
Sun Aug 2 2020,San Antonio Spurs,108,Memphis Grizzlies,106,+122,-143
Sun Aug 2 2020,Sacramento Kings,116,Orlando Magic,132,+113,-134
Sun Aug 2 2020,Milwaukee Bucks,116,Houston Rockets,120,-205,+173
Sun Aug 2 2020,Dallas Mavericks,115,Phoenix Suns,117,-240,+190
Mon Aug 3 2020,Toronto Raptors,107,Miami Heat,103,-147,+127
Mon Aug 3 2020,Denver Nuggets,121,Oklahoma City Thunder,113,+202,-244
Mon Aug 3 2020,Indiana Pacers,111,Washington Wizards,100,-414,+321
Mon Aug 3 2020,Memphis Grizzlies,99,New Orleans Pelicans,109,+170,-201
Mon Aug 3 2020,San Antonio Spurs,130,Philadelphia 76ers,132,+259,-318
Mon Aug 3 2020,Los Angeles Lakers,116,Utah Jazz,108,-267,+223
Tue Aug 4 2020,Brooklyn Nets,119,Milwaukee Bucks,116,+1639,-3961
Tue Aug 4 2020,Dallas Mavericks,114,Sacramento Kings,110,-242,+197
Tue Aug 4 2020,Phoenix Suns,117,Los Angeles Clippers,115,+313,-412
Tue Aug 4 2020,Orlando Magic,109,Indiana Pacers,120,-116,-106
Tue Aug 4 2020,Boston Celtics,106,Miami Heat,112,-200,+165
Tue Aug 4 2020,Houston Rockets,102,Portland Trail Blazers,110,-161,+133
Wed Aug 5 2020,Memphis Grizzlies,115,Utah Jazz,124,+184,-221
Wed Aug 5 2020,Denver Nuggets,132,San Antonio Spurs,126,-131,+110
Wed Aug 5 2020,Philadelphia 76ers,107,Washington Wizards,98,-589,+429
Wed Aug 5 2020,Oklahoma City Thunder,105,Los Angeles Lakers,86,+186,-222
Wed Aug 5 2020,Toronto Raptors,109,Orlando Magic,99,-362,+280
Wed Aug 5 2020,Brooklyn Nets,115,Boston Celtics,149,+328,-430
Thu Aug 6 2020,New Orleans Pelicans,125,Sacramento Kings,140,-189,+163
Thu Aug 6 2020,Miami Heat,116,Milwaukee Bucks,130,+339,-462
Thu Aug 6 2020,Indiana Pacers,99,Phoenix Suns,114,-121,+101
Thu Aug 6 2020,Los Angeles Clippers,126,Dallas Mavericks,111,-182,+156
Thu Aug 6 2020,Portland Trail Blazers,125,Denver Nuggets,115,-198,+168
Thu Aug 6 2020,Los Angeles Lakers,97,Houston Rockets,113,+139,-160
Fri Aug 7 2020,Utah Jazz,111,San Antonio Spurs,119,+318,-409
Fri Aug 7 2020,Oklahoma City Thunder,92,Memphis Grizzlies,121,-158,+137
Fri Aug 7 2020,Sacramento Kings,106,Brooklyn Nets,119,-214,+178
Fri Aug 7 2020,Orlando Magic,101,Philadelphia 76ers,108,+169,-201
Fri Aug 7 2020,Washington Wizards,107,New Orleans Pelicans,118,+287,-357
Fri Aug 7 2020,Boston Celtics,122,Toronto Raptors,100,+102,-122
Sat Aug 8 2020,Los Angeles Clippers,122,Portland Trail Blazers,117,+175,-217
Sat Aug 8 2020,Utah Jazz,132,Denver Nuggets,134, , 
Sat Aug 8 2020,Los Angeles Lakers,111,Indiana Pacers,116,-211,+173
Sat Aug 8 2020,Phoenix Suns,119,Miami Heat,112,-175,+154
Sat Aug 8 2020,Milwaukee Bucks,132,Dallas Mavericks,136,-221,+184
Sun Aug 9 2020,Washington Wizards,103,Oklahoma City Thunder,121,+355,-466
Sun Aug 9 2020,Memphis Grizzlies,99,Toronto Raptors,108,+247,-300
Sun Aug 9 2020,San Antonio Spurs,122,New Orleans Pelicans,113,+151,-174
Sun Aug 9 2020,Orlando Magic,119,Boston Celtics,122,+308,-402
Sun Aug 9 2020,Philadelphia 76ers,121,Portland Trail Blazers,124,+125,-146
Sun Aug 9 2020,Houston Rockets,129,Sacramento Kings,112,-204,+171
Sun Aug 9 2020,Brooklyn Nets,129,Los Angeles Clippers,120,+315,-404
Mon Aug 10 2020,Oklahoma City Thunder,101,Phoenix Suns,128,+287,-366
Mon Aug 10 2020,Dallas Mavericks,122,Utah Jazz,114,+191,-230
Mon Aug 10 2020,Toronto Raptors,114,Milwaukee Bucks,106,+174,-206
Mon Aug 10 2020,Indiana Pacers,92,Miami Heat,114,+152,-176
Mon Aug 10 2020,Denver Nuggets,121,Los Angeles Lakers,124,+176,-210
Tue Aug 11 2020,Brooklyn Nets,108,Orlando Magic,96,+164,-190
Tue Aug 11 2020,Houston Rockets,105,San Antonio Spurs,123,+154,-180
Tue Aug 11 2020,Phoenix Suns,130,Philadelphia 76ers,117,-494,+368
Tue Aug 11 2020,Boston Celtics,122,Memphis Grizzlies,107,-193,+165
Tue Aug 11 2020,Portland Trail Blazers,134,Dallas Mavericks,131,-137,+116
Tue Aug 11 2020,New Orleans Pelicans,106,Sacramento Kings,112,+135,-159
Tue Aug 11 2020,Milwaukee Bucks,126,Washington Wizards,113,-426,+327
Wed Aug 12 2020,Indiana Pacers,108,Houston Rockets,104,+232,-279
Wed Aug 12 2020,Toronto Raptors,125,Philadelphia 76ers,121,-240,+200
Wed Aug 12 2020,Miami Heat,115,Oklahoma City Thunder,116,-167,+146
Wed Aug 12 2020,Los Angeles Clippers,124,Denver Nuggets,111,-216,+179
Thu Aug 13 2020,Washington Wizards,96,Boston Celtics,90,-127,+106
Thu Aug 13 2020,Sacramento Kings,136,Los Angeles Lakers,122,+146,-168
Thu Aug 13 2020,Milwaukee Bucks,106,Memphis Grizzlies,119,+143,-169
Thu Aug 13 2020,Dallas Mavericks,102,Phoenix Suns,128,+294,-380
Thu Aug 13 2020,San Antonio Spurs,112,Utah Jazz,118,-288,+239
Thu Aug 13 2020,Portland Trail Blazers,134,Brooklyn Nets,133,-579,+433
Thu Aug 13 2020,New Orleans Pelicans,127,Orlando Magic,133,+150,-173
Fri Aug 14 2020,Denver Nuggets,109,Toronto Raptors,117,-148,+127
Fri Aug 14 2020,Miami Heat,92,Indiana Pacers,109,-122,+102
Fri Aug 14 2020,Oklahoma City Thunder,103,Los Angeles Clippers,107,+138,-159
Fri Aug 14 2020,Philadelphia 76ers,134,Houston Rockets,96,+119,-142
Sat Aug 15 2020,Memphis Grizzlies,122,Portland Trail Blazers,126,+270,-364
Mon Aug 17 2020,Utah Jazz,125,Denver Nuggets,135,+165,-194
Mon Aug 17 2020,Brooklyn Nets,110,Toronto Raptors,134,+393,-537
Mon Aug 17 2020,Philadelphia 76ers,101,Boston Celtics,109,+229,-274
Mon Aug 17 2020,Dallas Mavericks,110,Los Angeles Clippers,118,+237,-288
Tue Aug 18 2020,Orlando Magic,122,Milwaukee Bucks,110,+895,-1499
Tue Aug 18 2020,Miami Heat,113,Indiana Pacers,101,-188,+160
Tue Aug 18 2020,Oklahoma City Thunder,108,Houston Rockets,123,-115,+100
Tue Aug 18 2020,Portland Trail Blazers,100,Los Angeles Lakers,93,+235,-282
Wed Aug 19 2020,Brooklyn Nets,99,Toronto Raptors,104,+553,-776
Wed Aug 19 2020,Utah Jazz,124,Denver Nuggets,105,+143,-166
Wed Aug 19 2020,Philadelphia 76ers,101,Boston Celtics,128,+165,-193
Wed Aug 19 2020,Dallas Mavericks,127,Los Angeles Clippers,114,+178,-214
Thu Aug 20 2020,Miami Heat,109,Indiana Pacers,100,-175,+151
Thu Aug 20 2020,Oklahoma City Thunder,98,Houston Rockets,111,+108,-129
Thu Aug 20 2020,Orlando Magic,96,Milwaukee Bucks,111,+717,-1102
Thu Aug 20 2020,Portland Trail Blazers,88,Los Angeles Lakers,111,+242,-293
Fri Aug 21 2020,Toronto Raptors,117,Brooklyn Nets,92,-614,+439
Fri Aug 21 2020,Denver Nuggets,87,Utah Jazz,124,+101,-119
Fri Aug 21 2020,Boston Celtics,102,Philadelphia 76ers,94,-246,+202
Fri Aug 21 2020,Los Angeles Clippers,130,Dallas Mavericks,122,-219,+183
Sat Aug 22 2020,Milwaukee Bucks,121,Orlando Magic,107,-1076,+701
Sat Aug 22 2020,Indiana Pacers,115,Miami Heat,124,+174,-209
Sat Aug 22 2020,Houston Rockets,107,Oklahoma City Thunder,119,-150,+124
Sat Aug 22 2020,Los Angeles Lakers,116,Portland Trail Blazers,108,-373,+291
Sun Aug 23 2020,Boston Celtics,110,Philadelphia 76ers,106,-318,+260
Sun Aug 23 2020,Los Angeles Clippers,133,Dallas Mavericks,135,-320,+262
Sun Aug 23 2020,Toronto Raptors,150,Brooklyn Nets,122,-1089,+709
Sun Aug 23 2020,Denver Nuggets,127,Utah Jazz,129,+138,-161
Mon Aug 24 2020,Milwaukee Bucks,121,Orlando Magic,106,-1147,+745
Mon Aug 24 2020,Houston Rockets,114,Oklahoma City Thunder,117,-148,+127
Mon Aug 24 2020,Indiana Pacers,87,Miami Heat,99,+230,-275
Mon Aug 24 2020,Los Angeles Lakers,135,Portland Trail Blazers,115,-367,+293
Tue Aug 25 2020,Utah Jazz,107,Denver Nuggets,117,-140,+119
Tue Aug 25 2020,Dallas Mavericks,111,Los Angeles Clippers,154,+312,-401
Sat Aug 29 2020,Orlando Magic,104,Milwaukee Bucks,118,+773,-1203
Sat Aug 29 2020,Oklahoma City Thunder,80,Houston Rockets,114,+184,-220
Sat Aug 29 2020,Portland Trail Blazers,122,Los Angeles Lakers,131,+827,-1338
Sun Aug 30 2020,Boston Celtics,112,Toronto Raptors,94,+111,-132
Sun Aug 30 2020,Los Angeles Clippers,111,Dallas Mavericks,97,-502,+391
Sun Aug 30 2020,Denver Nuggets,119,Utah Jazz,107,+122,-142
Mon Aug 31 2020,Miami Heat,115,Milwaukee Bucks,104,+177,-213
Mon Aug 31 2020,Houston Rockets,100,Oklahoma City Thunder,104,-240,+191
Tue Sep 1 2020,Boston Celtics,102,Toronto Raptors,99,+106,-127
Tue Sep 1 2020,Utah Jazz,78,Denver Nuggets,80,+110,-133
Wed Sep 2 2020,Miami Heat,116,Milwaukee Bucks,114,+206,-248
Wed Sep 2 2020,Oklahoma City Thunder,102,Houston Rockets,104,+181,-214
Thu Sep 3 2020,Toronto Raptors,104,Boston Celtics,103,-145,+124
Thu Sep 3 2020,Denver Nuggets,97,Los Angeles Clippers,120,+370,-486
Fri Sep 4 2020,Milwaukee Bucks,100,Miami Heat,115,-220,+182
Fri Sep 4 2020,Houston Rockets,112,Los Angeles Lakers,97,+251,-311
Sat Sep 5 2020,Toronto Raptors,100,Boston Celtics,93,+112,-133
Sat Sep 5 2020,Denver Nuggets,110,Los Angeles Clippers,101,+351,-447
Sun Sep 6 2020,Milwaukee Bucks,118,Miami Heat,115, , 
Sun Sep 6 2020,Houston Rockets,109,Los Angeles Lakers,117,+199,-239
Mon Sep 7 2020,Boston Celtics,111,Toronto Raptors,89,-135,+112
Mon Sep 7 2020,Los Angeles Clippers,113,Denver Nuggets,107,-444,+338
Tue Sep 8 2020,Miami Heat,103,Milwaukee Bucks,94,-230,+192
Tue Sep 8 2020,Los Angeles Lakers,112,Houston Rockets,102,-191,+159
Wed Sep 9 2020,Toronto Raptors,125,Boston Celtics,122,+127,-148
Wed Sep 9 2020,Los Angeles Clippers,96,Denver Nuggets,85,-318,+258
Thu Sep 10 2020,Los Angeles Lakers,110,Houston Rockets,100,-227,+190
Fri Sep 11 2020,Denver Nuggets,111,Los Angeles Clippers,105,+687,-17016
Fri Sep 11 2020,Boston Celtics,92,Toronto Raptors,87,-149,+128
Sat Sep 12 2020,Houston Rockets,96,Los Angeles Lakers,119,+210,-259
Sun Sep 13 2020,Los Angeles Clippers,98,Denver Nuggets,111,-389,+305
Tue Sep 15 2020,Miami Heat,117,Boston Celtics,114,+126,-153
Tue Sep 15 2020,Denver Nuggets,104,Los Angeles Clippers,89,+269,-331
Thu Sep 17 2020,Miami Heat,106,Boston Celtics,101,+131,-152
Fri Sep 18 2020,Denver Nuggets,114,Los Angeles Lakers,126,+262,-324
Sat Sep 19 2020,Boston Celtics,117,Miami Heat,106,-171,+146
Sun Sep 20 2020,Denver Nuggets,103,Los Angeles Lakers,105,+252,-315
Tue Sep 22 2020,Los Angeles Lakers,106,Denver Nuggets,114,-248,+202
Wed Sep 23 2020,Boston Celtics,109,Miami Heat,112,-162,+140
Thu Sep 24 2020,Los Angeles Lakers,114,Denver Nuggets,108,-409,+291
Fri Sep 25 2020,Miami Heat,108,Boston Celtics,121,+139,-165
Sat Sep 26 2020,Denver Nuggets,107,Los Angeles Lakers,117,+447,-4342
Sun Sep 27 2020,Boston Celtics,113,Miami Heat,125,-148,+127
Wed Sep 30 2020,Miami Heat,98,Los Angeles Lakers,116,+163,-190
Fri Oct 2 2020,Miami Heat,114,Los Angeles Lakers,124,+407,-570
Sun Oct 4 2020,Los Angeles Lakers,104,Miami Heat,115,-442,+339
Tue Oct 6 2020,Los Angeles Lakers,102,Miami Heat,96,-344,+274
Fri Oct 9 2020,Miami Heat,111,Los Angeles Lakers,108,+252,-317
Sun Oct 11 2020,Los Angeles Lakers,106,Miami Heat,93,-250,+201
Tue Dec 22 2020,Golden State Warriors,99,Brooklyn Nets,125,+263,-322
Tue Dec 22 2020,Los Angeles Clippers,116,Los Angeles Lakers,109,+115,-135
Wed Dec 23 2020,Charlotte Hornets,114,Cleveland Cavaliers,121,-148,+130
Wed Dec 23 2020,New York Knicks,107,Indiana Pacers,121,+269,-328
Wed Dec 23 2020,Miami Heat,107,Orlando Magic,113,-191,+164
Wed Dec 23 2020,Washington Wizards,107,Philadelphia 76ers,113,+251,-305
Wed Dec 23 2020,New Orleans Pelicans,113,Toronto Raptors,99,+150,-173
Wed Dec 23 2020,Milwaukee Bucks,121,Boston Celtics,122,-185,+160
Wed Dec 23 2020,Atlanta Hawks,124,Chicago Bulls,104,-126,+107
Wed Dec 23 2020,San Antonio Spurs,131,Memphis Grizzlies,119,+110,-129
Wed Dec 23 2020,Detroit Pistons,101,Minnesota Timberwolves,111,+180,-212
Wed Dec 23 2020,Sacramento Kings,124,Denver Nuggets,122,+269,-329
Wed Dec 23 2020,Utah Jazz,120,Portland Trail Blazers,100,-119,+104
Wed Dec 23 2020,Dallas Mavericks,102,Phoenix Suns,106,+100,-117
Fri Dec 25 2020,New Orleans Pelicans,98,Miami Heat,111,+131,-151
Fri Dec 25 2020,Golden State Warriors,99,Milwaukee Bucks,138,+448,-635
Fri Dec 25 2020,Brooklyn Nets,123,Boston Celtics,95,-148,+129
Fri Dec 25 2020,Dallas Mavericks,115,Los Angeles Lakers,138,+216,-258
Fri Dec 25 2020,Los Angeles Clippers,121,Denver Nuggets,108,-160,+140
Sat Dec 26 2020,Atlanta Hawks,122,Memphis Grizzlies,112,+119,-137
Sat Dec 26 2020,Oklahoma City Thunder,109,Charlotte Hornets,107,+127,-145
Sat Dec 26 2020,Cleveland Cavaliers,128,Detroit Pistons,119,-108,-110
Sat Dec 26 2020,Orlando Magic,130,Washington Wizards,120,+105,-120
Sat Dec 26 2020,Philadelphia 76ers,109,New York Knicks,89,-360,+295
Sat Dec 26 2020,Indiana Pacers,125,Chicago Bulls,106,-247,+208
Sat Dec 26 2020,Toronto Raptors,114,San Antonio Spurs,119,-138,+120
Sat Dec 26 2020,Minnesota Timberwolves,116,Utah Jazz,111,+351,-440
Sat Dec 26 2020,Houston Rockets,126,Portland Trail Blazers,128,+272,-331
Sat Dec 26 2020,Phoenix Suns,103,Sacramento Kings,106,-157,+137
Sun Dec 27 2020,Dallas Mavericks,124,Los Angeles Clippers,73,+130,-148
Sun Dec 27 2020,San Antonio Spurs,95,New Orleans Pelicans,98,+170,-196
Sun Dec 27 2020,Orlando Magic,120,Washington Wizards,113,-129,+112
Sun Dec 27 2020,Brooklyn Nets,104,Charlotte Hornets,106,-605,+460
Sun Dec 27 2020,Philadelphia 76ers,94,Cleveland Cavaliers,118,-248,+210
Sun Dec 27 2020,Milwaukee Bucks,110,New York Knicks,130,-1020,+721
Sun Dec 27 2020,Boston Celtics,107,Indiana Pacers,108,-145,+127
Sun Dec 27 2020,Golden State Warriors,129,Chicago Bulls,128,-166,+146
Sun Dec 27 2020,Phoenix Suns,116,Sacramento Kings,100,-155,+135
Sun Dec 27 2020,Minnesota Timberwolves,91,Los Angeles Lakers,127,+405,-520
Mon Dec 28 2020,Memphis Grizzlies,116,Brooklyn Nets,111,-126,+108
Mon Dec 28 2020,Detroit Pistons,120,Atlanta Hawks,128,+407,-524
Mon Dec 28 2020,Utah Jazz,110,Oklahoma City Thunder,109,-415,+331
Mon Dec 28 2020,Houston Rockets,111,Denver Nuggets,124,+222,-263
Mon Dec 28 2020,Portland Trail Blazers,115,Los Angeles Lakers,107,+198,-235
Tue Dec 29 2020,New York Knicks,95,Cleveland Cavaliers,86,+137,-158
Tue Dec 29 2020,Golden State Warriors,116,Detroit Pistons,106,-175,+152
Tue Dec 29 2020,Boston Celtics,116,Indiana Pacers,111,-109,-110
Tue Dec 29 2020,Chicago Bulls,115,Washington Wizards,107,+203,-242
Tue Dec 29 2020,Toronto Raptors,93,Philadelphia 76ers,100,+107,-126
Tue Dec 29 2020,Milwaukee Bucks,144,Miami Heat,97,-249,+209
Tue Dec 29 2020,Orlando Magic,118,Oklahoma City Thunder,107,-252,+212
Tue Dec 29 2020,New Orleans Pelicans,86,Phoenix Suns,111,+108,-127
Tue Dec 29 2020,Denver Nuggets,115,Sacramento Kings,125,-115,-108
Tue Dec 29 2020,Minnesota Timberwolves,101,Los Angeles Clippers,124,+460,-609
Wed Dec 30 2020,Milwaukee Bucks,108,Miami Heat,119,-255,+217
Wed Dec 30 2020,Atlanta Hawks,141,Brooklyn Nets,145,+196,-233
Wed Dec 30 2020,Memphis Grizzlies,107,Boston Celtics,126,+243,-291
Wed Dec 30 2020,Charlotte Hornets,118,Dallas Mavericks,99,+286,-347
Wed Dec 30 2020,Los Angeles Lakers,121,San Antonio Spurs,107,-318,+262
Wed Dec 30 2020,Portland Trail Blazers,105,Los Angeles Clippers,128,+200,-237
Thu Dec 31 2020,Cleveland Cavaliers,99,Indiana Pacers,119,+271,-330
Thu Dec 31 2020,Chicago Bulls,133,Washington Wizards,130,+245,-296
Thu Dec 31 2020,Philadelphia 76ers,116,Orlando Magic,92,-176,+154
Thu Dec 31 2020,Sacramento Kings,119,Houston Rockets,122,+182,-213
Thu Dec 31 2020,New York Knicks,83,Toronto Raptors,100,+301,-369
Thu Dec 31 2020,New Orleans Pelicans,113,Oklahoma City Thunder,80,-224,+190
Thu Dec 31 2020,Phoenix Suns,106,Utah Jazz,95,+150,-171
Fri Jan 1 2021,Memphis Grizzlies,108,Charlotte Hornets,93,+161,-184
Fri Jan 1 2021,Miami Heat,83,Dallas Mavericks,93,-122,+104
Fri Jan 1 2021,Boston Celtics,93,Detroit Pistons,96,-400,+321
Fri Jan 1 2021,Atlanta Hawks,114,Brooklyn Nets,96,+206,-244
Fri Jan 1 2021,Chicago Bulls,96,Milwaukee Bucks,126,+846,-1262
Fri Jan 1 2021,Washington Wizards,130,Minnesota Timberwolves,109,-115,+102
Fri Jan 1 2021,Los Angeles Lakers,109,San Antonio Spurs,103,-338,+277
Fri Jan 1 2021,Phoenix Suns,106,Denver Nuggets,103,+142,-161
Fri Jan 1 2021,Los Angeles Clippers,100,Utah Jazz,106,-156,+136
Fri Jan 1 2021,Portland Trail Blazers,123,Golden State Warriors,98,-161,+142
Sat Jan 2 2021,Sacramento Kings,94,Houston Rockets,102,-128,+112
Sat Jan 2 2021,New York Knicks,106,Indiana Pacers,102,+350,-434
Sat Jan 2 2021,Oklahoma City Thunder,108,Orlando Magic,99,+166,-192
Sat Jan 2 2021,Charlotte Hornets,112,Philadelphia 76ers,127,+388,-500
Sat Jan 2 2021,Cleveland Cavaliers,96,Atlanta Hawks,91,+189,-222
Sat Jan 2 2021,Toronto Raptors,116,New Orleans Pelicans,120,-115,-104
Sun Jan 3 2021,Boston Celtics,122,Detroit Pistons,120,-335,+276
Sun Jan 3 2021,Washington Wizards,123,Brooklyn Nets,122,+256,-308
Sun Jan 3 2021,Los Angeles Lakers,108,Memphis Grizzlies,94,-468,+368
Sun Jan 3 2021,Denver Nuggets,124,Minnesota Timberwolves,109,-379,+307
Sun Jan 3 2021,Utah Jazz,130,San Antonio Spurs,109,-219,+187
Sun Jan 3 2021,Dallas Mavericks,108,Chicago Bulls,118,-173,+151
Sun Jan 3 2021,Los Angeles Clippers,112,Phoenix Suns,107,-156,+137
Sun Jan 3 2021,Portland Trail Blazers,122,Golden State Warriors,137,-193,+167
Mon Jan 4 2021,Cleveland Cavaliers,83,Orlando Magic,103,+193,-229
Mon Jan 4 2021,Charlotte Hornets,101,Philadelphia 76ers,118,+292,-355
Mon Jan 4 2021,New York Knicks,113,Atlanta Hawks,108,+242,-291
Mon Jan 4 2021,Oklahoma City Thunder,90,Miami Heat,118,+345,-432
Mon Jan 4 2021,Boston Celtics,126,Toronto Raptors,114,+196,-234
Mon Jan 4 2021,Dallas Mavericks,113,Houston Rockets,100,+148,-167
Mon Jan 4 2021,Detroit Pistons,115,Milwaukee Bucks,125,+1174,-1899
Mon Jan 4 2021,Indiana Pacers,118,New Orleans Pelicans,116,+105,-123
Mon Jan 4 2021,Sacramento Kings,106,Golden State Warriors,137,-122,+104
Tue Jan 5 2021,Utah Jazz,96,Brooklyn Nets,130,-186,+162
Tue Jan 5 2021,Los Angeles Lakers,94,Memphis Grizzlies,92,-487,+372
Tue Jan 5 2021,Minnesota Timberwolves,116,Denver Nuggets,123,+475,-626
Tue Jan 5 2021,San Antonio Spurs,116,Los Angeles Clippers,113,+251,-303
Tue Jan 5 2021,Chicago Bulls,111,Portland Trail Blazers,108,+361,-468
Wed Jan 6 2021,Houston Rockets,107,Indiana Pacers,114,+125,-143
Wed Jan 6 2021,Cleveland Cavaliers,94,Orlando Magic,105,+179,-207
Wed Jan 6 2021,Washington Wizards,136,Philadelphia 76ers,141,+220,-260
Wed Jan 6 2021,Charlotte Hornets,102,Atlanta Hawks,94,+207,-245
Wed Jan 6 2021,Boston Celtics,107,Miami Heat,105,+121,-139
Wed Jan 6 2021,Utah Jazz,100,New York Knicks,112,-305,+253
Wed Jan 6 2021,Detroit Pistons,115,Milwaukee Bucks,130,+641,-897
Wed Jan 6 2021,Oklahoma City Thunder,111,New Orleans Pelicans,110,+283,-344
Wed Jan 6 2021,Toronto Raptors,115,Phoenix Suns,123,+132,-150
Wed Jan 6 2021,Los Angeles Clippers,108,Golden State Warriors,101,-207,+179
Wed Jan 6 2021,Chicago Bulls,124,Sacramento Kings,128,+230,-271
Thu Jan 7 2021,Philadelphia 76ers,109,Brooklyn Nets,122,-176,+153
Thu Jan 7 2021,Cleveland Cavaliers,94,Memphis Grizzlies,90,+192,-227
Thu Jan 7 2021,Dallas Mavericks,124,Denver Nuggets,117,+125,-143
Thu Jan 7 2021,San Antonio Spurs,118,Los Angeles Lakers,109,+329,-410
Thu Jan 7 2021,Minnesota Timberwolves,117,Portland Trail Blazers,135,+397,-510
Fri Jan 8 2021,Phoenix Suns,105,Detroit Pistons,110,-323,+261
Fri Jan 8 2021,Washington Wizards,107,Boston Celtics,116,+146,-166
Fri Jan 8 2021,Charlotte Hornets,118,New Orleans Pelicans,110,+236,-280
Fri Jan 8 2021,Oklahoma City Thunder,101,New York Knicks,89,+129,-147
Fri Jan 8 2021,Orlando Magic,90,Houston Rockets,132,+230,-271
Fri Jan 8 2021,Brooklyn Nets,110,Memphis Grizzlies,115,-118,+102
Fri Jan 8 2021,Utah Jazz,131,Milwaukee Bucks,118,+197,-234
Fri Jan 8 2021,Los Angeles Clippers,105,Golden State Warriors,115,-265,+226
Fri Jan 8 2021,Chicago Bulls,115,Los Angeles Lakers,117,+322,-400
Fri Jan 8 2021,Toronto Raptors,144,Sacramento Kings,123,-118,+103
Sat Jan 9 2021,Denver Nuggets,115,Philadelphia 76ers,103,-925,+678
Sat Jan 9 2021,Atlanta Hawks,105,Charlotte Hornets,113,-193,+167
Sat Jan 9 2021,Phoenix Suns,125,Indiana Pacers,117,+131,-149
Sat Jan 9 2021,Miami Heat,128,Washington Wizards,124,-554,+426
Sat Jan 9 2021,Cleveland Cavaliers,90,Milwaukee Bucks,100,+321,-400
Sat Jan 9 2021,San Antonio Spurs,125,Minnesota Timberwolves,122,-164,+143
Sat Jan 9 2021,Orlando Magic,98,Dallas Mavericks,112,+205,-242
Sat Jan 9 2021,Portland Trail Blazers,125,Sacramento Kings,99,-199,+173
Sun Jan 10 2021,Utah Jazz,96,Detroit Pistons,86,-383,+308
Sun Jan 10 2021,Chicago Bulls,127,Los Angeles Clippers,130,+599,-828
Sun Jan 10 2021,Oklahoma City Thunder,129,Brooklyn Nets,116,+280,-339
Sun Jan 10 2021,Denver Nuggets,114,New York Knicks,89,-219,+187
Sun Jan 10 2021,Los Angeles Lakers,120,Houston Rockets,102,-173,+151
Sun Jan 10 2021,San Antonio Spurs,88,Minnesota Timberwolves,96,-176,+155
Sun Jan 10 2021,Toronto Raptors,105,Golden State Warriors,106,-140,+122
Mon Jan 11 2021,New York Knicks,88,Charlotte Hornets,109,+169,-194
Mon Jan 11 2021,Memphis Grizzlies,101,Cleveland Cavaliers,91,-131,+114
Mon Jan 11 2021,Milwaukee Bucks,121,Orlando Magic,99,-510,+398
Mon Jan 11 2021,Phoenix Suns,107,Washington Wizards,128,-254,+215
Mon Jan 11 2021,Philadelphia 76ers,94,Atlanta Hawks,112,+200,-238
Mon Jan 11 2021,Toronto Raptors,111,Portland Trail Blazers,112,+162,-187
Mon Jan 11 2021,Indiana Pacers,122,Sacramento Kings,127,-159,+139
Tue Jan 12 2021,Miami Heat,134,Philadelphia 76ers,137,+295,-358
Tue Jan 12 2021,Denver Nuggets,116,Brooklyn Nets,122,+109,-126
Tue Jan 12 2021,Utah Jazz,117,Cleveland Cavaliers,87,-873,+614
Tue Jan 12 2021,Los Angeles Lakers,117,Houston Rockets,100,-199,+172
Tue Jan 12 2021,San Antonio Spurs,112,Oklahoma City Thunder,102,-134,+116
Tue Jan 12 2021,Indiana Pacers,104,Golden State Warriors,95,+139,-159
Wed Jan 13 2021,Dallas Mavericks,104,Charlotte Hornets,93,-162,+144
Wed Jan 13 2021,Milwaukee Bucks,110,Detroit Pistons,101,-569,+429
Wed Jan 13 2021,Brooklyn Nets,116,New York Knicks,109,-176,+154
Wed Jan 13 2021,Memphis Grizzlies,118,Minnesota Timberwolves,107,+120,-138
Wed Jan 13 2021,Los Angeles Lakers,128,Oklahoma City Thunder,99,-495,+374
Wed Jan 13 2021,New Orleans Pelicans,106,Los Angeles Clippers,111,+451,-623
Wed Jan 13 2021,Portland Trail Blazers,132,Sacramento Kings,126,-184,+160
Thu Jan 14 2021,Miami Heat,108,Philadelphia 76ers,125,+285,-363
Thu Jan 14 2021,Houston Rockets,109,San Antonio Spurs,105,+236,-294
Thu Jan 14 2021,Charlotte Hornets,108,Toronto Raptors,111,+346,-456
Thu Jan 14 2021,Golden State Warriors,104,Denver Nuggets,114,+160,-190
Thu Jan 14 2021,Indiana Pacers,111,Portland Trail Blazers,87,+133,-154
Fri Jan 15 2021,Orlando Magic,97,Boston Celtics,124,+151,-179
Fri Jan 15 2021,New York Knicks,103,Cleveland Cavaliers,106,-134,+113
Fri Jan 15 2021,Dallas Mavericks,109,Milwaukee Bucks,112,+240,-288
Fri Jan 15 2021,Chicago Bulls,125,Oklahoma City Thunder,127,-140,+120
Fri Jan 15 2021,Atlanta Hawks,92,Utah Jazz,116,+208,-254
Fri Jan 15 2021,New Orleans Pelicans,95,Los Angeles Lakers,112,+326,-411
Fri Jan 15 2021,Los Angeles Clippers,138,Sacramento Kings,100,-267,+227
Sat Jan 16 2021,Houston Rockets,91,San Antonio Spurs,103,+244,-304
Sat Jan 16 2021,Orlando Magic,115,Brooklyn Nets,122,+346,-455
Sat Jan 16 2021,Charlotte Hornets,113,Toronto Raptors,116,+219,-267
Sat Jan 16 2021,Philadelphia 76ers,104,Memphis Grizzlies,106,+110,-130
Sat Jan 16 2021,Detroit Pistons,120,Miami Heat,100,+186,-225
Sat Jan 16 2021,Atlanta Hawks,106,Portland Trail Blazers,112,+164,-188
Sun Jan 17 2021,New York Knicks,105,Boston Celtics,75,+259,-313
Sun Jan 17 2021,Chicago Bulls,117,Dallas Mavericks,101,+234,-277
Sun Jan 17 2021,Utah Jazz,109,Denver Nuggets,105,-124,+103
Sun Jan 17 2021,New Orleans Pelicans,128,Sacramento Kings,123,-136,+118
Sun Jan 17 2021,Indiana Pacers,96,Los Angeles Clippers,129,+285,-361
Mon Jan 18 2021,Orlando Magic,84,New York Knicks,91,-129,+109
Mon Jan 18 2021,Minnesota Timberwolves,97,Atlanta Hawks,108,+242,-299
Mon Jan 18 2021,San Antonio Spurs,125,Portland Trail Blazers,104,-121,+102
Mon Jan 18 2021,Phoenix Suns,104,Memphis Grizzlies,108,-204,+170
Mon Jan 18 2021,Milwaukee Bucks,123,Brooklyn Nets,125,-164,+140
Mon Jan 18 2021,Dallas Mavericks,93,Toronto Raptors,116,+141,-164
Mon Jan 18 2021,Houston Rockets,120,Chicago Bulls,125,-129,+108
Mon Jan 18 2021,Detroit Pistons,107,Miami Heat,113,+208,-257
Mon Jan 18 2021,Golden State Warriors,115,Los Angeles Lakers,113,+344,-444
Tue Jan 19 2021,Oklahoma City Thunder,101,Denver Nuggets,119,+391,-508
Tue Jan 19 2021,New Orleans Pelicans,102,Utah Jazz,118,+210,-249
Wed Jan 20 2021,Brooklyn Nets,135,Cleveland Cavaliers,147,-533,+403
Wed Jan 20 2021,Dallas Mavericks,124,Indiana Pacers,112,-125,-103
Wed Jan 20 2021,Boston Celtics,109,Philadelphia 76ers,117,+172,-205
Wed Jan 20 2021,Detroit Pistons,115,Atlanta Hawks,123,+171,-198
Wed Jan 20 2021,Miami Heat,111,Toronto Raptors,102,+148,-173
Wed Jan 20 2021,Orlando Magic,97,Minnesota Timberwolves,96,-175,+150
Wed Jan 20 2021,Phoenix Suns,109,Houston Rockets,103,-226,+186
Wed Jan 20 2021,San Antonio Spurs,99,Golden State Warriors,121,-103,-115
Wed Jan 20 2021,Sacramento Kings,96,Los Angeles Clippers,115,+480,-635
Thu Jan 21 2021,Los Angeles Lakers,113,Milwaukee Bucks,106,-107,-114
Thu Jan 21 2021,New York Knicks,119,Golden State Warriors,104,+177,-206
Thu Jan 21 2021,New Orleans Pelicans,118,Utah Jazz,129,+234,-278
Fri Jan 22 2021,Chicago Bulls,123,Charlotte Hornets,110,+125,-145
Fri Jan 22 2021,Houston Rockets,103,Detroit Pistons,102,+122,-143
Fri Jan 22 2021,Orlando Magic,118,Indiana Pacers,120,+171,-203
Fri Jan 22 2021,Brooklyn Nets,113,Cleveland Cavaliers,125,-345,+279
Fri Jan 22 2021,Boston Celtics,110,Philadelphia 76ers,122,+159,-189
Fri Jan 22 2021,Miami Heat,81,Toronto Raptors,101,+114,-135
Fri Jan 22 2021,Atlanta Hawks,116,Minnesota Timberwolves,98,-244,+198
Fri Jan 22 2021,Dallas Mavericks,122,San Antonio Spurs,117,-129,+111
Fri Jan 22 2021,Oklahoma City Thunder,106,Los Angeles Clippers,120,+734,-1172
Fri Jan 22 2021,Denver Nuggets,130,Phoenix Suns,126,-102,-116
Fri Jan 22 2021,New York Knicks,94,Sacramento Kings,103,+148,-171
Sat Jan 23 2021,Miami Heat,124,Brooklyn Nets,128,+265,-332
Sat Jan 23 2021,Philadelphia 76ers,114,Detroit Pistons,110,-408,+314
Sat Jan 23 2021,New Orleans Pelicans,110,Minnesota Timberwolves,120,-378,+294
Sat Jan 23 2021,Los Angeles Lakers,101,Chicago Bulls,90,-515,+383
Sat Jan 23 2021,Houston Rockets,133,Dallas Mavericks,108,+245,-304
Sat Jan 23 2021,Denver Nuggets,120,Phoenix Suns,112,-135,+115
Sat Jan 23 2021,Golden State Warriors,108,Utah Jazz,127,+242,-301
Sun Jan 24 2021,Toronto Raptors,107,Indiana Pacers,102,+160,-188
Sun Jan 24 2021,Oklahoma City Thunder,100,Los Angeles Clippers,108,+686,-953
Sun Jan 24 2021,Cleveland Cavaliers,103,Boston Celtics,141,+202,-247
Sun Jan 24 2021,Charlotte Hornets,107,Orlando Magic,104,-122,+107
Sun Jan 24 2021,Atlanta Hawks,115,Milwaukee Bucks,129,+571,-814
Sun Jan 24 2021,Washington Wizards,101,San Antonio Spurs,121,+189,-229
Sun Jan 24 2021,New York Knicks,113,Portland Trail Blazers,116,+149,-171
Mon Jan 25 2021,Philadelphia 76ers,104,Detroit Pistons,119,-198,+169
Mon Jan 25 2021,Toronto Raptors,114,Indiana Pacers,129,+114,-134
Mon Jan 25 2021,Charlotte Hornets,108,Orlando Magic,117,-103,-119
Mon Jan 25 2021,Miami Heat,85,Brooklyn Nets,98,+255,-317
Mon Jan 25 2021,Los Angeles Lakers,115,Cleveland Cavaliers,108,-818,+564
Mon Jan 25 2021,Denver Nuggets,117,Dallas Mavericks,113,-133,+113
Mon Jan 25 2021,Boston Celtics,119,Chicago Bulls,103,-167,+143
Mon Jan 25 2021,Minnesota Timberwolves,108,Golden State Warriors,130,+296,-381
Mon Jan 25 2021,Oklahoma City Thunder,125,Portland Trail Blazers,122,+175,-208
Tue Jan 26 2021,Los Angeles Clippers,99,Atlanta Hawks,108,+188,-226
Tue Jan 26 2021,Washington Wizards,88,Houston Rockets,107,+136,-158
Tue Jan 26 2021,New York Knicks,94,Utah Jazz,108,+491,-650
Wed Jan 27 2021,Indiana Pacers,116,Charlotte Hornets,106,-146,+124
Wed Jan 27 2021,Detroit Pistons,107,Cleveland Cavaliers,122,+112,-133
Wed Jan 27 2021,Sacramento Kings,121,Orlando Magic,107,-110,-117
Wed Jan 27 2021,Brooklyn Nets,132,Atlanta Hawks,128,-233,+192
Wed Jan 27 2021,Denver Nuggets,109,Miami Heat,82,-244,+200
Wed Jan 27 2021,Los Angeles Lakers,106,Philadelphia 76ers,107,-179,+153
Wed Jan 27 2021,Milwaukee Bucks,115,Toronto Raptors,108,-255,+210
Wed Jan 27 2021,Boston Celtics,106,San Antonio Spurs,110,-183,+160
Wed Jan 27 2021,Washington Wizards,106,New Orleans Pelicans,124,+284,-343
Wed Jan 27 2021,Oklahoma City Thunder,102,Phoenix Suns,97,+279,-340
Wed Jan 27 2021,Dallas Mavericks,104,Utah Jazz,116,+110,-128
Wed Jan 27 2021,Minnesota Timberwolves,111,Golden State Warriors,123,+326,-406
Thu Jan 28 2021,Portland Trail Blazers,101,Houston Rockets,104,+142,-167
Thu Jan 28 2021,Los Angeles Lakers,92,Detroit Pistons,107,-313,+252
Thu Jan 28 2021,Los Angeles Clippers,109,Miami Heat,105,+110,-130
Thu Jan 28 2021,Golden State Warriors,93,Phoenix Suns,114,+111,-132
Fri Jan 29 2021,Indiana Pacers,105,Charlotte Hornets,108,-160,+140
Fri Jan 29 2021,Atlanta Hawks,116,Washington Wizards,100,-175,+153
Fri Jan 29 2021,Milwaukee Bucks,126,New Orleans Pelicans,131,-277,+233
Fri Jan 29 2021,Cleveland Cavaliers,81,New York Knicks,102,+102,-122
Fri Jan 29 2021,Sacramento Kings,126,Toronto Raptors,124,+170,-197
Fri Jan 29 2021,Philadelphia 76ers,118,Minnesota Timberwolves,94,-429,+347
Fri Jan 29 2021,Brooklyn Nets,147,Oklahoma City Thunder,125,-291,+245
Fri Jan 29 2021,Los Angeles Clippers,116,Orlando Magic,90,-332,+273
Fri Jan 29 2021,Denver Nuggets,109,San Antonio Spurs,119,-175,+153
Fri Jan 29 2021,Dallas Mavericks,101,Utah Jazz,120,+150,-170
Sat Jan 30 2021,Portland Trail Blazers,123,Chicago Bulls,122,+104,-122
Sat Jan 30 2021,Milwaukee Bucks,114,Charlotte Hornets,126,-443,+343
Sat Jan 30 2021,Sacramento Kings,104,Miami Heat,105,+218,-265
Sat Jan 30 2021,Houston Rockets,126,New Orleans Pelicans,112,+114,-134
Sat Jan 30 2021,Los Angeles Lakers,96,Boston Celtics,95,-167,+141
Sat Jan 30 2021,Memphis Grizzlies,129,San Antonio Spurs,112,+141,-166
Sat Jan 30 2021,Phoenix Suns,111,Dallas Mavericks,105,-104,-117
Sat Jan 30 2021,Detroit Pistons,91,Golden State Warriors,118,+191,-226
Sun Jan 31 2021,Los Angeles Clippers,129,New York Knicks,115,-425,+340
Sun Jan 31 2021,Utah Jazz,117,Denver Nuggets,128,-156,+134
Sun Jan 31 2021,Philadelphia 76ers,119,Indiana Pacers,110,+121,-141
Sun Jan 31 2021,Orlando Magic,102,Toronto Raptors,115,+185,-222
Sun Jan 31 2021,Brooklyn Nets,146,Washington Wizards,149,-243,+200
Sun Jan 31 2021,Cleveland Cavaliers,104,Minnesota Timberwolves,109,-160,+140
Mon Feb 1 2021,Los Angeles Lakers,107,Atlanta Hawks,99,-278,+228
Mon Feb 1 2021,Charlotte Hornets,129,Miami Heat,121,+256,-319
Mon Feb 1 2021,New York Knicks,102,Chicago Bulls,110,+142,-163
Mon Feb 1 2021,Minnesota Timberwolves,98,Cleveland Cavaliers,100,+139,-159
Mon Feb 1 2021,Portland Trail Blazers,106,Milwaukee Bucks,134,+407,-522
Mon Feb 1 2021,Sacramento Kings,118,New Orleans Pelicans,109,+123,-141
Mon Feb 1 2021,Houston Rockets,136,Oklahoma City Thunder,106,-202,+175
Mon Feb 1 2021,Phoenix Suns,109,Dallas Mavericks,108,+114,-132
Mon Feb 1 2021,Memphis Grizzlies,133,San Antonio Spurs,102,+151,-173
Tue Feb 2 2021,Toronto Raptors,123,Orlando Magic,108,-253,+206
Tue Feb 2 2021,Los Angeles Clippers,120,Brooklyn Nets,124,-122,+103
Tue Feb 2 2021,Memphis Grizzlies,116,Indiana Pacers,134,+169,-200
Tue Feb 2 2021,Portland Trail Blazers,132,Washington Wizards,121,+123,-144
Tue Feb 2 2021,Boston Celtics,111,Golden State Warriors,107,-144,+126
Tue Feb 2 2021,Detroit Pistons,105,Utah Jazz,117,+647,-912
Wed Feb 3 2021,Philadelphia 76ers,118,Charlotte Hornets,111,-304,+246
Wed Feb 3 2021,Indiana Pacers,110,Milwaukee Bucks,130,+328,-421
Wed Feb 3 2021,Dallas Mavericks,122,Atlanta Hawks,116,-128,+110
Wed Feb 3 2021,New York Knicks,107,Chicago Bulls,103,+111,-128
Wed Feb 3 2021,Los Angeles Clippers,121,Cleveland Cavaliers,99,-429,+335
Wed Feb 3 2021,Washington Wizards,103,Miami Heat,100,+328,-419
Wed Feb 3 2021,Houston Rockets,87,Oklahoma City Thunder,104,-260,+220
Wed Feb 3 2021,Minnesota Timberwolves,108,San Antonio Spurs,111,+274,-332
Wed Feb 3 2021,Phoenix Suns,101,New Orleans Pelicans,123,-138,+120
Wed Feb 3 2021,Boston Celtics,111,Sacramento Kings,116,-110,-109
Thu Feb 4 2021,Utah Jazz,112,Atlanta Hawks,91,-526,+390
Thu Feb 4 2021,Golden State Warriors,147,Dallas Mavericks,116,+156,-183
Thu Feb 4 2021,Portland Trail Blazers,121,Philadelphia 76ers,105,+406,-527
Thu Feb 4 2021,Houston Rockets,115,Memphis Grizzlies,103,+146,-167
Thu Feb 4 2021,Denver Nuggets,93,Los Angeles Lakers,114,+173,-199
Fri Feb 5 2021,New Orleans Pelicans,114,Indiana Pacers,113,+111,-129
Fri Feb 5 2021,Chicago Bulls,119,Orlando Magic,123,-132,+114
Fri Feb 5 2021,Toronto Raptors,123,Brooklyn Nets,117,+174,-204
Fri Feb 5 2021,Milwaukee Bucks,123,Cleveland Cavaliers,105,-633,+461
Fri Feb 5 2021,Utah Jazz,138,Charlotte Hornets,121,-364,+288
Fri Feb 5 2021,Washington Wizards,95,Miami Heat,122,+230,-272
Fri Feb 5 2021,Minnesota Timberwolves,106,Oklahoma City Thunder,103,-131,+111
Fri Feb 5 2021,Detroit Pistons,92,Phoenix Suns,109,+290,-351
Fri Feb 5 2021,Boston Celtics,119,Los Angeles Clippers,115,+186,-220
Sat Feb 6 2021,Portland Trail Blazers,99,New York Knicks,110,-118,-103
Sat Feb 6 2021,Denver Nuggets,114,Sacramento Kings,119,-132,+112
Sat Feb 6 2021,Chicago Bulls,118,Orlando Magic,92,-124,+103
Sat Feb 6 2021,Toronto Raptors,121,Atlanta Hawks,132,-122,+102
Sat Feb 6 2021,Milwaukee Bucks,124,Cleveland Cavaliers,99,-588,+435
Sat Feb 6 2021,San Antonio Spurs,111,Houston Rockets,106,+102,-122
Sat Feb 6 2021,Minnesota Timberwolves,118,Oklahoma City Thunder,120,+104,-123
Sat Feb 6 2021,Brooklyn Nets,108,Philadelphia 76ers,124,+240,-297
Sat Feb 6 2021,Golden State Warriors,132,Dallas Mavericks,134,+155,-178
Sat Feb 6 2021,Memphis Grizzlies,109,New Orleans Pelicans,118,-118,+102
Sat Feb 6 2021,Detroit Pistons,129,Los Angeles Lakers,135,+884,-1514
Sun Feb 7 2021,Washington Wizards,97,Charlotte Hornets,119,-124,+104
Sun Feb 7 2021,Utah Jazz,103,Indiana Pacers,95,-193,+164
Sun Feb 7 2021,Miami Heat,109,New York Knicks,103,-224,+185
Sun Feb 7 2021,Boston Celtics,91,Phoenix Suns,100,+130,-152
Sun Feb 7 2021,Sacramento Kings,113,Los Angeles Clippers,110,+294,-358
Mon Feb 8 2021,Houston Rockets,94,Charlotte Hornets,119,-130,+110
Mon Feb 8 2021,Washington Wizards,105,Chicago Bulls,101,+162,-186
Mon Feb 8 2021,Toronto Raptors,128,Memphis Grizzlies,113,-142,+124
Mon Feb 8 2021,Minnesota Timberwolves,122,Dallas Mavericks,127,+409,-527
Mon Feb 8 2021,Golden State Warriors,100,San Antonio Spurs,105,+103,-120
Mon Feb 8 2021,Cleveland Cavaliers,113,Phoenix Suns,119,+187,-220
Mon Feb 8 2021,Milwaukee Bucks,125,Denver Nuggets,112,-130,+112
Mon Feb 8 2021,Oklahoma City Thunder,112,Los Angeles Lakers,119,+440,-575
Tue Feb 9 2021,Brooklyn Nets,111,Detroit Pistons,122,-235,+199
Tue Feb 9 2021,New York Knicks,96,Miami Heat,98,+203,-240
Tue Feb 9 2021,Houston Rockets,101,New Orleans Pelicans,130,+215,-255
Tue Feb 9 2021,Golden State Warriors,114,San Antonio Spurs,91,-119,+103
Tue Feb 9 2021,Orlando Magic,97,Portland Trail Blazers,106,+206,-245
Tue Feb 9 2021,Philadelphia 76ers,119,Sacramento Kings,111,-189,+163
Tue Feb 9 2021,Boston Celtics,108,Utah Jazz,122,+184,-216
Wed Feb 10 2021,Toronto Raptors,137,Washington Wizards,115,-223,+183
Wed Feb 10 2021,Atlanta Hawks,117,Dallas Mavericks,118,+142,-161
Wed Feb 10 2021,Indiana Pacers,94,Brooklyn Nets,104,-115,-108
Wed Feb 10 2021,Charlotte Hornets,114,Memphis Grizzlies,130,+121,-139
Wed Feb 10 2021,Los Angeles Clippers,119,Minnesota Timberwolves,112,-410,+329
Wed Feb 10 2021,New Orleans Pelicans,116,Chicago Bulls,129,-135,+117
Wed Feb 10 2021,Cleveland Cavaliers,95,Denver Nuggets,133,+393,-502
Wed Feb 10 2021,Oklahoma City Thunder,113,Los Angeles Lakers,114,+597,-818
Wed Feb 10 2021,Milwaukee Bucks,124,Phoenix Suns,125,-175,+153
Thu Feb 11 2021,Toronto Raptors,106,Boston Celtics,120,+120,-141
Thu Feb 11 2021,Miami Heat,101,Houston Rockets,94,-130,+111
Thu Feb 11 2021,Indiana Pacers,111,Detroit Pistons,95,-163,+140
Thu Feb 11 2021,Orlando Magic,105,Golden State Warriors,111,+344,-428
Thu Feb 11 2021,Philadelphia 76ers,114,Portland Trail Blazers,118,-230,+194
Fri Feb 12 2021,Minnesota Timberwolves,114,Charlotte Hornets,120,+136,-160
Fri Feb 12 2021,New York Knicks,109,Washington Wizards,91,-161,+139
Fri Feb 12 2021,San Antonio Spurs,125,Atlanta Hawks,114,+110,-128
Fri Feb 12 2021,New Orleans Pelicans,130,Dallas Mavericks,143,+127,-145
Fri Feb 12 2021,Detroit Pistons,108,Boston Celtics,102,+254,-313
Fri Feb 12 2021,Los Angeles Clippers,125,Chicago Bulls,106,-315,+255
Fri Feb 12 2021,Oklahoma City Thunder,95,Denver Nuggets,97,+550,-799
Fri Feb 12 2021,Milwaukee Bucks,115,Utah Jazz,129,+112,-133
Fri Feb 12 2021,Memphis Grizzlies,105,Los Angeles Lakers,115,+297,-366
Fri Feb 12 2021,Cleveland Cavaliers,110,Portland Trail Blazers,129,+151,-173
Fri Feb 12 2021,Orlando Magic,123,Sacramento Kings,112,+221,-263
Sat Feb 13 2021,Philadelphia 76ers,111,Phoenix Suns,120,-106,+100
Sat Feb 13 2021,Indiana Pacers,125,Atlanta Hawks,113,-121,+103
Sat Feb 13 2021,Houston Rockets,99,New York Knicks,121,-113,-105
Sat Feb 13 2021,Brooklyn Nets,134,Golden State Warriors,117,-160,+140
Sat Feb 13 2021,Miami Heat,94,Utah Jazz,112,+230,-275
Sun Feb 14 2021,Boston Celtics,91,Washington Wizards,104,-293,+237
Sun Feb 14 2021,San Antonio Spurs,122,Charlotte Hornets,110,-155,+134
Sun Feb 14 2021,New Orleans Pelicans,112,Detroit Pistons,123,-204,+175
Sun Feb 14 2021,Minnesota Timberwolves,116,Toronto Raptors,112,+287,-360
Sun Feb 14 2021,Portland Trail Blazers,121,Dallas Mavericks,118,+189,-221
Sun Feb 14 2021,Milwaukee Bucks,109,Oklahoma City Thunder,114,-797,+583
Sun Feb 14 2021,Orlando Magic,90,Phoenix Suns,109,+543,-743
Sun Feb 14 2021,Los Angeles Lakers,105,Denver Nuggets,122,-149,+131
Sun Feb 14 2021,Cleveland Cavaliers,111,Los Angeles Clippers,128,+349,-434
Sun Feb 14 2021,Memphis Grizzlies,124,Sacramento Kings,110,-125,-111
Mon Feb 15 2021,Chicago Bulls,120,Indiana Pacers,112,+176,-205
Mon Feb 15 2021,Houston Rockets,119,Washington Wizards,131,+103,-124
Mon Feb 15 2021,Atlanta Hawks,112,New York Knicks,123,-128,+110
Mon Feb 15 2021,Philadelphia 76ers,123,Utah Jazz,134,+292,-372
Mon Feb 15 2021,Cleveland Cavaliers,98,Golden State Warriors,129,+371,-485
Mon Feb 15 2021,Miami Heat,118,Los Angeles Clippers,125,-181,-142
Mon Feb 15 2021,Brooklyn Nets,136,Sacramento Kings,125,-186,+160
Tue Feb 16 2021,Denver Nuggets,99,Boston Celtics,112,+109,-129
Tue Feb 16 2021,New Orleans Pelicans,144,Memphis Grizzlies,113,-120,+103
Tue Feb 16 2021,Toronto Raptors,124,Milwaukee Bucks,113,+203,-241
Tue Feb 16 2021,Los Angeles Lakers,112,Minnesota Timberwolves,104,-260,+215
Tue Feb 16 2021,Portland Trail Blazers,115,Oklahoma City Thunder,104,-211,+176
Tue Feb 16 2021,Brooklyn Nets,128,Phoenix Suns,124,+269,-327
Wed Feb 17 2021,New York Knicks,89,Orlando Magic,107,-158,+135
Wed Feb 17 2021,Atlanta Hawks,122,Boston Celtics,114,+105,-126
Wed Feb 17 2021,Houston Rockets,113,Philadelphia 76ers,118,+295,-375
Wed Feb 17 2021,Detroit Pistons,102,Chicago Bulls,105,+126,-146
Wed Feb 17 2021,Indiana Pacers,134,Minnesota Timberwolves,128,-212,+178
Wed Feb 17 2021,Denver Nuggets,128,Washington Wizards,130,-239,+191
Wed Feb 17 2021,Oklahoma City Thunder,113,Memphis Grizzlies,122,+233,-284
Wed Feb 17 2021,Portland Trail Blazers,126,New Orleans Pelicans,124,+153,-180
Wed Feb 17 2021,Miami Heat,112,Golden State Warriors,120,+102,-123
Wed Feb 17 2021,Utah Jazz,114,Los Angeles Clippers,96,-279,+230
Thu Feb 18 2021,Toronto Raptors,110,Milwaukee Bucks,96,+244,-300
Thu Feb 18 2021,Brooklyn Nets,109,Los Angeles Lakers,98,+130,-148
Thu Feb 18 2021,Miami Heat,118,Sacramento Kings,110,-111,-108
Fri Feb 19 2021,Denver Nuggets,120,Cleveland Cavaliers,103,-425,+315
Fri Feb 19 2021,Golden State Warriors,120,Orlando Magic,124,-210,+180
Fri Feb 19 2021,Atlanta Hawks,109,Boston Celtics,121,+170,-200
Fri Feb 19 2021,Chicago Bulls,105,Philadelphia 76ers,112,+215,-255
Fri Feb 19 2021,Detroit Pistons,95,Memphis Grizzlies,109,+160,-190
Fri Feb 19 2021,Oklahoma City Thunder,85,Milwaukee Bucks,98,+440,-640
Fri Feb 19 2021,Phoenix Suns,132,New Orleans Pelicans,114,-170,+145
Fri Feb 19 2021,Toronto Raptors,86,Minnesota Timberwolves,81,-150,+130
Fri Feb 19 2021,Utah Jazz,112,Los Angeles Clippers,116, , 
Sat Feb 20 2021,Golden State Warriors,100,Charlotte Hornets,102,-135,+115
Sat Feb 20 2021,Miami Heat,96,Los Angeles Lakers,94,+140,-160
Sat Feb 20 2021,Sacramento Kings,114,Chicago Bulls,122,-115,-105
Sat Feb 20 2021,Phoenix Suns,128,Memphis Grizzlies,97,-270,+225
Sat Feb 20 2021,Washington Wizards,118,Portland Trail Blazers,111,+165,-195
Sun Feb 21 2021,Boston Celtics,115,New Orleans Pelicans,120,-135,+115
Sun Feb 21 2021,Oklahoma City Thunder,117,Cleveland Cavaliers,101,-145,+125
Sun Feb 21 2021,Minnesota Timberwolves,99,New York Knicks,103,+140,-160
Sun Feb 21 2021,Detroit Pistons,96,Orlando Magic,105,+130,-150
Sun Feb 21 2021,Philadelphia 76ers,103,Toronto Raptors,110,-150,+130
Sun Feb 21 2021,Denver Nuggets,115,Atlanta Hawks,123,-140,+120
Sun Feb 21 2021,Brooklyn Nets,112,Los Angeles Clippers,108,+225,-270
Sun Feb 21 2021,Sacramento Kings,115,Milwaukee Bucks,128,+395,-570
Mon Feb 22 2021,Chicago Bulls,120,Houston Rockets,100,-116,-105
Mon Feb 22 2021,Memphis Grizzlies,92,Dallas Mavericks,102,+171,-209
Mon Feb 22 2021,Miami Heat,108,Oklahoma City Thunder,94,-267,+219
Mon Feb 22 2021,Portland Trail Blazers,100,Phoenix Suns,132,+215,-255
Mon Feb 22 2021,Charlotte Hornets,110,Utah Jazz,132,+620,-859
Mon Feb 22 2021,Washington Wizards,127,Los Angeles Lakers,124,+234,-278
Tue Feb 23 2021,Atlanta Hawks,111,Cleveland Cavaliers,112,-325,+266
Tue Feb 23 2021,Detroit Pistons,105,Orlando Magic,93,+150,-173
Tue Feb 23 2021,Sacramento Kings,118,Brooklyn Nets,127,+203,-238
Tue Feb 23 2021,Boston Celtics,107,Dallas Mavericks,110,-135,+114
Tue Feb 23 2021,Golden State Warriors,114,New York Knicks,106,-164,+140
Tue Feb 23 2021,Philadelphia 76ers,109,Toronto Raptors,102,-133,+113
Tue Feb 23 2021,Minnesota Timberwolves,112,Milwaukee Bucks,139,+456,-599
Tue Feb 23 2021,Portland Trail Blazers,106,Denver Nuggets,111,+205,-244
Tue Feb 23 2021,Washington Wizards,116,Los Angeles Clippers,135,+547,-768
Wed Feb 24 2021,Boston Celtics,112,Atlanta Hawks,127,-130,+110
Wed Feb 24 2021,Houston Rockets,96,Cleveland Cavaliers,112,-200,+168
Wed Feb 24 2021,Golden State Warriors,111,Indiana Pacers,107,+111,-132
Wed Feb 24 2021,Minnesota Timberwolves,126,Chicago Bulls,133,+166,-196
Wed Feb 24 2021,Toronto Raptors,108,Miami Heat,116,+109,-130
Wed Feb 24 2021,Detroit Pistons,118,New Orleans Pelicans,128,+467,-640
Wed Feb 24 2021,San Antonio Spurs,99,Oklahoma City Thunder,102,-110,-114
Wed Feb 24 2021,Charlotte Hornets,124,Phoenix Suns,121,+346,-443
Wed Feb 24 2021,Los Angeles Lakers,89,Utah Jazz,114,+309,-381
Thu Feb 25 2021,Dallas Mavericks,97,Philadelphia 76ers,111,+168,-200
Thu Feb 25 2021,Orlando Magic,92,Brooklyn Nets,129,+303,-386
Thu Feb 25 2021,Sacramento Kings,121,New York Knicks,140,-102,-121
Thu Feb 25 2021,Los Angeles Clippers,94,Memphis Grizzlies,122,-325,+268
Thu Feb 25 2021,Washington Wizards,112,Denver Nuggets,110,+278,-341
Thu Feb 25 2021,New Orleans Pelicans,125,Milwaukee Bucks,129,+299,-365
Fri Feb 26 2021,Indiana Pacers,112,Boston Celtics,118,+123,-144
Fri Feb 26 2021,Houston Rockets,111,Toronto Raptors,122,+230,-280
Fri Feb 26 2021,Phoenix Suns,106,Chicago Bulls,97,-252,+206
Fri Feb 26 2021,Sacramento Kings,110,Detroit Pistons,107,-123,+102
Fri Feb 26 2021,Los Angeles Clippers,119,Memphis Grizzlies,99,-336,+268
Fri Feb 26 2021,Utah Jazz,116,Miami Heat,124,-250,+205
Fri Feb 26 2021,Atlanta Hawks,109,Oklahoma City Thunder,118,-203,+172
Fri Feb 26 2021,Charlotte Hornets,121,Golden State Warriors,130,+211,-250
Fri Feb 26 2021,Portland Trail Blazers,93,Los Angeles Lakers,102,+172,-198
Sat Feb 27 2021,Cleveland Cavaliers,112,Philadelphia 76ers,109,+476,-629
Sat Feb 27 2021,Minnesota Timberwolves,112,Washington Wizards,128,+153,-175
Sat Feb 27 2021,Indiana Pacers,107,New York Knicks,110,+102,-115
Sat Feb 27 2021,Denver Nuggets,126,Oklahoma City Thunder,96,-274,+227
Sat Feb 27 2021,Utah Jazz,124,Orlando Magic,109,-516,+401
Sat Feb 27 2021,New Orleans Pelicans,114,San Antonio Spurs,117,-148,+126
Sat Feb 27 2021,Dallas Mavericks,115,Brooklyn Nets,98,-112,-125
Sun Feb 28 2021,Los Angeles Clippers,100,Milwaukee Bucks,105,+106,-124
Sun Feb 28 2021,Washington Wizards,110,Boston Celtics,111,+217,-265
Sun Feb 28 2021,New York Knicks,109,Detroit Pistons,90,-119,-103
Sun Feb 28 2021,Memphis Grizzlies,133,Houston Rockets,84,-166,+146
Sun Feb 28 2021,Golden State Warriors,91,Los Angeles Lakers,117,+126,-144
Sun Feb 28 2021,Atlanta Hawks,99,Miami Heat,109,+120,-138
Sun Feb 28 2021,Phoenix Suns,118,Minnesota Timberwolves,99,-559,+431
Sun Feb 28 2021,Charlotte Hornets,127,Sacramento Kings,126,+142,-163
Mon Mar 1 2021,Dallas Mavericks,130,Orlando Magic,124,-275,+233
Mon Mar 1 2021,Indiana Pacers,114,Philadelphia 76ers,130,+152,-180
Mon Mar 1 2021,Denver Nuggets,118,Chicago Bulls,112,-188,+158
Mon Mar 1 2021,Utah Jazz,124,New Orleans Pelicans,129,-271,+230
Mon Mar 1 2021,Brooklyn Nets,124,San Antonio Spurs,113,-178,+152
Mon Mar 1 2021,Cleveland Cavaliers,101,Houston Rockets,90,+134,-155
Mon Mar 1 2021,Charlotte Hornets,111,Portland Trail Blazers,123,+287,-349
Tue Mar 2 2021,Memphis Grizzlies,125,Washington Wizards,111,-107,-113
Tue Mar 2 2021,Los Angeles Clippers,112,Boston Celtics,117,-200,+169
Tue Mar 2 2021,Atlanta Hawks,94,Miami Heat,80,+121,-143
Tue Mar 2 2021,New York Knicks,93,San Antonio Spurs,119,-124,+107
Tue Mar 2 2021,Denver Nuggets,128,Milwaukee Bucks,97,+263,-318
Tue Mar 2 2021,Phoenix Suns,114,Los Angeles Lakers,104,-124,+105
Wed Mar 3 2021,Indiana Pacers,114,Cleveland Cavaliers,111,-258,+217
Wed Mar 3 2021,Utah Jazz,123,Philadelphia 76ers,131,-156,+134
Wed Mar 3 2021,Detroit Pistons,129,Toronto Raptors,105,+268,-333
Wed Mar 3 2021,Brooklyn Nets,132,Houston Rockets,114,-548,+407
Wed Mar 3 2021,Charlotte Hornets,135,Minnesota Timberwolves,102,-135,+113
Wed Mar 3 2021,Chicago Bulls,128,New Orleans Pelicans,124,+195,-231
Wed Mar 3 2021,Atlanta Hawks,115,Orlando Magic,112,-157,+136
Wed Mar 3 2021,Oklahoma City Thunder,78,Dallas Mavericks,87,+190,-223
Wed Mar 3 2021,Golden State Warriors,106,Portland Trail Blazers,108,-121,-102
Wed Mar 3 2021,Los Angeles Lakers,120,Sacramento Kings,123,+159,-185
Thu Mar 4 2021,Toronto Raptors,125,Boston Celtics,132,+280,-353
Thu Mar 4 2021,Los Angeles Clippers,117,Washington Wizards,119,-316,+257
Thu Mar 4 2021,Detroit Pistons,104,New York Knicks,114,+236,-289
Thu Mar 4 2021,Denver Nuggets,113,Indiana Pacers,103,-165,+142
Thu Mar 4 2021,Milwaukee Bucks,112,Memphis Grizzlies,111,-248,+203
Thu Mar 4 2021,Miami Heat,103,New Orleans Pelicans,93,-125,+105
Thu Mar 4 2021,Oklahoma City Thunder,107,San Antonio Spurs,102,+235,-288
Thu Mar 4 2021,Golden State Warriors,98,Phoenix Suns,120,+617,-855
Thu Mar 4 2021,Sacramento Kings,119,Portland Trail Blazers,123,+160,-183
Wed Mar 10 2021,Washington Wizards,112,Memphis Grizzlies,127,+130,-148
Wed Mar 10 2021,San Antonio Spurs,104,Dallas Mavericks,115,+159,-183
Thu Mar 11 2021,Detroit Pistons,102,Charlotte Hornets,105,+162,-194
Thu Mar 11 2021,Boston Celtics,109,Brooklyn Nets,121,+122,-140
Thu Mar 11 2021,Atlanta Hawks,121,Toronto Raptors,120,-148,+125
Thu Mar 11 2021,Philadelphia 76ers,127,Chicago Bulls,105,+135,-157
Thu Mar 11 2021,Orlando Magic,103,Miami Heat,111,+302,-382
Thu Mar 11 2021,New York Knicks,101,Milwaukee Bucks,134,+485,-636
Thu Mar 11 2021,Minnesota Timberwolves,135,New Orleans Pelicans,105,+288,-347
Thu Mar 11 2021,Dallas Mavericks,108,Oklahoma City Thunder,116,-141,+121
Thu Mar 11 2021,Golden State Warriors,104,Los Angeles Clippers,130,+243,-287
Thu Mar 11 2021,Phoenix Suns,127,Portland Trail Blazers,121,-188,+163
Thu Mar 11 2021,Houston Rockets,105,Sacramento Kings,125,+203,-240
Fri Mar 12 2021,Denver Nuggets,103,Memphis Grizzlies,102,-152,+133
Fri Mar 12 2021,Cleveland Cavaliers,82,New Orleans Pelicans,116,+243,-291
Fri Mar 12 2021,Philadelphia 76ers,127,Washington Wizards,101,-175,+151
Fri Mar 12 2021,Miami Heat,101,Chicago Bulls,90,-133,+114
Fri Mar 12 2021,Orlando Magic,77,San Antonio Spurs,104,+245,-292
Fri Mar 12 2021,Houston Rockets,99,Utah Jazz,114,+1417,-2554
Fri Mar 12 2021,Indiana Pacers,100,Los Angeles Lakers,105,+168,-194
Sat Mar 13 2021,New York Knicks,119,Oklahoma City Thunder,97,-188,+162
Sat Mar 13 2021,Detroit Pistons,95,Brooklyn Nets,100,+500,-669
Sat Mar 13 2021,Toronto Raptors,104,Charlotte Hornets,114,+121,-139
Sat Mar 13 2021,Milwaukee Bucks,125,Washington Wizards,119,-783,+584
Sat Mar 13 2021,Sacramento Kings,106,Atlanta Hawks,121,+147,-168
Sat Mar 13 2021,Portland Trail Blazers,125,Minnesota Timberwolves,121,-199,+171
Sat Mar 13 2021,Dallas Mavericks,116,Denver Nuggets,103,-102,-118
Sat Mar 13 2021,Indiana Pacers,122,Phoenix Suns,111,+237,-282
Sun Mar 14 2021,Memphis Grizzlies,122,Oklahoma City Thunder,128,-354,+281
Sun Mar 14 2021,Utah Jazz,119,Golden State Warriors,131,-299,+250
Sun Mar 14 2021,San Antonio Spurs,99,Philadelphia 76ers,134,+152,-180
Sun Mar 14 2021,Miami Heat,102,Orlando Magic,97,-302,+247
Sun Mar 14 2021,Cleveland Cavaliers,82,Atlanta Hawks,100,+184,-215
Sun Mar 14 2021,Boston Celtics,134,Houston Rockets,107,-683,+511
Sun Mar 14 2021,Portland Trail Blazers,112,Minnesota Timberwolves,114,-196,+169
Sun Mar 14 2021,Toronto Raptors,95,Chicago Bulls,118,+141,-164
Sun Mar 14 2021,Los Angeles Clippers,115,New Orleans Pelicans,135,-235,+198
Mon Mar 15 2021,Sacramento Kings,116,Charlotte Hornets,122,+131,-149
Mon Mar 15 2021,Milwaukee Bucks,133,Washington Wizards,122,-389,+306
Mon Mar 15 2021,New York Knicks,112,Brooklyn Nets,117,+289,-351
Mon Mar 15 2021,San Antonio Spurs,109,Detroit Pistons,99,-123,+102
Mon Mar 15 2021,Los Angeles Clippers,109,Dallas Mavericks,99,-123,+103
Mon Mar 15 2021,Indiana Pacers,106,Denver Nuggets,121,+153,-174
Mon Mar 15 2021,Memphis Grizzlies,99,Phoenix Suns,122,+252,-303
Mon Mar 15 2021,Los Angeles Lakers,128,Golden State Warriors,97,-120,+103
Tue Mar 16 2021,Utah Jazz,117,Boston Celtics,109,-169,+144
Tue Mar 16 2021,Oklahoma City Thunder,102,Chicago Bulls,123,+208,-255
Tue Mar 16 2021,Atlanta Hawks,119,Houston Rockets,107,-401,+312
Tue Mar 16 2021,Cleveland Cavaliers,98,Miami Heat,113,+470,-642
Tue Mar 16 2021,New York Knicks,96,Philadelphia 76ers,99,+238,-291
Tue Mar 16 2021,New Orleans Pelicans,124,Portland Trail Blazers,125,+106,-124
Tue Mar 16 2021,Minnesota Timberwolves,121,Los Angeles Lakers,137,+277,-330
Wed Mar 17 2021,Toronto Raptors,112,Detroit Pistons,116,-229,+188
Wed Mar 17 2021,Brooklyn Nets,124,Indiana Pacers,115,+102,-116
Wed Mar 17 2021,Milwaukee Bucks,109,Philadelphia 76ers,105,-243,+199
Wed Mar 17 2021,Sacramento Kings,121,Washington Wizards,119,+115,-131
Wed Mar 17 2021,San Antonio Spurs,106,Chicago Bulls,99,+104,-125
Wed Mar 17 2021,Boston Celtics,110,Cleveland Cavaliers,117,-346,+277
Wed Mar 17 2021,Golden State Warriors,108,Houston Rockets,94,-713,+509
Wed Mar 17 2021,Charlotte Hornets,104,Denver Nuggets,129,+216,-258
Wed Mar 17 2021,Miami Heat,85,Memphis Grizzlies,89,-115,-110
Wed Mar 17 2021,Los Angeles Clippers,89,Dallas Mavericks,105,-135,+118
Thu Mar 18 2021,Utah Jazz,122,Washington Wizards,131,-643,+475
Thu Mar 18 2021,Oklahoma City Thunder,93,Atlanta Hawks,116,+276,-344
Thu Mar 18 2021,Orlando Magic,93,New York Knicks,94,+160,-189
Thu Mar 18 2021,Minnesota Timberwolves,123,Phoenix Suns,119,+473,-614
Thu Mar 18 2021,New Orleans Pelicans,93,Portland Trail Blazers,101,+104,-121
Thu Mar 18 2021,Charlotte Hornets,105,Los Angeles Lakers,116,+252,-304
Fri Mar 19 2021,Sacramento Kings,107,Boston Celtics,96,+237,-282
Fri Mar 19 2021,San Antonio Spurs,116,Cleveland Cavaliers,110,-188,+158
Fri Mar 19 2021,Detroit Pistons,113,Houston Rockets,100,+116,-137
Fri Mar 19 2021,Golden State Warriors,116,Memphis Grizzlies,103,+270,-335
Fri Mar 19 2021,Indiana Pacers,137,Miami Heat,110,+152,-175
Fri Mar 19 2021,Brooklyn Nets,113,Orlando Magic,121,-571,+431
Fri Mar 19 2021,Utah Jazz,115,Toronto Raptors,112,-201,+173
Fri Mar 19 2021,Chicago Bulls,127,Denver Nuggets,131,+245,-296
Fri Mar 19 2021,Minnesota Timberwolves,101,Phoenix Suns,113,+486,-646
Fri Mar 19 2021,Dallas Mavericks,119,Portland Trail Blazers,125,-145,+127
Sat Mar 20 2021,Atlanta Hawks,99,Los Angeles Lakers,94,+147,-174
Sat Mar 20 2021,Golden State Warriors,103,Memphis Grizzlies,111,+215,-260
Sat Mar 20 2021,Sacramento Kings,105,Philadelphia 76ers,129,+178,-212
Sat Mar 20 2021,San Antonio Spurs,113,Milwaukee Bucks,120,+533,-748
Sat Mar 20 2021,Charlotte Hornets,98,Los Angeles Clippers,125,+363,-470
Sun Mar 21 2021,Indiana Pacers,109,Miami Heat,106,+135,-159
Sun Mar 21 2021,Oklahoma City Thunder,114,Houston Rockets,112,+168,-198
Sun Mar 21 2021,New Orleans Pelicans,113,Denver Nuggets,108,+205,-254
Sun Mar 21 2021,Orlando Magic,96,Boston Celtics,112,+318,-391
Sun Mar 21 2021,Washington Wizards,106,Brooklyn Nets,113,+314,-388
Sun Mar 21 2021,Toronto Raptors,105,Cleveland Cavaliers,116,-295,+245
Sun Mar 21 2021,Chicago Bulls,100,Detroit Pistons,86,-156,+135
Sun Mar 21 2021,Philadelphia 76ers,101,New York Knicks,100,-121,+102
Sun Mar 21 2021,Los Angeles Lakers,94,Phoenix Suns,111,+428,-554
Sun Mar 21 2021,Dallas Mavericks,132,Portland Trail Blazers,92,-128,+110
Mon Mar 22 2021,Sacramento Kings,119,Cleveland Cavaliers,105,-175,+153
Mon Mar 22 2021,Oklahoma City Thunder,112,Minnesota Timberwolves,103,+149,-177
Mon Mar 22 2021,Charlotte Hornets,100,San Antonio Spurs,97,+186,-223
Mon Mar 22 2021,Utah Jazz,120,Chicago Bulls,95,-499,+379
Mon Mar 22 2021,Toronto Raptors,99,Houston Rockets,117,-408,+320
Mon Mar 22 2021,Boston Celtics,126,Memphis Grizzlies,132,-101,-171
Mon Mar 22 2021,Indiana Pacers,113,Milwaukee Bucks,140,+218,-267
Mon Mar 22 2021,Atlanta Hawks,110,Los Angeles Clippers,119,+205,-243
Tue Mar 23 2021,Denver Nuggets,110,Orlando Magic,99,-314,+261
Tue Mar 23 2021,Los Angeles Lakers,111,New Orleans Pelicans,128,+193,-227
Tue Mar 23 2021,Washington Wizards,113,New York Knicks,131,+125,-144
Tue Mar 23 2021,Phoenix Suns,110,Miami Heat,100,-123,+104
Tue Mar 23 2021,Philadelphia 76ers,108,Golden State Warriors,98,-182,+159
Tue Mar 23 2021,Brooklyn Nets,116,Portland Trail Blazers,112,+117,-135
Wed Mar 24 2021,Detroit Pistons,111,Indiana Pacers,116,+243,-298
Wed Mar 24 2021,Boston Celtics,119,Milwaukee Bucks,121,+206,-250
Wed Mar 24 2021,Denver Nuggets,111,Toronto Raptors,135,-129,+108
Wed Mar 24 2021,Cleveland Cavaliers,103,Chicago Bulls,94,+234,-285
Wed Mar 24 2021,Charlotte Hornets,122,Houston Rockets,97,-165,+146
Wed Mar 24 2021,Dallas Mavericks,128,Minnesota Timberwolves,108,-343,+285
Wed Mar 24 2021,Memphis Grizzlies,116,Oklahoma City Thunder,107,-250,+208
Wed Mar 24 2021,Phoenix Suns,111,Orlando Magic,112,-429,+336
Wed Mar 24 2021,Los Angeles Clippers,134,San Antonio Spurs,101,-244,+206
Wed Mar 24 2021,Atlanta Hawks,108,Sacramento Kings,110,-150,+130
Wed Mar 24 2021,Brooklyn Nets,88,Utah Jazz,118,+586,-847
Thu Mar 25 2021,Portland Trail Blazers,125,Miami Heat,122,-142,+123
Thu Mar 25 2021,Washington Wizards,102,New York Knicks,106,+123,-141
Thu Mar 25 2021,Los Angeles Clippers,98,San Antonio Spurs,85,-118,+102
Thu Mar 25 2021,Philadelphia 76ers,109,Los Angeles Lakers,101,-239,+201
Thu Mar 25 2021,Golden State Warriors,119,Sacramento Kings,141,+157,-181
Fri Mar 26 2021,Brooklyn Nets,113,Detroit Pistons,111,-274,+230
Fri Mar 26 2021,Boston Celtics,122,Milwaukee Bucks,114,+191,-229
Fri Mar 26 2021,Phoenix Suns,104,Toronto Raptors,100,-160,+139
Fri Mar 26 2021,Miami Heat,105,Charlotte Hornets,110,-131,+113
Fri Mar 26 2021,Houston Rockets,101,Minnesota Timberwolves,107,+152,-176
Fri Mar 26 2021,Denver Nuggets,113,New Orleans Pelicans,108,-139,+120
Fri Mar 26 2021,Portland Trail Blazers,112,Orlando Magic,105,-505,+396
Fri Mar 26 2021,Indiana Pacers,109,Dallas Mavericks,94,-123,+105
Fri Mar 26 2021,Memphis Grizzlies,114,Utah Jazz,117,+429,-556
Fri Mar 26 2021,Atlanta Hawks,124,Golden State Warriors,108,-274,+231
Fri Mar 26 2021,Cleveland Cavaliers,86,Los Angeles Lakers,100,+154,-177
Sat Mar 27 2021,New York Knicks,102,Milwaukee Bucks,96,-136,+118
Sat Mar 27 2021,Houston Rockets,129,Minnesota Timberwolves,107,+162,-187
Sat Mar 27 2021,Detroit Pistons,92,Washington Wizards,106,+187,-219
Sat Mar 27 2021,Chicago Bulls,104,San Antonio Spurs,120,+102,-120
Sat Mar 27 2021,Dallas Mavericks,103,New Orleans Pelicans,112,+178,-206
Sat Mar 27 2021,Boston Celtics,111,Oklahoma City Thunder,94,-254,+215
Sat Mar 27 2021,Memphis Grizzlies,110,Utah Jazz,126,+333,-415
Sat Mar 27 2021,Philadelphia 76ers,112,Los Angeles Clippers,122,+179,-207
Sat Mar 27 2021,Cleveland Cavaliers,98,Sacramento Kings,100,+324,-402
Sun Mar 28 2021,Phoenix Suns,101,Charlotte Hornets,97,-264,+220
Sun Mar 28 2021,Portland Trail Blazers,122,Toronto Raptors,117,-137,+119
Sun Mar 28 2021,Atlanta Hawks,102,Denver Nuggets,126,+172,-199
Sun Mar 28 2021,Orlando Magic,93,Los Angeles Lakers,96,+240,-286
Mon Mar 29 2021,Indiana Pacers,124,Washington Wizards,132,-283,+238
Mon Mar 29 2021,New Orleans Pelicans,115,Boston Celtics,109,+125,-143
Mon Mar 29 2021,Minnesota Timberwolves,107,Brooklyn Nets,112,+467,-609
Mon Mar 29 2021,Miami Heat,98,New York Knicks,88,-156,+136
Mon Mar 29 2021,Toronto Raptors,104,Detroit Pistons,118,-220,+184
Mon Mar 29 2021,Memphis Grizzlies,120,Houston Rockets,110,-355,+292
Mon Mar 29 2021,Dallas Mavericks,127,Oklahoma City Thunder,106,-674,+504
Mon Mar 29 2021,Sacramento Kings,132,San Antonio Spurs,115,+119,-138
Mon Mar 29 2021,Cleveland Cavaliers,75,Utah Jazz,114,+1149,-2010
Mon Mar 29 2021,Chicago Bulls,102,Golden State Warriors,116,+107,-126
Mon Mar 29 2021,Milwaukee Bucks,105,Los Angeles Clippers,129,-129,+111
Tue Mar 30 2021,Charlotte Hornets,114,Washington Wizards,104,-183,+158
Tue Mar 30 2021,Philadelphia 76ers,95,Denver Nuggets,104,+184,-217
Tue Mar 30 2021,Orlando Magic,103,Los Angeles Clippers,96,+526,-700
Tue Mar 30 2021,Atlanta Hawks,110,Phoenix Suns,117,+195,-232
Wed Mar 31 2021,Portland Trail Blazers,124,Detroit Pistons,101,-329,+271
Wed Mar 31 2021,Miami Heat,92,Indiana Pacers,87,-122,+104
Wed Mar 31 2021,Dallas Mavericks,113,Boston Celtics,108,+103,-120
Wed Mar 31 2021,Houston Rockets,108,Brooklyn Nets,120,+717,-1049
Wed Mar 31 2021,Utah Jazz,111,Memphis Grizzlies,107,-233,+196
Wed Mar 31 2021,New York Knicks,101,Minnesota Timberwolves,102,-149,+131
Wed Mar 31 2021,Toronto Raptors,103,Oklahoma City Thunder,113,-304,+251
Wed Mar 31 2021,Sacramento Kings,106,San Antonio Spurs,120,+121,-139
Wed Mar 31 2021,Milwaukee Bucks,112,Los Angeles Lakers,97,-375,+306
Wed Mar 31 2021,Chicago Bulls,116,Phoenix Suns,121,+298,-363
Thu Apr 1 2021,Philadelphia 76ers,114,Cleveland Cavaliers,94,-485,+386
Thu Apr 1 2021,Washington Wizards,91,Detroit Pistons,120,-126,-106
Thu Apr 1 2021,Charlotte Hornets,89,Brooklyn Nets,111,+123,-142
Thu Apr 1 2021,Golden State Warriors,109,Miami Heat,116,+129,-148
Thu Apr 1 2021,Orlando Magic,115,New Orleans Pelicans,110,+178,-206
Thu Apr 1 2021,Atlanta Hawks,134,San Antonio Spurs,129,+103,-119
Thu Apr 1 2021,Denver Nuggets,101,Los Angeles Clippers,94,+108,-126
Fri Apr 2 2021,Golden State Warriors,77,Toronto Raptors,130,+180,-212
Fri Apr 2 2021,Houston Rockets,102,Boston Celtics,118,+582,-803
Fri Apr 2 2021,Dallas Mavericks,99,New York Knicks,86,-207,+177
Fri Apr 2 2021,Charlotte Hornets,114,Indiana Pacers,97,+177,-204
Fri Apr 2 2021,Minnesota Timberwolves,108,Memphis Grizzlies,120,+228,-270
Fri Apr 2 2021,Atlanta Hawks,126,New Orleans Pelicans,103,-115,-108
Fri Apr 2 2021,Chicago Bulls,106,Utah Jazz,113,+570,-802
Fri Apr 2 2021,Oklahoma City Thunder,103,Phoenix Suns,140,+751,-1104
Fri Apr 2 2021,Milwaukee Bucks,127,Portland Trail Blazers,109,-147,+130
Fri Apr 2 2021,Los Angeles Lakers,115,Sacramento Kings,94,+163,-188
Sat Apr 3 2021,Dallas Mavericks,109,Washington Wizards,87,-228,+194
Sat Apr 3 2021,New York Knicks,125,Detroit Pistons,81,-141,+122
Sat Apr 3 2021,Cleveland Cavaliers,101,Miami Heat,115,+628,-898
Sat Apr 3 2021,Minnesota Timberwolves,113,Philadelphia 76ers,122,+708,-1049
Sat Apr 3 2021,Indiana Pacers,139,San Antonio Spurs,133,+223,-265
Sat Apr 3 2021,Orlando Magic,91,Utah Jazz,137,+985,-1627
Sat Apr 3 2021,Oklahoma City Thunder,85,Portland Trail Blazers,133,+645,-897
Sat Apr 3 2021,Milwaukee Bucks,129,Sacramento Kings,128,-148,+129
Sun Apr 4 2021,Brooklyn Nets,107,Chicago Bulls,115,-134,+116
Sun Apr 4 2021,Los Angeles Lakers,86,Los Angeles Clippers,104,+452,-580
Sun Apr 4 2021,Charlotte Hornets,86,Boston Celtics,116,+352,-438
Sun Apr 4 2021,Memphis Grizzlies,116,Philadelphia 76ers,100,+140,-159
Sun Apr 4 2021,Golden State Warriors,111,Atlanta Hawks,117,+104,-121
Sun Apr 4 2021,New Orleans Pelicans,122,Houston Rockets,115,-145,+126
Sun Apr 4 2021,Orlando Magic,109,Denver Nuggets,119,+1199,-2003
Mon Apr 5 2021,New York Knicks,112,Brooklyn Nets,114,+210,-250
Mon Apr 5 2021,Utah Jazz,103,Dallas Mavericks,111,-221,+188
Mon Apr 5 2021,Sacramento Kings,106,Minnesota Timberwolves,116,-166,+145
Mon Apr 5 2021,Detroit Pistons,132,Oklahoma City Thunder,108,-146,+127
Mon Apr 5 2021,Cleveland Cavaliers,125,San Antonio Spurs,101,+282,-342
Mon Apr 5 2021,Washington Wizards,101,Toronto Raptors,103,+186,-220
Mon Apr 5 2021,Phoenix Suns,133,Houston Rockets,130,-1129,+770
Tue Apr 6 2021,Chicago Bulls,113,Indiana Pacers,97,-128,+110
Tue Apr 6 2021,New Orleans Pelicans,107,Atlanta Hawks,123,+137,-159
Tue Apr 6 2021,Philadelphia 76ers,106,Boston Celtics,96,-114,-105
Tue Apr 6 2021,Los Angeles Lakers,110,Toronto Raptors,101,-121,-101
Tue Apr 6 2021,Memphis Grizzlies,124,Miami Heat,112,+208,-248
Tue Apr 6 2021,Detroit Pistons,119,Denver Nuggets,134,+576,-778
Tue Apr 6 2021,Milwaukee Bucks,121,Golden State Warriors,122,-143,+125
Tue Apr 6 2021,Portland Trail Blazers,116,Los Angeles Clippers,133,+202,-239
Wed Apr 7 2021,Minnesota Timberwolves,137,Indiana Pacers,141,-126,+108
Wed Apr 7 2021,Washington Wizards,131,Orlando Magic,116,-186,+163
Wed Apr 7 2021,New York Knicks,99,Boston Celtics,101,+133,-154
Wed Apr 7 2021,New Orleans Pelicans,111,Brooklyn Nets,139,+308,-380
Wed Apr 7 2021,Memphis Grizzlies,131,Atlanta Hawks,113,-114,-108
Wed Apr 7 2021,Dallas Mavericks,93,Houston Rockets,102,-551,+426
Wed Apr 7 2021,Charlotte Hornets,113,Oklahoma City Thunder,102,-212,+180
Wed Apr 7 2021,San Antonio Spurs,96,Denver Nuggets,106,+174,-203
Wed Apr 7 2021,Utah Jazz,113,Phoenix Suns,117,-143,+124
Thu Apr 8 2021,Los Angeles Lakers,104,Miami Heat,110,+372,-465
Thu Apr 8 2021,Chicago Bulls,122,Toronto Raptors,113,-193,+166
Thu Apr 8 2021,Cleveland Cavaliers,129,Oklahoma City Thunder,102,-171,+149
Thu Apr 8 2021,Milwaukee Bucks,101,Dallas Mavericks,116,+124,-143
Thu Apr 8 2021,Phoenix Suns,103,Los Angeles Clippers,113,+194,-229
Thu Apr 8 2021,Detroit Pistons,113,Sacramento Kings,101,+266,-317
Thu Apr 8 2021,Portland Trail Blazers,103,Utah Jazz,122,+183,-217
Fri Apr 9 2021,Indiana Pacers,111,Orlando Magic,106,-246,+208
Fri Apr 9 2021,Minnesota Timberwolves,136,Boston Celtics,145,+322,-396
Fri Apr 9 2021,Memphis Grizzlies,129,New York Knicks,133,-119,+102
Fri Apr 9 2021,Chicago Bulls,108,Atlanta Hawks,120,+122,-140
Fri Apr 9 2021,Philadelphia 76ers,94,New Orleans Pelicans,101,-220,+187
Fri Apr 9 2021,San Antonio Spurs,119,Denver Nuggets,121,+229,-269
Fri Apr 9 2021,Charlotte Hornets,127,Milwaukee Bucks,119,-147,+129
Fri Apr 9 2021,Washington Wizards,110,Golden State Warriors,107,+158,-183
Fri Apr 9 2021,Houston Rockets,109,Los Angeles Clippers,126,+498,-655
Sat Apr 10 2021,Toronto Raptors,135,Cleveland Cavaliers,115,+128,-152
Sat Apr 10 2021,Los Angeles Lakers,126,Brooklyn Nets,101,+536,-754
Sat Apr 10 2021,Philadelphia 76ers,117,Oklahoma City Thunder,93,-580,+430
Sat Apr 10 2021,Sacramento Kings,112,Utah Jazz,128,+544,-779
Sat Apr 10 2021,Houston Rockets,109,Golden State Warriors,125,+244,-301
Sat Apr 10 2021,Washington Wizards,106,Phoenix Suns,134,+713,-1077
Sat Apr 10 2021,Detroit Pistons,103,Portland Trail Blazers,118,+517,-728
Sun Apr 11 2021,Atlanta Hawks,105,Charlotte Hornets,101,+119,-140
Sun Apr 11 2021,Boston Celtics,105,Denver Nuggets,87,+135,-159
Sun Apr 11 2021,New Orleans Pelicans,116,Cleveland Cavaliers,109,-443,+341
Sun Apr 11 2021,Milwaukee Bucks,124,Orlando Magic,87,-421,+325
Sun Apr 11 2021,San Antonio Spurs,119,Dallas Mavericks,117,+208,-254
Sun Apr 11 2021,Indiana Pacers,132,Memphis Grizzlies,125,+141,-167
Sun Apr 11 2021,Chicago Bulls,117,Minnesota Timberwolves,121,-172,+143
Sun Apr 11 2021,Toronto Raptors,96,New York Knicks,102,+135,-158
Sun Apr 11 2021,Detroit Pistons,124,Los Angeles Clippers,131,+648,-916
Sun Apr 11 2021,Miami Heat,107,Portland Trail Blazers,98,-111,-110
Mon Apr 12 2021,Philadelphia 76ers,113,Dallas Mavericks,95,-167,+143
Mon Apr 12 2021,Los Angeles Lakers,96,New York Knicks,111,+102,-123
Mon Apr 12 2021,San Antonio Spurs,120,Orlando Magic,97,-275,+224
Mon Apr 12 2021,Chicago Bulls,90,Memphis Grizzlies,101,+110,-132
Mon Apr 12 2021,Sacramento Kings,110,New Orleans Pelicans,117,+111,-132
Mon Apr 12 2021,Washington Wizards,125,Utah Jazz,121,+459,-618
Mon Apr 12 2021,Denver Nuggets,107,Golden State Warriors,116,-212,+178
Mon Apr 12 2021,Houston Rockets,120,Phoenix Suns,126,+627,-893
Tue Apr 13 2021,Brooklyn Nets,127,Minnesota Timberwolves,97,-300,+243
Tue Apr 13 2021,Los Angeles Clippers,126,Indiana Pacers,115,-150,+130
Tue Apr 13 2021,Atlanta Hawks,108,Toronto Raptors,103,+105,-125
Tue Apr 13 2021,Los Angeles Lakers,101,Charlotte Hornets,93,-126,+104
Tue Apr 13 2021,Oklahoma City Thunder,96,Utah Jazz,106,+1040,-1764
Tue Apr 13 2021,Miami Heat,86,Phoenix Suns,106,+136,-160
Tue Apr 13 2021,Boston Celtics,116,Portland Trail Blazers,115,-103,-118
Wed Apr 14 2021,Milwaukee Bucks,130,Minnesota Timberwolves,105,-570,+420
Wed Apr 14 2021,Cleveland Cavaliers,103,Charlotte Hornets,90,+130,-150
Wed Apr 14 2021,Brooklyn Nets,117,Philadelphia 76ers,123,+321,-415
Wed Apr 14 2021,San Antonio Spurs,112,Toronto Raptors,117,-219,+181
Wed Apr 14 2021,Orlando Magic,115,Chicago Bulls,106,+365,-484
Wed Apr 14 2021,Los Angeles Clippers,100,Detroit Pistons,98,-125,+105
Wed Apr 14 2021,New York Knicks,116,New Orleans Pelicans,106,+114,-136
Wed Apr 14 2021,Indiana Pacers,132,Houston Rockets,124,-165,+141
Wed Apr 14 2021,Golden State Warriors,147,Oklahoma City Thunder,109,-840,+606
Wed Apr 14 2021,Dallas Mavericks,114,Memphis Grizzlies,113,-150,+130
Wed Apr 14 2021,Miami Heat,106,Denver Nuggets,123,+170,-200
Wed Apr 14 2021,Washington Wizards,123,Sacramento Kings,111,-129,+108
Thu Apr 15 2021,Milwaukee Bucks,120,Atlanta Hawks,109,-180,+151
Thu Apr 15 2021,Golden State Warriors,119,Cleveland Cavaliers,101,-220,+181
Thu Apr 15 2021,Boston Celtics,121,Los Angeles Lakers,113,-309,+248
Thu Apr 15 2021,Sacramento Kings,114,Phoenix Suns,122,+598,-865
Fri Apr 16 2021,Indiana Pacers,111,Utah Jazz,119,+434,-582
Fri Apr 16 2021,Oklahoma City Thunder,104,Detroit Pistons,110,+126,-144
Fri Apr 16 2021,Los Angeles Clippers,103,Philadelphia 76ers,106,+159,-183
Fri Apr 16 2021,New Orleans Pelicans,115,Washington Wizards,117,-153,+131
Fri Apr 16 2021,Charlotte Hornets,115,Brooklyn Nets,130,+595,-819
Fri Apr 16 2021,Orlando Magic,102,Toronto Raptors,113,+132,-153
Fri Apr 16 2021,Memphis Grizzlies,126,Chicago Bulls,115,-169,+148
Fri Apr 16 2021,Denver Nuggets,128,Houston Rockets,99,-428,+335
Fri Apr 16 2021,Miami Heat,111,Minnesota Timberwolves,119,-264,+221
Fri Apr 16 2021,Portland Trail Blazers,107,San Antonio Spurs,106,+103,-122
Fri Apr 16 2021,New York Knicks,117,Dallas Mavericks,109,+216,-258
Sat Apr 17 2021,Utah Jazz,115,Los Angeles Lakers,127,+106,-124
Sat Apr 17 2021,Cleveland Cavaliers,96,Chicago Bulls,106,+131,-152
Sat Apr 17 2021,Detroit Pistons,100,Washington Wizards,121,+161,-188
Sat Apr 17 2021,Golden State Warriors,114,Boston Celtics,119,+131,-152
Sat Apr 17 2021,Memphis Grizzlies,128,Milwaukee Bucks,115,+294,-365
Sat Apr 17 2021,San Antonio Spurs,111,Phoenix Suns,85,+552,-777
Sun Apr 18 2021,Indiana Pacers,117,Atlanta Hawks,129,+110,-129
Sun Apr 18 2021,New Orleans Pelicans,112,New York Knicks,122,-114,-109
Sun Apr 18 2021,Brooklyn Nets,107,Miami Heat,109,-211,+179
Sun Apr 18 2021,Portland Trail Blazers,101,Charlotte Hornets,109,-191,+165
Sun Apr 18 2021,Houston Rockets,114,Orlando Magic,110,-118,-103
Sun Apr 18 2021,Oklahoma City Thunder,106,Toronto Raptors,112,+182,-216
Sun Apr 18 2021,Sacramento Kings,121,Dallas Mavericks,107,+292,-362
Sun Apr 18 2021,Minnesota Timberwolves,105,Los Angeles Clippers,124,+512,-716
Mon Apr 19 2021,Cleveland Cavaliers,105,Detroit Pistons,109,-161,+140
Mon Apr 19 2021,Chicago Bulls,102,Boston Celtics,96,+163,-190
Mon Apr 19 2021,Golden State Warriors,107,Philadelphia 76ers,96,+165,-190
Mon Apr 19 2021,San Antonio Spurs,109,Indiana Pacers,94,-165,+143
Mon Apr 19 2021,Houston Rockets,91,Miami Heat,113,+165,-191
Mon Apr 19 2021,Phoenix Suns,128,Milwaukee Bucks,127,+128,-147
Mon Apr 19 2021,Oklahoma City Thunder,107,Washington Wizards,119,+586,-830
Mon Apr 19 2021,Memphis Grizzlies,137,Denver Nuggets,139,+266,-324
Mon Apr 19 2021,Utah Jazz,111,Los Angeles Lakers,97,-269,+225
Tue Apr 20 2021,Orlando Magic,96,Atlanta Hawks,112,+617,-903
Tue Apr 20 2021,Brooklyn Nets,134,New Orleans Pelicans,129,+130,-149
Tue Apr 20 2021,Charlotte Hornets,97,New York Knicks,109,+171,-199
Tue Apr 20 2021,Los Angeles Clippers,113,Portland Trail Blazers,112,-199,+168
Tue Apr 20 2021,Minnesota Timberwolves,134,Sacramento Kings,120,+140,-160
Wed Apr 21 2021,Chicago Bulls,105,Cleveland Cavaliers,121,-131,+113
Wed Apr 21 2021,Oklahoma City Thunder,116,Indiana Pacers,122,+312,-390
Wed Apr 21 2021,Phoenix Suns,116,Philadelphia 76ers,113,-147,+130
Wed Apr 21 2021,Brooklyn Nets,103,Toronto Raptors,114,+158,-181
Wed Apr 21 2021,Golden State Warriors,114,Washington Wizards,118,-130,+111
Wed Apr 21 2021,Utah Jazz,112,Houston Rockets,89,-720,+518
Wed Apr 21 2021,Atlanta Hawks,127,New York Knicks,137,-121,+103
Wed Apr 21 2021,Detroit Pistons,117,Dallas Mavericks,127,+476,-643
Wed Apr 21 2021,Miami Heat,107,San Antonio Spurs,87,-122,+105
Wed Apr 21 2021,Memphis Grizzlies,105,Los Angeles Clippers,117,-179,+156
Wed Apr 21 2021,Denver Nuggets,106,Portland Trail Blazers,105,-124,+106
Wed Apr 21 2021,Minnesota Timberwolves,125,Sacramento Kings,128,+129,-148
Thu Apr 22 2021,Phoenix Suns,86,Boston Celtics,99,-122,+105
Thu Apr 22 2021,Philadelphia 76ers,117,Milwaukee Bucks,124,+221,-260
Thu Apr 22 2021,New Orleans Pelicans,135,Orlando Magic,100,-530,+407
Thu Apr 22 2021,Detroit Pistons,91,San Antonio Spurs,106,+240,-290
Thu Apr 22 2021,Charlotte Hornets,91,Chicago Bulls,108,-103,-116
Thu Apr 22 2021,Los Angeles Lakers,110,Dallas Mavericks,115,+140,-162
Fri Apr 23 2021,Miami Heat,103,Atlanta Hawks,118,-261,+220
Fri Apr 23 2021,Boston Celtics,104,Brooklyn Nets,109,+137,-156
Fri Apr 23 2021,Cleveland Cavaliers,102,Charlotte Hornets,108,+100,-117
Fri Apr 23 2021,Los Angeles Clippers,109,Houston Rockets,104,-433,+347
Fri Apr 23 2021,Washington Wizards,129,Oklahoma City Thunder,109,-443,+352
Fri Apr 23 2021,Denver Nuggets,97,Golden State Warriors,118,-138,+120
Fri Apr 23 2021,Memphis Grizzlies,130,Portland Trail Blazers,128,+159,-183
Sat Apr 24 2021,Toronto Raptors,103,New York Knicks,120,-115,-103
Sat Apr 24 2021,Philadelphia 76ers,94,Milwaukee Bucks,132,+337,-421
Sat Apr 24 2021,Detroit Pistons,109,Indiana Pacers,115,+155,-176
Sat Apr 24 2021,Chicago Bulls,101,Miami Heat,106,+165,-190
Sat Apr 24 2021,San Antonio Spurs,110,New Orleans Pelicans,108,+132,-150
Sat Apr 24 2021,Los Angeles Lakers,93,Dallas Mavericks,108,+108,-126
Sat Apr 24 2021,Minnesota Timberwolves,101,Utah Jazz,96,+630,-914
Sat Apr 24 2021,Houston Rockets,116,Denver Nuggets,129,+882,-1336
Sun Apr 25 2021,Boston Celtics,104,Charlotte Hornets,125,-335,+276
Sun Apr 25 2021,Phoenix Suns,119,Brooklyn Nets,128,+105,-121
Sun Apr 25 2021,Memphis Grizzlies,120,Portland Trail Blazers,113,+140,-160
Sun Apr 25 2021,Cleveland Cavaliers,110,Washington Wizards,119,+278,-340
Sun Apr 25 2021,Milwaukee Bucks,104,Atlanta Hawks,111,-234,+196
Sun Apr 25 2021,Indiana Pacers,131,Orlando Magic,112,-227,+191
Sun Apr 25 2021,Sacramento Kings,113,Golden State Warriors,117,+262,-316
Mon Apr 26 2021,Atlanta Hawks,86,Detroit Pistons,100,-174,+152
Mon Apr 26 2021,Los Angeles Lakers,114,Orlando Magic,103,-764,+548
Mon Apr 26 2021,Oklahoma City Thunder,90,Philadelphia 76ers,121,+1168,-2116
Mon Apr 26 2021,San Antonio Spurs,146,Washington Wizards,143,-132,+114
Mon Apr 26 2021,Phoenix Suns,118,New York Knicks,110,-143,+124
Mon Apr 26 2021,Cleveland Cavaliers,96,Toronto Raptors,112,+548,-767
Mon Apr 26 2021,Chicago Bulls,110,Miami Heat,102,+192,-228
Mon Apr 26 2021,Utah Jazz,104,Minnesota Timberwolves,105,-530,+408
Mon Apr 26 2021,Los Angeles Clippers,103,New Orleans Pelicans,120,-130,+112
Mon Apr 26 2021,Memphis Grizzlies,96,Denver Nuggets,120,+147,-168
Mon Apr 26 2021,Dallas Mavericks,106,Sacramento Kings,113,-258,+216
Tue Apr 27 2021,Oklahoma City Thunder,119,Boston Celtics,115,+530,-728
Tue Apr 27 2021,Milwaukee Bucks,114,Charlotte Hornets,104,-428,+343
Tue Apr 27 2021,Portland Trail Blazers,133,Indiana Pacers,112,-229,+193
Tue Apr 27 2021,Brooklyn Nets,116,Toronto Raptors,103,-196,+171
Tue Apr 27 2021,Minnesota Timberwolves,114,Houston Rockets,107,-131,+114
Tue Apr 27 2021,Dallas Mavericks,133,Golden State Warriors,103,+142,-166
Wed Apr 28 2021,Orlando Magic,109,Cleveland Cavaliers,104,+145,-165
Wed Apr 28 2021,Atlanta Hawks,83,Philadelphia 76ers,127,+388,-498
Wed Apr 28 2021,Charlotte Hornets,111,Boston Celtics,120,+214,-254
Wed Apr 28 2021,Chicago Bulls,94,New York Knicks,113,+154,-176
Wed Apr 28 2021,Los Angeles Lakers,107,Washington Wizards,116,-116,+102
Wed Apr 28 2021,San Antonio Spurs,111,Miami Heat,116,+170,-196
Wed Apr 28 2021,New Orleans Pelicans,112,Denver Nuggets,114,+146,-165
Wed Apr 28 2021,Portland Trail Blazers,130,Memphis Grizzlies,109,+105,-123
Wed Apr 28 2021,Los Angeles Clippers,101,Phoenix Suns,109,+165,-190
Wed Apr 28 2021,Utah Jazz,154,Sacramento Kings,105,-383,+311
Thu Apr 29 2021,Dallas Mavericks,115,Detroit Pistons,105,-316,+262
Thu Apr 29 2021,Brooklyn Nets,130,Indiana Pacers,113,-214,+181
Thu Apr 29 2021,Milwaukee Bucks,136,Houston Rockets,143,-1210,+788
Thu Apr 29 2021,Golden State Warriors,114,Minnesota Timberwolves,126,-182,+158
Thu Apr 29 2021,Toronto Raptors,111,Denver Nuggets,121,+166,-193
Thu Apr 29 2021,New Orleans Pelicans,109,Oklahoma City Thunder,95,-438,+350
Fri Apr 30 2021,Atlanta Hawks,104,Philadelphia 76ers,126,+261,-312
Fri Apr 30 2021,San Antonio Spurs,140,Boston Celtics,143,+165,-190
Fri Apr 30 2021,Washington Wizards,122,Cleveland Cavaliers,93,-255,+215
Fri Apr 30 2021,Portland Trail Blazers,128,Brooklyn Nets,109,-151,+132
Fri Apr 30 2021,Orlando Magic,75,Memphis Grizzlies,92,+663,-941
Fri Apr 30 2021,Milwaukee Bucks,108,Chicago Bulls,98,-123,+105
Fri Apr 30 2021,Utah Jazz,100,Phoenix Suns,121,+144,-166
Fri Apr 30 2021,Sacramento Kings,110,Los Angeles Lakers,106,+493,-668
Sat May 1 2021,Detroit Pistons,94,Charlotte Hornets,107,+261,-313
Sat May 1 2021,Golden State Warriors,113,Houston Rockets,87,-397,+320
Sat May 1 2021,Chicago Bulls,97,Atlanta Hawks,108,+290,-364
Sat May 1 2021,Miami Heat,124,Cleveland Cavaliers,107,-726,+524
Sat May 1 2021,New Orleans Pelicans,140,Minnesota Timberwolves,136,-163,+141
Sat May 1 2021,Indiana Pacers,152,Oklahoma City Thunder,95,-351,+284
Sat May 1 2021,Memphis Grizzlies,111,Orlando Magic,112,-747,+538
Sat May 1 2021,Washington Wizards,124,Dallas Mavericks,125,+163,-187
Sat May 1 2021,Denver Nuggets,110,Los Angeles Clippers,104,+190,-224
Sat May 1 2021,Toronto Raptors,102,Utah Jazz,106,+223,-265
Sun May 2 2021,Brooklyn Nets,114,Milwaukee Bucks,117,+113,-131
Sun May 2 2021,Portland Trail Blazers,129,Boston Celtics,119,-116,-103
Sun May 2 2021,Miami Heat,121,Charlotte Hornets,111,-213,+180
Sun May 2 2021,Sacramento Kings,111,Dallas Mavericks,99,+229,-271
Sun May 2 2021,New York Knicks,122,Houston Rockets,97,-628,+456
Sun May 2 2021,Phoenix Suns,123,Oklahoma City Thunder,120,-1462,+936
Sun May 2 2021,Philadelphia 76ers,113,San Antonio Spurs,111,-547,+420
Sun May 2 2021,Toronto Raptors,121,Los Angeles Lakers,114,+401,-522
Mon May 3 2021,Orlando Magic,119,Detroit Pistons,112,+109,-127
Mon May 3 2021,Indiana Pacers,141,Washington Wizards,154,+164,-191
Mon May 3 2021,Golden State Warriors,123,New Orleans Pelicans,108,+106,-124
Mon May 3 2021,Portland Trail Blazers,114,Atlanta Hawks,123,+116,-135
Mon May 3 2021,Philadelphia 76ers,106,Chicago Bulls,94,-336,+276
Mon May 3 2021,New York Knicks,118,Memphis Grizzlies,104,+150,-172
Mon May 3 2021,Denver Nuggets,89,Los Angeles Lakers,93,-168,+148
Mon May 3 2021,San Antonio Spurs,99,Utah Jazz,110,+262,-315
Tue May 4 2021,Phoenix Suns,134,Cleveland Cavaliers,118,-886,+618
Tue May 4 2021,Charlotte Hornets,102,Detroit Pistons,99,-179,+157
Tue May 4 2021,Brooklyn Nets,118,Milwaukee Bucks,124,+110,-128
Tue May 4 2021,Dallas Mavericks,127,Miami Heat,113,-105,-114
Tue May 4 2021,Golden State Warriors,103,New Orleans Pelicans,108,+109,-127
Tue May 4 2021,Sacramento Kings,103,Oklahoma City Thunder,99,-206,+177
Tue May 4 2021,Toronto Raptors,100,Los Angeles Clippers,105,+502,-681
Wed May 5 2021,Boston Celtics,132,Orlando Magic,96,-883,+622
Wed May 5 2021,Portland Trail Blazers,141,Cleveland Cavaliers,105,-801,+572
Wed May 5 2021,Phoenix Suns,103,Atlanta Hawks,135,-113,-105
Wed May 5 2021,Philadelphia 76ers,135,Houston Rockets,115,-1334,+850
Wed May 5 2021,Sacramento Kings,104,Indiana Pacers,93,+207,-247
Wed May 5 2021,Washington Wizards,134,Milwaukee Bucks,135,+150,-172
Wed May 5 2021,Memphis Grizzlies,139,Minnesota Timberwolves,135,-158,+139
Wed May 5 2021,New York Knicks,97,Denver Nuggets,113,+137,-156
Wed May 5 2021,San Antonio Spurs,94,Utah Jazz,126,+223,-265
Thu May 6 2021,Chicago Bulls,120,Charlotte Hornets,99,-187,+163
Thu May 6 2021,Brooklyn Nets,109,Dallas Mavericks,113,-141,+123
Thu May 6 2021,Washington Wizards,131,Toronto Raptors,129,-132,+113
Thu May 6 2021,Memphis Grizzlies,97,Detroit Pistons,111,-447,+354
Thu May 6 2021,Atlanta Hawks,126,Indiana Pacers,133,-247,+207
Thu May 6 2021,Oklahoma City Thunder,97,Golden State Warriors,118,+777,-1168
Thu May 6 2021,Los Angeles Lakers,94,Los Angeles Clippers,118,+301,-366
Fri May 7 2021,New Orleans Pelicans,107,Philadelphia 76ers,109,+560,-780
Fri May 7 2021,Boston Celtics,99,Chicago Bulls,121,-177,+152
Fri May 7 2021,Orlando Magic,112,Charlotte Hornets,122,+262,-317
Fri May 7 2021,Minnesota Timberwolves,112,Miami Heat,121,+282,-345
Fri May 7 2021,Houston Rockets,133,Milwaukee Bucks,141,+1289,-2510
Fri May 7 2021,Cleveland Cavaliers,90,Dallas Mavericks,110,+452,-590
Fri May 7 2021,Denver Nuggets,120,Utah Jazz,127,+157,-179
Fri May 7 2021,New York Knicks,105,Phoenix Suns,128,+226,-268
Fri May 7 2021,Los Angeles Lakers,101,Portland Trail Blazers,106,+271,-325
Fri May 7 2021,San Antonio Spurs,113,Sacramento Kings,104,-189,+165
Sat May 8 2021,Washington Wizards,133,Indiana Pacers,132,-183,+158
Sat May 8 2021,Detroit Pistons,104,Philadelphia 76ers,118,+342,-431
Sat May 8 2021,Memphis Grizzlies,109,Toronto Raptors,99,-251,+210
Sat May 8 2021,Brooklyn Nets,125,Denver Nuggets,119,-161,+142
Sat May 8 2021,Oklahoma City Thunder,97,Golden State Warriors,136,+770,-1173
Sat May 8 2021,San Antonio Spurs,102,Portland Trail Blazers,124,+205,-244
Sat May 8 2021,Houston Rockets,116,Utah Jazz,124,+1042,-1692
Sun May 9 2021,Miami Heat,130,Boston Celtics,124,+100,-112
Sun May 9 2021,New York Knicks,106,Los Angeles Clippers,100,+263,-314
Sun May 9 2021,New Orleans Pelicans,112,Charlotte Hornets,110,+131,-150
Sun May 9 2021,Dallas Mavericks,124,Cleveland Cavaliers,97,-555,+421
Sun May 9 2021,Minnesota Timberwolves,128,Orlando Magic,96,-307,+254
Sun May 9 2021,Chicago Bulls,108,Detroit Pistons,96,-479,+376
Sun May 9 2021,Phoenix Suns,110,Los Angeles Lakers,123,-255,+214
Sun May 9 2021,Oklahoma City Thunder,98,Sacramento Kings,126,+327,-407
Mon May 10 2021,Washington Wizards,124,Atlanta Hawks,125,+292,-355
Mon May 10 2021,Indiana Pacers,111,Cleveland Cavaliers,102,-428,+344
Mon May 10 2021,New Orleans Pelicans,110,Memphis Grizzlies,115,+366,-464
Mon May 10 2021,Milwaukee Bucks,125,San Antonio Spurs,146,-291,+241
Mon May 10 2021,Utah Jazz,116,Golden State Warriors,119,-128,+110
Mon May 10 2021,Houston Rockets,129,Portland Trail Blazers,140,+959,-1526
Tue May 11 2021,Denver Nuggets,117,Charlotte Hornets,112,-237,+200
Tue May 11 2021,Minnesota Timberwolves,119,Detroit Pistons,100,-303,+254
Tue May 11 2021,Miami Heat,129,Boston Celtics,121,-122,+104
Tue May 11 2021,Los Angeles Clippers,115,Toronto Raptors,96,-1145,+752
Tue May 11 2021,Brooklyn Nets,115,Chicago Bulls,107,-183,+160
Tue May 11 2021,Philadelphia 76ers,94,Indiana Pacers,103,-210,+178
Tue May 11 2021,Dallas Mavericks,104,Memphis Grizzlies,133,-157,+137
Tue May 11 2021,Orlando Magic,102,Milwaukee Bucks,114,+928,-1497
Tue May 11 2021,Phoenix Suns,116,Golden State Warriors,122,-191,+167
Tue May 11 2021,New York Knicks,99,Los Angeles Lakers,101,+120,-141
Tue May 11 2021,Oklahoma City Thunder,106,Sacramento Kings,122,+356,-447
Wed May 12 2021,Washington Wizards,116,Atlanta Hawks,120,+237,-283
Wed May 12 2021,San Antonio Spurs,116,Brooklyn Nets,128,+167,-192
Wed May 12 2021,Boston Celtics,94,Cleveland Cavaliers,102,-240,+202
Wed May 12 2021,New Orleans Pelicans,107,Dallas Mavericks,125,+370,-471
Wed May 12 2021,Portland Trail Blazers,105,Utah Jazz,98,-104,-115
Wed May 12 2021,Houston Rockets,122,Los Angeles Lakers,124,+380,-486
Thu May 13 2021,Los Angeles Clippers,113,Charlotte Hornets,90,-396,+318
Thu May 13 2021,Milwaukee Bucks,142,Indiana Pacers,133,-463,+364
Thu May 13 2021,Orlando Magic,93,Atlanta Hawks,116,+674,-953
Thu May 13 2021,Philadelphia 76ers,94,Miami Heat,106,+104,-122
Thu May 13 2021,San Antonio Spurs,98,New York Knicks,102,+166,-190
Thu May 13 2021,Toronto Raptors,102,Chicago Bulls,114,+425,-559
Thu May 13 2021,Sacramento Kings,110,Memphis Grizzlies,116,+303,-369
Thu May 13 2021,Denver Nuggets,114,Minnesota Timberwolves,103,-130,+112
Thu May 13 2021,Portland Trail Blazers,117,Phoenix Suns,118,+115,-134
Fri May 14 2021,Cleveland Cavaliers,105,Washington Wizards,120,+336,-422
Fri May 14 2021,Denver Nuggets,104,Detroit Pistons,91,-405,+323
Fri May 14 2021,Utah Jazz,109,Oklahoma City Thunder,93,-1455,+945
Fri May 14 2021,Orlando Magic,97,Philadelphia 76ers,122,+857,-1379
Fri May 14 2021,Toronto Raptors,110,Dallas Mavericks,114,+932,-1553
Fri May 14 2021,Los Angeles Clippers,115,Houston Rockets,122,-305,+254
Fri May 14 2021,Sacramento Kings,106,Memphis Grizzlies,107,+143,-164
Fri May 14 2021,New Orleans Pelicans,122,Golden State Warriors,125,-102,-117
Sat May 15 2021,Chicago Bulls,91,Brooklyn Nets,105,+532,-733
Sat May 15 2021,Los Angeles Lakers,122,Indiana Pacers,115,-397,+319
Sat May 15 2021,Charlotte Hornets,109,New York Knicks,118,+189,-223
Sat May 15 2021,Boston Celtics,124,Minnesota Timberwolves,108,+169,-195
Sat May 15 2021,Phoenix Suns,140,San Antonio Spurs,103,-643,+480
Sat May 15 2021,Miami Heat,108,Milwaukee Bucks,122,+155,-177
Sun May 16 2021,Boston Celtics,92,New York Knicks,96,+631,-896
Sun May 16 2021,Indiana Pacers,125,Toronto Raptors,113,-233,+195
Sun May 16 2021,Charlotte Hornets,110,Washington Wizards,115,+239,-287
Sun May 16 2021,Phoenix Suns,123,San Antonio Spurs,121,-134,+114
Sun May 16 2021,Memphis Grizzlies,101,Golden State Warriors,113,+142,-162
Sun May 16 2021,Houston Rockets,95,Atlanta Hawks,124,+286,-343
Sun May 16 2021,Cleveland Cavaliers,109,Brooklyn Nets,123,+822,-1183
Sun May 16 2021,Orlando Magic,117,Philadelphia 76ers,128,+262,-309
Sun May 16 2021,Miami Heat,120,Detroit Pistons,107,-175,+152
Sun May 16 2021,Milwaukee Bucks,112,Chicago Bulls,118,-250,+211
Sun May 16 2021,Dallas Mavericks,121,Minnesota Timberwolves,136,-261,+220
Sun May 16 2021,Los Angeles Lakers,110,New Orleans Pelicans,98,-378,+298
Sun May 16 2021,Los Angeles Clippers,112,Oklahoma City Thunder,117,-386,+316
Sun May 16 2021,Denver Nuggets,116,Portland Trail Blazers,132,+322,-399
Sun May 16 2021,Utah Jazz,121,Sacramento Kings,99,-829,+586
Tue May 18 2021,Charlotte Hornets,117,Indiana Pacers,144,+136,-161
Tue May 18 2021,Washington Wizards,100,Boston Celtics,118,+109,-127
Wed May 19 2021,San Antonio Spurs,96,Memphis Grizzlies,100,+161,-187
Wed May 19 2021,Golden State Warriors,100,Los Angeles Lakers,103,+209,-248
Thu May 20 2021,Indiana Pacers,115,Washington Wizards,142,+137,-158
Fri May 21 2021,Memphis Grizzlies,117,Golden State Warriors,112,+182,-215
Sat May 22 2021,Miami Heat,107,Milwaukee Bucks,109,+188,-223
Sat May 22 2021,Dallas Mavericks,113,Los Angeles Clippers,103,+199,-238
Sat May 22 2021,Boston Celtics,93,Brooklyn Nets,104,+315,-396
Sat May 22 2021,Portland Trail Blazers,123,Denver Nuggets,109,-104,-114
Sun May 23 2021,Washington Wizards,118,Philadelphia 76ers,125,+278,-340
Sun May 23 2021,Los Angeles Lakers,90,Phoenix Suns,99,+114,-132
Sun May 23 2021,Atlanta Hawks,107,New York Knicks,105,-112,-112
Sun May 23 2021,Memphis Grizzlies,112,Utah Jazz,109,+359,-505
Mon May 24 2021,Miami Heat,98,Milwaukee Bucks,132,+171,-199
Mon May 24 2021,Portland Trail Blazers,109,Denver Nuggets,128,+111,-129
Tue May 25 2021,Boston Celtics,108,Brooklyn Nets,130,+359,-748
Tue May 25 2021,Los Angeles Lakers,109,Phoenix Suns,102,-134,+113
Tue May 25 2021,Dallas Mavericks,127,Los Angeles Clippers,121,+255,-307
Wed May 26 2021,Washington Wizards,95,Philadelphia 76ers,120,+308,-382
Wed May 26 2021,Atlanta Hawks,92,New York Knicks,101,+115,-136
Wed May 26 2021,Memphis Grizzlies,129,Utah Jazz,141,+396,-515
Thu May 27 2021,Milwaukee Bucks,113,Miami Heat,84,-124,+106
Thu May 27 2021,Phoenix Suns,95,Los Angeles Lakers,109,+236,-283
Thu May 27 2021,Denver Nuggets,120,Portland Trail Blazers,115,+148,-168
Fri May 28 2021,New York Knicks,94,Atlanta Hawks,105,+164,-191
Fri May 28 2021,Brooklyn Nets,119,Boston Celtics,125,-319,+262
Fri May 28 2021,Los Angeles Clippers,118,Dallas Mavericks,108,-144,+124
Sat May 29 2021,Milwaukee Bucks,120,Miami Heat,103,-168,+149
Sat May 29 2021,Denver Nuggets,95,Portland Trail Blazers,115,+168,-196
Sat May 29 2021,Philadelphia 76ers,132,Washington Wizards,103,-220,+186
Sat May 29 2021,Utah Jazz,121,Memphis Grizzlies,111,-217,+183
Sun May 30 2021,New York Knicks,96,Atlanta Hawks,113,+164,-203
Sun May 30 2021,Phoenix Suns,100,Los Angeles Lakers,92,+248,-298
Sun May 30 2021,Brooklyn Nets,141,Boston Celtics,126,-382,+309
Sun May 30 2021,Los Angeles Clippers,106,Dallas Mavericks,81,-156,+144
Mon May 31 2021,Philadelphia 76ers,114,Washington Wizards,122,-383,+311
Mon May 31 2021,Utah Jazz,120,Memphis Grizzlies,113,-237,+198
Tue Jun 1 2021,Boston Celtics,109,Brooklyn Nets,123,+670,-970
Tue Jun 1 2021,Portland Trail Blazers,140,Denver Nuggets,147,+108,-126
Tue Jun 1 2021,Los Angeles Lakers,85,Phoenix Suns,115,+168,-193
Wed Jun 2 2021,Washington Wizards,112,Philadelphia 76ers,129,+202,-3534
Wed Jun 2 2021,Atlanta Hawks,103,New York Knicks,89,-102,-117
Wed Jun 2 2021,Memphis Grizzlies,110,Utah Jazz,126,+363,-5403
Wed Jun 2 2021,Dallas Mavericks,105,Los Angeles Clippers,100,+268,-324
Thu Jun 3 2021,Denver Nuggets,126,Portland Trail Blazers,115,+180,-212
Thu Jun 3 2021,Phoenix Suns,113,Los Angeles Lakers,100,+128,-149
Fri Jun 4 2021,Los Angeles Clippers,104,Dallas Mavericks,97,-144,+126
Sat Jun 5 2021,Milwaukee Bucks,107,Brooklyn Nets,115,+152,-175
Sun Jun 6 2021,Atlanta Hawks,128,Philadelphia 76ers,124,+164,-192
Sun Jun 6 2021,Dallas Mavericks,111,Los Angeles Clippers,126,+208,-250
Mon Jun 7 2021,Milwaukee Bucks,86,Brooklyn Nets,125,-123,+105
Mon Jun 7 2021,Denver Nuggets,105,Phoenix Suns,122,+189,-224
Tue Jun 8 2021,Atlanta Hawks,102,Philadelphia 76ers,118,+217,-258
Tue Jun 8 2021,Los Angeles Clippers,109,Utah Jazz,112,+125,-143
Wed Jun 9 2021,Denver Nuggets,98,Phoenix Suns,123,+203,-250
Thu Jun 10 2021,Brooklyn Nets,83,Milwaukee Bucks,86,+132,-150
Thu Jun 10 2021,Los Angeles Clippers,111,Utah Jazz,117,+130,-150
Fri Jun 11 2021,Philadelphia 76ers,127,Atlanta Hawks,111,-127,+109
Fri Jun 11 2021,Phoenix Suns,116,Denver Nuggets,102,+108,-127
Sat Jun 12 2021,Utah Jazz,106,Los Angeles Clippers,132,+159,-183
Sun Jun 13 2021,Brooklyn Nets,96,Milwaukee Bucks,107,-137,+118
Sun Jun 13 2021,Phoenix Suns,125,Denver Nuggets,118,-159,+133
Mon Jun 14 2021,Philadelphia 76ers,100,Atlanta Hawks,103,-146,+128
Mon Jun 14 2021,Utah Jazz,104,Los Angeles Clippers,118,+181,-211
Tue Jun 15 2021,Milwaukee Bucks,108,Brooklyn Nets,114,-135,-102
Wed Jun 16 2021,Atlanta Hawks,109,Philadelphia 76ers,106,+257,-311
Wed Jun 16 2021,Los Angeles Clippers,119,Utah Jazz,111,+308,-379
Thu Jun 17 2021,Brooklyn Nets,89,Milwaukee Bucks,104,+165,-194
Fri Jun 18 2021,Philadelphia 76ers,104,Atlanta Hawks,99,-156,+136
Fri Jun 18 2021,Utah Jazz,119,Los Angeles Clippers,131,-145,+127
Sat Jun 19 2021,Milwaukee Bucks,115,Brooklyn Nets,111,+116,-135
Sun Jun 20 2021,Los Angeles Clippers,114,Phoenix Suns,120,+146,-165
Sun Jun 20 2021,Atlanta Hawks,103,Philadelphia 76ers,96,+223,-267
Tue Jun 22 2021,Los Angeles Clippers,103,Phoenix Suns,104,+157,-182
Wed Jun 23 2021,Atlanta Hawks,116,Milwaukee Bucks,113,+280,-369
Thu Jun 24 2021,Phoenix Suns,92,Los Angeles Clippers,106,-117,+102
Fri Jun 25 2021,Atlanta Hawks,91,Milwaukee Bucks,125,+299,-358
Sat Jun 26 2021,Phoenix Suns,84,Los Angeles Clippers,80,-113,-105
Sun Jun 27 2021,Milwaukee Bucks,113,Atlanta Hawks,102,-184,+150
Mon Jun 28 2021,Los Angeles Clippers,116,Phoenix Suns,102,+245,-292
Tue Jun 29 2021,Milwaukee Bucks,88,Atlanta Hawks,110,-394,+315
Wed Jun 30 2021,Phoenix Suns,130,Los Angeles Clippers,103,-119,+102
Thu Jul 1 2021,Atlanta Hawks,112,Milwaukee Bucks,123,+173,-199
Sat Jul 3 2021,Milwaukee Bucks,118,Atlanta Hawks,107,+136,-186
Tue Jul 6 2021,Milwaukee Bucks,105,Phoenix Suns,118,+182,-213
Thu Jul 8 2021,Milwaukee Bucks,108,Phoenix Suns,118,+165,-191
Sun Jul 11 2021,Phoenix Suns,100,Milwaukee Bucks,120,+169,-195
Wed Jul 14 2021,Phoenix Suns,103,Milwaukee Bucks,109,+165,-190
Sat Jul 17 2021,Milwaukee Bucks,123,Phoenix Suns,119,+154,-175
Tue Jul 20 2021,Phoenix Suns,98,Milwaukee Bucks,105,+161,-185
Tue Oct 19 2021,Brooklyn Nets,104,Milwaukee Bucks,127,103,-120
Tue Oct 19 2021,Golden State Warriors,121,Los Angeles Lakers,114,138,-158
Wed Oct 20 2021,Indiana Pacers,122,Charlotte Hornets,123,-122,106
Wed Oct 20 2021,Chicago Bulls,94,Detroit Pistons,88,-216,184
Wed Oct 20 2021,Boston Celtics,134,New York Knicks,138,123,-139
Wed Oct 20 2021,Washington Wizards,98,Toronto Raptors,83,121,-138
Wed Oct 20 2021,Cleveland Cavaliers,121,Memphis Grizzlies,132,239,-281
Wed Oct 20 2021,Houston Rockets,106,Minnesota Timberwolves,124,206,-242
Wed Oct 20 2021,Philadelphia 76ers,117,New Orleans Pelicans,97,-169,150
Wed Oct 20 2021,Orlando Magic,97,San Antonio Spurs,123,228,-268
Wed Oct 20 2021,Oklahoma City Thunder,86,Utah Jazz,107,796,-1114
Wed Oct 20 2021,Sacramento Kings,124,Portland Trail Blazers,121,219,-258
Wed Oct 20 2021,Denver Nuggets,110,Phoenix Suns,98,208,-245
Thu Oct 21 2021,Dallas Mavericks,87,Atlanta Hawks,113,118,-134
Thu Oct 21 2021,Milwaukee Bucks,95,Miami Heat,137,124,-142
Thu Oct 21 2021,Los Angeles Clippers,113,Golden State Warriors,115,151,-170
Fri Oct 22 2021,New York Knicks,121,Orlando Magic,96,-336,278
Fri Oct 22 2021,Indiana Pacers,134,Washington Wizards,135,-129,111
Fri Oct 22 2021,Charlotte Hornets,123,Cleveland Cavaliers,112,-133,117
Fri Oct 22 2021,Toronto Raptors,115,Boston Celtics,83,244,-292
Fri Oct 22 2021,Brooklyn Nets,114,Philadelphia 76ers,109,-124,108
Fri Oct 22 2021,Oklahoma City Thunder,91,Houston Rockets,124,125,-143
Fri Oct 22 2021,New Orleans Pelicans,112,Chicago Bulls,128,228,-268
Fri Oct 22 2021,San Antonio Spurs,96,Denver Nuggets,102,255,-305
Fri Oct 22 2021,Phoenix Suns,115,Los Angeles Lakers,105,109,-124
Fri Oct 22 2021,Utah Jazz,110,Sacramento Kings,101,-247,210
Sat Oct 23 2021,Atlanta Hawks,95,Cleveland Cavaliers,101,-371,302
Sat Oct 23 2021,Miami Heat,91,Indiana Pacers,102,-165,143
Sat Oct 23 2021,Dallas Mavericks,103,Toronto Raptors,95,-188,166
Sat Oct 23 2021,Detroit Pistons,82,Chicago Bulls,97,292,-360
Sat Oct 23 2021,New Orleans Pelicans,89,Minnesota Timberwolves,96,253,-296
Sat Oct 23 2021,Milwaukee Bucks,121,San Antonio Spurs,111,-242,208
Sat Oct 23 2021,Phoenix Suns,105,Portland Trail Blazers,134,130,-147
Sat Oct 23 2021,Memphis Grizzlies,120,Los Angeles Clippers,114,150,-169
Sun Oct 24 2021,Charlotte Hornets,111,Brooklyn Nets,95,334,-413
Sun Oct 24 2021,Boston Celtics,107,Houston Rockets,97,-209,180
Sun Oct 24 2021,Orlando Magic,110,New York Knicks,104,575,-783
Sun Oct 24 2021,Philadelphia 76ers,115,Oklahoma City Thunder,103,-461,368
Sun Oct 24 2021,Golden State Warriors,119,Sacramento Kings,107,-153,135
Sun Oct 24 2021,Memphis Grizzlies,118,Los Angeles Lakers,121,181,-211
Mon Oct 25 2021,Boston Celtics,140,Charlotte Hornets,129,-127,110
Mon Oct 25 2021,Milwaukee Bucks,119,Indiana Pacers,109,-122,105
Mon Oct 25 2021,Chicago Bulls,111,Toronto Raptors,108,-130,113
Mon Oct 25 2021,Orlando Magic,90,Miami Heat,107,712,-988
Mon Oct 25 2021,Washington Wizards,90,Brooklyn Nets,104,203,-239
Mon Oct 25 2021,Detroit Pistons,104,Atlanta Hawks,122,511,-680
Mon Oct 25 2021,New Orleans Pelicans,107,Minnesota Timberwolves,98,187,-219
Mon Oct 25 2021,Cleveland Cavaliers,99,Denver Nuggets,87,401,-515
Mon Oct 25 2021,Portland Trail Blazers,86,Los Angeles Clippers,116,118,-134
Tue Oct 26 2021,Philadelphia 76ers,99,New York Knicks,112,110,-126
Tue Oct 26 2021,Golden State Warriors,106,Oklahoma City Thunder,98,-564,436
Tue Oct 26 2021,Los Angeles Lakers,125,San Antonio Spurs,121,111,-128
Tue Oct 26 2021,Houston Rockets,106,Dallas Mavericks,116,474,-626
Tue Oct 26 2021,Denver Nuggets,110,Utah Jazz,122,264,-314
Wed Oct 27 2021,Charlotte Hornets,120,Orlando Magic,111,-223,189
Wed Oct 27 2021,Washington Wizards,116,Boston Celtics,107,157,-179
Wed Oct 27 2021,Miami Heat,106,Brooklyn Nets,93,138,-156
Wed Oct 27 2021,Indiana Pacers,100,Toronto Raptors,118,-101,-117
Wed Oct 27 2021,Atlanta Hawks,102,New Orleans Pelicans,99,-215,180
Wed Oct 27 2021,Minnesota Timberwolves,113,Milwaukee Bucks,108,199,-237
Wed Oct 27 2021,Los Angeles Lakers,115,Oklahoma City Thunder,123,-237,201
Wed Oct 27 2021,Sacramento Kings,110,Phoenix Suns,107,289,-353
Wed Oct 27 2021,Memphis Grizzlies,96,Portland Trail Blazers,116,116,-134
Wed Oct 27 2021,Cleveland Cavaliers,92,Los Angeles Clippers,79,294,-359
Thu Oct 28 2021,Atlanta Hawks,111,Washington Wizards,122,-177,156
Thu Oct 28 2021,Detroit Pistons,102,Philadelphia 76ers,110,439,-589
Thu Oct 28 2021,Utah Jazz,122,Houston Rockets,91,-449,352
Thu Oct 28 2021,New York Knicks,104,Chicago Bulls,103,104,-121
Thu Oct 28 2021,San Antonio Spurs,99,Dallas Mavericks,104,220,-262
Thu Oct 28 2021,Memphis Grizzlies,104,Golden State Warriors,101,201,-238
Fri Oct 29 2021,Orlando Magic,109,Toronto Raptors,110,326,-401
Fri Oct 29 2021,Charlotte Hornets,99,Miami Heat,114,233,-273
Fri Oct 29 2021,Indiana Pacers,98,Brooklyn Nets,105,323,-398
Fri Oct 29 2021,Sacramento Kings,113,New Orleans Pelicans,109,-124,107
Fri Oct 29 2021,Dallas Mavericks,75,Denver Nuggets,106,146,-168
Fri Oct 29 2021,Los Angeles Clippers,92,Portland Trail Blazers,111,140,-159
Fri Oct 29 2021,Cleveland Cavaliers,101,Los Angeles Lakers,113,281,-338
Sat Oct 30 2021,Boston Celtics,112,Washington Wizards,115,110,-127
Sat Oct 30 2021,Orlando Magic,103,Detroit Pistons,110,198,-234
Sat Oct 30 2021,New York Knicks,123,New Orleans Pelicans,117,-349,288
Sat Oct 30 2021,Toronto Raptors,97,Indiana Pacers,94,128,-144
Sat Oct 30 2021,Atlanta Hawks,94,Philadelphia 76ers,122,140,-160
Sat Oct 30 2021,Utah Jazz,99,Chicago Bulls,107,-158,138
Sat Oct 30 2021,Miami Heat,129,Memphis Grizzlies,103,138,-158
Sat Oct 30 2021,San Antonio Spurs,102,Milwaukee Bucks,93,237,-282
Sat Oct 30 2021,Oklahoma City Thunder,82,Golden State Warriors,103,610,-840
Sat Oct 30 2021,Denver Nuggets,93,Minnesota Timberwolves,91,104,-121
Sat Oct 30 2021,Cleveland Cavaliers,92,Phoenix Suns,101,377,-485
Sun Oct 31 2021,Sacramento Kings,99,Dallas Mavericks,105,159,-181
Sun Oct 31 2021,Portland Trail Blazers,113,Charlotte Hornets,125,-130,113
Sun Oct 31 2021,Utah Jazz,107,Milwaukee Bucks,95,-192,167
Sun Oct 31 2021,Detroit Pistons,91,Brooklyn Nets,117,578,-804
Sun Oct 31 2021,Houston Rockets,85,Los Angeles Lakers,95,444,-584
Mon Nov 1 2021,Cleveland Cavaliers,113,Charlotte Hornets,110,177,-203
Mon Nov 1 2021,San Antonio Spurs,118,Indiana Pacers,131,124,-141
Mon Nov 1 2021,Portland Trail Blazers,103,Philadelphia 76ers,113,-132,116
Mon Nov 1 2021,Washington Wizards,111,Atlanta Hawks,118,184,-216
Mon Nov 1 2021,Chicago Bulls,128,Boston Celtics,114,124,-141
Mon Nov 1 2021,Toronto Raptors,113,New York Knicks,104,247,-302
Mon Nov 1 2021,Denver Nuggets,97,Memphis Grizzlies,106,111,-128
Mon Nov 1 2021,Orlando Magic,115,Minnesota Timberwolves,97,320,-393
Mon Nov 1 2021,Oklahoma City Thunder,94,Los Angeles Clippers,99,596,-826
Tue Nov 2 2021,Milwaukee Bucks,117,Detroit Pistons,89,-177,156
Tue Nov 2 2021,Miami Heat,125,Dallas Mavericks,110,-141,124
Tue Nov 2 2021,Sacramento Kings,113,Utah Jazz,119,329,-408
Tue Nov 2 2021,New Orleans Pelicans,100,Phoenix Suns,112,397,-513
Tue Nov 2 2021,Houston Rockets,117,Los Angeles Lakers,119,468,-613
Wed Nov 3 2021,Portland Trail Blazers,104,Cleveland Cavaliers,107,-213,183
Wed Nov 3 2021,New York Knicks,98,Indiana Pacers,111,-107,-110
Wed Nov 3 2021,Boston Celtics,92,Orlando Magic,79,-286,243
Wed Nov 3 2021,Chicago Bulls,98,Philadelphia 76ers,103,114,-130
Wed Nov 3 2021,Toronto Raptors,109,Washington Wizards,100,141,-160
Wed Nov 3 2021,Atlanta Hawks,108,Brooklyn Nets,117,162,-184
Wed Nov 3 2021,Denver Nuggets,106,Memphis Grizzlies,108,-119,103
Wed Nov 3 2021,Los Angeles Clippers,126,Minnesota Timberwolves,115,-137,121
Wed Nov 3 2021,Dallas Mavericks,109,San Antonio Spurs,108,-132,115
Wed Nov 3 2021,Charlotte Hornets,92,Golden State Warriors,114,202,-238
Wed Nov 3 2021,New Orleans Pelicans,99,Sacramento Kings,112,191,-222
Thu Nov 4 2021,Philadelphia 76ers,109,Detroit Pistons,98,-191,167
Thu Nov 4 2021,Utah Jazz,116,Atlanta Hawks,98,-123,106
Thu Nov 4 2021,Boston Celtics,95,Miami Heat,78,222,-262
Thu Nov 4 2021,Houston Rockets,111,Phoenix Suns,123,505,-673
Thu Nov 4 2021,Oklahoma City Thunder,107,Los Angeles Lakers,104,453,-584
Fri Nov 5 2021,Brooklyn Nets,96,Detroit Pistons,90,-484,381
Fri Nov 5 2021,San Antonio Spurs,102,Orlando Magic,89,-169,150
Fri Nov 5 2021,Memphis Grizzlies,87,Washington Wizards,115,119,-136
Fri Nov 5 2021,New York Knicks,113,Milwaukee Bucks,98,138,-158
Fri Nov 5 2021,Cleveland Cavaliers,102,Toronto Raptors,101,193,-228
Fri Nov 5 2021,Los Angeles Clippers,104,Minnesota Timberwolves,84,-137,121
Fri Nov 5 2021,New Orleans Pelicans,85,Golden State Warriors,126,367,-458
Fri Nov 5 2021,Indiana Pacers,106,Portland Trail Blazers,110,185,-218
Fri Nov 5 2021,Charlotte Hornets,110,Sacramento Kings,140,111,-128
Sat Nov 6 2021,Houston Rockets,94,Denver Nuggets,95,467,-609
Sat Nov 6 2021,Utah Jazz,115,Miami Heat,118,-113,-104
Sat Nov 6 2021,Philadelphia 76ers,114,Chicago Bulls,105,153,-172
Sat Nov 6 2021,Boston Celtics,104,Dallas Mavericks,107,138,-156
Sat Nov 6 2021,Atlanta Hawks,117,Phoenix Suns,121,138,-159
Sat Nov 6 2021,Los Angeles Lakers,90,Portland Trail Blazers,105,175,-201
Sun Nov 7 2021,Brooklyn Nets,116,Toronto Raptors,103,-154,136
Sun Nov 7 2021,Cleveland Cavaliers,126,New York Knicks,109,268,-318
Sun Nov 7 2021,Utah Jazz,100,Orlando Magic,107,-650,488
Sun Nov 7 2021,Indiana Pacers,94,Sacramento Kings,91,118,-136
Sun Nov 7 2021,Milwaukee Bucks,94,Washington Wizards,101,-115,-102
Sun Nov 7 2021,San Antonio Spurs,94,Oklahoma City Thunder,99,-163,144
Sun Nov 7 2021,Houston Rockets,107,Golden State Warriors,120,648,-901
Sun Nov 7 2021,Charlotte Hornets,106,Los Angeles Clippers,120,204,-241
Mon Nov 8 2021,New York Knicks,103,Philadelphia 76ers,96,-133,117
Mon Nov 8 2021,Brooklyn Nets,95,Chicago Bulls,118,-113,-104
Mon Nov 8 2021,Minnesota Timberwolves,118,Memphis Grizzlies,125,164,-187
Mon Nov 8 2021,New Orleans Pelicans,92,Dallas Mavericks,108,335,-418
Mon Nov 8 2021,Miami Heat,96,Denver Nuggets,113,-128,109
Mon Nov 8 2021,Atlanta Hawks,113,Golden State Warriors,127,146,-163
Mon Nov 8 2021,Phoenix Suns,109,Sacramento Kings,104,-159,139
Mon Nov 8 2021,Charlotte Hornets,123,Los Angeles Lakers,126,119,-136
Tue Nov 9 2021,Milwaukee Bucks,118,Philadelphia 76ers,109,-294,249
Tue Nov 9 2021,Atlanta Hawks,98,Utah Jazz,110,313,-382
Tue Nov 9 2021,Portland Trail Blazers,109,Los Angeles Clippers,117,131,-148
Wed Nov 10 2021,Washington Wizards,97,Cleveland Cavaliers,94,-160,140
Wed Nov 10 2021,Brooklyn Nets,123,Orlando Magic,90,-472,369
Wed Nov 10 2021,Toronto Raptors,88,Boston Celtics,104,133,-149
Wed Nov 10 2021,Detroit Pistons,112,Houston Rockets,104,118,-134
Wed Nov 10 2021,Milwaukee Bucks,112,New York Knicks,100,142,-162
Wed Nov 10 2021,Dallas Mavericks,107,Chicago Bulls,117,141,-162
Wed Nov 10 2021,Charlotte Hornets,118,Memphis Grizzlies,108,165,-190
Wed Nov 10 2021,Oklahoma City Thunder,108,New Orleans Pelicans,100,154,-175
Wed Nov 10 2021,Sacramento Kings,117,San Antonio Spurs,136,-101,-115
Wed Nov 10 2021,Indiana Pacers,98,Denver Nuggets,101,-154,137
Wed Nov 10 2021,Portland Trail Blazers,109,Phoenix Suns,119,173,-202
Wed Nov 10 2021,Minnesota Timberwolves,110,Golden State Warriors,123,265,-316
Wed Nov 10 2021,Miami Heat,117,Los Angeles Lakers,120,-214,183
Thu Nov 11 2021,Toronto Raptors,115,Philadelphia 76ers,109,156,-180
Thu Nov 11 2021,Indiana Pacers,111,Utah Jazz,100,432,-565
Thu Nov 11 2021,Miami Heat,109,Los Angeles Clippers,112,180,-209
Fri Nov 12 2021,New York Knicks,96,Charlotte Hornets,104,-137,122
Fri Nov 12 2021,Milwaukee Bucks,113,Boston Celtics,122,168,-188
Fri Nov 12 2021,Detroit Pistons,78,Cleveland Cavaliers,98,170,-192
Fri Nov 12 2021,Portland Trail Blazers,104,Houston Rockets,92,-271,231
Fri Nov 12 2021,Phoenix Suns,119,Memphis Grizzlies,94,-124,108
Fri Nov 12 2021,Brooklyn Nets,120,New Orleans Pelicans,112,-443,363
Fri Nov 12 2021,Sacramento Kings,103,Oklahoma City Thunder,105,-190,170
Fri Nov 12 2021,Dallas Mavericks,123,San Antonio Spurs,109,-139,124
Fri Nov 12 2021,Atlanta Hawks,96,Denver Nuggets,105,139,-156
Fri Nov 12 2021,Chicago Bulls,93,Golden State Warriors,119,186,-211
Fri Nov 12 2021,Minnesota Timberwolves,107,Los Angeles Lakers,83,103,-115
Sat Nov 13 2021,Miami Heat,111,Utah Jazz,105,287,-342
Sat Nov 13 2021,Philadelphia 76ers,113,Indiana Pacers,118,152,-169
Sat Nov 13 2021,Memphis Grizzlies,101,New Orleans Pelicans,112,-161,143
Sat Nov 13 2021,Washington Wizards,104,Orlando Magic,92,-191,168
Sat Nov 13 2021,Detroit Pistons,127,Toronto Raptors,121,260,-314
Sat Nov 13 2021,Boston Celtics,89,Cleveland Cavaliers,91,-103,-113
Sat Nov 13 2021,Minnesota Timberwolves,102,Los Angeles Clippers,129,238,-281
Sun Nov 14 2021,San Antonio Spurs,106,Los Angeles Lakers,114,117,-133
Sun Nov 14 2021,Milwaukee Bucks,100,Atlanta Hawks,120,113,-130
Sun Nov 14 2021,Golden State Warriors,102,Charlotte Hornets,106,-218,185
Sun Nov 14 2021,Phoenix Suns,115,Houston Rockets,89,-367,292
Sun Nov 14 2021,Brooklyn Nets,120,Oklahoma City Thunder,96,-394,320
Sun Nov 14 2021,Portland Trail Blazers,95,Denver Nuggets,124,208,-241
Sun Nov 14 2021,Chicago Bulls,100,Los Angeles Clippers,90,145,-164
Mon Nov 15 2021,Boston Celtics,98,Cleveland Cavaliers,92,-172,154
Mon Nov 15 2021,Sacramento Kings,129,Detroit Pistons,107,-175,158
Mon Nov 15 2021,New Orleans Pelicans,100,Washington Wizards,105,159,-183
Mon Nov 15 2021,Orlando Magic,111,Atlanta Hawks,129,451,-584
Mon Nov 15 2021,Indiana Pacers,84,New York Knicks,92,131,-149
Mon Nov 15 2021,Denver Nuggets,101,Dallas Mavericks,111,178,-206
Mon Nov 15 2021,Houston Rockets,102,Memphis Grizzlies,136,500,-656
Mon Nov 15 2021,Phoenix Suns,99,Minnesota Timberwolves,96,-166,149
Mon Nov 15 2021,Miami Heat,103,Oklahoma City Thunder,90,-257,219
Mon Nov 15 2021,Toronto Raptors,113,Portland Trail Blazers,118,134,-153
Mon Nov 15 2021,Chicago Bulls,121,Los Angeles Lakers,103,-128,110
Tue Nov 16 2021,Golden State Warriors,117,Brooklyn Nets,99,121,-140
Tue Nov 16 2021,Philadelphia 76ers,85,Utah Jazz,120,426,-551
Tue Nov 16 2021,San Antonio Spurs,92,Los Angeles Clippers,106,259,-305
Wed Nov 17 2021,Washington Wizards,87,Charlotte Hornets,97,102,-118
Wed Nov 17 2021,Indiana Pacers,89,Detroit Pistons,97,-284,236
Wed Nov 17 2021,Boston Celtics,99,Atlanta Hawks,110,157,-182
Wed Nov 17 2021,Cleveland Cavaliers,99,Brooklyn Nets,109,354,-446
Wed Nov 17 2021,New Orleans Pelicans,98,Miami Heat,113,262,-315
Wed Nov 17 2021,Los Angeles Lakers,102,Milwaukee Bucks,109,314,-376
Wed Nov 17 2021,Orlando Magic,104,New York Knicks,98,501,-673
Wed Nov 17 2021,Sacramento Kings,97,Minnesota Timberwolves,107,116,-134
Wed Nov 17 2021,Houston Rockets,89,Oklahoma City Thunder,101,123,-141
Wed Nov 17 2021,Dallas Mavericks,98,Phoenix Suns,105,298,-365
Wed Nov 17 2021,Chicago Bulls,107,Portland Trail Blazers,112,151,-183
Thu Nov 18 2021,Golden State Warriors,104,Cleveland Cavaliers,89,-480,377
Thu Nov 18 2021,Washington Wizards,97,Miami Heat,112,204,-240
Thu Nov 18 2021,Los Angeles Clippers,108,Memphis Grizzlies,120,-109,-107
Thu Nov 18 2021,San Antonio Spurs,90,Minnesota Timberwolves,115,-100,-118
Thu Nov 18 2021,Philadelphia 76ers,103,Denver Nuggets,89,263,-312
Thu Nov 18 2021,Toronto Raptors,103,Utah Jazz,119,389,-494
Fri Nov 19 2021,Indiana Pacers,118,Charlotte Hornets,121,-109,-107
Fri Nov 19 2021,Golden State Warriors,105,Detroit Pistons,102,-156,133
Fri Nov 19 2021,Los Angeles Lakers,108,Boston Celtics,130,101,-119
Fri Nov 19 2021,Orlando Magic,113,Brooklyn Nets,115,408,-536
Fri Nov 19 2021,Oklahoma City Thunder,89,Milwaukee Bucks,96,657,-959
Fri Nov 19 2021,Los Angeles Clippers,81,New Orleans Pelicans,94,-179,158
Fri Nov 19 2021,Chicago Bulls,114,Denver Nuggets,108,-139,121
Fri Nov 19 2021,Dallas Mavericks,104,Phoenix Suns,112,288,-358
Fri Nov 19 2021,Toronto Raptors,108,Sacramento Kings,89,139,-157
Sat Nov 20 2021,Houston Rockets,99,New York Knicks,106,476,-629
Sat Nov 20 2021,New Orleans Pelicans,94,Indiana Pacers,111,262,-312
Sat Nov 20 2021,Miami Heat,100,Washington Wizards,103,-133,117
Sat Nov 20 2021,Charlotte Hornets,105,Atlanta Hawks,115,241,-283
Sat Nov 20 2021,Oklahoma City Thunder,105,Boston Celtics,111,349,-431
Sat Nov 20 2021,Orlando Magic,108,Milwaukee Bucks,117,573,-793
Sat Nov 20 2021,Memphis Grizzlies,95,Minnesota Timberwolves,138,121,-137
Sat Nov 20 2021,Philadelphia 76ers,111,Portland Trail Blazers,118,242,-282
Sat Nov 20 2021,Utah Jazz,123,Sacramento Kings,105,-333,276
Sun Nov 21 2021,Dallas Mavericks,91,Los Angeles Clippers,97,185,-216
Sun Nov 21 2021,Los Angeles Lakers,121,Detroit Pistons,116,-307,258
Sun Nov 21 2021,New York Knicks,103,Chicago Bulls,109,182,-214
Sun Nov 21 2021,Denver Nuggets,97,Phoenix Suns,126,441,-565
Sun Nov 21 2021,Toronto Raptors,104,Golden State Warriors,119,327,-404
Mon Nov 22 2021,Brooklyn Nets,117,Cleveland Cavaliers,112,-222,188
Mon Nov 22 2021,Charlotte Hornets,109,Washington Wizards,103,162,-183
Mon Nov 22 2021,Oklahoma City Thunder,101,Atlanta Hawks,113,671,-949
Mon Nov 22 2021,Houston Rockets,90,Boston Celtics,108,528,-706
Mon Nov 22 2021,Indiana Pacers,109,Chicago Bulls,77,108,-124
Mon Nov 22 2021,Orlando Magic,92,Milwaukee Bucks,123,686,-945
Mon Nov 22 2021,Minnesota Timberwolves,110,New Orleans Pelicans,96,-158,139
Mon Nov 22 2021,Phoenix Suns,115,San Antonio Spurs,111,-216,184
Mon Nov 22 2021,Memphis Grizzlies,119,Utah Jazz,118,433,-558
Mon Nov 22 2021,Philadelphia 76ers,102,Sacramento Kings,94,170,-194
Tue Nov 23 2021,Miami Heat,100,Detroit Pistons,92,-522,405
Tue Nov 23 2021,Los Angeles Lakers,100,New York Knicks,106,171,-196
Tue Nov 23 2021,Denver Nuggets,100,Portland Trail Blazers,119,349,-435
Tue Nov 23 2021,Dallas Mavericks,112,Los Angeles Clippers,104,129,-146
Wed Nov 24 2021,Phoenix Suns,120,Cleveland Cavaliers,115,-302,255
Wed Nov 24 2021,Los Angeles Lakers,124,Indiana Pacers,116,208,-243
Wed Nov 24 2021,Charlotte Hornets,106,Orlando Magic,99,-328,275
Wed Nov 24 2021,Brooklyn Nets,123,Boston Celtics,104,-101,-116
Wed Nov 24 2021,Chicago Bulls,113,Houston Rockets,118,-449,363
Wed Nov 24 2021,Toronto Raptors,126,Memphis Grizzlies,113,143,-160
Wed Nov 24 2021,Detroit Pistons,93,Milwaukee Bucks,114,918,-1392
Wed Nov 24 2021,Miami Heat,101,Minnesota Timberwolves,113,-108,-105
Wed Nov 24 2021,Washington Wizards,102,New Orleans Pelicans,127,-160,143
Wed Nov 24 2021,Utah Jazz,110,Oklahoma City Thunder,104,-1096,763
Wed Nov 24 2021,Atlanta Hawks,124,San Antonio Spurs,106,-165,148
Wed Nov 24 2021,Philadelphia 76ers,96,Golden State Warriors,116,409,-515
Wed Nov 24 2021,Portland Trail Blazers,121,Sacramento Kings,125,-161,143
Fri Nov 26 2021,Detroit Pistons,96,Los Angeles Clippers,107,516,-683
Fri Nov 26 2021,Minnesota Timberwolves,115,Charlotte Hornets,133,115,-132
Fri Nov 26 2021,Phoenix Suns,118,New York Knicks,97,-170,153
Fri Nov 26 2021,Chicago Bulls,123,Orlando Magic,88,-463,368
Fri Nov 26 2021,Toronto Raptors,97,Indiana Pacers,114,170,-195
Fri Nov 26 2021,Atlanta Hawks,132,Memphis Grizzlies,100,-109,-107
Fri Nov 26 2021,Washington Wizards,101,Oklahoma City Thunder,99,-253,214
Fri Nov 26 2021,Boston Celtics,88,San Antonio Spurs,96,-183,160
Fri Nov 26 2021,Milwaukee Bucks,120,Denver Nuggets,109,-230,197
Fri Nov 26 2021,New Orleans Pelicans,98,Utah Jazz,97,679,-935
Fri Nov 26 2021,Portland Trail Blazers,103,Golden State Warriors,118,204,-241
Fri Nov 26 2021,Sacramento Kings,141,Los Angeles Lakers,137,270,-328
Sat Nov 27 2021,Minnesota Timberwolves,121,Philadelphia 76ers,120,230,-268
Sat Nov 27 2021,New York Knicks,99,Atlanta Hawks,90,268,-318
Sat Nov 27 2021,Phoenix Suns,113,Brooklyn Nets,107,109,-125
Sat Nov 27 2021,Miami Heat,107,Chicago Bulls,104,-116,-101
Sat Nov 27 2021,Orlando Magic,92,Cleveland Cavaliers,105,398,-494
Sat Nov 27 2021,Charlotte Hornets,143,Houston Rockets,146,-213,183
Sat Nov 27 2021,Washington Wizards,120,Dallas Mavericks,114,222,-255
Sat Nov 27 2021,New Orleans Pelicans,105,Utah Jazz,127,632,-871
Sun Nov 28 2021,Golden State Warriors,105,Los Angeles Clippers,90,-140,123
Sun Nov 28 2021,Milwaukee Bucks,118,Indiana Pacers,100,-131,113
Sun Nov 28 2021,Sacramento Kings,101,Memphis Grizzlies,128,144,-162
Sun Nov 28 2021,Boston Celtics,109,Toronto Raptors,97,-128,111
Sun Nov 28 2021,Detroit Pistons,106,Los Angeles Lakers,110,422,-528
Mon Nov 29 2021,Orlando Magic,96,Philadelphia 76ers,101,678,-995
Mon Nov 29 2021,Denver Nuggets,120,Miami Heat,111,147,-168
Mon Nov 29 2021,Charlotte Hornets,119,Chicago Bulls,133,174,-199
Mon Nov 29 2021,Oklahoma City Thunder,89,Houston Rockets,102,119,-138
Mon Nov 29 2021,Indiana Pacers,98,Minnesota Timberwolves,100,146,-163
Mon Nov 29 2021,Cleveland Cavaliers,114,Dallas Mavericks,96,230,-268
Mon Nov 29 2021,Washington Wizards,99,San Antonio Spurs,116,-153,135
Mon Nov 29 2021,Portland Trail Blazers,107,Utah Jazz,129,238,-276
Mon Nov 29 2021,New Orleans Pelicans,123,Los Angeles Clippers,104,244,-286
Tue Nov 30 2021,New York Knicks,110,Brooklyn Nets,112,209,-244
Tue Nov 30 2021,Memphis Grizzlies,98,Toronto Raptors,91,129,-146
Tue Nov 30 2021,Golden State Warriors,96,Phoenix Suns,104,139,-156
Tue Nov 30 2021,Detroit Pistons,92,Portland Trail Blazers,110,290,-346
Tue Nov 30 2021,Los Angeles Lakers,117,Sacramento Kings,92,-110,-107
Wed Dec 1 2021,Atlanta Hawks,114,Indiana Pacers,111,114,-131
Wed Dec 1 2021,Denver Nuggets,103,Orlando Magic,108,-340,284
Wed Dec 1 2021,Minnesota Timberwolves,107,Washington Wizards,115,143,-163
Wed Dec 1 2021,Philadelphia 76ers,87,Boston Celtics,88,134,-152
Wed Dec 1 2021,Cleveland Cavaliers,111,Miami Heat,85,132,-149
Wed Dec 1 2021,Charlotte Hornets,125,Milwaukee Bucks,127,321,-392
Wed Dec 1 2021,Dallas Mavericks,139,New Orleans Pelicans,107,-172,154
Wed Dec 1 2021,Houston Rockets,114,Oklahoma City Thunder,110,115,-132
Wed Dec 1 2021,Sacramento Kings,124,Los Angeles Clippers,115,209,-246
Thu Dec 2 2021,Chicago Bulls,119,New York Knicks,115,-131,114
Thu Dec 2 2021,Milwaukee Bucks,93,Toronto Raptors,97,-140,120
Thu Dec 2 2021,Oklahoma City Thunder,79,Memphis Grizzlies,152,443,-584
Thu Dec 2 2021,Detroit Pistons,103,Phoenix Suns,114,531,-730
Thu Dec 2 2021,San Antonio Spurs,114,Portland Trail Blazers,83,174,-199
Fri Dec 3 2021,Miami Heat,113,Indiana Pacers,104,182,-213
Fri Dec 3 2021,Cleveland Cavaliers,116,Washington Wizards,101,126,-144
Fri Dec 3 2021,Philadelphia 76ers,98,Atlanta Hawks,96,123,-140
Fri Dec 3 2021,Minnesota Timberwolves,105,Brooklyn Nets,110,310,-377
Fri Dec 3 2021,Orlando Magic,116,Houston Rockets,118,129,-146
Fri Dec 3 2021,New Orleans Pelicans,107,Dallas Mavericks,91,242,-285
Fri Dec 3 2021,Boston Celtics,130,Utah Jazz,137,284,-339
Fri Dec 3 2021,Phoenix Suns,96,Golden State Warriors,118,256,-305
Fri Dec 3 2021,Los Angeles Clippers,119,Los Angeles Lakers,115,118,-135
Sat Dec 4 2021,Denver Nuggets,113,New York Knicks,99,114,-131
Sat Dec 4 2021,Chicago Bulls,111,Brooklyn Nets,107,121,-138
Sat Dec 4 2021,Miami Heat,102,Milwaukee Bucks,124,206,-241
Sat Dec 4 2021,Memphis Grizzlies,97,Dallas Mavericks,90,-115,-102
Sat Dec 4 2021,San Antonio Spurs,112,Golden State Warriors,107,342,-425
Sat Dec 4 2021,Boston Celtics,145,Portland Trail Blazers,117,-108,-109
Sat Dec 4 2021,Los Angeles Clippers,99,Sacramento Kings,104,-129,111
Sun Dec 5 2021,Utah Jazz,109,Cleveland Cavaliers,108,-206,180
Sun Dec 5 2021,Charlotte Hornets,130,Atlanta Hawks,127,264,-314
Sun Dec 5 2021,Washington Wizards,90,Toronto Raptors,102,-100,-117
Sun Dec 5 2021,New Orleans Pelicans,108,Houston Rockets,118,-141,124
Mon Dec 6 2021,Philadelphia 76ers,127,Charlotte Hornets,124,-310,262
Mon Dec 6 2021,Oklahoma City Thunder,114,Detroit Pistons,103,135,-152
Mon Dec 6 2021,Washington Wizards,110,Indiana Pacers,116,196,-227
Mon Dec 6 2021,Memphis Grizzlies,105,Miami Heat,90,190,-222
Mon Dec 6 2021,Denver Nuggets,97,Chicago Bulls,109,115,-132
Mon Dec 6 2021,Cleveland Cavaliers,104,Milwaukee Bucks,112,306,-377
Mon Dec 6 2021,Atlanta Hawks,121,Minnesota Timberwolves,110,108,-125
Mon Dec 6 2021,San Antonio Spurs,104,Phoenix Suns,108,256,-304
Mon Dec 6 2021,Orlando Magic,95,Golden State Warriors,126,1058,-1702
Mon Dec 6 2021,Los Angeles Clippers,102,Portland Trail Blazers,90,-189,164
Tue Dec 7 2021,Brooklyn Nets,102,Dallas Mavericks,99,-127,110
Tue Dec 7 2021,New York Knicks,121,San Antonio Spurs,109,-123,106
Tue Dec 7 2021,Boston Celtics,102,Los Angeles Lakers,117,134,-151
Wed Dec 8 2021,Philadelphia 76ers,110,Charlotte Hornets,106,-252,215
Wed Dec 8 2021,Chicago Bulls,92,Cleveland Cavaliers,115,134,-151
Wed Dec 8 2021,Washington Wizards,119,Detroit Pistons,116,-207,178
Wed Dec 8 2021,New York Knicks,102,Indiana Pacers,122,172,-197
Wed Dec 8 2021,Milwaukee Bucks,104,Miami Heat,113,-268,230
Wed Dec 8 2021,Oklahoma City Thunder,110,Toronto Raptors,109,276,-331
Wed Dec 8 2021,Brooklyn Nets,104,Houston Rockets,114,-165,146
Wed Dec 8 2021,Dallas Mavericks,104,Memphis Grizzlies,96,-102,-116
Wed Dec 8 2021,Utah Jazz,136,Minnesota Timberwolves,104,-268,233
Wed Dec 8 2021,Denver Nuggets,120,New Orleans Pelicans,114,-129,111
Wed Dec 8 2021,Portland Trail Blazers,94,Golden State Warriors,104,1016,-1612
Wed Dec 8 2021,Orlando Magic,130,Sacramento Kings,142,255,-304
Wed Dec 8 2021,Boston Celtics,111,Los Angeles Clippers,114,103,-120
Thu Dec 9 2021,Utah Jazz,118,Philadelphia 76ers,96,-147,130
Thu Dec 9 2021,Los Angeles Lakers,95,Memphis Grizzlies,108,-177,159
Thu Dec 9 2021,Denver Nuggets,111,San Antonio Spurs,123,116,-134
Fri Dec 10 2021,Sacramento Kings,123,Charlotte Hornets,124,-124,107
Fri Dec 10 2021,Dallas Mavericks,93,Indiana Pacers,106,111,-128
Fri Dec 10 2021,Brooklyn Nets,113,Atlanta Hawks,105,110,-127
Fri Dec 10 2021,New York Knicks,87,Toronto Raptors,90,106,-123
Fri Dec 10 2021,Milwaukee Bucks,123,Houston Rockets,114,-435,340
Fri Dec 10 2021,Cleveland Cavaliers,123,Minnesota Timberwolves,106,-126,109
Fri Dec 10 2021,Detroit Pistons,93,New Orleans Pelicans,109,208,-246
Fri Dec 10 2021,Los Angeles Lakers,116,Oklahoma City Thunder,95,-168,146
Fri Dec 10 2021,Boston Celtics,90,Phoenix Suns,111,139,-156
Sat Dec 11 2021,Orlando Magic,104,Los Angeles Clippers,106,302,-376
Sat Dec 11 2021,Utah Jazz,123,Washington Wizards,98,-281,239
Sat Dec 11 2021,Sacramento Kings,103,Cleveland Cavaliers,117,216,-252
Sat Dec 11 2021,Houston Rockets,106,Memphis Grizzlies,113,291,-347
Sat Dec 11 2021,Chicago Bulls,92,Miami Heat,118,-125,108
Sat Dec 11 2021,Golden State Warriors,93,Philadelphia 76ers,102,-156,138
Sat Dec 11 2021,Denver Nuggets,127,San Antonio Spurs,112,-112,-105
Sun Dec 12 2021,Milwaukee Bucks,112,New York Knicks,97,-242,205
Sun Dec 12 2021,Brooklyn Nets,116,Detroit Pistons,104,-313,264
Sun Dec 12 2021,Dallas Mavericks,103,Oklahoma City Thunder,84,-175,156
Sun Dec 12 2021,New Orleans Pelicans,97,San Antonio Spurs,112,112,-129
Sun Dec 12 2021,Minnesota Timberwolves,116,Portland Trail Blazers,111,130,-147
Sun Dec 12 2021,Orlando Magic,94,Los Angeles Lakers,106,382,-479
Mon Dec 13 2021,Miami Heat,94,Cleveland Cavaliers,105,183,-213
Mon Dec 13 2021,Golden State Warriors,102,Indiana Pacers,100,-179,156
Mon Dec 13 2021,Sacramento Kings,101,Toronto Raptors,124,161,-184
Mon Dec 13 2021,Houston Rockets,132,Atlanta Hawks,126,401,-543
Mon Dec 13 2021,Milwaukee Bucks,103,Boston Celtics,117,-116,-102
Mon Dec 13 2021,Philadelphia 76ers,91,Memphis Grizzlies,126,-123,106
Mon Dec 13 2021,Charlotte Hornets,96,Dallas Mavericks,120,126,-144
Mon Dec 13 2021,Washington Wizards,107,Denver Nuggets,113,142,-161
Mon Dec 13 2021,Phoenix Suns,95,Los Angeles Clippers,111,-155,137
Tue Dec 14 2021,Toronto Raptors,129,Brooklyn Nets,131,150,-171
Tue Dec 14 2021,Golden State Warriors,105,New York Knicks,96,-235,199
Tue Dec 14 2021,Phoenix Suns,111,Portland Trail Blazers,107,-118,101
Wed Dec 15 2021,Houston Rockets,89,Cleveland Cavaliers,124,351,-439
Wed Dec 15 2021,Atlanta Hawks,111,Orlando Magic,99,-384,304
Wed Dec 15 2021,Miami Heat,101,Philadelphia 76ers,96,272,-323
Wed Dec 15 2021,Los Angeles Lakers,107,Dallas Mavericks,104,-166,145
Wed Dec 15 2021,Indiana Pacers,99,Milwaukee Bucks,114,-160,136
Wed Dec 15 2021,New Orleans Pelicans,113,Oklahoma City Thunder,110,-182,159
Wed Dec 15 2021,Charlotte Hornets,131,San Antonio Spurs,115,127,-144
Wed Dec 15 2021,Minnesota Timberwolves,124,Denver Nuggets,107,156,-174
Wed Dec 15 2021,Memphis Grizzlies,113,Portland Trail Blazers,103,-113,-103
Wed Dec 15 2021,Washington Wizards,105,Sacramento Kings,119,-131,114
Wed Dec 15 2021,Los Angeles Clippers,103,Utah Jazz,124,593,-829
Thu Dec 16 2021,Detroit Pistons,113,Indiana Pacers,122,417,-531
Thu Dec 16 2021,Philadelphia 76ers,105,Brooklyn Nets,114,-139,123
Thu Dec 16 2021,New York Knicks,116,Houston Rockets,103,-214,187
Thu Dec 16 2021,Washington Wizards,98,Phoenix Suns,118,325,-414
Fri Dec 17 2021,Miami Heat,115,Orlando Magic,105,-398,327
Fri Dec 17 2021,Denver Nuggets,133,Atlanta Hawks,115,141,-159
Fri Dec 17 2021,Golden State Warriors,111,Boston Celtics,107,-183,161
Fri Dec 17 2021,Milwaukee Bucks,112,New Orleans Pelicans,116,103,-119
Fri Dec 17 2021,San Antonio Spurs,128,Utah Jazz,126,499,-706
Fri Dec 17 2021,Los Angeles Lakers,92,Minnesota Timberwolves,110,-122,106
Fri Dec 17 2021,Charlotte Hornets,116,Portland Trail Blazers,125,106,-123
Fri Dec 17 2021,Memphis Grizzlies,124,Sacramento Kings,105,-271,234
Sat Dec 18 2021,Houston Rockets,116,Detroit Pistons,107,-116,-101
Sat Dec 18 2021,New York Knicks,107,Boston Celtics,114,201,-235
Sat Dec 18 2021,Orlando Magic,100,Brooklyn Nets,93,179,-211
Sat Dec 18 2021,Golden State Warriors,100,Toronto Raptors,119,279,-342
Sat Dec 18 2021,Los Angeles Clippers,103,Oklahoma City Thunder,104,-189,165
Sat Dec 18 2021,Cleveland Cavaliers,119,Milwaukee Bucks,90,-228,194
Sat Dec 18 2021,Washington Wizards,109,Utah Jazz,103,366,-476
Sun Dec 19 2021,Miami Heat,90,Detroit Pistons,100,-260,221
Sun Dec 19 2021,Portland Trail Blazers,105,Memphis Grizzlies,100,160,-181
Sun Dec 19 2021,San Antonio Spurs,114,Sacramento Kings,121,-197,172
Sun Dec 19 2021,Los Angeles Lakers,110,Chicago Bulls,115,240,-281
Sun Dec 19 2021,Dallas Mavericks,105,Minnesota Timberwolves,111,146,-164
Sun Dec 19 2021,Charlotte Hornets,106,Phoenix Suns,137,306,-374
Mon Dec 20 2021,Philadelphia 76ers,108,Boston Celtics,103,136,-156
Mon Dec 20 2021,Houston Rockets,118,Chicago Bulls,133,253,-305
Mon Dec 20 2021,Oklahoma City Thunder,102,Memphis Grizzlies,99,334,-432
Mon Dec 20 2021,Charlotte Hornets,102,Utah Jazz,112,611,-898
Mon Dec 20 2021,Sacramento Kings,98,Golden State Warriors,113,626,-931
Mon Dec 20 2021,San Antonio Spurs,116,Los Angeles Clippers,92,202,-241
Tue Dec 21 2021,Indiana Pacers,96,Miami Heat,125,-133,116
Tue Dec 21 2021,Detroit Pistons,91,New York Knicks,105,258,-315
Tue Dec 21 2021,Portland Trail Blazers,97,New Orleans Pelicans,111,-106,-111
Tue Dec 21 2021,Minnesota Timberwolves,102,Dallas Mavericks,114,-133,117
Tue Dec 21 2021,Phoenix Suns,108,Los Angeles Lakers,90,-298,247
Wed Dec 22 2021,Orlando Magic,104,Atlanta Hawks,98,262,-317
Wed Dec 22 2021,Cleveland Cavaliers,101,Boston Celtics,111,212,-248
Wed Dec 22 2021,Houston Rockets,106,Milwaukee Bucks,126,327,-419
Wed Dec 22 2021,Denver Nuggets,94,Oklahoma City Thunder,108,-263,226
Wed Dec 22 2021,Los Angeles Clippers,105,Sacramento Kings,89,-179,160
Thu Dec 23 2021,Houston Rockets,106,Indiana Pacers,118,221,-262
Thu Dec 23 2021,New Orleans Pelicans,110,Orlando Magic,104,-191,166
Thu Dec 23 2021,Atlanta Hawks,98,Philadelphia 76ers,96,466,-672
Thu Dec 23 2021,Detroit Pistons,112,Miami Heat,115,561,-815
Thu Dec 23 2021,Washington Wizards,124,New York Knicks,117,133,-151
Thu Dec 23 2021,Milwaukee Bucks,102,Dallas Mavericks,95,-164,144
Thu Dec 23 2021,Charlotte Hornets,115,Denver Nuggets,107,119,-137
Thu Dec 23 2021,Oklahoma City Thunder,101,Phoenix Suns,113,864,-1389
Thu Dec 23 2021,Minnesota Timberwolves,116,Utah Jazz,128,892,-1533
Thu Dec 23 2021,Memphis Grizzlies,104,Golden State Warriors,113,184,-218
Thu Dec 23 2021,San Antonio Spurs,138,Los Angeles Lakers,110,105,-122
Sat Dec 25 2021,Atlanta Hawks,87,New York Knicks,101,201,-237
Sat Dec 25 2021,Boston Celtics,113,Milwaukee Bucks,117,265,-320
Sat Dec 25 2021,Golden State Warriors,116,Phoenix Suns,107,202,-240
Sat Dec 25 2021,Brooklyn Nets,122,Los Angeles Lakers,115,128,-147
Sat Dec 25 2021,Dallas Mavericks,116,Utah Jazz,120,679,-1029
Sun Dec 26 2021,Orlando Magic,83,Miami Heat,93,429,-581
Sun Dec 26 2021,Toronto Raptors,99,Cleveland Cavaliers,144,309,-387
Sun Dec 26 2021,Memphis Grizzlies,127,Sacramento Kings,102,-136,119
Sun Dec 26 2021,Philadelphia 76ers,117,Washington Wizards,96,-170,148
Sun Dec 26 2021,New Orleans Pelicans,112,Oklahoma City Thunder,117,-122,105
Sun Dec 26 2021,Detroit Pistons,109,San Antonio Spurs,144,388,-521
Sun Dec 26 2021,Indiana Pacers,105,Chicago Bulls,113,152,-174
Sun Dec 26 2021,Denver Nuggets,103,Los Angeles Clippers,100,-165,144
Mon Dec 27 2021,Houston Rockets,99,Charlotte Hornets,123,277,-346
Mon Dec 27 2021,Chicago Bulls,130,Atlanta Hawks,118,-166,142
Mon Dec 27 2021,Boston Celtics,103,Minnesota Timberwolves,108,-210,178
Mon Dec 27 2021,Utah Jazz,110,San Antonio Spurs,104,-284,239
Mon Dec 27 2021,Memphis Grizzlies,114,Phoenix Suns,113,264,-323
Mon Dec 27 2021,Dallas Mavericks,132,Portland Trail Blazers,117,132,-149
Mon Dec 27 2021,Brooklyn Nets,124,Los Angeles Clippers,108,-170,149
Tue Dec 28 2021,Milwaukee Bucks,127,Orlando Magic,110,-1398,855
Tue Dec 28 2021,Washington Wizards,112,Miami Heat,119,275,-337
Tue Dec 28 2021,Philadelphia 76ers,114,Toronto Raptors,109,-249,209
Tue Dec 28 2021,Los Angeles Lakers,132,Houston Rockets,123,-241,204
Tue Dec 28 2021,New York Knicks,96,Minnesota Timberwolves,88,-208,178
Tue Dec 28 2021,Cleveland Cavaliers,104,New Orleans Pelicans,108,-191,165
Tue Dec 28 2021,Denver Nuggets,89,Golden State Warriors,86,285,-347
Tue Dec 28 2021,Oklahoma City Thunder,111,Sacramento Kings,117,190,-223
Wed Dec 29 2021,New York Knicks,94,Detroit Pistons,85,-363,291
Wed Dec 29 2021,Charlotte Hornets,116,Indiana Pacers,108,142,-163
Wed Dec 29 2021,Los Angeles Clippers,91,Boston Celtics,82,204,-240
Wed Dec 29 2021,Atlanta Hawks,117,Chicago Bulls,131,284,-346
Wed Dec 29 2021,Los Angeles Lakers,99,Memphis Grizzlies,104,191,-229
Wed Dec 29 2021,Oklahoma City Thunder,97,Phoenix Suns,115,1039,-1646
Wed Dec 29 2021,Utah Jazz,120,Portland Trail Blazers,105,-311,259
Wed Dec 29 2021,Dallas Mavericks,94,Sacramento Kings,95,-112,-105
Thu Dec 30 2021,Philadelphia 76ers,110,Brooklyn Nets,102,179,-212
Thu Dec 30 2021,Milwaukee Bucks,136,Orlando Magic,118,-1212,780
Thu Dec 30 2021,Cleveland Cavaliers,93,Washington Wizards,110,150,-171
Fri Dec 31 2021,Phoenix Suns,108,Boston Celtics,123,-165,144
Fri Dec 31 2021,Chicago Bulls,108,Indiana Pacers,106,-160,139
Fri Dec 31 2021,Dallas Mavericks,112,Sacramento Kings,96,-116,-102
Fri Dec 31 2021,Miami Heat,120,Houston Rockets,110,-202,173
Fri Dec 31 2021,Atlanta Hawks,121,Cleveland Cavaliers,118,107,-125
Fri Dec 31 2021,Los Angeles Clippers,108,Toronto Raptors,116,224,-263
Fri Dec 31 2021,San Antonio Spurs,105,Memphis Grizzlies,118,191,-226
Fri Dec 31 2021,New York Knicks,80,Oklahoma City Thunder,95,-145,126
Fri Dec 31 2021,Minnesota Timberwolves,108,Utah Jazz,120,586,-873
Fri Dec 31 2021,Portland Trail Blazers,106,Los Angeles Lakers,139,200,-234
Sat Jan 1 2022,New Orleans Pelicans,113,Milwaukee Bucks,136,610,-897
Sat Jan 1 2022,San Antonio Spurs,116,Detroit Pistons,117,-266,224
Sat Jan 1 2022,Chicago Bulls,120,Washington Wizards,119,-134,117
Sat Jan 1 2022,Los Angeles Clippers,120,Brooklyn Nets,116,711,-1071
Sat Jan 1 2022,Denver Nuggets,124,Houston Rockets,111,-317,261
Sat Jan 1 2022,Golden State Warriors,123,Utah Jazz,116,176,-208
Sun Jan 2 2022,New York Knicks,105,Toronto Raptors,120,284,-351
Sun Jan 2 2022,Orlando Magic,111,Boston Celtics,116,414,-558
Sun Jan 2 2022,Indiana Pacers,104,Cleveland Cavaliers,108,158,-180
Sun Jan 2 2022,Miami Heat,113,Sacramento Kings,115,-166,143
Sun Jan 2 2022,Phoenix Suns,133,Charlotte Hornets,99,-126,109
Sun Jan 2 2022,Dallas Mavericks,95,Oklahoma City Thunder,86,-539,403
Sun Jan 2 2022,Minnesota Timberwolves,103,Los Angeles Lakers,108,271,-345
Mon Jan 3 2022,Houston Rockets,113,Philadelphia 76ers,133,708,-1047
Mon Jan 3 2022,Charlotte Hornets,121,Washington Wizards,124,109,-127
Mon Jan 3 2022,Memphis Grizzlies,118,Brooklyn Nets,104,213,-259
Mon Jan 3 2022,Orlando Magic,98,Chicago Bulls,102,727,-1118
Mon Jan 3 2022,Detroit Pistons,115,Milwaukee Bucks,106,1119,-1925
Mon Jan 3 2022,Utah Jazz,115,New Orleans Pelicans,104,-407,308
Mon Jan 3 2022,Denver Nuggets,89,Dallas Mavericks,103,126,-144
Mon Jan 3 2022,Miami Heat,108,Golden State Warriors,115,429,-581
Mon Jan 3 2022,Atlanta Hawks,131,Portland Trail Blazers,136,-177,156
Mon Jan 3 2022,Minnesota Timberwolves,122,Los Angeles Clippers,104,141,-162
Tue Jan 4 2022,Memphis Grizzlies,110,Cleveland Cavaliers,106,134,-155
Tue Jan 4 2022,San Antonio Spurs,104,Toronto Raptors,129,242,-288
Tue Jan 4 2022,Indiana Pacers,94,New York Knicks,104,139,-160
Tue Jan 4 2022,Phoenix Suns,123,New Orleans Pelicans,110,-279,235
Tue Jan 4 2022,Sacramento Kings,114,Los Angeles Lakers,122,215,-249
Wed Jan 5 2022,Detroit Pistons,111,Charlotte Hornets,140,418,-571
Wed Jan 5 2022,Philadelphia 76ers,116,Orlando Magic,106,-388,303
Wed Jan 5 2022,Houston Rockets,114,Washington Wizards,111,257,-311
Wed Jan 5 2022,San Antonio Spurs,99,Boston Celtics,97,261,-321
Wed Jan 5 2022,Golden State Warriors,82,Dallas Mavericks,99,-185,162
Wed Jan 5 2022,Brooklyn Nets,129,Indiana Pacers,121,-389,313
Wed Jan 5 2022,Toronto Raptors,117,Milwaukee Bucks,111,116,-134
Wed Jan 5 2022,Oklahoma City Thunder,90,Minnesota Timberwolves,98,338,-433
Wed Jan 5 2022,Utah Jazz,115,Denver Nuggets,109,-106,-111
Wed Jan 5 2022,Miami Heat,115,Portland Trail Blazers,109,-142,124
Wed Jan 5 2022,Atlanta Hawks,108,Sacramento Kings,102,105,-122
Thu Jan 6 2022,Boston Celtics,105,New York Knicks,108,-135,117
Thu Jan 6 2022,Detroit Pistons,88,Memphis Grizzlies,118,703,-1067
Thu Jan 6 2022,Golden State Warriors,96,New Orleans Pelicans,101,-102,-115
Thu Jan 6 2022,Los Angeles Clippers,89,Phoenix Suns,106,441,-622
Fri Jan 7 2022,San Antonio Spurs,100,Philadelphia 76ers,119,297,-368
Fri Jan 7 2022,Milwaukee Bucks,121,Brooklyn Nets,109,163,-186
Fri Jan 7 2022,Utah Jazz,108,Toronto Raptors,122,717,-1028
Fri Jan 7 2022,Washington Wizards,122,Chicago Bulls,130,194,-224
Fri Jan 7 2022,Dallas Mavericks,130,Houston Rockets,106,-154,137
Fri Jan 7 2022,Minnesota Timberwolves,135,Oklahoma City Thunder,105,-198,170
Fri Jan 7 2022,Sacramento Kings,111,Denver Nuggets,121,273,-325
Fri Jan 7 2022,Atlanta Hawks,118,Los Angeles Lakers,134,101,-118
Fri Jan 7 2022,Cleveland Cavaliers,114,Portland Trail Blazers,101,-239,203
Sat Jan 8 2022,Memphis Grizzlies,123,Los Angeles Clippers,108,-131,114
Sat Jan 8 2022,Milwaukee Bucks,106,Charlotte Hornets,114,105,-122
Sat Jan 8 2022,Orlando Magic,92,Detroit Pistons,97,103,-120
Sat Jan 8 2022,Utah Jazz,113,Indiana Pacers,125,-191,166
Sat Jan 8 2022,New York Knicks,75,Boston Celtics,99,281,-336
Sat Jan 8 2022,Miami Heat,123,Phoenix Suns,100,393,-493
Sun Jan 9 2022,San Antonio Spurs,119,Brooklyn Nets,121,358,-474
Sun Jan 9 2022,Atlanta Hawks,93,Los Angeles Clippers,106,-175,154
Sun Jan 9 2022,Washington Wizards,102,Orlando Magic,100,-296,249
Sun Jan 9 2022,New Orleans Pelicans,101,Toronto Raptors,105,237,-288
Sun Jan 9 2022,Minnesota Timberwolves,141,Houston Rockets,123,-269,228
Sun Jan 9 2022,Denver Nuggets,99,Oklahoma City Thunder,95,-272,229
Sun Jan 9 2022,Chicago Bulls,99,Dallas Mavericks,113,116,-134
Sun Jan 9 2022,Cleveland Cavaliers,82,Golden State Warriors,96,253,-310
Sun Jan 9 2022,Sacramento Kings,88,Portland Trail Blazers,103,-123,106
Sun Jan 9 2022,Memphis Grizzlies,127,Los Angeles Lakers,119,136,-156
Mon Jan 10 2022,Milwaukee Bucks,99,Charlotte Hornets,103,-143,124
Mon Jan 10 2022,Utah Jazz,116,Detroit Pistons,126,-655,464
Mon Jan 10 2022,Indiana Pacers,98,Boston Celtics,101,313,-391
Mon Jan 10 2022,San Antonio Spurs,96,New York Knicks,111,206,-244
Mon Jan 10 2022,Philadelphia 76ers,111,Houston Rockets,91,-508,377
Mon Jan 10 2022,Brooklyn Nets,108,Portland Trail Blazers,114,-376,302
Mon Jan 10 2022,Cleveland Cavaliers,109,Sacramento Kings,108,-210,181
Tue Jan 11 2022,Oklahoma City Thunder,118,Washington Wizards,122,239,-278
Tue Jan 11 2022,Phoenix Suns,99,Toronto Raptors,95,-178,156
Tue Jan 11 2022,Detroit Pistons,87,Chicago Bulls,133,731,-1141
Tue Jan 11 2022,Golden State Warriors,108,Memphis Grizzlies,116,-134,117
Tue Jan 11 2022,Minnesota Timberwolves,125,New Orleans Pelicans,128,-156,137
Tue Jan 11 2022,Denver Nuggets,85,Los Angeles Clippers,87,-145,128
Wed Jan 12 2022,Boston Celtics,119,Indiana Pacers,100,-101,-116
Wed Jan 12 2022,Charlotte Hornets,109,Philadelphia 76ers,98,185,-212
Wed Jan 12 2022,Orlando Magic,106,Washington Wizards,112,219,-260
Wed Jan 12 2022,Miami Heat,115,Atlanta Hawks,91,122,-142
Wed Jan 12 2022,Dallas Mavericks,85,New York Knicks,108,-138,121
Wed Jan 12 2022,Houston Rockets,128,San Antonio Spurs,124,250,-297
Wed Jan 12 2022,Cleveland Cavaliers,111,Utah Jazz,91,171,-197
Wed Jan 12 2022,Brooklyn Nets,138,Chicago Bulls,112,-120,103
Wed Jan 12 2022,Los Angeles Lakers,116,Sacramento Kings,125,-164,143
Thu Jan 13 2022,Golden State Warriors,99,Milwaukee Bucks,118,-102,-115
Thu Jan 13 2022,Minnesota Timberwolves,108,Memphis Grizzlies,116,148,-172
Thu Jan 13 2022,Los Angeles Clippers,89,New Orleans Pelicans,113,146,-166
Thu Jan 13 2022,Oklahoma City Thunder,130,Brooklyn Nets,109,223,-259
Thu Jan 13 2022,Portland Trail Blazers,108,Denver Nuggets,140,447,-589
Fri Jan 14 2022,Orlando Magic,116,Charlotte Hornets,109,490,-647
Fri Jan 14 2022,Toronto Raptors,87,Detroit Pistons,103,-421,342
Fri Jan 14 2022,Phoenix Suns,112,Indiana Pacers,94,-231,200
Fri Jan 14 2022,Boston Celtics,99,Philadelphia 76ers,111,133,-148
Fri Jan 14 2022,Golden State Warriors,138,Chicago Bulls,96,122,-138
Fri Jan 14 2022,Atlanta Hawks,118,Miami Heat,124,184,-212
Fri Jan 14 2022,Cleveland Cavaliers,114,San Antonio Spurs,109,-152,135
Fri Jan 14 2022,Dallas Mavericks,112,Memphis Grizzlies,85,122,-138
Fri Jan 14 2022,Houston Rockets,114,Sacramento Kings,126,177,-202
Sat Jan 15 2022,Toronto Raptors,103,Milwaukee Bucks,96,270,-319
Sat Jan 15 2022,Portland Trail Blazers,115,Washington Wizards,110,252,-299
Sat Jan 15 2022,New York Knicks,117,Atlanta Hawks,108,104,-120
Sat Jan 15 2022,New Orleans Pelicans,105,Brooklyn Nets,120,189,-218
Sat Jan 15 2022,Philadelphia 76ers,109,Miami Heat,98,138,-153
Sat Jan 15 2022,Cleveland Cavaliers,107,Oklahoma City Thunder,102,-196,172
Sat Jan 15 2022,Chicago Bulls,112,Boston Celtics,114,256,-303
Sat Jan 15 2022,Los Angeles Clippers,94,San Antonio Spurs,101,106,-122
Sat Jan 15 2022,Los Angeles Lakers,96,Denver Nuggets,133,156,-179
Sat Jan 15 2022,Orlando Magic,92,Dallas Mavericks,108,496,-676
Sun Jan 16 2022,Phoenix Suns,135,Detroit Pistons,108,-758,517
Sun Jan 16 2022,Houston Rockets,118,Sacramento Kings,112,163,-192
Sun Jan 16 2022,Utah Jazz,125,Denver Nuggets,102,-213,184
Sun Jan 16 2022,Golden State Warriors,99,Minnesota Timberwolves,119,163,-183
Mon Jan 17 2022,New Orleans Pelicans,92,Boston Celtics,104,156,-174
Mon Jan 17 2022,Charlotte Hornets,97,New York Knicks,87,127,-143
Mon Jan 17 2022,Philadelphia 76ers,98,Washington Wizards,117,-123,108
Mon Jan 17 2022,Brooklyn Nets,107,Cleveland Cavaliers,114,151,-168
Mon Jan 17 2022,Indiana Pacers,133,Los Angeles Clippers,139,117,-133
Mon Jan 17 2022,Chicago Bulls,106,Memphis Grizzlies,119,304,-360
Mon Jan 17 2022,Milwaukee Bucks,114,Atlanta Hawks,121,-196,172
Mon Jan 17 2022,Portland Trail Blazers,98,Orlando Magic,88,-131,114
Mon Jan 17 2022,Toronto Raptors,99,Miami Heat,104,155,-173
Mon Jan 17 2022,Oklahoma City Thunder,102,Dallas Mavericks,104,510,-689
Mon Jan 17 2022,Phoenix Suns,121,San Antonio Spurs,107,-168,150
Mon Jan 17 2022,Utah Jazz,95,Los Angeles Lakers,101,-212,184
Tue Jan 18 2022,Minnesota Timberwolves,112,New York Knicks,110,-162,142
Tue Jan 18 2022,Detroit Pistons,86,Golden State Warriors,102,986,-1726
Wed Jan 19 2022,Orlando Magic,110,Philadelphia 76ers,123,553,-754
Wed Jan 19 2022,Brooklyn Nets,119,Washington Wizards,118,-102,-118
Wed Jan 19 2022,Minnesota Timberwolves,122,Atlanta Hawks,134,102,-118
Wed Jan 19 2022,Charlotte Hornets,111,Boston Celtics,102,126,-144
Wed Jan 19 2022,Portland Trail Blazers,92,Miami Heat,104,356,-438
Wed Jan 19 2022,Cleveland Cavaliers,104,Chicago Bulls,117,-152,134
Wed Jan 19 2022,Memphis Grizzlies,114,Milwaukee Bucks,126,218,-256
Wed Jan 19 2022,Toronto Raptors,98,Dallas Mavericks,102,149,-171
Wed Jan 19 2022,Oklahoma City Thunder,96,San Antonio Spurs,118,230,-271
Wed Jan 19 2022,Houston Rockets,116,Utah Jazz,111,669,-958
Wed Jan 19 2022,Los Angeles Clippers,128,Denver Nuggets,130,324,-394
Wed Jan 19 2022,Detroit Pistons,133,Sacramento Kings,131,249,-293
Wed Jan 19 2022,Indiana Pacers,111,Los Angeles Lakers,104,154,-178
Thu Jan 20 2022,Phoenix Suns,109,Dallas Mavericks,101,-131,113
Thu Jan 20 2022,New Orleans Pelicans,102,New York Knicks,91,148,-170
Thu Jan 20 2022,Indiana Pacers,121,Golden State Warriors,117,962,-1505
Fri Jan 21 2022,Oklahoma City Thunder,98,Charlotte Hornets,121,319,-405
Fri Jan 21 2022,Los Angeles Lakers,116,Orlando Magic,105,-198,170
Fri Jan 21 2022,Los Angeles Clippers,102,Philadelphia 76ers,101,268,-327
Fri Jan 21 2022,Miami Heat,108,Atlanta Hawks,110,105,-125
Fri Jan 21 2022,Portland Trail Blazers,109,Boston Celtics,105,286,-351
Fri Jan 21 2022,Chicago Bulls,90,Milwaukee Bucks,94,435,-594
Fri Jan 21 2022,Toronto Raptors,109,Washington Wizards,105,-119,102
Fri Jan 21 2022,Brooklyn Nets,117,San Antonio Spurs,102,-118,101
Fri Jan 21 2022,Memphis Grizzlies,122,Denver Nuggets,118,140,-160
Fri Jan 21 2022,Detroit Pistons,101,Utah Jazz,111,708,-1064
Fri Jan 21 2022,Houston Rockets,103,Golden State Warriors,105,489,-683
Sat Jan 22 2022,Sacramento Kings,127,Milwaukee Bucks,133,301,-389
Sat Jan 22 2022,Oklahoma City Thunder,87,Cleveland Cavaliers,94,571,-839
Sat Jan 22 2022,Indiana Pacers,103,Phoenix Suns,113,618,-921
Sun Jan 23 2022,Los Angeles Clippers,102,New York Knicks,110,149,-171
Sun Jan 23 2022,Boston Celtics,116,Washington Wizards,87,-130,113
Sun Jan 23 2022,Los Angeles Lakers,107,Miami Heat,113,139,-157
Sun Jan 23 2022,Chicago Bulls,95,Orlando Magic,114,-158,139
Sun Jan 23 2022,Portland Trail Blazers,114,Toronto Raptors,105,278,-341
Sun Jan 23 2022,Atlanta Hawks,113,Charlotte Hornets,91,114,-131
Sun Jan 23 2022,Philadelphia 76ers,115,San Antonio Spurs,109,-118,101
Sun Jan 23 2022,Memphis Grizzlies,91,Dallas Mavericks,104,147,-169
Sun Jan 23 2022,Detroit Pistons,111,Denver Nuggets,117,509,-733
Sun Jan 23 2022,Brooklyn Nets,125,Minnesota Timberwolves,136,127,-145
Sun Jan 23 2022,Utah Jazz,92,Golden State Warriors,94,116,-133
Mon Jan 24 2022,New York Knicks,93,Cleveland Cavaliers,95,165,-191
Mon Jan 24 2022,Indiana Pacers,113,New Orleans Pelicans,117,146,-167
Mon Jan 24 2022,Chicago Bulls,111,Oklahoma City Thunder,110,-117,100
Mon Jan 24 2022,Utah Jazz,109,Phoenix Suns,115,546,-784
Tue Jan 25 2022,Denver Nuggets,110,Detroit Pistons,105,-285,236
Tue Jan 25 2022,New Orleans Pelicans,107,Philadelphia 76ers,117,458,-637
Tue Jan 25 2022,Charlotte Hornets,113,Toronto Raptors,125,-116,-101
Tue Jan 25 2022,Los Angeles Clippers,116,Washington Wizards,115,171,-200
Tue Jan 25 2022,Sacramento Kings,75,Boston Celtics,128,341,-434
Tue Jan 25 2022,Los Angeles Lakers,106,Brooklyn Nets,96,-169,147
Tue Jan 25 2022,San Antonio Spurs,134,Houston Rockets,104,-187,163
Tue Jan 25 2022,Dallas Mavericks,92,Golden State Warriors,130,144,-164
Tue Jan 25 2022,Minnesota Timberwolves,109,Portland Trail Blazers,107,-147,128
Wed Jan 26 2022,Milwaukee Bucks,99,Cleveland Cavaliers,115,-170,151
Wed Jan 26 2022,Charlotte Hornets,158,Indiana Pacers,126,-132,114
Wed Jan 26 2022,Los Angeles Clippers,111,Orlando Magic,102,102,-119
Wed Jan 26 2022,Sacramento Kings,104,Atlanta Hawks,121,429,-566
Wed Jan 26 2022,New York Knicks,96,Miami Heat,110,204,-238
Wed Jan 26 2022,Denver Nuggets,124,Brooklyn Nets,118,-211,184
Wed Jan 26 2022,Toronto Raptors,105,Chicago Bulls,111,159,-177
Wed Jan 26 2022,Memphis Grizzlies,118,San Antonio Spurs,110,-171,150
Wed Jan 26 2022,Dallas Mavericks,132,Portland Trail Blazers,112,-191,166
Wed Jan 26 2022,Phoenix Suns,105,Utah Jazz,97,-108,-109
Thu Jan 27 2022,Los Angeles Lakers,87,Philadelphia 76ers,105,188,-218
Thu Jan 27 2022,Minnesota Timberwolves,115,Golden State Warriors,124,214,-253
Fri Jan 28 2022,Detroit Pistons,103,Orlando Magic,119,137,-156
Fri Jan 28 2022,Boston Celtics,92,Atlanta Hawks,108,104,-121
Fri Jan 28 2022,Los Angeles Lakers,114,Charlotte Hornets,117,322,-402
Fri Jan 28 2022,Portland Trail Blazers,125,Houston Rockets,110,-146,127
Fri Jan 28 2022,Utah Jazz,109,Memphis Grizzlies,119,170,-196
Fri Jan 28 2022,Los Angeles Clippers,114,Miami Heat,121,284,-348
Fri Jan 28 2022,Denver Nuggets,116,New Orleans Pelicans,105,-171,149
Fri Jan 28 2022,Indiana Pacers,113,Oklahoma City Thunder,110,-122,104
Fri Jan 28 2022,Chicago Bulls,122,San Antonio Spurs,131,107,-124
Fri Jan 28 2022,Minnesota Timberwolves,124,Phoenix Suns,134,278,-338
Fri Jan 28 2022,New York Knicks,108,Milwaukee Bucks,123,324,-405
Sat Jan 29 2022,Indiana Pacers,105,Dallas Mavericks,132,411,-544
Sat Jan 29 2022,Boston Celtics,107,New Orleans Pelicans,97,-261,218
Sat Jan 29 2022,Sacramento Kings,101,Philadelphia 76ers,103,438,-616
Sat Jan 29 2022,Washington Wizards,95,Memphis Grizzlies,115,193,-228
Sat Jan 29 2022,Toronto Raptors,124,Miami Heat,120,123,-142
Sat Jan 29 2022,Brooklyn Nets,106,Golden State Warriors,110,409,-544
Sun Jan 30 2022,Los Angeles Lakers,121,Atlanta Hawks,129,244,-294
Sun Jan 30 2022,Los Angeles Clippers,115,Charlotte Hornets,90,205,-242
Sun Jan 30 2022,Portland Trail Blazers,116,Chicago Bulls,130,174,-209
Sun Jan 30 2022,Cleveland Cavaliers,105,Detroit Pistons,115,-331,271
Sun Jan 30 2022,Denver Nuggets,136,Milwaukee Bucks,100,211,-248
Sun Jan 30 2022,Dallas Mavericks,108,Orlando Magic,110,-208,174
Sun Jan 30 2022,Utah Jazz,106,Minnesota Timberwolves,126,113,-129
Sun Jan 30 2022,San Antonio Spurs,110,Phoenix Suns,115,673,-1038
Mon Jan 31 2022,New Orleans Pelicans,90,Cleveland Cavaliers,93,167,-191
Mon Jan 31 2022,Los Angeles Clippers,116,Indiana Pacers,122,-109,-109
Mon Jan 31 2022,Memphis Grizzlies,119,Philadelphia 76ers,122,-165,144
Mon Jan 31 2022,Toronto Raptors,106,Atlanta Hawks,100,-130,113
Mon Jan 31 2022,Miami Heat,92,Boston Celtics,122,213,-253
Mon Jan 31 2022,Sacramento Kings,96,New York Knicks,116,234,-277
Mon Jan 31 2022,Golden State Warriors,122,Houston Rockets,108,-531,414
Mon Jan 31 2022,Portland Trail Blazers,81,Oklahoma City Thunder,98,-162,142
Tue Feb 1 2022,New Orleans Pelicans,111,Detroit Pistons,101,-133,116
Tue Feb 1 2022,Washington Wizards,98,Milwaukee Bucks,112,506,-719
Tue Feb 1 2022,Miami Heat,106,Toronto Raptors,110,107,-124
Tue Feb 1 2022,Orlando Magic,115,Chicago Bulls,126,294,-367
Tue Feb 1 2022,Denver Nuggets,115,Minnesota Timberwolves,130,104,-121
Tue Feb 1 2022,Golden State Warriors,124,San Antonio Spurs,120,217,-257
Tue Feb 1 2022,Brooklyn Nets,111,Phoenix Suns,121,239,-284
Wed Feb 2 2022,Orlando Magic,119,Indiana Pacers,118,144,-164
Wed Feb 2 2022,Washington Wizards,106,Philadelphia 76ers,103,402,-537
Wed Feb 2 2022,Charlotte Hornets,107,Boston Celtics,113,213,-253
Wed Feb 2 2022,Memphis Grizzlies,120,New York Knicks,108,-174,153
Wed Feb 2 2022,Cleveland Cavaliers,104,Houston Rockets,115,-195,168
Wed Feb 2 2022,Oklahoma City Thunder,120,Dallas Mavericks,114,589,-860
Wed Feb 2 2022,Brooklyn Nets,101,Sacramento Kings,112,-209,178
Wed Feb 2 2022,Denver Nuggets,104,Utah Jazz,108,210,-250
Wed Feb 2 2022,Portland Trail Blazers,94,Los Angeles Lakers,99,151,-173
Thu Feb 3 2022,Minnesota Timberwolves,128,Detroit Pistons,117,-321,262
Thu Feb 3 2022,Miami Heat,112,San Antonio Spurs,95,-331,271
Thu Feb 3 2022,Phoenix Suns,115,Atlanta Hawks,124,-162,142
Thu Feb 3 2022,Chicago Bulls,120,Toronto Raptors,127,161,-185
Thu Feb 3 2022,Sacramento Kings,114,Golden State Warriors,126,743,-1202
Thu Feb 3 2022,Los Angeles Lakers,110,Los Angeles Clippers,111,138,-156
Fri Feb 4 2022,Cleveland Cavaliers,102,Charlotte Hornets,101,214,-254
Fri Feb 4 2022,Boston Celtics,102,Detroit Pistons,93,-532,394
Fri Feb 4 2022,Chicago Bulls,122,Indiana Pacers,115,-121,101
Fri Feb 4 2022,Atlanta Hawks,114,Toronto Raptors,125,117,-138
Fri Feb 4 2022,Houston Rockets,106,San Antonio Spurs,131,262,-318
Fri Feb 4 2022,New Orleans Pelicans,113,Denver Nuggets,105,184,-222
Fri Feb 4 2022,Brooklyn Nets,102,Utah Jazz,125,187,-223
Fri Feb 4 2022,Philadelphia 76ers,98,Dallas Mavericks,107,-117,-100
Fri Feb 4 2022,Oklahoma City Thunder,96,Portland Trail Blazers,93,199,-235
Sat Feb 5 2022,Memphis Grizzlies,135,Orlando Magic,115,-359,294
Sat Feb 5 2022,Miami Heat,104,Charlotte Hornets,86,-145,126
Sat Feb 5 2022,Phoenix Suns,95,Washington Wizards,80,-346,279
Sat Feb 5 2022,New York Knicks,115,Los Angeles Lakers,122,177,-209
Sat Feb 5 2022,Milwaukee Bucks,137,Portland Trail Blazers,108,-569,420
Sat Feb 5 2022,Oklahoma City Thunder,103,Sacramento Kings,113,265,-328
Sun Feb 6 2022,Philadelphia 76ers,119,Chicago Bulls,108,-176,154
Sun Feb 6 2022,Brooklyn Nets,104,Denver Nuggets,124,292,-359
Sun Feb 6 2022,Detroit Pistons,105,Minnesota Timberwolves,118,609,-909
Sun Feb 6 2022,Indiana Pacers,85,Cleveland Cavaliers,98,234,-277
Sun Feb 6 2022,Atlanta Hawks,94,Dallas Mavericks,103,-117,-101
Sun Feb 6 2022,Boston Celtics,116,Orlando Magic,83,-457,345
Sun Feb 6 2022,New Orleans Pelicans,120,Houston Rockets,107,-261,221
Sun Feb 6 2022,Milwaukee Bucks,137,Los Angeles Clippers,113,-208,179
Mon Feb 7 2022,Toronto Raptors,116,Charlotte Hornets,101,-115,-103
Mon Feb 7 2022,Miami Heat,121,Washington Wizards,100,-298,246
Mon Feb 7 2022,Phoenix Suns,127,Chicago Bulls,124,-274,223
Mon Feb 7 2022,Golden State Warriors,110,Oklahoma City Thunder,98,-864,587
Mon Feb 7 2022,New York Knicks,104,Utah Jazz,113,248,-300
Tue Feb 8 2022,Phoenix Suns,114,Philadelphia 76ers,109,100,-117
Tue Feb 8 2022,Indiana Pacers,112,Atlanta Hawks,133,572,-822
Tue Feb 8 2022,Boston Celtics,126,Brooklyn Nets,91,-464,361
Tue Feb 8 2022,Los Angeles Clippers,109,Memphis Grizzlies,135,275,-340
Tue Feb 8 2022,Houston Rockets,97,New Orleans Pelicans,110,317,-427
Tue Feb 8 2022,Detroit Pistons,86,Dallas Mavericks,116,438,-612
Tue Feb 8 2022,New York Knicks,115,Denver Nuggets,132,321,-415
Tue Feb 8 2022,Milwaukee Bucks,131,Los Angeles Lakers,116,-167,146
Tue Feb 8 2022,Orlando Magic,113,Portland Trail Blazers,95,-117,100
Tue Feb 8 2022,Minnesota Timberwolves,134,Sacramento Kings,114,-328,265
Wed Feb 9 2022,San Antonio Spurs,92,Cleveland Cavaliers,105,208,-246
Wed Feb 9 2022,Chicago Bulls,121,Charlotte Hornets,109,-129,109
Wed Feb 9 2022,Toronto Raptors,117,Oklahoma City Thunder,98,-559,409
Wed Feb 9 2022,Los Angeles Lakers,105,Portland Trail Blazers,107,-455,360
Wed Feb 9 2022,Minnesota Timberwolves,119,Sacramento Kings,132,-314,260
Wed Feb 9 2022,Golden State Warriors,85,Utah Jazz,111,-101,-116
Thu Feb 10 2022,Memphis Grizzlies,132,Detroit Pistons,107,-758,529
Thu Feb 10 2022,Miami Heat,112,New Orleans Pelicans,97,-171,148
Thu Feb 10 2022,Brooklyn Nets,112,Washington Wizards,113,101,-118
Thu Feb 10 2022,Toronto Raptors,139,Houston Rockets,120,-314,257
Thu Feb 10 2022,Los Angeles Clippers,105,Dallas Mavericks,112,211,-251
Thu Feb 10 2022,New York Knicks,116,Golden State Warriors,114,344,-442
Thu Feb 10 2022,Milwaukee Bucks,107,Phoenix Suns,131,134,-153
Fri Feb 11 2022,Charlotte Hornets,141,Detroit Pistons,119,-257,217
Fri Feb 11 2022,Cleveland Cavaliers,120,Indiana Pacers,113,-249,211
Fri Feb 11 2022,Oklahoma City Thunder,87,Philadelphia 76ers,100,726,-1182
Fri Feb 11 2022,San Antonio Spurs,136,Atlanta Hawks,121,324,-429
Fri Feb 11 2022,Denver Nuggets,102,Boston Celtics,108,216,-257
Fri Feb 11 2022,Minnesota Timberwolves,122,Chicago Bulls,134,-107,-110
Fri Feb 11 2022,Orlando Magic,99,Utah Jazz,114,601,-906
Sat Feb 12 2022,New York Knicks,103,Portland Trail Blazers,112,-182,160
Sat Feb 12 2022,Memphis Grizzlies,125,Charlotte Hornets,118,-291,238
Sat Feb 12 2022,San Antonio Spurs,124,New Orleans Pelicans,114,205,-243
Sat Feb 12 2022,Sacramento Kings,123,Washington Wizards,110,-151,131
Sat Feb 12 2022,Cleveland Cavaliers,93,Philadelphia 76ers,103,125,-143
Sat Feb 12 2022,Denver Nuggets,110,Toronto Raptors,109,178,-210
Sat Feb 12 2022,Oklahoma City Thunder,101,Chicago Bulls,106,441,-586
Sat Feb 12 2022,Brooklyn Nets,111,Miami Heat,115,504,-684
Sat Feb 12 2022,Los Angeles Clippers,99,Dallas Mavericks,97,234,-278
Sat Feb 12 2022,Los Angeles Lakers,115,Golden State Warriors,117,216,-258
Sat Feb 12 2022,Orlando Magic,105,Phoenix Suns,132,1098,-1916
Sun Feb 13 2022,Atlanta Hawks,95,Boston Celtics,105,216,-272
Sun Feb 13 2022,Minnesota Timberwolves,129,Indiana Pacers,120,-264,209
Mon Feb 14 2022,Detroit Pistons,94,Washington Wizards,103,140,-161
Mon Feb 14 2022,Sacramento Kings,85,Brooklyn Nets,109,-130,111
Mon Feb 14 2022,Oklahoma City Thunder,127,New York Knicks,123,401,-534
Mon Feb 14 2022,San Antonio Spurs,109,Chicago Bulls,120,132,-153
Mon Feb 14 2022,Portland Trail Blazers,122,Milwaukee Bucks,107,494,-696
Mon Feb 14 2022,Toronto Raptors,90,New Orleans Pelicans,120,-164,144
Mon Feb 14 2022,Orlando Magic,111,Denver Nuggets,121,496,-688
Mon Feb 14 2022,Houston Rockets,101,Utah Jazz,135,979,-1606
Mon Feb 14 2022,Golden State Warriors,104,Los Angeles Clippers,119,-249,210
Tue Feb 15 2022,Cleveland Cavaliers,116,Atlanta Hawks,124,104,-122
Tue Feb 15 2022,Dallas Mavericks,107,Miami Heat,99,167,-197
Tue Feb 15 2022,Boston Celtics,135,Philadelphia 76ers,87,-125,108
Tue Feb 15 2022,Indiana Pacers,119,Milwaukee Bucks,128,659,-1038
Tue Feb 15 2022,Charlotte Hornets,120,Minnesota Timberwolves,126,213,-252
Tue Feb 15 2022,Memphis Grizzlies,121,New Orleans Pelicans,109,-163,142
Tue Feb 15 2022,Los Angeles Clippers,96,Phoenix Suns,103,628,-922
Wed Feb 16 2022,Atlanta Hawks,130,Orlando Magic,109,-226,191
Wed Feb 16 2022,Detroit Pistons,112,Boston Celtics,111,591,-838
Wed Feb 16 2022,Washington Wizards,108,Indiana Pacers,113,-103,-114
Wed Feb 16 2022,Brooklyn Nets,111,New York Knicks,106,165,-190
Wed Feb 16 2022,Sacramento Kings,118,Chicago Bulls,125,192,-230
Wed Feb 16 2022,Portland Trail Blazers,123,Memphis Grizzlies,119,567,-821
Wed Feb 16 2022,Toronto Raptors,103,Minnesota Timberwolves,91,-113,-104
Wed Feb 16 2022,San Antonio Spurs,114,Oklahoma City Thunder,106,-352,284
Wed Feb 16 2022,Houston Rockets,121,Phoenix Suns,124,1059,-1820
Wed Feb 16 2022,Denver Nuggets,117,Golden State Warriors,116,177,-207
Wed Feb 16 2022,Utah Jazz,101,Los Angeles Lakers,106,-168,145
Thu Feb 17 2022,Miami Heat,111,Charlotte Hornets,107,-176,157
Thu Feb 17 2022,Washington Wizards,117,Brooklyn Nets,103,164,-188
Thu Feb 17 2022,Dallas Mavericks,125,New Orleans Pelicans,118,-139,121
Thu Feb 17 2022,Philadelphia 76ers,123,Milwaukee Bucks,120,223,-262
Thu Feb 17 2022,Houston Rockets,111,Los Angeles Clippers,142,429,-576
Thu Feb 24 2022,Cleveland Cavaliers,103,Detroit Pistons,106,-219,184
Thu Feb 24 2022,Boston Celtics,129,Brooklyn Nets,106,-413,324
Thu Feb 24 2022,Atlanta Hawks,108,Chicago Bulls,112,131,-150
Thu Feb 24 2022,Memphis Grizzlies,114,Minnesota Timberwolves,119,-132,115
Thu Feb 24 2022,Phoenix Suns,124,Oklahoma City Thunder,104,-564,422
Thu Feb 24 2022,Golden State Warriors,132,Portland Trail Blazers,95,-533,398
Thu Feb 24 2022,Denver Nuggets,128,Sacramento Kings,110,-173,151
Fri Feb 25 2022,Toronto Raptors,93,Charlotte Hornets,125,-130,113
Fri Feb 25 2022,Oklahoma City Thunder,129,Indiana Pacers,125,268,-325
Fri Feb 25 2022,Houston Rockets,111,Orlando Magic,119,141,-161
Fri Feb 25 2022,San Antonio Spurs,157,Washington Wizards,153,-163,143
Fri Feb 25 2022,Miami Heat,115,New York Knicks,100,-234,196
Fri Feb 25 2022,Philadelphia 76ers,133,Minnesota Timberwolves,102,-140,122
Fri Feb 25 2022,New Orleans Pelicans,117,Phoenix Suns,102,215,-255
Fri Feb 25 2022,Dallas Mavericks,109,Utah Jazz,114,202,-240
Fri Feb 25 2022,Los Angeles Clippers,105,Los Angeles Lakers,102,127,-144
Sat Feb 26 2022,Boston Celtics,113,Detroit Pistons,104,-773,539
Sat Feb 26 2022,Toronto Raptors,100,Atlanta Hawks,127,143,-165
Sat Feb 26 2022,Memphis Grizzlies,116,Chicago Bulls,110,-131,113
Sat Feb 26 2022,Washington Wizards,86,Cleveland Cavaliers,92,308,-385
Sat Feb 26 2022,San Antonio Spurs,129,Miami Heat,133,614,-862
Sat Feb 26 2022,Brooklyn Nets,126,Milwaukee Bucks,123,366,-484
Sat Feb 26 2022,Sacramento Kings,110,Denver Nuggets,115,298,-361
Sun Feb 27 2022,Philadelphia 76ers,125,New York Knicks,109,-355,283
Sun Feb 27 2022,Utah Jazz,118,Phoenix Suns,114,-158,137
Sun Feb 27 2022,Boston Celtics,107,Indiana Pacers,128,-426,344
Sun Feb 27 2022,Detroit Pistons,127,Charlotte Hornets,126,418,-565
Sun Feb 27 2022,Los Angeles Clippers,99,Houston Rockets,98,-282,232
Sun Feb 27 2022,Dallas Mavericks,107,Golden State Warriors,101,151,-174
Sun Feb 27 2022,Denver Nuggets,124,Portland Trail Blazers,92,-353,289
Sun Feb 27 2022,New Orleans Pelicans,123,Los Angeles Lakers,95,124,-142
Mon Feb 28 2022,Minnesota Timberwolves,127,Cleveland Cavaliers,122,-166,145
Mon Feb 28 2022,Indiana Pacers,103,Orlando Magic,119,120,-137
Mon Feb 28 2022,Toronto Raptors,133,Brooklyn Nets,97,-151,131
Mon Feb 28 2022,Chicago Bulls,99,Miami Heat,112,165,-192
Mon Feb 28 2022,San Antonio Spurs,105,Memphis Grizzlies,118,305,-385
Mon Feb 28 2022,Charlotte Hornets,106,Milwaukee Bucks,130,426,-573
Mon Feb 28 2022,Sacramento Kings,131,Oklahoma City Thunder,110,-217,182
Tue Mar 1 2022,Detroit Pistons,113,Washington Wizards,116,134,-153
Tue Mar 1 2022,Atlanta Hawks,98,Boston Celtics,107,220,-262
Tue Mar 1 2022,Brooklyn Nets,108,Toronto Raptors,109,282,-346
Tue Mar 1 2022,Los Angeles Clippers,113,Houston Rockets,100,-276,233
Tue Mar 1 2022,Golden State Warriors,114,Minnesota Timberwolves,129,-171,148
Tue Mar 1 2022,Dallas Mavericks,109,Los Angeles Lakers,104,-193,166
Wed Mar 2 2022,Charlotte Hornets,119,Cleveland Cavaliers,98,150,-173
Wed Mar 2 2022,Indiana Pacers,122,Orlando Magic,114,-132,114
Wed Mar 2 2022,New York Knicks,108,Philadelphia 76ers,123,452,-623
Wed Mar 2 2022,Utah Jazz,132,Houston Rockets,127,-1377,867
Wed Mar 2 2022,Miami Heat,119,Milwaukee Bucks,120,157,-180
Wed Mar 2 2022,Sacramento Kings,95,New Orleans Pelicans,125,213,-250
Wed Mar 2 2022,Oklahoma City Thunder,119,Denver Nuggets,107,925,-1484
Wed Mar 2 2022,Portland Trail Blazers,90,Phoenix Suns,120,460,-618
Thu Mar 3 2022,Chicago Bulls,124,Atlanta Hawks,130,115,-133
Thu Mar 3 2022,Memphis Grizzlies,107,Boston Celtics,120,109,-127
Thu Mar 3 2022,Miami Heat,113,Brooklyn Nets,107,127,-146
Thu Mar 3 2022,Detroit Pistons,108,Toronto Raptors,106,291,-362
Thu Mar 3 2022,Golden State Warriors,113,Dallas Mavericks,122,101,-118
Thu Mar 3 2022,Sacramento Kings,115,San Antonio Spurs,112,217,-258
Thu Mar 3 2022,Los Angeles Lakers,111,Los Angeles Clippers,132,112,-130
Fri Mar 4 2022,Indiana Pacers,106,Detroit Pistons,111,-143,126
Fri Mar 4 2022,Cleveland Cavaliers,119,Philadelphia 76ers,125,277,-330
Fri Mar 4 2022,Atlanta Hawks,117,Washington Wizards,114,-238,201
Fri Mar 4 2022,Milwaukee Bucks,118,Chicago Bulls,112,-202,170
Fri Mar 4 2022,Orlando Magic,103,Toronto Raptors,97,271,-325
Fri Mar 4 2022,Utah Jazz,90,New Orleans Pelicans,124,-190,165
Fri Mar 4 2022,Minnesota Timberwolves,138,Oklahoma City Thunder,101,-464,371
Fri Mar 4 2022,Houston Rockets,101,Denver Nuggets,116,420,-602
Fri Mar 4 2022,New York Knicks,114,Phoenix Suns,115,217,-261
Sat Mar 5 2022,Sacramento Kings,113,Dallas Mavericks,114,185,-215
Sat Mar 5 2022,San Antonio Spurs,117,Charlotte Hornets,123,148,-170
Sat Mar 5 2022,Orlando Magic,96,Memphis Grizzlies,124,966,-1561
Sat Mar 5 2022,Philadelphia 76ers,82,Miami Heat,99,186,-217
Sat Mar 5 2022,Portland Trail Blazers,121,Minnesota Timberwolves,135,742,-1096
Sat Mar 5 2022,Golden State Warriors,116,Los Angeles Lakers,124,-222,187
Sun Mar 6 2022,Brooklyn Nets,120,Boston Celtics,126,193,-231
Sun Mar 6 2022,Phoenix Suns,122,Milwaukee Bucks,132,351,-440
Sun Mar 6 2022,Indiana Pacers,123,Washington Wizards,133,114,-132
Sun Mar 6 2022,Memphis Grizzlies,112,Houston Rockets,123,-617,447
Sun Mar 6 2022,Utah Jazz,116,Oklahoma City Thunder,103,-1054,709
Sun Mar 6 2022,Toronto Raptors,96,Cleveland Cavaliers,104,166,-193
Sun Mar 6 2022,New Orleans Pelicans,130,Denver Nuggets,138,158,-180
Sun Mar 6 2022,New York Knicks,116,Los Angeles Clippers,93,191,-223
Mon Mar 7 2022,Atlanta Hawks,110,Detroit Pistons,113,-309,260
Mon Mar 7 2022,Chicago Bulls,106,Philadelphia 76ers,121,273,-324
Mon Mar 7 2022,Houston Rockets,106,Miami Heat,123,980,-1720
Mon Mar 7 2022,Portland Trail Blazers,81,Minnesota Timberwolves,124,743,-1079
Mon Mar 7 2022,Utah Jazz,103,Dallas Mavericks,111,-115,-103
Mon Mar 7 2022,Los Angeles Lakers,110,San Antonio Spurs,117,212,-249
Mon Mar 7 2022,Golden State Warriors,124,Denver Nuggets,131,285,-341
Mon Mar 7 2022,New York Knicks,131,Sacramento Kings,115,150,-171
Tue Mar 8 2022,Brooklyn Nets,132,Charlotte Hornets,121,-183,162
Tue Mar 8 2022,Cleveland Cavaliers,127,Indiana Pacers,124,-140,123
Tue Mar 8 2022,Phoenix Suns,102,Orlando Magic,99,-245,208
Tue Mar 8 2022,New Orleans Pelicans,111,Memphis Grizzlies,132,281,-344
Tue Mar 8 2022,Milwaukee Bucks,142,Oklahoma City Thunder,115,-1140,756
Tue Mar 8 2022,Los Angeles Clippers,97,Golden State Warriors,112,204,-246
Wed Mar 9 2022,Boston Celtics,115,Charlotte Hornets,101,-269,229
Wed Mar 9 2022,Chicago Bulls,114,Detroit Pistons,108,-262,223
Wed Mar 9 2022,Phoenix Suns,111,Miami Heat,90,147,-170
Wed Mar 9 2022,Los Angeles Lakers,130,Houston Rockets,139,-304,256
Wed Mar 9 2022,Atlanta Hawks,115,Milwaukee Bucks,124,164,-189
Wed Mar 9 2022,Oklahoma City Thunder,102,Minnesota Timberwolves,132,778,-1274
Wed Mar 9 2022,Orlando Magic,108,New Orleans Pelicans,102,301,-364
Wed Mar 9 2022,New York Knicks,107,Dallas Mavericks,77,318,-397
Wed Mar 9 2022,Toronto Raptors,119,San Antonio Spurs,104,-117,-100
Wed Mar 9 2022,Denver Nuggets,106,Sacramento Kings,100,-264,222
Wed Mar 9 2022,Portland Trail Blazers,85,Utah Jazz,123,1418,-2847
Wed Mar 9 2022,Washington Wizards,109,Los Angeles Clippers,115,143,-164
Thu Mar 10 2022,Brooklyn Nets,129,Philadelphia 76ers,100,146,-169
Thu Mar 10 2022,Golden State Warriors,113,Denver Nuggets,102,-122,104
Fri Mar 11 2022,Minnesota Timberwolves,110,Orlando Magic,118,-370,297
Fri Mar 11 2022,Los Angeles Clippers,106,Atlanta Hawks,112,263,-312
Fri Mar 11 2022,Detroit Pistons,103,Boston Celtics,114,734,-1102
Fri Mar 11 2022,Dallas Mavericks,113,Houston Rockets,100,-611,455
Fri Mar 11 2022,New York Knicks,114,Memphis Grizzlies,118,343,-428
Fri Mar 11 2022,Cleveland Cavaliers,105,Miami Heat,117,283,-341
Fri Mar 11 2022,Charlotte Hornets,142,New Orleans Pelicans,120,-159,139
Fri Mar 11 2022,Utah Jazz,102,San Antonio Spurs,104,-220,188
Fri Mar 11 2022,Toronto Raptors,117,Phoenix Suns,112,175,-203
Fri Mar 11 2022,Washington Wizards,109,Los Angeles Lakers,122,162,-187
Sat Mar 12 2022,Cleveland Cavaliers,91,Chicago Bulls,101,172,-199
Sat Mar 12 2022,Minnesota Timberwolves,113,Miami Heat,104,161,-186
Sat Mar 12 2022,Indiana Pacers,119,San Antonio Spurs,108,126,-146
Sat Mar 12 2022,Milwaukee Bucks,109,Golden State Warriors,122,-130,113
Sat Mar 12 2022,Toronto Raptors,127,Denver Nuggets,115,231,-274
Sat Mar 12 2022,Sacramento Kings,125,Utah Jazz,134,346,-432
Sat Mar 12 2022,Washington Wizards,118,Portland Trail Blazers,127,-269,228
Sun Mar 13 2022,New York Knicks,107,Brooklyn Nets,110,200,-235
Sun Mar 13 2022,Los Angeles Clippers,106,Detroit Pistons,102,-175,152
Sun Mar 13 2022,Dallas Mavericks,95,Boston Celtics,92,238,-281
Sun Mar 13 2022,Philadelphia 76ers,116,Orlando Magic,114,-684,503
Sun Mar 13 2022,Indiana Pacers,128,Atlanta Hawks,131,563,-779
Sun Mar 13 2022,Houston Rockets,105,New Orleans Pelicans,130,217,-255
Sun Mar 13 2022,Memphis Grizzlies,125,Oklahoma City Thunder,118,-1268,801
Sun Mar 13 2022,Los Angeles Lakers,111,Phoenix Suns,140,261,-315
Mon Mar 14 2022,Los Angeles Clippers,111,Cleveland Cavaliers,120,250,-296
Mon Mar 14 2022,Portland Trail Blazers,113,Atlanta Hawks,122,653,-946
Mon Mar 14 2022,Denver Nuggets,114,Philadelphia 76ers,110,144,-166
Mon Mar 14 2022,Charlotte Hornets,134,Oklahoma City Thunder,116,-581,441
Mon Mar 14 2022,Minnesota Timberwolves,149,San Antonio Spurs,139,-164,143
Mon Mar 14 2022,Washington Wizards,112,Golden State Warriors,126,543,-742
Mon Mar 14 2022,Chicago Bulls,103,Sacramento Kings,112,-190,166
Mon Mar 14 2022,Milwaukee Bucks,117,Utah Jazz,111,114,-131
Mon Mar 14 2022,Toronto Raptors,114,Los Angeles Lakers,103,-185,161
Tue Mar 15 2022,Memphis Grizzlies,135,Indiana Pacers,102,-262,221
Tue Mar 15 2022,Brooklyn Nets,150,Orlando Magic,108,-522,404
Tue Mar 15 2022,Detroit Pistons,98,Miami Heat,105,768,-1171
Tue Mar 15 2022,Phoenix Suns,131,New Orleans Pelicans,115,-190,166
Wed Mar 16 2022,Atlanta Hawks,106,Charlotte Hornets,116,-103,-114
Wed Mar 16 2022,Philadelphia 76ers,118,Cleveland Cavaliers,114,-172,150
Wed Mar 16 2022,Denver Nuggets,127,Washington Wizards,109,-257,218
Wed Mar 16 2022,Dallas Mavericks,113,Brooklyn Nets,111,-149,131
Wed Mar 16 2022,Portland Trail Blazers,98,New York Knicks,128,581,-809
Wed Mar 16 2022,Phoenix Suns,129,Houston Rockets,112,-549,418
Wed Mar 16 2022,Los Angeles Lakers,104,Minnesota Timberwolves,124,314,-384
Wed Mar 16 2022,Oklahoma City Thunder,120,San Antonio Spurs,122,522,-734
Wed Mar 16 2022,Chicago Bulls,110,Utah Jazz,125,230,-273
Wed Mar 16 2022,Boston Celtics,110,Golden State Warriors,88,109,-126
Wed Mar 16 2022,Milwaukee Bucks,135,Sacramento Kings,126,-397,316
Wed Mar 16 2022,Toronto Raptors,103,Los Angeles Clippers,100,-132,114
Thu Mar 17 2022,Detroit Pistons,134,Orlando Magic,120,131,-150
Fri Mar 18 2022,Dallas Mavericks,101,Philadelphia 76ers,111,157,-180
Fri Mar 18 2022,Memphis Grizzlies,105,Atlanta Hawks,120,-248,210
Fri Mar 18 2022,Portland Trail Blazers,123,Brooklyn Nets,128,832,-1297
Fri Mar 18 2022,Denver Nuggets,116,Cleveland Cavaliers,119,-142,124
Fri Mar 18 2022,Washington Wizards,97,New York Knicks,100,210,-248
Fri Mar 18 2022,Los Angeles Lakers,128,Toronto Raptors,123,296,-359
Fri Mar 18 2022,Indiana Pacers,121,Houston Rockets,118,-171,151
Fri Mar 18 2022,Oklahoma City Thunder,108,Miami Heat,120,916,-1439
Fri Mar 18 2022,New Orleans Pelicans,124,San Antonio Spurs,91,107,-124
Fri Mar 18 2022,Los Angeles Clippers,92,Utah Jazz,121,188,-221
Fri Mar 18 2022,Chicago Bulls,102,Phoenix Suns,129,170,-198
Fri Mar 18 2022,Boston Celtics,126,Sacramento Kings,97,-557,429
Sat Mar 19 2022,Milwaukee Bucks,119,Minnesota Timberwolves,138,136,-155
Sat Mar 19 2022,Dallas Mavericks,108,Charlotte Hornets,129,121,-139
Sat Mar 19 2022,Detroit Pistons,109,Cleveland Cavaliers,113,209,-249
Sat Mar 19 2022,Los Angeles Lakers,119,Washington Wizards,127,-118,101
Sun Mar 20 2022,Memphis Grizzlies,122,Houston Rockets,98,-768,557
Sun Mar 20 2022,Portland Trail Blazers,98,Indiana Pacers,129,281,-334
Sun Mar 20 2022,New Orleans Pelicans,117,Atlanta Hawks,112,174,-201
Sun Mar 20 2022,Oklahoma City Thunder,85,Orlando Magic,90,291,-351
Sun Mar 20 2022,Phoenix Suns,127,Sacramento Kings,124,-350,291
Sun Mar 20 2022,Utah Jazz,108,New York Knicks,93,-162,141
Sun Mar 20 2022,Boston Celtics,124,Denver Nuggets,104,-144,127
Sun Mar 20 2022,San Antonio Spurs,110,Golden State Warriors,108,226,-266
Sun Mar 20 2022,Toronto Raptors,93,Philadelphia 76ers,88,287,-341
Mon Mar 21 2022,New Orleans Pelicans,103,Charlotte Hornets,106,192,-223
Mon Mar 21 2022,Los Angeles Lakers,131,Cleveland Cavaliers,120,166,-192
Mon Mar 21 2022,Portland Trail Blazers,119,Detroit Pistons,115,373,-465
Mon Mar 21 2022,Utah Jazz,106,Brooklyn Nets,114,-135,117
Mon Mar 21 2022,Miami Heat,106,Philadelphia 76ers,113,-331,279
Mon Mar 21 2022,Toronto Raptors,99,Chicago Bulls,113,144,-166
Mon Mar 21 2022,Washington Wizards,97,Houston Rockets,115,-164,143
Mon Mar 21 2022,Boston Celtics,132,Oklahoma City Thunder,123,-1078,718
Mon Mar 21 2022,Minnesota Timberwolves,108,Dallas Mavericks,110,103,-121
Tue Mar 22 2022,Golden State Warriors,90,Orlando Magic,94,-324,268
Tue Mar 22 2022,Atlanta Hawks,117,New York Knicks,111,-164,143
Tue Mar 22 2022,Chicago Bulls,98,Milwaukee Bucks,126,221,-262
Tue Mar 22 2022,Los Angeles Clippers,115,Denver Nuggets,127,226,-267
Wed Mar 23 2022,New York Knicks,121,Charlotte Hornets,106,296,-363
Wed Mar 23 2022,Atlanta Hawks,101,Detroit Pistons,122,-202,175
Wed Mar 23 2022,Sacramento Kings,110,Indiana Pacers,109,196,-232
Wed Mar 23 2022,Utah Jazz,97,Boston Celtics,125,170,-196
Wed Mar 23 2022,Brooklyn Nets,120,Memphis Grizzlies,132,-118,101
Wed Mar 23 2022,Golden State Warriors,118,Miami Heat,104,395,-505
Wed Mar 23 2022,Phoenix Suns,125,Minnesota Timberwolves,116,110,-127
Wed Mar 23 2022,Orlando Magic,102,Oklahoma City Thunder,118,-134,116
Wed Mar 23 2022,Houston Rockets,91,Dallas Mavericks,110,398,-514
Wed Mar 23 2022,Philadelphia 76ers,126,Los Angeles Lakers,121,-481,387
Wed Mar 23 2022,San Antonio Spurs,133,Portland Trail Blazers,96,-452,359
Thu Mar 24 2022,Cleveland Cavaliers,104,Toronto Raptors,117,182,-213
Thu Mar 24 2022,Indiana Pacers,103,Memphis Grizzlies,133,476,-634
Thu Mar 24 2022,Washington Wizards,102,Milwaukee Bucks,114,318,-395
Thu Mar 24 2022,Chicago Bulls,109,New Orleans Pelicans,126,134,-153
Thu Mar 24 2022,Phoenix Suns,140,Denver Nuggets,130,-100,-117
Fri Mar 25 2022,Utah Jazz,101,Charlotte Hornets,107,-166,146
Fri Mar 25 2022,Washington Wizards,100,Detroit Pistons,97,144,-163
Fri Mar 25 2022,Golden State Warriors,110,Atlanta Hawks,121,113,-131
Fri Mar 25 2022,New York Knicks,111,Miami Heat,103,311,-385
Fri Mar 25 2022,Dallas Mavericks,95,Minnesota Timberwolves,116,142,-160
Fri Mar 25 2022,Houston Rockets,125,Portland Trail Blazers,106,-182,158
Fri Mar 25 2022,Philadelphia 76ers,122,Los Angeles Clippers,97,-226,191
Sat Mar 26 2022,San Antonio Spurs,107,New Orleans Pelicans,103,201,-238
Sat Mar 26 2022,Sacramento Kings,114,Orlando Magic,110,122,-139
Sat Mar 26 2022,Indiana Pacers,91,Toronto Raptors,131,519,-715
Sat Mar 26 2022,Chicago Bulls,98,Cleveland Cavaliers,94,111,-129
Sat Mar 26 2022,Milwaukee Bucks,102,Memphis Grizzlies,127,-115,-103
Sat Mar 26 2022,Brooklyn Nets,110,Miami Heat,95,-140,123
Sat Mar 26 2022,Oklahoma City Thunder,107,Denver Nuggets,113,960,-1529
Sat Mar 26 2022,Houston Rockets,115,Portland Trail Blazers,98,-183,159
Sun Mar 27 2022,New York Knicks,104,Detroit Pistons,102,-193,166
Sun Mar 27 2022,Minnesota Timberwolves,112,Boston Celtics,134,211,-249
Sun Mar 27 2022,Philadelphia 76ers,104,Phoenix Suns,114,161,-184
Sun Mar 27 2022,Golden State Warriors,115,Washington Wizards,123,-283,238
Sun Mar 27 2022,Los Angeles Lakers,108,New Orleans Pelicans,116,144,-166
Sun Mar 27 2022,Charlotte Hornets,119,Brooklyn Nets,110,228,-269
Sun Mar 27 2022,Utah Jazz,100,Dallas Mavericks,114,150,-172
Mon Mar 28 2022,Denver Nuggets,113,Charlotte Hornets,109,-159,140
Mon Mar 28 2022,Orlando Magic,101,Cleveland Cavaliers,107,325,-402
Mon Mar 28 2022,Atlanta Hawks,132,Indiana Pacers,123,-317,266
Mon Mar 28 2022,Sacramento Kings,100,Miami Heat,123,790,-1198
Mon Mar 28 2022,Chicago Bulls,104,New York Knicks,109,-166,145
Mon Mar 28 2022,Boston Celtics,112,Toronto Raptors,115,298,-366
Mon Mar 28 2022,San Antonio Spurs,123,Houston Rockets,120,-461,362
Mon Mar 28 2022,Golden State Warriors,95,Memphis Grizzlies,123,363,-468
Mon Mar 28 2022,Oklahoma City Thunder,134,Portland Trail Blazers,131,105,-123
Tue Mar 29 2022,Milwaukee Bucks,118,Philadelphia 76ers,116,-107,-110
Tue Mar 29 2022,Chicago Bulls,107,Washington Wizards,94,-180,158
Tue Mar 29 2022,Detroit Pistons,123,Brooklyn Nets,130,740,-1151
Tue Mar 29 2022,Los Angeles Lakers,110,Dallas Mavericks,128,549,-764
Tue Mar 29 2022,Utah Jazz,115,Los Angeles Clippers,121,-136,118
Wed Mar 30 2022,Dallas Mavericks,120,Cleveland Cavaliers,112,-135,118
Wed Mar 30 2022,Denver Nuggets,125,Indiana Pacers,118,-523,398
Wed Mar 30 2022,Orlando Magic,110,Washington Wizards,127,144,-166
Wed Mar 30 2022,Miami Heat,106,Boston Celtics,98,175,-206
Wed Mar 30 2022,Charlotte Hornets,125,New York Knicks,114,-144,127
Wed Mar 30 2022,Minnesota Timberwolves,102,Toronto Raptors,125,121,-138
Wed Mar 30 2022,Sacramento Kings,121,Houston Rockets,118,-151,132
Wed Mar 30 2022,Atlanta Hawks,136,Oklahoma City Thunder,118,-975,643
Wed Mar 30 2022,Memphis Grizzlies,112,San Antonio Spurs,111,-198,172
Wed Mar 30 2022,Phoenix Suns,107,Golden State Warriors,103,-198,171
Wed Mar 30 2022,New Orleans Pelicans,117,Portland Trail Blazers,107,-1256,816
Thu Mar 31 2022,Philadelphia 76ers,94,Detroit Pistons,102,-475,373
Thu Mar 31 2022,Cleveland Cavaliers,107,Atlanta Hawks,131,214,-254
Thu Mar 31 2022,Milwaukee Bucks,120,Brooklyn Nets,119,112,-130
Thu Mar 31 2022,Los Angeles Clippers,130,Chicago Bulls,135,115,-134
Thu Mar 31 2022,Los Angeles Lakers,109,Utah Jazz,122,702,-1006
Fri Apr 1 2022,Toronto Raptors,102,Orlando Magic,89,-632,476
Fri Apr 1 2022,Dallas Mavericks,103,Washington Wizards,135,-343,279
Fri Apr 1 2022,Indiana Pacers,123,Boston Celtics,128,917,-1479
Fri Apr 1 2022,Sacramento Kings,122,Houston Rockets,117,-154,136
Fri Apr 1 2022,Phoenix Suns,114,Memphis Grizzlies,122,-323,266
Fri Apr 1 2022,Los Angeles Clippers,153,Milwaukee Bucks,119,141,-162
Fri Apr 1 2022,Detroit Pistons,110,Oklahoma City Thunder,101,-181,159
Fri Apr 1 2022,Portland Trail Blazers,111,San Antonio Spurs,130,791,-1238
Fri Apr 1 2022,Minnesota Timberwolves,136,Denver Nuggets,130,134,-151
Fri Apr 1 2022,New Orleans Pelicans,114,Los Angeles Lakers,111,115,-133
Sat Apr 2 2022,Charlotte Hornets,114,Philadelphia 76ers,144,193,-227
Sat Apr 2 2022,Cleveland Cavaliers,119,New York Knicks,101,111,-128
Sat Apr 2 2022,Brooklyn Nets,115,Atlanta Hawks,122,-137,119
Sat Apr 2 2022,Miami Heat,127,Chicago Bulls,109,-139,122
Sat Apr 2 2022,Utah Jazz,107,Golden State Warriors,111,-137,119
Sun Apr 3 2022,Washington Wizards,102,Boston Celtics,144,724,-1105
Sun Apr 3 2022,Dallas Mavericks,118,Milwaukee Bucks,112,240,-284
Sun Apr 3 2022,Denver Nuggets,129,Los Angeles Lakers,118,-227,191
Sun Apr 3 2022,Detroit Pistons,121,Indiana Pacers,117,160,-182
Sun Apr 3 2022,Philadelphia 76ers,112,Cleveland Cavaliers,108,-222,189
Sun Apr 3 2022,New York Knicks,118,Orlando Magic,88,-203,176
Sun Apr 3 2022,Minnesota Timberwolves,139,Houston Rockets,132,-1071,699
Sun Apr 3 2022,Phoenix Suns,96,Oklahoma City Thunder,117,-1370,862
Sun Apr 3 2022,Portland Trail Blazers,92,San Antonio Spurs,113,739,-1126
Sun Apr 3 2022,Miami Heat,114,Toronto Raptors,109,170,-195
Sun Apr 3 2022,Golden State Warriors,109,Sacramento Kings,90,-192,165
Sun Apr 3 2022,New Orleans Pelicans,100,Los Angeles Clippers,119,114,-132
Tue Apr 5 2022,Philadelphia 76ers,131,Indiana Pacers,122,-665,490
Tue Apr 5 2022,Cleveland Cavaliers,115,Orlando Magic,120,-345,282
Tue Apr 5 2022,Houston Rockets,105,Brooklyn Nets,118,1041,-1717
Tue Apr 5 2022,Charlotte Hornets,115,Miami Heat,144,164,-188
Tue Apr 5 2022,Atlanta Hawks,108,Toronto Raptors,118,154,-175
Tue Apr 5 2022,Milwaukee Bucks,127,Chicago Bulls,106,-269,229
Tue Apr 5 2022,Washington Wizards,132,Minnesota Timberwolves,114,521,-716
Tue Apr 5 2022,Portland Trail Blazers,94,Oklahoma City Thunder,98,139,-158
Tue Apr 5 2022,San Antonio Spurs,116,Denver Nuggets,97,318,-398
Tue Apr 5 2022,Memphis Grizzlies,115,Utah Jazz,121,208,-245
Tue Apr 5 2022,New Orleans Pelicans,123,Sacramento Kings,109,-317,263
Tue Apr 5 2022,Los Angeles Lakers,110,Phoenix Suns,121,569,-794
Wed Apr 6 2022,Dallas Mavericks,131,Detroit Pistons,113,-413,330
Wed Apr 6 2022,Brooklyn Nets,110,New York Knicks,98,-282,240
Wed Apr 6 2022,Washington Wizards,103,Atlanta Hawks,118,409,-533
Wed Apr 6 2022,Boston Celtics,117,Chicago Bulls,94,-297,249
Wed Apr 6 2022,Oklahoma City Thunder,101,Utah Jazz,137,850,-1297
Wed Apr 6 2022,Phoenix Suns,109,Los Angeles Clippers,113,248,-297
Thu Apr 7 2022,Orlando Magic,101,Charlotte Hornets,128,778,-1185
Thu Apr 7 2022,Boston Celtics,121,Milwaukee Bucks,127,304,-376
Thu Apr 7 2022,Philadelphia 76ers,114,Toronto Raptors,119,-161,142
Thu Apr 7 2022,San Antonio Spurs,121,Minnesota Timberwolves,127,247,-301
Thu Apr 7 2022,Portland Trail Blazers,94,New Orleans Pelicans,127,994,-1745
Thu Apr 7 2022,Memphis Grizzlies,109,Denver Nuggets,122,158,-179
Thu Apr 7 2022,Los Angeles Lakers,112,Golden State Warriors,128,789,-1161
Fri Apr 8 2022,Milwaukee Bucks,131,Detroit Pistons,101,-515,393
Fri Apr 8 2022,New York Knicks,114,Washington Wizards,92,-165,143
Fri Apr 8 2022,Cleveland Cavaliers,107,Brooklyn Nets,118,298,-365
Fri Apr 8 2022,Houston Rockets,115,Toronto Raptors,117,519,-711
Fri Apr 8 2022,Charlotte Hornets,133,Chicago Bulls,117,125,-143
Fri Apr 8 2022,Atlanta Hawks,109,Miami Heat,113,103,-121
Fri Apr 8 2022,Portland Trail Blazers,78,Dallas Mavericks,128,1281,-2428
Fri Apr 8 2022,Phoenix Suns,111,Utah Jazz,105,132,-150
Fri Apr 8 2022,Oklahoma City Thunder,101,Los Angeles Lakers,120,193,-227
Sat Apr 9 2022,Indiana Pacers,120,Philadelphia 76ers,133,719,-1101
Sat Apr 9 2022,New Orleans Pelicans,114,Memphis Grizzlies,141,268,-323
Sat Apr 9 2022,Golden State Warriors,100,San Antonio Spurs,94,-304,253
Sat Apr 9 2022,Sacramento Kings,98,Los Angeles Clippers,117,548,-763
Sun Apr 10 2022,Indiana Pacers,126,Brooklyn Nets,134,1038,-1689
Sun Apr 10 2022,Washington Wizards,108,Charlotte Hornets,124,629,-907
Sun Apr 10 2022,Milwaukee Bucks,115,Cleveland Cavaliers,133,309,-388
Sun Apr 10 2022,Atlanta Hawks,130,Houston Rockets,114,-754,543
Sun Apr 10 2022,Boston Celtics,139,Memphis Grizzlies,110,-402,321
Sun Apr 10 2022,Toronto Raptors,94,New York Knicks,105,-114,-104
Sun Apr 10 2022,Miami Heat,111,Orlando Magic,125,-277,234
Sun Apr 10 2022,Detroit Pistons,106,Philadelphia 76ers,118,226,-264
Sun Apr 10 2022,Chicago Bulls,124,Minnesota Timberwolves,120,256,-309
Sun Apr 10 2022,San Antonio Spurs,120,Dallas Mavericks,130,404,-521
Sun Apr 10 2022,Los Angeles Lakers,146,Denver Nuggets,141,202,-239
Sun Apr 10 2022,Oklahoma City Thunder,88,Los Angeles Clippers,138,558,-779
Sun Apr 10 2022,Golden State Warriors,128,New Orleans Pelicans,107,-279,235
Sun Apr 10 2022,Sacramento Kings,116,Phoenix Suns,109,379,-491
Sun Apr 10 2022,Utah Jazz,111,Portland Trail Blazers,80,-2338,1250
Tue Apr 12 2022,Cleveland Cavaliers,108,Brooklyn Nets,115,384,-508
Tue Apr 12 2022,Los Angeles Clippers,104,Minnesota Timberwolves,109,136,-155
Wed Apr 13 2022,Charlotte Hornets,103,Atlanta Hawks,132,184,-216
Wed Apr 13 2022,San Antonio Spurs,103,New Orleans Pelicans,113,181,-210
Fri Apr 15 2022,Atlanta Hawks,107,Cleveland Cavaliers,101,-137,120
Fri Apr 15 2022,New Orleans Pelicans,105,Los Angeles Clippers,101,-124,107
Sat Apr 16 2022,Utah Jazz,99,Dallas Mavericks,93,-237,200
Sat Apr 16 2022,Minnesota Timberwolves,130,Memphis Grizzlies,117,238,-285
Sat Apr 16 2022,Toronto Raptors,111,Philadelphia 76ers,131,168,-193
Sat Apr 16 2022,Denver Nuggets,107,Golden State Warriors,123,223,-263
Sun Apr 17 2022,Atlanta Hawks,91,Miami Heat,115,241,-296
Sun Apr 17 2022,Brooklyn Nets,114,Boston Celtics,115,152,-173
Sun Apr 17 2022,Chicago Bulls,86,Milwaukee Bucks,93,452,-598
Sun Apr 17 2022,New Orleans Pelicans,99,Phoenix Suns,110,611,-798
Mon Apr 18 2022,Toronto Raptors,97,Philadelphia 76ers,112,263,-315
Mon Apr 18 2022,Utah Jazz,104,Dallas Mavericks,110,-216,184
Mon Apr 18 2022,Denver Nuggets,106,Golden State Warriors,126,251,-303
Tue Apr 19 2022,Atlanta Hawks,105,Miami Heat,115,273,-331
Tue Apr 19 2022,Minnesota Timberwolves,96,Memphis Grizzlies,124,244,-290
Tue Apr 19 2022,New Orleans Pelicans,125,Phoenix Suns,114,688,-1176
Wed Apr 20 2022,Brooklyn Nets,107,Boston Celtics,114,138,-157
Wed Apr 20 2022,Philadelphia 76ers,104,Toronto Raptors,101,-130,113
Wed Apr 20 2022,Chicago Bulls,114,Milwaukee Bucks,110,398,-535
Thu Apr 21 2022,Memphis Grizzlies,104,Minnesota Timberwolves,95,-140,123
Thu Apr 21 2022,Dallas Mavericks,126,Utah Jazz,118,320,-399
Thu Apr 21 2022,Golden State Warriors,118,Denver Nuggets,113,-143,124
Fri Apr 22 2022,Miami Heat,110,Atlanta Hawks,111,-131,114
Fri Apr 22 2022,Milwaukee Bucks,111,Chicago Bulls,81,-144,127
Fri Apr 22 2022,Phoenix Suns,114,New Orleans Pelicans,111,-181,152
Sat Apr 23 2022,Philadelphia 76ers,102,Toronto Raptors,110,619,129
Sat Apr 23 2022,Dallas Mavericks,99,Utah Jazz,100,198,-233
Sat Apr 23 2022,Boston Celtics,109,Brooklyn Nets,103,177,-177
Sat Apr 23 2022,Memphis Grizzlies,118,Minnesota Timberwolves,119,-136,119
Sun Apr 24 2022,Milwaukee Bucks,119,Chicago Bulls,95,-188,164
Sun Apr 24 2022,Golden State Warriors,121,Denver Nuggets,126,-205,173
Sun Apr 24 2022,Miami Heat,110,Atlanta Hawks,86,-120,102
Sun Apr 24 2022,Phoenix Suns,103,New Orleans Pelicans,118,-271,224
Mon Apr 25 2022,Boston Celtics,116,Brooklyn Nets,112,106,-665
Mon Apr 25 2022,Toronto Raptors,103,Philadelphia 76ers,88,530,-1764
Mon Apr 25 2022,Utah Jazz,77,Dallas Mavericks,102,138,-158
Tue Apr 26 2022,Atlanta Hawks,94,Miami Heat,97,182,-213
Tue Apr 26 2022,Minnesota Timberwolves,109,Memphis Grizzlies,111,218,-264
Tue Apr 26 2022,New Orleans Pelicans,97,Phoenix Suns,112,227,-275
Wed Apr 27 2022,Chicago Bulls,100,Milwaukee Bucks,116,636,-949
Wed Apr 27 2022,Denver Nuggets,98,Golden State Warriors,102,344,-2261
Thu Apr 28 2022,Philadelphia 76ers,132,Toronto Raptors,97,-114,-103
Thu Apr 28 2022,Phoenix Suns,115,New Orleans Pelicans,109,-163,144
Thu Apr 28 2022,Dallas Mavericks,98,Utah Jazz,96,-119,102
Fri Apr 29 2022,Memphis Grizzlies,114,Minnesota Timberwolves,106,-124,107
Sun May 1 2022,Milwaukee Bucks,101,Boston Celtics,89,173,-201
Sun May 1 2022,Golden State Warriors,117,Memphis Grizzlies,116,-142,124
Mon May 2 2022,Philadelphia 76ers,92,Miami Heat,106,288,-354
Mon May 2 2022,Dallas Mavericks,114,Phoenix Suns,121,206,-244
Tue May 3 2022,Milwaukee Bucks,86,Boston Celtics,109,161,-184
Tue May 3 2022,Golden State Warriors,101,Memphis Grizzlies,106,-130,113
Wed May 4 2022,Philadelphia 76ers,103,Miami Heat,119,323,-396
Wed May 4 2022,Dallas Mavericks,109,Phoenix Suns,129,209,-246
Fri May 6 2022,Miami Heat,79,Philadelphia 76ers,99,-109,-112
Fri May 6 2022,Phoenix Suns,94,Dallas Mavericks,103,-101,-119
Sat May 7 2022,Boston Celtics,101,Milwaukee Bucks,103,116,-136
Sat May 7 2022,Memphis Grizzlies,112,Golden State Warriors,142,251,-310
Sun May 8 2022,Phoenix Suns,101,Dallas Mavericks,111,-152,130
Sun May 8 2022,Miami Heat,108,Philadelphia 76ers,116,115,-135
Mon May 9 2022,Boston Celtics,116,Milwaukee Bucks,108,104,-124
Mon May 9 2022,Memphis Grizzlies,98,Golden State Warriors,101,416,-569
Tue May 10 2022,Philadelphia 76ers,85,Miami Heat,120,131,-153
Tue May 10 2022,Dallas Mavericks,80,Phoenix Suns,110,251,-308
Wed May 11 2022,Milwaukee Bucks,110,Boston Celtics,107,173,-203
Wed May 11 2022,Golden State Warriors,95,Memphis Grizzlies,134,-189,160
Thu May 12 2022,Miami Heat,99,Philadelphia 76ers,90,121,-141
Thu May 12 2022,Phoenix Suns,86,Dallas Mavericks,113,-139,118
Fri May 13 2022,Boston Celtics,108,Milwaukee Bucks,95,102,-122
Fri May 13 2022,Memphis Grizzlies,96,Golden State Warriors,110,286,-369
Sun May 15 2022,Milwaukee Bucks,81,Boston Celtics,109,176,-209
Sun May 15 2022,Dallas Mavericks,123,Phoenix Suns,90,235,-289
Tue May 17 2022,Boston Celtics,107,Miami Heat,118,164,-196
Wed May 18 2022,Dallas Mavericks,87,Golden State Warriors,112,187,-227
Thu May 19 2022,Boston Celtics,127,Miami Heat,102,-105,-115
Fri May 20 2022,Dallas Mavericks,117,Golden State Warriors,126,212,-256
Sat May 21 2022,Miami Heat,109,Boston Celtics,103,200,-241
Sun May 22 2022,Golden State Warriors,109,Dallas Mavericks,100,135,-158
Mon May 23 2022,Miami Heat,82,Boston Celtics,102,224,-273
Tue May 24 2022,Golden State Warriors,109,Dallas Mavericks,119,103,-123
Wed May 25 2022,Boston Celtics,93,Miami Heat,80,-165,141
Thu May 26 2022,Dallas Mavericks,110,Golden State Warriors,120,240,-290
Fri May 27 2022,Miami Heat,111,Boston Celtics,103,330,-424
Sun May 29 2022,Boston Celtics,100,Miami Heat,96,-156,134
Thu Jun 2 2022,Boston Celtics,120,Golden State Warriors,108,147,-171
Sun Jun 5 2022,Boston Celtics,88,Golden State Warriors,107,173,-205
Wed Jun 8 2022,Golden State Warriors,100,Boston Celtics,116,131,-153
Fri Jun 10 2022,Golden State Warriors,107,Boston Celtics,97,140,-163
Mon Jun 13 2022,Boston Celtics,94,Golden State Warriors,104,142,-166
Thu Jun 16 2022,Golden State Warriors,103,Boston Celtics,90,148,-172
Tue Oct 18 2022,Philadelphia 76ers,117,Boston Celtics,126,136.0,-157.0
Tue Oct 18 2022,Los Angeles Lakers,109,Golden State Warriors,123,239.0,-293.0
Wed Oct 19 2022,Orlando Magic,109,Detroit Pistons,113,148.0,-171.0
Wed Oct 19 2022,Washington Wizards,114,Indiana Pacers,107,-137.0,117.0
Wed Oct 19 2022,Houston Rockets,107,Atlanta Hawks,117,394.0,-535.0
Wed Oct 19 2022,New Orleans Pelicans,130,Brooklyn Nets,108,136.0,-157.0
Wed Oct 19 2022,New York Knicks,112,Memphis Grizzlies,115,183.0,-218.0
Wed Oct 19 2022,Chicago Bulls,116,Miami Heat,108,240.0,-295.0
Wed Oct 19 2022,Cleveland Cavaliers,105,Toronto Raptors,108,123.0,-143.0
Wed Oct 19 2022,Oklahoma City Thunder,108,Minnesota Timberwolves,115,433.0,-618.0
Wed Oct 19 2022,Charlotte Hornets,129,San Antonio Spurs,102,-114.0,-106.0
Wed Oct 19 2022,Denver Nuggets,102,Utah Jazz,123,-277.0,225.0
Wed Oct 19 2022,Dallas Mavericks,105,Phoenix Suns,107,160.0,-186.0
Wed Oct 19 2022,Portland Trail Blazers,115,Sacramento Kings,108,135.0,-158.0
Thu Oct 20 2022,Milwaukee Bucks,90,Philadelphia 76ers,88,151.0,-176.0
Thu Oct 20 2022,Los Angeles Clippers,103,Los Angeles Lakers,97,-193.0,164.0
Fri Oct 21 2022,New Orleans Pelicans,124,Charlotte Hornets,112,-274.0,226.0
Fri Oct 21 2022,San Antonio Spurs,137,Indiana Pacers,134,104.0,-124.0
Fri Oct 21 2022,Chicago Bulls,100,Washington Wizards,102,109.0,-129.0
Fri Oct 21 2022,Orlando Magic,98,Atlanta Hawks,108,316.0,-410.0
Fri Oct 21 2022,Toronto Raptors,105,Brooklyn Nets,109,125.0,-145.0
Fri Oct 21 2022,Boston Celtics,111,Miami Heat,104,-135.0,115.0
Fri Oct 21 2022,Detroit Pistons,106,New York Knicks,130,236.0,-285.0
Fri Oct 21 2022,Memphis Grizzlies,129,Houston Rockets,122,-286.0,238.0
Fri Oct 21 2022,Utah Jazz,132,Minnesota Timberwolves,126,267.0,-332.0
Fri Oct 21 2022,Denver Nuggets,128,Golden State Warriors,123,185.0,-220.0
Fri Oct 21 2022,Phoenix Suns,111,Portland Trail Blazers,113,-212.0,177.0
Sat Oct 22 2022,San Antonio Spurs,114,Philadelphia 76ers,105,647.0,-1052.0
Sat Oct 22 2022,Detroit Pistons,115,Indiana Pacers,124,-103.0,-117.0
Sat Oct 22 2022,Boston Celtics,126,Orlando Magic,120,-385.0,303.0
Sat Oct 22 2022,Cleveland Cavaliers,128,Chicago Bulls,96,-123.0,103.0
Sat Oct 22 2022,Toronto Raptors,109,Miami Heat,112,140.0,-163.0
Sat Oct 22 2022,Houston Rockets,105,Milwaukee Bucks,125,646.0,-1014.0
Sat Oct 22 2022,Memphis Grizzlies,96,Dallas Mavericks,137,189.0,-225.0
Sat Oct 22 2022,Oklahoma City Thunder,117,Denver Nuggets,122,320.0,-413.0
Sat Oct 22 2022,Los Angeles Clippers,111,Sacramento Kings,109,-139.0,119.0
Sun Oct 23 2022,Portland Trail Blazers,106,Los Angeles Lakers,104,151.0,-173.0
Sun Oct 23 2022,Charlotte Hornets,126,Atlanta Hawks,109,368.0,-493.0
Sun Oct 23 2022,Washington Wizards,107,Cleveland Cavaliers,117,150.0,-173.0
Sun Oct 23 2022,Utah Jazz,122,New Orleans Pelicans,121,279.0,-351.0
Sun Oct 23 2022,Minnesota Timberwolves,116,Oklahoma City Thunder,106,-452.0,343.0
Sun Oct 23 2022,Sacramento Kings,125,Golden State Warriors,130,379.0,-514.0
Sun Oct 23 2022,Phoenix Suns,112,Los Angeles Clippers,95,-121.0,101.0
Mon Oct 24 2022,Indiana Pacers,106,Philadelphia 76ers,120,540.0,-817.0
Mon Oct 24 2022,Toronto Raptors,98,Miami Heat,90,143.0,-165.0
Mon Oct 24 2022,Orlando Magic,102,New York Knicks,115,248.0,-306.0
Mon Oct 24 2022,Boston Celtics,102,Chicago Bulls,120,-217.0,182.0
Mon Oct 24 2022,Utah Jazz,108,Houston Rockets,114,-138.0,118.0
Mon Oct 24 2022,Brooklyn Nets,124,Memphis Grizzlies,134,101.0,-121.0
Mon Oct 24 2022,San Antonio Spurs,115,Minnesota Timberwolves,106,285.0,-363.0
Mon Oct 24 2022,Denver Nuggets,110,Portland Trail Blazers,135,-206.0,173.0
Tue Oct 25 2022,Detroit Pistons,99,Washington Wizards,120,186.0,-222.0
Tue Oct 25 2022,Dallas Mavericks,111,New Orleans Pelicans,113,-214.0,179.0
Tue Oct 25 2022,Los Angeles Clippers,94,Oklahoma City Thunder,108,-277.0,223.0
Tue Oct 25 2022,Golden State Warriors,105,Phoenix Suns,134,104.0,-124.0
Wed Oct 26 2022,Orlando Magic,92,Cleveland Cavaliers,103,304.0,-395.0
Wed Oct 26 2022,Atlanta Hawks,118,Detroit Pistons,113,-309.0,250.0
Wed Oct 26 2022,Brooklyn Nets,99,Milwaukee Bucks,110,135.0,-155.0
Wed Oct 26 2022,Charlotte Hornets,131,New York Knicks,134,249.0,-308.0
Wed Oct 26 2022,Philadelphia 76ers,109,Toronto Raptors,119,-115.0,-105.0
Wed Oct 26 2022,Indiana Pacers,109,Chicago Bulls,124,233.0,-284.0
Wed Oct 26 2022,San Antonio Spurs,122,Minnesota Timberwolves,134,343.0,-455.0
Wed Oct 26 2022,Houston Rockets,101,Utah Jazz,109,275.0,-352.0
Wed Oct 26 2022,Los Angeles Lakers,99,Denver Nuggets,110,171.0,-202.0
Wed Oct 26 2022,Miami Heat,119,Portland Trail Blazers,98,-146.0,126.0
Thu Oct 27 2022,Dallas Mavericks,129,Brooklyn Nets,125,-147.0,127.0
Thu Oct 27 2022,Los Angeles Clippers,110,Oklahoma City Thunder,118,-264.0,220.0
Thu Oct 27 2022,Miami Heat,110,Golden State Warriors,123,194.0,-231.0
Thu Oct 27 2022,Memphis Grizzlies,125,Sacramento Kings,110,-143.0,123.0
Fri Oct 28 2022,Atlanta Hawks,136,Detroit Pistons,112,-230.0,194.0
Fri Oct 28 2022,Charlotte Hornets,93,Orlando Magic,113,-120.0,-100.0
Fri Oct 28 2022,Cleveland Cavaliers,132,Boston Celtics,123,221.0,-268.0
Fri Oct 28 2022,Philadelphia 76ers,112,Toronto Raptors,90,143.0,-167.0
Fri Oct 28 2022,Indiana Pacers,127,Washington Wizards,117,170.0,-203.0
Fri Oct 28 2022,New York Knicks,108,Milwaukee Bucks,119,196.0,-238.0
Fri Oct 28 2022,Los Angeles Lakers,102,Minnesota Timberwolves,111,265.0,-330.0
Fri Oct 28 2022,Chicago Bulls,124,San Antonio Spurs,129,-173.0,151.0
Fri Oct 28 2022,Utah Jazz,101,Denver Nuggets,117,253.0,-311.0
Fri Oct 28 2022,New Orleans Pelicans,111,Phoenix Suns,124,271.0,-336.0
Fri Oct 28 2022,Houston Rockets,111,Portland Trail Blazers,125,156.0,-180.0
Sat Oct 29 2022,Miami Heat,113,Sacramento Kings,119,-171.0,148.0
Sat Oct 29 2022,Golden State Warriors,113,Charlotte Hornets,120,-509.0,379.0
Sat Oct 29 2022,Indiana Pacers,125,Brooklyn Nets,116,445.0,-618.0
Sat Oct 29 2022,Philadelphia 76ers,114,Chicago Bulls,109,-140.0,120.0
Sat Oct 29 2022,Atlanta Hawks,115,Milwaukee Bucks,123,181.0,-216.0
Sat Oct 29 2022,Oklahoma City Thunder,117,Dallas Mavericks,111,395.0,-533.0
Sat Oct 29 2022,Memphis Grizzlies,123,Utah Jazz,124,-154.0,134.0
Sun Oct 30 2022,New Orleans Pelicans,112,Los Angeles Clippers,91,107.0,-127.0
Sun Oct 30 2022,Washington Wizards,94,Boston Celtics,112,338.0,-439.0
Sun Oct 30 2022,New York Knicks,108,Cleveland Cavaliers,121,143.0,-165.0
Sun Oct 30 2022,Golden State Warriors,114,Detroit Pistons,128,-300.0,243.0
Sun Oct 30 2022,Minnesota Timberwolves,98,San Antonio Spurs,107,-235.0,195.0
Sun Oct 30 2022,Orlando Magic,105,Dallas Mavericks,114,334.0,-431.0
Sun Oct 30 2022,Houston Rockets,109,Phoenix Suns,124,587.0,-890.0
Sun Oct 30 2022,Denver Nuggets,110,Los Angeles Lakers,121,-141.0,121.0
Mon Oct 31 2022,Sacramento Kings,115,Charlotte Hornets,108,-161.0,139.0
Mon Oct 31 2022,Philadelphia 76ers,118,Washington Wizards,111,-142.0,122.0
Mon Oct 31 2022,Indiana Pacers,109,Brooklyn Nets,116,261.0,-323.0
Mon Oct 31 2022,Atlanta Hawks,109,Toronto Raptors,139,112.0,-132.0
Mon Oct 31 2022,Detroit Pistons,108,Milwaukee Bucks,110,606.0,-910.0
Mon Oct 31 2022,Memphis Grizzlies,105,Utah Jazz,121,-139.0,119.0
Mon Oct 31 2022,Houston Rockets,93,Los Angeles Clippers,95,299.0,-381.0
Tue Nov 1 2022,Chicago Bulls,108,Brooklyn Nets,99,113.0,-133.0
Tue Nov 1 2022,Golden State Warriors,109,Miami Heat,116,-101.0,-120.0
Tue Nov 1 2022,Orlando Magic,108,Oklahoma City Thunder,116,137.0,-159.0
Tue Nov 1 2022,Minnesota Timberwolves,107,Phoenix Suns,116,145.0,-169.0
Wed Nov 2 2022,Washington Wizards,121,Philadelphia 76ers,111,187.0,-223.0
Wed Nov 2 2022,Boston Celtics,113,Cleveland Cavaliers,114,-125.0,105.0
Wed Nov 2 2022,Sacramento Kings,107,Miami Heat,110,164.0,-190.0
Wed Nov 2 2022,Atlanta Hawks,112,New York Knicks,99,121.0,-141.0
Wed Nov 2 2022,Charlotte Hornets,88,Chicago Bulls,106,200.0,-239.0
Wed Nov 2 2022,Los Angeles Clippers,109,Houston Rockets,101,-220.0,185.0
Wed Nov 2 2022,Detroit Pistons,91,Milwaukee Bucks,116,469.0,-660.0
Wed Nov 2 2022,Toronto Raptors,143,San Antonio Spurs,100,-258.0,214.0
Wed Nov 2 2022,Utah Jazz,100,Dallas Mavericks,103,214.0,-256.0
Wed Nov 2 2022,Memphis Grizzlies,111,Portland Trail Blazers,106,-208.0,174.0
Wed Nov 2 2022,New Orleans Pelicans,117,Los Angeles Lakers,120,-134.0,114.0
Thu Nov 3 2022,Golden State Warriors,129,Orlando Magic,130,-440.0,339.0
Thu Nov 3 2022,Denver Nuggets,122,Oklahoma City Thunder,110,-249.0,206.0
Fri Nov 4 2022,Cleveland Cavaliers,112,Detroit Pistons,88,-168.0,145.0
Fri Nov 4 2022,Miami Heat,99,Indiana Pacers,101,-151.0,131.0
Fri Nov 4 2022,New York Knicks,106,Philadelphia 76ers,104,-104.0,-116.0
Fri Nov 4 2022,Brooklyn Nets,128,Washington Wizards,86,130.0,-150.0
Fri Nov 4 2022,Chicago Bulls,119,Boston Celtics,123,233.0,-281.0
Fri Nov 4 2022,Charlotte Hornets,99,Memphis Grizzlies,130,470.0,-664.0
Fri Nov 4 2022,Los Angeles Clippers,113,San Antonio Spurs,106,-163.0,140.0
Fri Nov 4 2022,Toronto Raptors,110,Dallas Mavericks,111,155.0,-179.0
Fri Nov 4 2022,Golden State Warriors,105,New Orleans Pelicans,114,410.0,-564.0
Fri Nov 4 2022,Milwaukee Bucks,115,Minnesota Timberwolves,102,-127.0,107.0
Fri Nov 4 2022,Portland Trail Blazers,108,Phoenix Suns,106,506.0,-720.0
Fri Nov 4 2022,Utah Jazz,130,Los Angeles Lakers,116,144.0,-167.0
Sat Nov 5 2022,Sacramento Kings,126,Orlando Magic,123,-183.0,158.0
Sat Nov 5 2022,Brooklyn Nets,98,Charlotte Hornets,94,-167.0,145.0
Sat Nov 5 2022,New Orleans Pelicans,121,Atlanta Hawks,124,109.0,-129.0
Sat Nov 5 2022,Boston Celtics,133,New York Knicks,118,-176.0,153.0
Sat Nov 5 2022,Oklahoma City Thunder,94,Milwaukee Bucks,108,186.0,-223.0
Sat Nov 5 2022,Houston Rockets,117,Minnesota Timberwolves,129,263.0,-328.0
Sat Nov 5 2022,San Antonio Spurs,101,Denver Nuggets,126,443.0,-609.0
Sat Nov 5 2022,Portland Trail Blazers,82,Phoenix Suns,102,459.0,-643.0
Sun Nov 6 2022,Cleveland Cavaliers,114,Los Angeles Lakers,100,-213.0,180.0
Sun Nov 6 2022,Washington Wizards,97,Memphis Grizzlies,103,334.0,-438.0
Sun Nov 6 2022,Chicago Bulls,104,Toronto Raptors,113,152.0,-174.0
Sun Nov 6 2022,Utah Jazz,110,Los Angeles Clippers,102,143.0,-166.0
Mon Nov 7 2022,Washington Wizards,108,Charlotte Hornets,100,107.0,-127.0
Mon Nov 7 2022,Houston Rockets,134,Orlando Magic,127,170.0,-200.0
Mon Nov 7 2022,Oklahoma City Thunder,103,Detroit Pistons,112,-128.0,108.0
Mon Nov 7 2022,New Orleans Pelicans,122,Indiana Pacers,129,-198.0,168.0
Mon Nov 7 2022,Phoenix Suns,88,Philadelphia 76ers,100,-122.0,102.0
Mon Nov 7 2022,Milwaukee Bucks,98,Atlanta Hawks,117,-208.0,174.0
Mon Nov 7 2022,Portland Trail Blazers,110,Miami Heat,107,171.0,-204.0
Mon Nov 7 2022,Toronto Raptors,97,Chicago Bulls,111,114.0,-134.0
Mon Nov 7 2022,Boston Celtics,109,Memphis Grizzlies,106,-163.0,140.0
Mon Nov 7 2022,New York Knicks,120,Minnesota Timberwolves,107,119.0,-139.0
Mon Nov 7 2022,Denver Nuggets,115,San Antonio Spurs,109,-315.0,255.0
Mon Nov 7 2022,Brooklyn Nets,94,Dallas Mavericks,96,196.0,-235.0
Mon Nov 7 2022,Sacramento Kings,113,Golden State Warriors,116,264.0,-330.0
Mon Nov 7 2022,Los Angeles Lakers,116,Utah Jazz,139,228.0,-276.0
Mon Nov 7 2022,Cleveland Cavaliers,117,Los Angeles Clippers,119,-180.0,155.0
Wed Nov 9 2022,Dallas Mavericks,87,Orlando Magic,94,-380.0,299.0
Wed Nov 9 2022,Portland Trail Blazers,105,Charlotte Hornets,95,-128.0,108.0
Wed Nov 9 2022,Denver Nuggets,122,Indiana Pacers,119,-196.0,168.0
Wed Nov 9 2022,Utah Jazz,125,Atlanta Hawks,119,156.0,-181.0
Wed Nov 9 2022,Detroit Pistons,112,Boston Celtics,128,588.0,-885.0
Wed Nov 9 2022,New York Knicks,85,Brooklyn Nets,112,137.0,-159.0
Wed Nov 9 2022,Houston Rockets,109,Toronto Raptors,116,379.0,-514.0
Wed Nov 9 2022,New Orleans Pelicans,115,Chicago Bulls,111,-132.0,112.0
Wed Nov 9 2022,Phoenix Suns,129,Minnesota Timberwolves,117,110.0,-130.0
Wed Nov 9 2022,Milwaukee Bucks,136,Oklahoma City Thunder,132,-116.0,-105.0
Wed Nov 9 2022,Memphis Grizzlies,124,San Antonio Spurs,122,-220.0,184.0
Wed Nov 9 2022,Los Angeles Lakers,101,Los Angeles Clippers,114,130.0,-150.0
Wed Nov 9 2022,Cleveland Cavaliers,120,Sacramento Kings,127,-176.0,154.0
Thu Nov 10 2022,Dallas Mavericks,105,Washington Wizards,113,-235.0,196.0
Thu Nov 10 2022,Philadelphia 76ers,95,Atlanta Hawks,104,-106.0,-114.0
Thu Nov 10 2022,Charlotte Hornets,112,Miami Heat,117,434.0,-595.0
Thu Nov 10 2022,Portland Trail Blazers,106,New Orleans Pelicans,95,330.0,-426.0
Fri Nov 11 2022,Denver Nuggets,112,Boston Celtics,131,153.0,-177.0
Fri Nov 11 2022,Phoenix Suns,97,Orlando Magic,114,-285.0,235.0
Fri Nov 11 2022,Detroit Pistons,112,New York Knicks,121,309.0,-398.0
Fri Nov 11 2022,Toronto Raptors,113,Oklahoma City Thunder,132,-204.0,173.0
Fri Nov 11 2022,Milwaukee Bucks,93,San Antonio Spurs,111,107.0,-127.0
Fri Nov 11 2022,Minnesota Timberwolves,103,Memphis Grizzlies,114,148.0,-171.0
Fri Nov 11 2022,Cleveland Cavaliers,101,Golden State Warriors,106,133.0,-154.0
Fri Nov 11 2022,Sacramento Kings,120,Los Angeles Lakers,114,-171.0,148.0
Sat Nov 12 2022,Brooklyn Nets,110,Los Angeles Clippers,95,103.0,-123.0
Sat Nov 12 2022,Utah Jazz,112,Washington Wizards,121,-169.0,146.0
Sat Nov 12 2022,Boston Celtics,117,Detroit Pistons,108,-374.0,295.0
Sat Nov 12 2022,Toronto Raptors,104,Indiana Pacers,118,126.0,-146.0
Sat Nov 12 2022,Atlanta Hawks,109,Philadelphia 76ers,121,125.0,-145.0
Sat Nov 12 2022,Charlotte Hornets,115,Miami Heat,132,279.0,-354.0
Sat Nov 12 2022,Portland Trail Blazers,112,Dallas Mavericks,117,209.0,-253.0
Sat Nov 12 2022,Houston Rockets,106,New Orleans Pelicans,119,395.0,-544.0
Sun Nov 13 2022,Oklahoma City Thunder,145,New York Knicks,135,188.0,-223.0
Sun Nov 13 2022,Minnesota Timberwolves,129,Cleveland Cavaliers,124,-102.0,-118.0
Sun Nov 13 2022,Memphis Grizzlies,92,Washington Wizards,102,104.0,-124.0
Sun Nov 13 2022,Utah Jazz,98,Philadelphia 76ers,105,142.0,-165.0
Sun Nov 13 2022,Denver Nuggets,126,Chicago Bulls,103,-124.0,104.0
Sun Nov 13 2022,Golden State Warriors,115,Sacramento Kings,122,-174.0,150.0
Sun Nov 13 2022,Brooklyn Nets,103,Los Angeles Lakers,116,-210.0,175.0
Mon Nov 14 2022,Toronto Raptors,115,Detroit Pistons,111,-179.0,155.0
Mon Nov 14 2022,Charlotte Hornets,112,Orlando Magic,105,-126.0,106.0
Mon Nov 14 2022,Oklahoma City Thunder,122,Boston Celtics,126,496.0,-717.0
Mon Nov 14 2022,Phoenix Suns,112,Miami Heat,113,121.0,-141.0
Mon Nov 14 2022,Los Angeles Clippers,122,Houston Rockets,106,-200.0,170.0
Mon Nov 14 2022,Atlanta Hawks,121,Milwaukee Bucks,106,147.0,-170.0
Mon Nov 14 2022,San Antonio Spurs,95,Golden State Warriors,132,311.0,-407.0
Tue Nov 15 2022,Memphis Grizzlies,102,New Orleans Pelicans,113,101.0,-121.0
Tue Nov 15 2022,Los Angeles Clippers,101,Dallas Mavericks,103,211.0,-253.0
Tue Nov 15 2022,New York Knicks,118,Utah Jazz,111,157.0,-182.0
Tue Nov 15 2022,San Antonio Spurs,110,Portland Trail Blazers,117,275.0,-350.0
Tue Nov 15 2022,Brooklyn Nets,121,Sacramento Kings,153,108.0,-128.0
Wed Nov 16 2022,Indiana Pacers,125,Charlotte Hornets,113,-113.0,-107.0
Wed Nov 16 2022,Minnesota Timberwolves,126,Orlando Magic,108,-326.0,260.0
Wed Nov 16 2022,Oklahoma City Thunder,121,Washington Wizards,120,170.0,-201.0
Wed Nov 16 2022,Boston Celtics,126,Atlanta Hawks,101,-112.0,-108.0
Wed Nov 16 2022,Miami Heat,104,Toronto Raptors,112,135.0,-156.0
Wed Nov 16 2022,Cleveland Cavaliers,98,Milwaukee Bucks,113,109.0,-129.0
Wed Nov 16 2022,Chicago Bulls,110,New Orleans Pelicans,124,105.0,-125.0
Wed Nov 16 2022,Houston Rockets,101,Dallas Mavericks,92,216.0,-261.0
Wed Nov 16 2022,New York Knicks,106,Denver Nuggets,103,107.0,-127.0
Wed Nov 16 2022,Golden State Warriors,119,Phoenix Suns,130,-144.0,124.0
Thu Nov 17 2022,Brooklyn Nets,109,Portland Trail Blazers,107,131.0,-152.0
Thu Nov 17 2022,San Antonio Spurs,112,Sacramento Kings,130,236.0,-285.0
Thu Nov 17 2022,Detroit Pistons,91,Los Angeles Clippers,96,415.0,-576.0
Fri Nov 18 2022,Miami Heat,106,Washington Wizards,107,261.0,-326.0
Fri Nov 18 2022,Charlotte Hornets,122,Cleveland Cavaliers,132,390.0,-536.0
Fri Nov 18 2022,Milwaukee Bucks,102,Philadelphia 76ers,110,-118.0,-102.0
Fri Nov 18 2022,Orlando Magic,108,Chicago Bulls,107,283.0,-363.0
Fri Nov 18 2022,Indiana Pacers,99,Houston Rockets,91,-218.0,183.0
Fri Nov 18 2022,Oklahoma City Thunder,110,Memphis Grizzlies,121,202.0,-244.0
Fri Nov 18 2022,Denver Nuggets,99,Dallas Mavericks,127,361.0,-485.0
Fri Nov 18 2022,Boston Celtics,117,New Orleans Pelicans,109,-151.0,130.0
Fri Nov 18 2022,Phoenix Suns,133,Utah Jazz,134,-115.0,-105.0
Fri Nov 18 2022,New York Knicks,101,Golden State Warriors,111,244.0,-303.0
Fri Nov 18 2022,Detroit Pistons,121,Los Angeles Lakers,128,203.0,-245.0
Sat Nov 19 2022,Toronto Raptors,122,Atlanta Hawks,124,179.0,-214.0
Sat Nov 19 2022,Orlando Magic,113,Indiana Pacers,114,251.0,-311.0
Sat Nov 19 2022,Minnesota Timberwolves,112,Philadelphia 76ers,109,-164.0,141.0
Sat Nov 19 2022,Utah Jazz,118,Portland Trail Blazers,113,157.0,-183.0
Sat Nov 19 2022,San Antonio Spurs,97,Los Angeles Clippers,119,287.0,-369.0
Sun Nov 20 2022,New York Knicks,95,Phoenix Suns,116,196.0,-233.0
Sun Nov 20 2022,Detroit Pistons,129,Sacramento Kings,137,389.0,-531.0
Sun Nov 20 2022,Charlotte Hornets,102,Washington Wizards,106,169.0,-200.0
Sun Nov 20 2022,Memphis Grizzlies,115,Brooklyn Nets,127,254.0,-315.0
Sun Nov 20 2022,Miami Heat,87,Cleveland Cavaliers,113,231.0,-284.0
Sun Nov 20 2022,Golden State Warriors,127,Houston Rockets,120,-552.0,398.0
Sun Nov 20 2022,Denver Nuggets,98,Dallas Mavericks,97,390.0,-532.0
Sun Nov 20 2022,San Antonio Spurs,92,Los Angeles Lakers,123,198.0,-235.0
Mon Nov 21 2022,Atlanta Hawks,102,Cleveland Cavaliers,114,139.0,-160.0
Mon Nov 21 2022,Orlando Magic,102,Indiana Pacers,123,228.0,-276.0
Mon Nov 21 2022,Boston Celtics,107,Chicago Bulls,121,-213.0,179.0
Mon Nov 21 2022,Portland Trail Blazers,111,Milwaukee Bucks,119,366.0,-490.0
Mon Nov 21 2022,Miami Heat,101,Minnesota Timberwolves,105,281.0,-365.0
Mon Nov 21 2022,Golden State Warriors,83,New Orleans Pelicans,128,425.0,-592.0
Mon Nov 21 2022,New York Knicks,129,Oklahoma City Thunder,119,105.0,-125.0
Mon Nov 21 2022,Utah Jazz,114,Los Angeles Clippers,121,116.0,-136.0
Tue Nov 22 2022,Brooklyn Nets,106,Philadelphia 76ers,115,-326.0,260.0
Tue Nov 22 2022,Sacramento Kings,113,Memphis Grizzlies,109,126.0,-146.0
Tue Nov 22 2022,Detroit Pistons,110,Denver Nuggets,108,460.0,-643.0
Tue Nov 22 2022,Los Angeles Lakers,105,Phoenix Suns,115,338.0,-450.0
Wed Nov 23 2022,Philadelphia 76ers,101,Charlotte Hornets,107,153.0,-178.0
Wed Nov 23 2022,Portland Trail Blazers,96,Cleveland Cavaliers,114,235.0,-285.0
Wed Nov 23 2022,Minnesota Timberwolves,115,Indiana Pacers,101,-131.0,111.0
Wed Nov 23 2022,Sacramento Kings,106,Atlanta Hawks,115,161.0,-188.0
Wed Nov 23 2022,Dallas Mavericks,112,Boston Celtics,125,183.0,-219.0
Wed Nov 23 2022,Washington Wizards,105,Miami Heat,113,167.0,-195.0
Wed Nov 23 2022,Brooklyn Nets,112,Toronto Raptors,98,-140.0,120.0
Wed Nov 23 2022,Chicago Bulls,118,Milwaukee Bucks,113,227.0,-275.0
Wed Nov 23 2022,Denver Nuggets,131,Oklahoma City Thunder,126,-108.0,-112.0
Wed Nov 23 2022,New Orleans Pelicans,129,San Antonio Spurs,110,-210.0,177.0
Wed Nov 23 2022,Detroit Pistons,125,Utah Jazz,116,483.0,-678.0
Wed Nov 23 2022,Los Angeles Clippers,107,Golden State Warriors,124,369.0,-502.0
Fri Nov 25 2022,Minnesota Timberwolves,108,Charlotte Hornets,110,-253.0,210.0
Fri Nov 25 2022,Philadelphia 76ers,107,Orlando Magic,99,102.0,-122.0
Fri Nov 25 2022,Portland Trail Blazers,132,New York Knicks,129,150.0,-174.0
Fri Nov 25 2022,Sacramento Kings,104,Boston Celtics,122,244.0,-302.0
Fri Nov 25 2022,Atlanta Hawks,122,Houston Rockets,128,-286.0,237.0
Fri Nov 25 2022,Brooklyn Nets,117,Indiana Pacers,128,-144.0,122.0
Fri Nov 25 2022,New Orleans Pelicans,111,Memphis Grizzlies,132,113.0,-133.0
Fri Nov 25 2022,Washington Wizards,107,Miami Heat,110,131.0,-151.0
Fri Nov 25 2022,Cleveland Cavaliers,102,Milwaukee Bucks,117,153.0,-177.0
Fri Nov 25 2022,Chicago Bulls,119,Oklahoma City Thunder,123,-151.0,131.0
Fri Nov 25 2022,Los Angeles Lakers,105,San Antonio Spurs,94,-175.0,151.0
Fri Nov 25 2022,Detroit Pistons,102,Phoenix Suns,108,543.0,-794.0
Fri Nov 25 2022,Utah Jazz,118,Golden State Warriors,129,263.0,-332.0
Fri Nov 25 2022,Denver Nuggets,114,Los Angeles Clippers,104,-178.0,154.0
Sat Nov 26 2022,Dallas Mavericks,100,Toronto Raptors,105,-140.0,120.0
Sat Nov 26 2022,Oklahoma City Thunder,105,Houston Rockets,118,-128.0,108.0
Sat Nov 26 2022,Los Angeles Lakers,143,San Antonio Spurs,138,-107.0,-113.0
Sat Nov 26 2022,Utah Jazz,112,Phoenix Suns,113,197.0,-236.0
Sun Nov 27 2022,Portland Trail Blazers,97,Brooklyn Nets,111,255.0,-318.0
Sun Nov 27 2022,Golden State Warriors,137,Minnesota Timberwolves,114,-120.0,100.0
Sun Nov 27 2022,Indiana Pacers,100,Los Angeles Clippers,114,-128.0,108.0
Sun Nov 27 2022,Miami Heat,106,Atlanta Hawks,98,147.0,-170.0
Sun Nov 27 2022,Washington Wizards,121,Boston Celtics,130,264.0,-332.0
Sun Nov 27 2022,Cleveland Cavaliers,102,Detroit Pistons,94,-313.0,252.0
Sun Nov 27 2022,Memphis Grizzlies,127,New York Knicks,123,-125.0,105.0
Sun Nov 27 2022,Philadelphia 76ers,133,Orlando Magic,103,-110.0,-110.0
Sun Nov 27 2022,Dallas Mavericks,115,Milwaukee Bucks,124,187.0,-223.0
Mon Nov 28 2022,Atlanta Hawks,101,Philadelphia 76ers,104,116.0,-136.0
Mon Nov 28 2022,Minnesota Timberwolves,127,Washington Wizards,142,-107.0,-113.0
Mon Nov 28 2022,Charlotte Hornets,105,Boston Celtics,140,453.0,-645.0
Mon Nov 28 2022,Orlando Magic,102,Brooklyn Nets,109,491.0,-711.0
Mon Nov 28 2022,Cleveland Cavaliers,88,Toronto Raptors,100,171.0,-203.0
Mon Nov 28 2022,Oklahoma City Thunder,101,New Orleans Pelicans,105,179.0,-213.0
Mon Nov 28 2022,Houston Rockets,113,Denver Nuggets,129,432.0,-615.0
Mon Nov 28 2022,Chicago Bulls,114,Utah Jazz,107,110.0,-130.0
Mon Nov 28 2022,Phoenix Suns,122,Sacramento Kings,117,-110.0,-110.0
Mon Nov 28 2022,Indiana Pacers,116,Los Angeles Lakers,115,144.0,-167.0
Tue Nov 29 2022,New York Knicks,140,Detroit Pistons,110,-193.0,165.0
Tue Nov 29 2022,Golden State Warriors,113,Dallas Mavericks,116,-104.0,-116.0
Tue Nov 29 2022,Los Angeles Clippers,118,Portland Trail Blazers,112,146.0,-169.0
Wed Nov 30 2022,Philadelphia 76ers,85,Cleveland Cavaliers,113,142.0,-164.0
Wed Nov 30 2022,Atlanta Hawks,125,Orlando Magic,108,-252.0,210.0
Wed Nov 30 2022,Miami Heat,121,Boston Celtics,134,348.0,-465.0
Wed Nov 30 2022,Washington Wizards,107,Brooklyn Nets,113,185.0,-220.0
Wed Nov 30 2022,Milwaukee Bucks,109,New York Knicks,103,-240.0,201.0
Wed Nov 30 2022,Memphis Grizzlies,101,Minnesota Timberwolves,109,-150.0,130.0
Wed Nov 30 2022,Toronto Raptors,108,New Orleans Pelicans,126,-141.0,121.0
Wed Nov 30 2022,San Antonio Spurs,111,Oklahoma City Thunder,119,124.0,-144.0
Wed Nov 30 2022,Houston Rockets,100,Denver Nuggets,120,453.0,-646.0
Wed Nov 30 2022,Chicago Bulls,113,Phoenix Suns,132,180.0,-215.0
Wed Nov 30 2022,Los Angeles Clippers,112,Utah Jazz,125,243.0,-301.0
Wed Nov 30 2022,Indiana Pacers,114,Sacramento Kings,137,162.0,-189.0
Wed Nov 30 2022,Portland Trail Blazers,109,Los Angeles Lakers,128,199.0,-240.0
Thu Dec 1 2022,Dallas Mavericks,125,Detroit Pistons,131,-327.0,261.0
Fri Dec 2 2022,Washington Wizards,116,Charlotte Hornets,117,-171.0,148.0
Fri Dec 2 2022,Denver Nuggets,109,Atlanta Hawks,117,-201.0,170.0
Fri Dec 2 2022,Miami Heat,120,Boston Celtics,116,231.0,-279.0
Fri Dec 2 2022,Toronto Raptors,105,Brooklyn Nets,114,105.0,-125.0
Fri Dec 2 2022,Orlando Magic,96,Cleveland Cavaliers,107,436.0,-614.0
Fri Dec 2 2022,Los Angeles Lakers,133,Milwaukee Bucks,129,287.0,-368.0
Fri Dec 2 2022,Philadelphia 76ers,109,Memphis Grizzlies,117,169.0,-201.0
Fri Dec 2 2022,New Orleans Pelicans,117,San Antonio Spurs,99,-286.0,233.0
Fri Dec 2 2022,Houston Rockets,122,Phoenix Suns,121,491.0,-701.0
Fri Dec 2 2022,Indiana Pacers,119,Utah Jazz,139,147.0,-170.0
Fri Dec 2 2022,Chicago Bulls,111,Golden State Warriors,119,231.0,-278.0
Sat Dec 3 2022,Dallas Mavericks,121,New York Knicks,100,-120.0,-100.0
Sat Dec 3 2022,Sacramento Kings,123,Los Angeles Clippers,96,-168.0,145.0
Sat Dec 3 2022,Milwaukee Bucks,105,Charlotte Hornets,96,-126.0,106.0
Sat Dec 3 2022,Oklahoma City Thunder,135,Minnesota Timberwolves,128,179.0,-214.0
Sat Dec 3 2022,Orlando Magic,108,Toronto Raptors,121,455.0,-643.0
Sat Dec 3 2022,Houston Rockets,101,Golden State Warriors,120,454.0,-647.0
Sat Dec 3 2022,Portland Trail Blazers,116,Utah Jazz,111,176.0,-209.0
Sun Dec 4 2022,Denver Nuggets,106,New Orleans Pelicans,121,105.0,-125.0
Sun Dec 4 2022,Phoenix Suns,133,San Antonio Spurs,95,-493.0,365.0
Sun Dec 4 2022,Boston Celtics,103,Brooklyn Nets,92,-135.0,115.0
Sun Dec 4 2022,Memphis Grizzlies,122,Detroit Pistons,112,-266.0,220.0
Sun Dec 4 2022,Cleveland Cavaliers,81,New York Knicks,92,-141.0,121.0
Sun Dec 4 2022,Chicago Bulls,101,Sacramento Kings,110,130.0,-150.0
Sun Dec 4 2022,Los Angeles Lakers,130,Washington Wizards,119,107.0,-127.0
Sun Dec 4 2022,Indiana Pacers,100,Portland Trail Blazers,116,172.0,-203.0
Mon Dec 5 2022,Los Angeles Clippers,119,Charlotte Hornets,117,-251.0,208.0
Mon Dec 5 2022,Milwaukee Bucks,109,Orlando Magic,102,-545.0,398.0
Mon Dec 5 2022,Oklahoma City Thunder,121,Atlanta Hawks,114,209.0,-251.0
Mon Dec 5 2022,Boston Celtics,116,Toronto Raptors,110,105.0,-125.0
Mon Dec 5 2022,Philadelphia 76ers,123,Houston Rockets,132,-339.0,266.0
Mon Dec 5 2022,Miami Heat,93,Memphis Grizzlies,101,-209.0,176.0
Mon Dec 5 2022,Phoenix Suns,111,Dallas Mavericks,130,137.0,-159.0
Mon Dec 5 2022,Indiana Pacers,112,Golden State Warriors,104,511.0,-745.0
Tue Dec 6 2022,Los Angeles Lakers,102,Cleveland Cavaliers,116,183.0,-219.0
Tue Dec 6 2022,Detroit Pistons,116,Miami Heat,96,251.0,-313.0
Tue Dec 6 2022,Dallas Mavericks,116,Denver Nuggets,115,156.0,-181.0
Wed Dec 7 2022,Los Angeles Clippers,111,Orlando Magic,116,-265.0,219.0
Wed Dec 7 2022,Charlotte Hornets,116,Brooklyn Nets,122,372.0,-502.0
Wed Dec 7 2022,Atlanta Hawks,89,New York Knicks,113,113.0,-133.0
Wed Dec 7 2022,Los Angeles Lakers,113,Toronto Raptors,126,548.0,-818.0
Wed Dec 7 2022,Washington Wizards,111,Chicago Bulls,115,171.0,-203.0
Wed Dec 7 2022,Oklahoma City Thunder,102,Memphis Grizzlies,123,278.0,-355.0
Wed Dec 7 2022,Sacramento Kings,113,Milwaukee Bucks,126,213.0,-255.0
Wed Dec 7 2022,Indiana Pacers,115,Minnesota Timberwolves,121,159.0,-186.0
Wed Dec 7 2022,Detroit Pistons,98,New Orleans Pelicans,104,411.0,-561.0
Wed Dec 7 2022,Golden State Warriors,123,Utah Jazz,124,186.0,-221.0
Wed Dec 7 2022,Boston Celtics,125,Phoenix Suns,98,112.0,-132.0
Thu Dec 8 2022,Los Angeles Clippers,110,Miami Heat,115,,
Thu Dec 8 2022,Houston Rockets,109,San Antonio Spurs,118,-127.0,107.0
Thu Dec 8 2022,Denver Nuggets,121,Portland Trail Blazers,120,-124.0,104.0
Fri Dec 9 2022,New York Knicks,121,Charlotte Hornets,102,-177.0,153.0
Fri Dec 9 2022,Washington Wizards,111,Indiana Pacers,121,148.0,-171.0
Fri Dec 9 2022,Toronto Raptors,109,Orlando Magic,113,-359.0,279.0
Fri Dec 9 2022,Atlanta Hawks,116,Brooklyn Nets,120,240.0,-293.0
Fri Dec 9 2022,Sacramento Kings,106,Cleveland Cavaliers,95,140.0,-162.0
Fri Dec 9 2022,Los Angeles Lakers,122,Philadelphia 76ers,133,168.0,-200.0
Fri Dec 9 2022,Detroit Pistons,103,Memphis Grizzlies,114,405.0,-564.0
Fri Dec 9 2022,Phoenix Suns,117,New Orleans Pelicans,128,-119.0,-101.0
Fri Dec 9 2022,Minnesota Timberwolves,118,Utah Jazz,108,-112.0,-108.0
Fri Dec 9 2022,Milwaukee Bucks,106,Dallas Mavericks,105,-104.0,-116.0
Sat Dec 10 2022,San Antonio Spurs,115,Miami Heat,111,513.0,-749.0
Sat Dec 10 2022,Brooklyn Nets,136,Indiana Pacers,133,274.0,-350.0
Sat Dec 10 2022,Los Angeles Clippers,114,Washington Wizards,107,-201.0,170.0
Sat Dec 10 2022,Oklahoma City Thunder,102,Cleveland Cavaliers,110,160.0,-187.0
Sat Dec 10 2022,Dallas Mavericks,115,Chicago Bulls,144,170.0,-201.0
Sat Dec 10 2022,Boston Celtics,107,Golden State Warriors,123,-143.0,123.0
Sat Dec 10 2022,Utah Jazz,110,Denver Nuggets,115,457.0,-650.0
Sat Dec 10 2022,Minnesota Timberwolves,118,Portland Trail Blazers,124,174.0,-208.0
Sun Dec 11 2022,Phoenix Suns,124,New Orleans Pelicans,129,144.0,-166.0
Sun Dec 11 2022,Los Angeles Lakers,124,Detroit Pistons,117,-208.0,176.0
Sun Dec 11 2022,Sacramento Kings,99,New York Knicks,112,118.0,-138.0
Sun Dec 11 2022,Toronto Raptors,99,Orlando Magic,111,-256.0,212.0
Sun Dec 11 2022,Charlotte Hornets,113,Philadelphia 76ers,131,391.0,-535.0
Sun Dec 11 2022,Chicago Bulls,122,Atlanta Hawks,123,136.0,-156.0
Sun Dec 11 2022,Milwaukee Bucks,92,Houston Rockets,97,-491.0,366.0
Mon Dec 12 2022,Miami Heat,87,Indiana Pacers,82,-163.0,141.0
Mon Dec 12 2022,Brooklyn Nets,112,Washington Wizards,100,-216.0,180.0
Mon Dec 12 2022,Atlanta Hawks,103,Memphis Grizzlies,128,342.0,-452.0
Mon Dec 12 2022,Oklahoma City Thunder,114,Dallas Mavericks,121,288.0,-369.0
Mon Dec 12 2022,Cleveland Cavaliers,111,San Antonio Spurs,112,-437.0,331.0
Mon Dec 12 2022,Minnesota Timberwolves,112,Portland Trail Blazers,133,146.0,-170.0
Mon Dec 12 2022,Boston Celtics,93,Los Angeles Clippers,113,-178.0,154.0
Tue Dec 13 2022,Sacramento Kings,103,Philadelphia 76ers,123,153.0,-178.0
Tue Dec 13 2022,Golden State Warriors,111,Milwaukee Bucks,128,128.0,-148.0
Tue Dec 13 2022,Phoenix Suns,97,Houston Rockets,111,-254.0,212.0
Tue Dec 13 2022,New Orleans Pelicans,100,Utah Jazz,121,-129.0,109.0
Tue Dec 13 2022,Boston Celtics,122,Los Angeles Lakers,118,-173.0,150.0
Wed Dec 14 2022,Detroit Pistons,141,Charlotte Hornets,134,159.0,-185.0
Wed Dec 14 2022,Golden State Warriors,119,Indiana Pacers,125,-124.0,104.0
Wed Dec 14 2022,Atlanta Hawks,124,Orlando Magic,135,-145.0,125.0
Wed Dec 14 2022,New York Knicks,128,Chicago Bulls,120,141.0,-163.0
Wed Dec 14 2022,Sacramento Kings,124,Toronto Raptors,123,171.0,-202.0
Wed Dec 14 2022,Miami Heat,110,Oklahoma City Thunder,108,-140.0,120.0
Wed Dec 14 2022,Portland Trail Blazers,128,San Antonio Spurs,112,-293.0,241.0
Wed Dec 14 2022,Cleveland Cavaliers,105,Dallas Mavericks,90,119.0,-139.0
Wed Dec 14 2022,Washington Wizards,128,Denver Nuggets,141,449.0,-628.0
Wed Dec 14 2022,Minnesota Timberwolves,88,Los Angeles Clippers,99,233.0,-284.0
Thu Dec 15 2022,Miami Heat,111,Houston Rockets,108,-150.0,130.0
Thu Dec 15 2022,Milwaukee Bucks,101,Memphis Grizzlies,142,134.0,-154.0
Thu Dec 15 2022,New Orleans Pelicans,129,Utah Jazz,132,-120.0,-100.0
Thu Dec 15 2022,Phoenix Suns,111,Los Angeles Clippers,95,-245.0,203.0
Fri Dec 16 2022,Atlanta Hawks,125,Charlotte Hornets,106,121.0,-141.0
Fri Dec 16 2022,Sacramento Kings,122,Detroit Pistons,113,-242.0,202.0
Fri Dec 16 2022,Orlando Magic,117,Boston Celtics,109,612.0,-948.0
Fri Dec 16 2022,Indiana Pacers,112,Cleveland Cavaliers,118,263.0,-326.0
Fri Dec 16 2022,Golden State Warriors,106,Philadelphia 76ers,118,299.0,-385.0
Fri Dec 16 2022,Brooklyn Nets,119,Toronto Raptors,116,-118.0,-102.0
Fri Dec 16 2022,New York Knicks,114,Chicago Bulls,91,131.0,-152.0
Fri Dec 16 2022,Minnesota Timberwolves,112,Oklahoma City Thunder,110,160.0,-187.0
Fri Dec 16 2022,Portland Trail Blazers,110,Dallas Mavericks,130,153.0,-175.0
Fri Dec 16 2022,Denver Nuggets,108,Los Angeles Lakers,126,-120.0,100.0
Sat Dec 17 2022,Washington Wizards,93,Los Angeles Clippers,102,169.0,-200.0
Sat Dec 17 2022,Miami Heat,111,San Antonio Spurs,101,-324.0,260.0
Sat Dec 17 2022,Dallas Mavericks,99,Cleveland Cavaliers,100,291.0,-373.0
Sat Dec 17 2022,Portland Trail Blazers,107,Houston Rockets,95,-155.0,134.0
Sat Dec 17 2022,Utah Jazz,97,Milwaukee Bucks,123,110.0,-130.0
Sat Dec 17 2022,Memphis Grizzlies,109,Oklahoma City Thunder,115,-621.0,442.0
Sat Dec 17 2022,New Orleans Pelicans,114,Phoenix Suns,118,133.0,-153.0
Sun Dec 18 2022,Orlando Magic,95,Boston Celtics,92,402.0,-553.0
Sun Dec 18 2022,New York Knicks,109,Indiana Pacers,106,-113.0,-107.0
Sun Dec 18 2022,Brooklyn Nets,124,Detroit Pistons,121,-343.0,270.0
Sun Dec 18 2022,Golden State Warriors,126,Toronto Raptors,110,195.0,-233.0
Sun Dec 18 2022,Chicago Bulls,126,Minnesota Timberwolves,150,-127.0,107.0
Sun Dec 18 2022,Charlotte Hornets,115,Denver Nuggets,119,308.0,-398.0
Sun Dec 18 2022,Washington Wizards,117,Los Angeles Lakers,119,130.0,-150.0
Mon Dec 19 2022,Utah Jazz,99,Cleveland Cavaliers,122,223.0,-268.0
Mon Dec 19 2022,Toronto Raptors,101,Philadelphia 76ers,104,218.0,-262.0
Mon Dec 19 2022,Orlando Magic,125,Atlanta Hawks,126,276.0,-353.0
Mon Dec 19 2022,San Antonio Spurs,124,Houston Rockets,105,165.0,-193.0
Mon Dec 19 2022,Dallas Mavericks,106,Minnesota Timberwolves,116,-225.0,186.0
Mon Dec 19 2022,Milwaukee Bucks,128,New Orleans Pelicans,119,-108.0,-112.0
Mon Dec 19 2022,Portland Trail Blazers,121,Oklahoma City Thunder,123,-171.0,148.0
Mon Dec 19 2022,Los Angeles Lakers,104,Phoenix Suns,130,423.0,-588.0
Mon Dec 19 2022,Charlotte Hornets,125,Sacramento Kings,119,363.0,-490.0
Tue Dec 20 2022,Utah Jazz,126,Detroit Pistons,111,-140.0,120.0
Tue Dec 20 2022,Chicago Bulls,113,Miami Heat,103,101.0,-121.0
Tue Dec 20 2022,Golden State Warriors,94,New York Knicks,132,200.0,-240.0
Tue Dec 20 2022,Washington Wizards,113,Phoenix Suns,110,235.0,-284.0
Tue Dec 20 2022,Memphis Grizzlies,91,Denver Nuggets,105,-121.0,101.0
Wed Dec 21 2022,Milwaukee Bucks,106,Cleveland Cavaliers,114,118.0,-138.0
Wed Dec 21 2022,Detroit Pistons,93,Philadelphia 76ers,113,480.0,-700.0
Wed Dec 21 2022,Chicago Bulls,110,Atlanta Hawks,108,172.0,-203.0
Wed Dec 21 2022,Indiana Pacers,117,Boston Celtics,112,345.0,-457.0
Wed Dec 21 2022,Golden State Warriors,113,Brooklyn Nets,143,403.0,-553.0
Wed Dec 21 2022,Toronto Raptors,113,New York Knicks,106,111.0,-131.0
Wed Dec 21 2022,Orlando Magic,116,Houston Rockets,110,-104.0,-116.0
Wed Dec 21 2022,Dallas Mavericks,104,Minnesota Timberwolves,99,-137.0,117.0
Wed Dec 21 2022,Portland Trail Blazers,98,Oklahoma City Thunder,101,-165.0,142.0
Wed Dec 21 2022,Los Angeles Lakers,120,Sacramento Kings,134,264.0,-331.0
Wed Dec 21 2022,Charlotte Hornets,105,Los Angeles Clippers,126,294.0,-377.0
Thu Dec 22 2022,San Antonio Spurs,117,New Orleans Pelicans,126,285.0,-362.0
Thu Dec 22 2022,Washington Wizards,112,Utah Jazz,120,229.0,-276.0
Fri Dec 23 2022,San Antonio Spurs,113,Orlando Magic,133,196.0,-235.0
Fri Dec 23 2022,Los Angeles Clippers,114,Philadelphia 76ers,119,143.0,-166.0
Fri Dec 23 2022,Detroit Pistons,105,Atlanta Hawks,130,345.0,-455.0
Fri Dec 23 2022,Minnesota Timberwolves,109,Boston Celtics,121,342.0,-454.0
Fri Dec 23 2022,Milwaukee Bucks,100,Brooklyn Nets,118,116.0,-136.0
Fri Dec 23 2022,Toronto Raptors,118,Cleveland Cavaliers,107,167.0,-196.0
Fri Dec 23 2022,Chicago Bulls,118,New York Knicks,117,188.0,-223.0
Fri Dec 23 2022,Dallas Mavericks,112,Houston Rockets,106,-269.0,224.0
Fri Dec 23 2022,Indiana Pacers,111,Miami Heat,108,201.0,-241.0
Fri Dec 23 2022,New Orleans Pelicans,128,Oklahoma City Thunder,125,105.0,-125.0
Fri Dec 23 2022,Portland Trail Blazers,107,Denver Nuggets,120,182.0,-217.0
Fri Dec 23 2022,Memphis Grizzlies,125,Phoenix Suns,100,-153.0,132.0
Fri Dec 23 2022,Washington Wizards,125,Sacramento Kings,111,257.0,-318.0
Fri Dec 23 2022,Charlotte Hornets,134,Los Angeles Lakers,130,123.0,-143.0
Sun Dec 25 2022,Philadelphia 76ers,119,New York Knicks,112,-129.0,109.0
Sun Dec 25 2022,Los Angeles Lakers,115,Dallas Mavericks,124,247.0,-306.0
Sun Dec 25 2022,Milwaukee Bucks,118,Boston Celtics,139,178.0,-213.0
Sun Dec 25 2022,Memphis Grizzlies,109,Golden State Warriors,123,-284.0,236.0
Sun Dec 25 2022,Phoenix Suns,125,Denver Nuggets,128,155.0,-178.0
Mon Dec 26 2022,Brooklyn Nets,125,Cleveland Cavaliers,117,110.0,-130.0
Mon Dec 26 2022,Los Angeles Clippers,142,Detroit Pistons,131,-223.0,187.0
Mon Dec 26 2022,Minnesota Timberwolves,110,Miami Heat,113,-105.0,-115.0
Mon Dec 26 2022,Houston Rockets,133,Chicago Bulls,118,226.0,-272.0
Mon Dec 26 2022,Indiana Pacers,93,New Orleans Pelicans,113,108.0,-128.0
Mon Dec 26 2022,Utah Jazz,122,San Antonio Spurs,126,-188.0,162.0
Mon Dec 26 2022,Charlotte Hornets,113,Portland Trail Blazers,124,180.0,-216.0
Tue Dec 27 2022,Los Angeles Lakers,129,Orlando Magic,110,127.0,-147.0
Tue Dec 27 2022,Philadelphia 76ers,111,Washington Wizards,116,-190.0,163.0
Tue Dec 27 2022,Houston Rockets,102,Boston Celtics,126,818.0,-1492.0
Tue Dec 27 2022,Atlanta Hawks,114,Indiana Pacers,129,-125.0,105.0
Tue Dec 27 2022,Los Angeles Clippers,124,Toronto Raptors,113,145.0,-168.0
Tue Dec 27 2022,Phoenix Suns,125,Memphis Grizzlies,108,256.0,-318.0
Tue Dec 27 2022,San Antonio Spurs,114,Oklahoma City Thunder,130,224.0,-270.0
Tue Dec 27 2022,New York Knicks,121,Dallas Mavericks,126,181.0,-218.0
Tue Dec 27 2022,Charlotte Hornets,105,Golden State Warriors,110,175.0,-206.0
Tue Dec 27 2022,Denver Nuggets,113,Sacramento Kings,106,-153.0,133.0
Wed Dec 28 2022,Orlando Magic,101,Detroit Pistons,121,-115.0,-105.0
Wed Dec 28 2022,Phoenix Suns,102,Washington Wizards,127,-131.0,111.0
Wed Dec 28 2022,Brooklyn Nets,108,Atlanta Hawks,107,-286.0,235.0
Wed Dec 28 2022,Los Angeles Lakers,98,Miami Heat,112,305.0,-396.0
Wed Dec 28 2022,Milwaukee Bucks,113,Chicago Bulls,119,-140.0,120.0
Wed Dec 28 2022,Minnesota Timberwolves,118,New Orleans Pelicans,119,209.0,-251.0
Wed Dec 28 2022,Utah Jazz,107,Golden State Warriors,112,-182.0,158.0
Wed Dec 28 2022,Denver Nuggets,126,Sacramento Kings,127,134.0,-155.0
Thu Dec 29 2022,Oklahoma City Thunder,113,Charlotte Hornets,121,117.0,-137.0
Thu Dec 29 2022,Cleveland Cavaliers,126,Indiana Pacers,135,-171.0,149.0
Thu Dec 29 2022,Los Angeles Clippers,110,Boston Celtics,116,218.0,-262.0
Thu Dec 29 2022,Memphis Grizzlies,119,Toronto Raptors,106,-178.0,154.0
Thu Dec 29 2022,New York Knicks,115,San Antonio Spurs,122,-190.0,163.0
Thu Dec 29 2022,Houston Rockets,114,Dallas Mavericks,129,373.0,-498.0
Fri Dec 30 2022,Washington Wizards,119,Orlando Magic,100,-185.0,160.0
Fri Dec 30 2022,Los Angeles Lakers,130,Atlanta Hawks,121,201.0,-240.0
Fri Dec 30 2022,Phoenix Suns,104,Toronto Raptors,113,110.0,-130.0
Fri Dec 30 2022,Detroit Pistons,118,Chicago Bulls,132,246.0,-303.0
Fri Dec 30 2022,Minnesota Timberwolves,114,Milwaukee Bucks,123,246.0,-304.0
Fri Dec 30 2022,Philadelphia 76ers,116,New Orleans Pelicans,127,-122.0,102.0
Fri Dec 30 2022,Miami Heat,119,Denver Nuggets,124,159.0,-183.0
Fri Dec 30 2022,Portland Trail Blazers,112,Golden State Warriors,118,-118.0,-103.0
Fri Dec 30 2022,Utah Jazz,125,Sacramento Kings,126,132.0,-152.0
Sat Dec 31 2022,Los Angeles Clippers,130,Indiana Pacers,131,-140.0,120.0
Sat Dec 31 2022,Cleveland Cavaliers,103,Chicago Bulls,102,-119.0,-101.0
Sat Dec 31 2022,Brooklyn Nets,123,Charlotte Hornets,106,-248.0,207.0
Sat Dec 31 2022,New York Knicks,108,Houston Rockets,88,-165.0,143.0
Sat Dec 31 2022,Dallas Mavericks,126,San Antonio Spurs,125,-280.0,233.0
Sat Dec 31 2022,New Orleans Pelicans,101,Memphis Grizzlies,116,206.0,-247.0
Sat Dec 31 2022,Detroit Pistons,116,Minnesota Timberwolves,104,241.0,-296.0
Sat Dec 31 2022,Philadelphia 76ers,115,Oklahoma City Thunder,96,-144.0,124.0
Sat Dec 31 2022,Miami Heat,126,Utah Jazz,123,156.0,-179.0
Sun Jan 1 2023,Boston Celtics,111,Denver Nuggets,123,-165.0,142.0
Sun Jan 1 2023,Sacramento Kings,108,Memphis Grizzlies,118,148.0,-171.0
Sun Jan 1 2023,Washington Wizards,118,Milwaukee Bucks,95,118.0,-138.0
Mon Jan 2 2023,Phoenix Suns,83,New York Knicks,102,121.0,-141.0
Mon Jan 2 2023,Los Angeles Lakers,121,Charlotte Hornets,115,109.0,-129.0
Mon Jan 2 2023,Chicago Bulls,134,Cleveland Cavaliers,145,147.0,-170.0
Mon Jan 2 2023,Toronto Raptors,114,Indiana Pacers,122,-129.0,109.0
Mon Jan 2 2023,New Orleans Pelicans,111,Philadelphia 76ers,120,180.0,-214.0
Mon Jan 2 2023,San Antonio Spurs,103,Brooklyn Nets,139,536.0,-798.0
Mon Jan 2 2023,Dallas Mavericks,111,Houston Rockets,106,-287.0,236.0
Mon Jan 2 2023,Denver Nuggets,111,Minnesota Timberwolves,124,-183.0,158.0
Mon Jan 2 2023,Atlanta Hawks,141,Golden State Warriors,143,104.0,-124.0
Mon Jan 2 2023,Detroit Pistons,106,Portland Trail Blazers,135,333.0,-436.0
Mon Jan 2 2023,Miami Heat,110,Los Angeles Clippers,100,-116.0,-104.0
Tue Jan 3 2023,Washington Wizards,113,Milwaukee Bucks,123,234.0,-283.0
Tue Jan 3 2023,Boston Celtics,117,Oklahoma City Thunder,150,-655.0,464.0
Tue Jan 3 2023,Sacramento Kings,117,Utah Jazz,115,134.0,-156.0
Wed Jan 4 2023,Memphis Grizzlies,131,Charlotte Hornets,107,-285.0,237.0
Wed Jan 4 2023,Phoenix Suns,88,Cleveland Cavaliers,90,173.0,-203.0
Wed Jan 4 2023,Oklahoma City Thunder,115,Orlando Magic,126,-119.0,-101.0
Wed Jan 4 2023,Indiana Pacers,126,Philadelphia 76ers,129,182.0,-215.0
Wed Jan 4 2023,San Antonio Spurs,114,New York Knicks,117,346.0,-455.0
Wed Jan 4 2023,Milwaukee Bucks,104,Toronto Raptors,101,175.0,-208.0
Wed Jan 4 2023,Brooklyn Nets,112,Chicago Bulls,121,-208.0,175.0
Wed Jan 4 2023,Portland Trail Blazers,106,Minnesota Timberwolves,113,-120.0,-100.0
Wed Jan 4 2023,Houston Rockets,108,New Orleans Pelicans,119,225.0,-272.0
Wed Jan 4 2023,Detroit Pistons,122,Golden State Warriors,119,217.0,-261.0
Wed Jan 4 2023,Miami Heat,109,Los Angeles Lakers,112,-356.0,279.0
Wed Jan 4 2023,Atlanta Hawks,120,Sacramento Kings,117,102.0,-122.0
Thu Jan 5 2023,Memphis Grizzlies,123,Orlando Magic,115,-251.0,209.0
Thu Jan 5 2023,Boston Celtics,124,Dallas Mavericks,95,-149.0,129.0
Thu Jan 5 2023,Utah Jazz,131,Houston Rockets,114,-271.0,225.0
Thu Jan 5 2023,Los Angeles Clippers,91,Denver Nuggets,122,164.0,-190.0
Fri Jan 6 2023,Portland Trail Blazers,99,Indiana Pacers,108,-103.0,-117.0
Fri Jan 6 2023,Chicago Bulls,126,Philadelphia 76ers,112,175.0,-209.0
Fri Jan 6 2023,Brooklyn Nets,108,New Orleans Pelicans,102,-189.0,162.0
Fri Jan 6 2023,New York Knicks,112,Toronto Raptors,108,149.0,-171.0
Fri Jan 6 2023,Charlotte Hornets,138,Milwaukee Bucks,109,369.0,-491.0
Fri Jan 6 2023,Washington Wizards,110,Oklahoma City Thunder,127,-107.0,-113.0
Fri Jan 6 2023,Detroit Pistons,109,San Antonio Spurs,121,101.0,-121.0
Fri Jan 6 2023,Cleveland Cavaliers,108,Denver Nuggets,121,177.0,-211.0
Fri Jan 6 2023,Los Angeles Clippers,115,Minnesota Timberwolves,128,185.0,-223.0
Fri Jan 6 2023,Miami Heat,104,Phoenix Suns,96,-120.0,-100.0
Fri Jan 6 2023,Atlanta Hawks,114,Los Angeles Lakers,130,-144.0,124.0
Sat Jan 7 2023,Boston Celtics,121,San Antonio Spurs,116,-1239.0,748.0
Sat Jan 7 2023,Utah Jazz,118,Chicago Bulls,126,-134.0,114.0
Sat Jan 7 2023,New Orleans Pelicans,117,Dallas Mavericks,127,301.0,-387.0
Sat Jan 7 2023,Orlando Magic,115,Golden State Warriors,101,208.0,-252.0
Sat Jan 7 2023,Los Angeles Lakers,136,Sacramento Kings,134,252.0,-309.0
Sun Jan 8 2023,Philadelphia 76ers,123,Detroit Pistons,111,-224.0,186.0
Sun Jan 8 2023,Portland Trail Blazers,105,Toronto Raptors,117,131.0,-151.0
Sun Jan 8 2023,Charlotte Hornets,111,Indiana Pacers,116,177.0,-211.0
Sun Jan 8 2023,Utah Jazz,118,Memphis Grizzlies,123,180.0,-216.0
Sun Jan 8 2023,Brooklyn Nets,102,Miami Heat,101,-133.0,113.0
Sun Jan 8 2023,Minnesota Timberwolves,104,Houston Rockets,96,-166.0,143.0
Sun Jan 8 2023,Dallas Mavericks,109,Oklahoma City Thunder,120,153.0,-176.0
Sun Jan 8 2023,Cleveland Cavaliers,112,Phoenix Suns,98,-235.0,196.0
Sun Jan 8 2023,Atlanta Hawks,112,Los Angeles Clippers,108,118.0,-138.0
Mon Jan 9 2023,New Orleans Pelicans,132,Washington Wizards,112,-266.0,323.0
Mon Jan 9 2023,Chicago Bulls,99,Boston Celtics,107,352.0,-522.0
Mon Jan 9 2023,Milwaukee Bucks,111,New York Knicks,107,-116.0,-106.0
Mon Jan 9 2023,San Antonio Spurs,113,Memphis Grizzlies,121,407.0,-550.0
Mon Jan 9 2023,Los Angeles Lakers,109,Denver Nuggets,122,535.0,-787.0
Mon Jan 9 2023,Orlando Magic,111,Sacramento Kings,136,208.0,-250.0
Tue Jan 10 2023,Detroit Pistons,116,Philadelphia 76ers,147,706.0,-1227.0
Tue Jan 10 2023,Oklahoma City Thunder,111,Miami Heat,112,-100.0,-120.0
Tue Jan 10 2023,Charlotte Hornets,120,Toronto Raptors,132,244.0,-299.0
Tue Jan 10 2023,Cleveland Cavaliers,114,Utah Jazz,116,-144.0,124.0
Tue Jan 10 2023,Phoenix Suns,125,Golden State Warriors,113,523.0,-763.0
Tue Jan 10 2023,Orlando Magic,109,Portland Trail Blazers,106,269.0,-337.0
Tue Jan 10 2023,Dallas Mavericks,101,Los Angeles Clippers,113,-101.0,-119.0
Wed Jan 11 2023,Minnesota Timberwolves,118,Detroit Pistons,135,-248.0,205.0
Wed Jan 11 2023,Chicago Bulls,97,Washington Wizards,100,-124.0,104.0
Wed Jan 11 2023,Milwaukee Bucks,114,Atlanta Hawks,105,-180.0,157.0
Wed Jan 11 2023,New Orleans Pelicans,114,Boston Celtics,125,319.0,-412.0
Wed Jan 11 2023,Indiana Pacers,113,New York Knicks,119,169.0,-198.0
Wed Jan 11 2023,San Antonio Spurs,129,Memphis Grizzlies,135,665.0,-1013.0
Wed Jan 11 2023,Phoenix Suns,97,Denver Nuggets,126,756.0,-1244.0
Wed Jan 11 2023,Houston Rockets,115,Sacramento Kings,135,310.0,-400.0
Thu Jan 12 2023,Oklahoma City Thunder,133,Philadelphia 76ers,114,365.0,-491.0
Thu Jan 12 2023,Boston Celtics,109,Brooklyn Nets,98,-119.0,-101.0
Thu Jan 12 2023,Milwaukee Bucks,102,Miami Heat,108,197.0,-234.0
Thu Jan 12 2023,Charlotte Hornets,114,Toronto Raptors,124,243.0,-297.0
Thu Jan 12 2023,Dallas Mavericks,119,Los Angeles Lakers,115,-139.0,119.0
Thu Jan 12 2023,Cleveland Cavaliers,119,Portland Trail Blazers,113,-117.0,-103.0
Fri Jan 13 2023,New Orleans Pelicans,116,Detroit Pistons,110,-208.0,175.0
Fri Jan 13 2023,Atlanta Hawks,113,Indiana Pacers,111,-163.0,141.0
Fri Jan 13 2023,New York Knicks,112,Washington Wizards,108,-161.0,139.0
Fri Jan 13 2023,Golden State Warriors,144,San Antonio Spurs,113,-360.0,284.0
Fri Jan 13 2023,Oklahoma City Thunder,124,Chicago Bulls,110,156.0,-180.0
Fri Jan 13 2023,Phoenix Suns,116,Minnesota Timberwolves,121,204.0,-246.0
Fri Jan 13 2023,Orlando Magic,108,Utah Jazz,112,176.0,-210.0
Fri Jan 13 2023,Denver Nuggets,115,Los Angeles Clippers,103,174.0,-208.0
Fri Jan 13 2023,Houston Rockets,114,Sacramento Kings,139,338.0,-439.0
Sat Jan 14 2023,Milwaukee Bucks,95,Miami Heat,111,155.0,-178.0
Sat Jan 14 2023,Boston Celtics,122,Charlotte Hornets,106,-310.0,252.0
Sat Jan 14 2023,Memphis Grizzlies,130,Indiana Pacers,112,-321.0,259.0
Sat Jan 14 2023,Atlanta Hawks,114,Toronto Raptors,103,247.0,-304.0
Sat Jan 14 2023,Cleveland Cavaliers,102,Minnesota Timberwolves,110,-176.0,154.0
Sat Jan 14 2023,Philadelphia 76ers,118,Utah Jazz,117,-273.0,228.0
Sat Jan 14 2023,Dallas Mavericks,119,Portland Trail Blazers,136,146.0,-168.0
Sun Jan 15 2023,New York Knicks,117,Detroit Pistons,104,-363.0,285.0
Sun Jan 15 2023,Houston Rockets,100,Los Angeles Clippers,121,366.0,-487.0
Sun Jan 15 2023,Golden State Warriors,118,Chicago Bulls,132,-226.0,189.0
Sun Jan 15 2023,Oklahoma City Thunder,112,Brooklyn Nets,102,159.0,-184.0
Sun Jan 15 2023,Sacramento Kings,132,San Antonio Spurs,119,-258.0,213.0
Sun Jan 15 2023,Orlando Magic,116,Denver Nuggets,119,411.0,-558.0
Sun Jan 15 2023,Dallas Mavericks,123,Portland Trail Blazers,140,315.0,-402.0
Sun Jan 15 2023,Philadelphia 76ers,113,Los Angeles Lakers,112,-216.0,180.0
Mon Jan 16 2023,Boston Celtics,130,Charlotte Hornets,118,-361.0,285.0
Mon Jan 16 2023,Indiana Pacers,119,Milwaukee Bucks,132,174.0,-205.0
Mon Jan 16 2023,New Orleans Pelicans,103,Cleveland Cavaliers,113,244.0,-297.0
Mon Jan 16 2023,Toronto Raptors,123,New York Knicks,121,105.0,-125.0
Mon Jan 16 2023,Golden State Warriors,127,Washington Wizards,118,-149.0,129.0
Mon Jan 16 2023,Miami Heat,113,Atlanta Hawks,121,-102.0,-118.0
Mon Jan 16 2023,Utah Jazz,126,Minnesota Timberwolves,125,153.0,-175.0
Mon Jan 16 2023,Phoenix Suns,106,Memphis Grizzlies,136,517.0,-741.0
Mon Jan 16 2023,Houston Rockets,132,Los Angeles Lakers,140,239.0,-286.0
Tue Jan 17 2023,Toronto Raptors,122,Milwaukee Bucks,130,104.0,-124.0
Tue Jan 17 2023,Brooklyn Nets,98,San Antonio Spurs,106,-132.0,112.0
Tue Jan 17 2023,Portland Trail Blazers,113,Denver Nuggets,122,183.0,-219.0
Tue Jan 17 2023,Philadelphia 76ers,120,Los Angeles Clippers,110,104.0,-124.0
Wed Jan 18 2023,Atlanta Hawks,130,Dallas Mavericks,122,-139.0,107.0
Wed Jan 18 2023,Washington Wizards,116,New York Knicks,105,-496.0,440.0
Wed Jan 18 2023,Charlotte Hornets,122,Houston Rockets,117,-2963.0,491.0
Wed Jan 18 2023,Cleveland Cavaliers,114,Memphis Grizzlies,115,277.0,-371.0
Wed Jan 18 2023,Miami Heat,124,New Orleans Pelicans,98,-2969.0,540.0
Wed Jan 18 2023,Indiana Pacers,106,Oklahoma City Thunder,126,545.0,-2975.0
Wed Jan 18 2023,Los Angeles Clippers,103,Utah Jazz,126,646.0,-3115.0
Wed Jan 18 2023,Minnesota Timberwolves,118,Denver Nuggets,122,276.0,-356.0
Wed Jan 18 2023,Sacramento Kings,116,Los Angeles Lakers,111,-156.0,115.0
Thu Jan 19 2023,Chicago Bulls,126,Detroit Pistons,108,-1637.0,616.0
Thu Jan 19 2023,Golden State Warriors,118,Boston Celtics,121,559.0,-3050.0
Thu Jan 19 2023,Toronto Raptors,126,Minnesota Timberwolves,128,-172.0,145.0
Thu Jan 19 2023,Brooklyn Nets,112,Phoenix Suns,117,220.0,-451.0
Thu Jan 19 2023,Philadelphia 76ers,105,Portland Trail Blazers,95,-3415.0,518.0
Fri Jan 20 2023,New Orleans Pelicans,110,Orlando Magic,123,392.0,-1183.0
Fri Jan 20 2023,New York Knicks,124,Atlanta Hawks,139,539.0,-429.0
Fri Jan 20 2023,Golden State Warriors,120,Cleveland Cavaliers,114,-431.0,-198.0
Fri Jan 20 2023,Miami Heat,90,Dallas Mavericks,115,494.0,-1494.0
Fri Jan 20 2023,Los Angeles Clippers,131,San Antonio Spurs,126,-453.0,604.0
Fri Jan 20 2023,Indiana Pacers,111,Denver Nuggets,134,586.0,-3026.0
Fri Jan 20 2023,Brooklyn Nets,117,Utah Jazz,106,-596.0,449.0
Fri Jan 20 2023,Memphis Grizzlies,121,Los Angeles Lakers,122,-430.0,296.0
Fri Jan 20 2023,Oklahoma City Thunder,113,Sacramento Kings,118,511.0,-3006.0
Sat Jan 21 2023,Boston Celtics,106,Toronto Raptors,104,-154.0,130.0
Sat Jan 21 2023,Orlando Magic,118,Washington Wizards,138,598.0,-757.0
Sat Jan 21 2023,Charlotte Hornets,122,Atlanta Hawks,118,231.0,-292.0
Sat Jan 21 2023,Milwaukee Bucks,102,Cleveland Cavaliers,114,421.0,-1535.0
Sat Jan 21 2023,Houston Rockets,104,Minnesota Timberwolves,113,694.0,-776.0
Sat Jan 21 2023,Indiana Pacers,107,Phoenix Suns,112,272.0,-425.0
Sat Jan 21 2023,Philadelphia 76ers,129,Sacramento Kings,127,-102.0,-142.0
Sun Jan 22 2023,Los Angeles Clippers,112,Dallas Mavericks,98,-172.0,494.0
Sun Jan 22 2023,New Orleans Pelicans,96,Miami Heat,100,270.0,-352.0
Sun Jan 22 2023,New York Knicks,116,Toronto Raptors,125,527.0,-385.0
Sun Jan 22 2023,Oklahoma City Thunder,101,Denver Nuggets,99,-105.0,-121.0
Sun Jan 22 2023,Memphis Grizzlies,110,Phoenix Suns,112,109.0,-417.0
Sun Jan 22 2023,Brooklyn Nets,120,Golden State Warriors,116,221.0,-275.0
Sun Jan 22 2023,Los Angeles Lakers,121,Portland Trail Blazers,112,-168.0,-113.0
Mon Jan 23 2023,Milwaukee Bucks,150,Detroit Pistons,130,-613.0,443.0
Mon Jan 23 2023,Boston Celtics,98,Orlando Magic,113,-311.0,252.0
Mon Jan 23 2023,Atlanta Hawks,100,Chicago Bulls,111,100.0,-120.0
Mon Jan 23 2023,Minnesota Timberwolves,114,Houston Rockets,119,-225.0,188.0
Mon Jan 23 2023,Charlotte Hornets,102,Utah Jazz,120,291.0,-369.0
Mon Jan 23 2023,San Antonio Spurs,127,Portland Trail Blazers,147,283.0,-354.0
Mon Jan 23 2023,Memphis Grizzlies,100,Sacramento Kings,133,151.0,-173.0
Tue Jan 24 2023,Chicago Bulls,110,Indiana Pacers,116,-125.0,105.0
Tue Jan 24 2023,Boston Celtics,95,Miami Heat,98,-125.0,105.0
Tue Jan 24 2023,Cleveland Cavaliers,103,New York Knicks,105,-159.0,136.0
Tue Jan 24 2023,Denver Nuggets,99,New Orleans Pelicans,98,-151.0,131.0
Tue Jan 24 2023,Washington Wizards,127,Dallas Mavericks,126,228.0,-275.0
Tue Jan 24 2023,Charlotte Hornets,97,Phoenix Suns,128,233.0,-280.0
Tue Jan 24 2023,Los Angeles Clippers,133,Los Angeles Lakers,115,-184.0,159.0
Wed Jan 25 2023,Indiana Pacers,120,Orlando Magic,126,173.0,-205.0
Wed Jan 25 2023,Brooklyn Nets,133,Philadelphia 76ers,137,235.0,-281.0
Wed Jan 25 2023,Washington Wizards,108,Houston Rockets,103,-130.0,110.0
Wed Jan 25 2023,Denver Nuggets,99,Milwaukee Bucks,107,538.0,-784.0
Wed Jan 25 2023,Minnesota Timberwolves,111,New Orleans Pelicans,102,120.0,-140.0
Wed Jan 25 2023,Atlanta Hawks,137,Oklahoma City Thunder,132,-119.0,-101.0
Wed Jan 25 2023,Memphis Grizzlies,120,Golden State Warriors,122,125.0,-145.0
Wed Jan 25 2023,Utah Jazz,124,Portland Trail Blazers,134,140.0,-162.0
Wed Jan 25 2023,Toronto Raptors,113,Sacramento Kings,95,130.0,-150.0
Wed Jan 25 2023,San Antonio Spurs,104,Los Angeles Lakers,113,256.0,-315.0
Thu Jan 26 2023,New York Knicks,120,Boston Celtics,117,280.0,-350.0
Thu Jan 26 2023,Detroit Pistons,130,Brooklyn Nets,122,270.0,-338.0
Thu Jan 26 2023,Chicago Bulls,96,Charlotte Hornets,111,-157.0,136.0
Thu Jan 26 2023,Cleveland Cavaliers,113,Houston Rockets,95,-317.0,259.0
Thu Jan 26 2023,Dallas Mavericks,99,Phoenix Suns,95,-101.0,-119.0
Thu Jan 26 2023,San Antonio Spurs,100,Los Angeles Clippers,138,625.0,-1002.0
Fri Jan 27 2023,Milwaukee Bucks,141,Indiana Pacers,131,-250.0,208.0
Fri Jan 27 2023,Memphis Grizzlies,100,Minnesota Timberwolves,111,-123.0,103.0
Fri Jan 27 2023,Orlando Magic,105,Miami Heat,110,-359.0,283.0
Fri Jan 27 2023,Cleveland Cavaliers,100,Oklahoma City Thunder,112,-102.0,-118.0
Fri Jan 27 2023,Toronto Raptors,117,Golden State Warriors,129,-172.0,143.0
Sat Jan 28 2023,Denver Nuggets,119,Philadelphia 76ers,126,141.0,-164.0
Sat Jan 28 2023,New York Knicks,115,Brooklyn Nets,122,107.0,-127.0
Sat Jan 28 2023,Houston Rockets,117,Detroit Pistons,114,157.0,-182.0
Sat Jan 28 2023,Chicago Bulls,128,Orlando Magic,109,-140.0,120.0
Sat Jan 28 2023,Los Angeles Clippers,120,Atlanta Hawks,113,-108.0,-113.0
Sat Jan 28 2023,Sacramento Kings,110,Minnesota Timberwolves,117,-129.0,109.0
Sat Jan 28 2023,Washington Wizards,113,New Orleans Pelicans,103,165.0,-192.0
Sat Jan 28 2023,Phoenix Suns,128,San Antonio Spurs,118,-207.0,175.0
Sat Jan 28 2023,Los Angeles Lakers,121,Boston Celtics,125,285.0,-364.0
Sat Jan 28 2023,Dallas Mavericks,100,Utah Jazz,108,246.0,-303.0
Sat Jan 28 2023,Toronto Raptors,123,Portland Trail Blazers,105,159.0,-185.0
Sun Jan 29 2023,Miami Heat,117,Charlotte Hornets,122,-225.0,188.0
Sun Jan 29 2023,Indiana Pacers,100,Memphis Grizzlies,112,285.0,-361.0
Sun Jan 29 2023,Los Angeles Clippers,99,Cleveland Cavaliers,122,464.0,-659.0
Sun Jan 29 2023,New Orleans Pelicans,110,Milwaukee Bucks,135,404.0,-553.0
Mon Jan 30 2023,Orlando Magic,119,Philadelphia 76ers,109,363.0,-503.0
Mon Jan 30 2023,Los Angeles Lakers,104,Brooklyn Nets,121,309.0,-399.0
Mon Jan 30 2023,Sacramento Kings,118,Minnesota Timberwolves,111,-119.0,-104.0
Mon Jan 30 2023,Golden State Warriors,128,Oklahoma City Thunder,120,-195.0,165.0
Mon Jan 30 2023,Washington Wizards,127,San Antonio Spurs,106,-221.0,179.0
Mon Jan 30 2023,Detroit Pistons,105,Dallas Mavericks,111,385.0,-540.0
Mon Jan 30 2023,Toronto Raptors,106,Phoenix Suns,114,107.0,-127.0
Mon Jan 30 2023,Atlanta Hawks,125,Portland Trail Blazers,129,165.0,-202.0
Tue Jan 31 2023,Miami Heat,100,Cleveland Cavaliers,97,141.0,-168.0
Tue Jan 31 2023,Los Angeles Lakers,129,New York Knicks,123,108.0,-129.0
Tue Jan 31 2023,Los Angeles Clippers,108,Chicago Bulls,103,-150.0,127.0
Tue Jan 31 2023,Charlotte Hornets,115,Milwaukee Bucks,124,446.0,-649.0
Tue Jan 31 2023,New Orleans Pelicans,113,Denver Nuggets,122,221.0,-269.0
Wed Feb 1 2023,Portland Trail Blazers,122,Memphis Grizzlies,112,185.0,-230.0
Wed Feb 1 2023,Orlando Magic,94,Philadelphia 76ers,105,363.0,-506.0
Wed Feb 1 2023,Brooklyn Nets,96,Boston Celtics,139,305.0,-398.0
Wed Feb 1 2023,Oklahoma City Thunder,106,Houston Rockets,112,-237.0,189.0
Wed Feb 1 2023,Golden State Warriors,114,Minnesota Timberwolves,119,-206.0,167.0
Wed Feb 1 2023,Sacramento Kings,119,San Antonio Spurs,109,-309.0,250.0
Wed Feb 1 2023,Toronto Raptors,128,Utah Jazz,131,114.0,-136.0
Wed Feb 1 2023,Atlanta Hawks,132,Phoenix Suns,100,100.0,-121.0
Thu Feb 2 2023,Los Angeles Lakers,112,Indiana Pacers,111,-144.0,120.0
Thu Feb 2 2023,Memphis Grizzlies,113,Cleveland Cavaliers,128,207.0,-252.0
Thu Feb 2 2023,Miami Heat,104,New York Knicks,106,-143.0,121.0
Thu Feb 2 2023,Charlotte Hornets,98,Chicago Bulls,114,203.0,-250.0
Thu Feb 2 2023,New Orleans Pelicans,106,Dallas Mavericks,111,170.0,-209.0
Thu Feb 2 2023,Golden State Warriors,117,Denver Nuggets,134,211.0,-264.0
Thu Feb 2 2023,Los Angeles Clippers,105,Milwaukee Bucks,106,150.0,-175.0
Fri Feb 3 2023,Charlotte Hornets,112,Detroit Pistons,118,-119.0,-102.0
Fri Feb 3 2023,Sacramento Kings,104,Indiana Pacers,107,-122.0,101.0
Fri Feb 3 2023,Portland Trail Blazers,124,Washington Wizards,116,152.0,-180.0
Fri Feb 3 2023,Phoenix Suns,106,Boston Celtics,94,376.0,-517.0
Fri Feb 3 2023,Toronto Raptors,117,Houston Rockets,111,-306.0,247.0
Fri Feb 3 2023,Orlando Magic,127,Minnesota Timberwolves,120,174.0,-209.0
Fri Feb 3 2023,Philadelphia 76ers,137,San Antonio Spurs,125,-603.0,404.0
Fri Feb 3 2023,Atlanta Hawks,115,Utah Jazz,108,-102.0,-118.0
Sat Feb 4 2023,Washington Wizards,123,Brooklyn Nets,125,-120.0,-101.0
Sat Feb 4 2023,Los Angeles Lakers,126,New Orleans Pelicans,131,-100.0,-120.0
Sat Feb 4 2023,Phoenix Suns,116,Detroit Pistons,100,-196.0,164.0
Sat Feb 4 2023,Los Angeles Clippers,134,New York Knicks,128,-146.0,123.0
Sat Feb 4 2023,Portland Trail Blazers,121,Chicago Bulls,129,131.0,-156.0
Sat Feb 4 2023,Miami Heat,115,Milwaukee Bucks,123,192.0,-236.0
Sat Feb 4 2023,Houston Rockets,121,Oklahoma City Thunder,153,348.0,-471.0
Sat Feb 4 2023,Dallas Mavericks,113,Golden State Warriors,119,398.0,-565.0
Sat Feb 4 2023,Atlanta Hawks,108,Denver Nuggets,128,368.0,-494.0
Sun Feb 5 2023,Orlando Magic,119,Charlotte Hornets,113,105.0,-125.0
Sun Feb 5 2023,Cleveland Cavaliers,122,Indiana Pacers,103,-179.0,152.0
Sun Feb 5 2023,Toronto Raptors,106,Memphis Grizzlies,103,103.0,-123.0
Sun Feb 5 2023,Philadelphia 76ers,97,New York Knicks,108,-190.0,159.0
Sun Feb 5 2023,Denver Nuggets,98,Minnesota Timberwolves,128,284.0,-362.0
Sun Feb 5 2023,Sacramento Kings,104,New Orleans Pelicans,136,-129.0,107.0
Mon Feb 6 2023,Boston Celtics,111,Detroit Pistons,99,-440.0,334.0
Mon Feb 6 2023,Cleveland Cavaliers,114,Washington Wizards,91,-166.0,140.0
Mon Feb 6 2023,Los Angeles Clippers,124,Brooklyn Nets,116,-350.0,275.0
Mon Feb 6 2023,San Antonio Spurs,104,Chicago Bulls,128,346.0,-453.0
Mon Feb 6 2023,Sacramento Kings,140,Houston Rockets,120,-275.0,227.0
Mon Feb 6 2023,Dallas Mavericks,124,Utah Jazz,111,343.0,-446.0
Mon Feb 6 2023,Oklahoma City Thunder,114,Golden State Warriors,141,131.0,-155.0
Mon Feb 6 2023,Milwaukee Bucks,127,Portland Trail Blazers,108,-180.0,153.0
Tue Feb 7 2023,New York Knicks,102,Orlando Magic,98,-119.0,-102.0
Tue Feb 7 2023,Phoenix Suns,116,Brooklyn Nets,112,-288.0,233.0
Tue Feb 7 2023,Atlanta Hawks,107,New Orleans Pelicans,116,-106.0,-115.0
Tue Feb 7 2023,Chicago Bulls,89,Memphis Grizzlies,104,358.0,-478.0
Tue Feb 7 2023,Minnesota Timberwolves,112,Denver Nuggets,146,264.0,-332.0
Tue Feb 7 2023,Oklahoma City Thunder,133,Los Angeles Lakers,130,223.0,-271.0
Wed Feb 8 2023,Detroit Pistons,85,Cleveland Cavaliers,113,318.0,-408.0
Wed Feb 8 2023,Charlotte Hornets,104,Washington Wizards,118,138.0,-162.0
Wed Feb 8 2023,Philadelphia 76ers,99,Boston Celtics,106,117.0,-138.0
Wed Feb 8 2023,Indiana Pacers,111,Miami Heat,116,217.0,-268.0
Wed Feb 8 2023,San Antonio Spurs,98,Toronto Raptors,112,390.0,-526.0
Wed Feb 8 2023,Sacramento Kings,130,Houston Rockets,128,-377.0,297.0
Wed Feb 8 2023,Minnesota Timberwolves,143,Utah Jazz,118,296.0,-378.0
Wed Feb 8 2023,Dallas Mavericks,110,Los Angeles Clippers,104,271.0,-337.0
Wed Feb 8 2023,Golden State Warriors,122,Portland Trail Blazers,125,125.0,-147.0
Thu Feb 9 2023,Denver Nuggets,104,Orlando Magic,115,-212.0,174.0
Thu Feb 9 2023,Phoenix Suns,107,Atlanta Hawks,116,244.0,-301.0
Thu Feb 9 2023,Chicago Bulls,105,Brooklyn Nets,116,-134.0,113.0
Thu Feb 9 2023,Milwaukee Bucks,115,Los Angeles Lakers,106,-323.0,257.0
Fri Feb 10 2023,San Antonio Spurs,131,Detroit Pistons,138,187.0,-229.0
Fri Feb 10 2023,Phoenix Suns,117,Indiana Pacers,104,120.0,-141.0
Fri Feb 10 2023,New York Knicks,108,Philadelphia 76ers,119,214.0,-266.0
Fri Feb 10 2023,Charlotte Hornets,116,Boston Celtics,127,425.0,-597.0
Fri Feb 10 2023,Utah Jazz,122,Toronto Raptors,116,268.0,-337.0
Fri Feb 10 2023,Minnesota Timberwolves,107,Memphis Grizzlies,128,219.0,-268.0
Fri Feb 10 2023,Houston Rockets,95,Miami Heat,97,487.0,-706.0
Fri Feb 10 2023,Cleveland Cavaliers,118,New Orleans Pelicans,107,-151.0,127.0
Fri Feb 10 2023,Oklahoma City Thunder,138,Portland Trail Blazers,129,122.0,-144.0
Fri Feb 10 2023,Dallas Mavericks,122,Sacramento Kings,114,156.0,-186.0
Fri Feb 10 2023,Milwaukee Bucks,119,Los Angeles Clippers,106,-134.0,113.0
Sat Feb 11 2023,Philadelphia 76ers,101,Brooklyn Nets,98,-128.0,107.0
Sat Feb 11 2023,Denver Nuggets,119,Charlotte Hornets,105,-276.0,228.0
Sat Feb 11 2023,Miami Heat,107,Orlando Magic,103,-122.0,102.0
Sat Feb 11 2023,Indiana Pacers,113,Washington Wizards,127,176.0,-211.0
Sat Feb 11 2023,San Antonio Spurs,106,Atlanta Hawks,125,585.0,-851.0
Sat Feb 11 2023,Utah Jazz,120,New York Knicks,126,182.0,-220.0
Sat Feb 11 2023,Chicago Bulls,89,Cleveland Cavaliers,97,200.0,-244.0
Sat Feb 11 2023,Los Angeles Lakers,109,Golden State Warriors,103,176.0,-213.0
Sat Feb 11 2023,Dallas Mavericks,128,Sacramento Kings,133,-125.0,105.0
Sun Feb 12 2023,Memphis Grizzlies,109,Boston Celtics,119,136.0,-160.0
Sun Feb 12 2023,Detroit Pistons,118,Toronto Raptors,119,441.0,-621.0
Mon Feb 13 2023,Atlanta Hawks,138,Charlotte Hornets,144,-218.0,178.0
Mon Feb 13 2023,San Antonio Spurs,109,Cleveland Cavaliers,117,822.0,-1457.0
Mon Feb 13 2023,Utah Jazz,123,Indiana Pacers,117,-105.0,-115.0
Mon Feb 13 2023,Houston Rockets,104,Philadelphia 76ers,123,569.0,-875.0
Mon Feb 13 2023,Denver Nuggets,112,Miami Heat,108,-103.0,-117.0
Mon Feb 13 2023,Brooklyn Nets,106,New York Knicks,124,126.0,-148.0
Mon Feb 13 2023,Orlando Magic,100,Chicago Bulls,91,151.0,-178.0
Mon Feb 13 2023,New Orleans Pelicans,103,Oklahoma City Thunder,100,127.0,-149.0
Mon Feb 13 2023,Minnesota Timberwolves,124,Dallas Mavericks,121,204.0,-248.0
Mon Feb 13 2023,Washington Wizards,126,Golden State Warriors,135,143.0,-167.0
Mon Feb 13 2023,Los Angeles Lakers,115,Portland Trail Blazers,127,109.0,-130.0
Tue Feb 14 2023,Boston Celtics,125,Milwaukee Bucks,131,353.0,-468.0
Tue Feb 14 2023,Orlando Magic,113,Toronto Raptors,123,242.0,-298.0
Tue Feb 14 2023,Sacramento Kings,109,Phoenix Suns,120,119.0,-140.0
Tue Feb 14 2023,Golden State Warriors,124,Los Angeles Clippers,134,267.0,-336.0
Tue Feb 14 2023,Washington Wizards,126,Portland Trail Blazers,101,-122.0,101.0
Wed Feb 15 2023,San Antonio Spurs,110,Charlotte Hornets,120,177.0,-213.0
Wed Feb 15 2023,Chicago Bulls,113,Indiana Pacers,117,120.0,-142.0
Wed Feb 15 2023,New York Knicks,122,Atlanta Hawks,101,149.0,-174.0
Wed Feb 15 2023,Detroit Pistons,109,Boston Celtics,127,529.0,-755.0
Wed Feb 15 2023,Miami Heat,105,Brooklyn Nets,116,105.0,-125.0
Wed Feb 15 2023,Cleveland Cavaliers,112,Philadelphia 76ers,118,106.0,-126.0
Wed Feb 15 2023,Utah Jazz,111,Memphis Grizzlies,117,433.0,-588.0
Wed Feb 15 2023,Houston Rockets,96,Oklahoma City Thunder,133,349.0,-454.0
Wed Feb 15 2023,Dallas Mavericks,109,Denver Nuggets,118,192.0,-235.0
Wed Feb 15 2023,New Orleans Pelicans,102,Los Angeles Lakers,120,163.0,-194.0
Thu Feb 16 2023,Milwaukee Bucks,112,Chicago Bulls,100,-332.0,262.0
Thu Feb 16 2023,Washington Wizards,114,Minnesota Timberwolves,106,135.0,-160.0
Thu Feb 16 2023,Los Angeles Clippers,116,Phoenix Suns,107,-111.0,-109.0
Thu Feb 23 2023,Denver Nuggets,115,Cleveland Cavaliers,109,127.0,-150.0
Thu Feb 23 2023,Boston Celtics,142,Indiana Pacers,138,-355.0,276.0
Thu Feb 23 2023,Detroit Pistons,106,Orlando Magic,108,257.0,-323.0
Thu Feb 23 2023,Memphis Grizzlies,105,Philadelphia 76ers,110,130.0,-154.0
Thu Feb 23 2023,New Orleans Pelicans,110,Toronto Raptors,115,152.0,-184.0
Thu Feb 23 2023,San Antonio Spurs,116,Dallas Mavericks,142,752.0,-1224.0
Thu Feb 23 2023,Oklahoma City Thunder,119,Utah Jazz,120,-104.0,-116.0
Thu Feb 23 2023,Golden State Warriors,111,Los Angeles Lakers,124,208.0,-256.0
Thu Feb 23 2023,Portland Trail Blazers,116,Sacramento Kings,133,409.0,-573.0
Fri Feb 24 2023,New York Knicks,115,Washington Wizards,109,-102.0,-119.0
Fri Feb 24 2023,Cleveland Cavaliers,119,Atlanta Hawks,136,-110.0,-111.0
Fri Feb 24 2023,Miami Heat,99,Milwaukee Bucks,128,186.0,-226.0
Fri Feb 24 2023,Brooklyn Nets,87,Chicago Bulls,131,110.0,-131.0
Fri Feb 24 2023,Charlotte Hornets,121,Minnesota Timberwolves,113,223.0,-267.0
Fri Feb 24 2023,Houston Rockets,101,Golden State Warriors,116,313.0,-408.0
Fri Feb 24 2023,Oklahoma City Thunder,115,Phoenix Suns,124,326.0,-426.0
Fri Feb 24 2023,Sacramento Kings,176,Los Angeles Clippers,175,204.0,-245.0
Sat Feb 25 2023,Toronto Raptors,95,Detroit Pistons,91,-308.0,248.0
Sat Feb 25 2023,Miami Heat,103,Charlotte Hornets,108,-252.0,206.0
Sat Feb 25 2023,Indiana Pacers,121,Orlando Magic,108,120.0,-142.0
Sat Feb 25 2023,New Orleans Pelicans,106,New York Knicks,128,146.0,-172.0
Sat Feb 25 2023,Denver Nuggets,94,Memphis Grizzlies,112,123.0,-145.0
Sat Feb 25 2023,Boston Celtics,110,Philadelphia 76ers,107,-114.0,-106.0
Sat Feb 25 2023,San Antonio Spurs,102,Utah Jazz,118,394.0,-528.0
Sun Feb 26 2023,Phoenix Suns,101,Milwaukee Bucks,104,124.0,-146.0
Sun Feb 26 2023,Brooklyn Nets,127,Atlanta Hawks,129,219.0,-270.0
Sun Feb 26 2023,Washington Wizards,82,Chicago Bulls,102,179.0,-218.0
Sun Feb 26 2023,Los Angeles Lakers,111,Dallas Mavericks,108,156.0,-185.0
Sun Feb 26 2023,Toronto Raptors,93,Cleveland Cavaliers,118,251.0,-312.0
Sun Feb 26 2023,Sacramento Kings,124,Oklahoma City Thunder,115,-173.0,147.0
Sun Feb 26 2023,Minnesota Timberwolves,104,Golden State Warriors,109,113.0,-134.0
Sun Feb 26 2023,Houston Rockets,114,Portland Trail Blazers,131,345.0,-449.0
Sun Feb 26 2023,Los Angeles Clippers,124,Denver Nuggets,134,145.0,-171.0
Mon Feb 27 2023,Detroit Pistons,106,Charlotte Hornets,117,229.0,-281.0
Mon Feb 27 2023,Miami Heat,101,Philadelphia 76ers,99,184.0,-226.0
Mon Feb 27 2023,Boston Celtics,94,New York Knicks,109,-130.0,109.0
Mon Feb 27 2023,Orlando Magic,101,New Orleans Pelicans,93,162.0,-194.0
Tue Feb 28 2023,Washington Wizards,119,Atlanta Hawks,116,248.0,-310.0
Tue Feb 28 2023,Milwaukee Bucks,118,Brooklyn Nets,104,-248.0,203.0
Tue Feb 28 2023,Los Angeles Lakers,109,Memphis Grizzlies,121,313.0,-409.0
Tue Feb 28 2023,Chicago Bulls,98,Toronto Raptors,104,146.0,-173.0
Tue Feb 28 2023,Denver Nuggets,133,Houston Rockets,112,-703.0,494.0
Tue Feb 28 2023,Sacramento Kings,123,Oklahoma City Thunder,117,-137.0,115.0
Tue Feb 28 2023,Indiana Pacers,124,Dallas Mavericks,122,292.0,-368.0
Tue Feb 28 2023,San Antonio Spurs,102,Utah Jazz,94,342.0,-446.0
Tue Feb 28 2023,Portland Trail Blazers,105,Golden State Warriors,123,164.0,-197.0
Tue Feb 28 2023,Minnesota Timberwolves,108,Los Angeles Clippers,101,208.0,-256.0
Wed Mar 1 2023,Phoenix Suns,105,Charlotte Hornets,91,-532.0,383.0
Wed Mar 1 2023,Chicago Bulls,117,Detroit Pistons,115,-256.0,208.0
Wed Mar 1 2023,Cleveland Cavaliers,113,Boston Celtics,117,169.0,-203.0
Wed Mar 1 2023,Philadelphia 76ers,119,Miami Heat,96,145.0,-172.0
Wed Mar 1 2023,Brooklyn Nets,118,New York Knicks,142,253.0,-314.0
Wed Mar 1 2023,Memphis Grizzlies,113,Houston Rockets,99,-506.0,373.0
Wed Mar 1 2023,Orlando Magic,117,Milwaukee Bucks,139,278.0,-353.0
Wed Mar 1 2023,Los Angeles Lakers,123,Oklahoma City Thunder,117,132.0,-156.0
Wed Mar 1 2023,New Orleans Pelicans,121,Portland Trail Blazers,110,127.0,-149.0
Thu Mar 2 2023,Toronto Raptors,108,Washington Wizards,119,-127.0,106.0
Thu Mar 2 2023,Philadelphia 76ers,126,Dallas Mavericks,133,128.0,-151.0
Thu Mar 2 2023,Indiana Pacers,99,San Antonio Spurs,110,-191.0,162.0
Thu Mar 2 2023,Los Angeles Clippers,91,Golden State Warriors,115,-152.0,130.0
Fri Mar 3 2023,Orlando Magic,117,Charlotte Hornets,106,-171.0,147.0
Fri Mar 3 2023,Portland Trail Blazers,111,Atlanta Hawks,129,263.0,-327.0
Fri Mar 3 2023,Brooklyn Nets,115,Boston Celtics,105,395.0,-537.0
Fri Mar 3 2023,Phoenix Suns,125,Chicago Bulls,104,-160.0,136.0
Fri Mar 3 2023,New York Knicks,122,Miami Heat,120,-102.0,-119.0
Fri Mar 3 2023,Utah Jazz,103,Oklahoma City Thunder,130,101.0,-121.0
Fri Mar 3 2023,Memphis Grizzlies,97,Denver Nuggets,113,189.0,-231.0
Fri Mar 3 2023,New Orleans Pelicans,99,Golden State Warriors,108,170.0,-206.0
Fri Mar 3 2023,Los Angeles Clippers,127,Sacramento Kings,128,236.0,-288.0
Fri Mar 3 2023,Minnesota Timberwolves,110,Los Angeles Lakers,102,-121.0,100.0
Sat Mar 4 2023,Toronto Raptors,116,Washington Wizards,109,-140.0,119.0
Sat Mar 4 2023,Detroit Pistons,90,Cleveland Cavaliers,114,906.0,-1586.0
Sat Mar 4 2023,Atlanta Hawks,109,Miami Heat,117,122.0,-144.0
Sat Mar 4 2023,Houston Rockets,122,San Antonio Spurs,110,-119.0,-101.0
Sat Mar 4 2023,Philadelphia 76ers,133,Milwaukee Bucks,130,167.0,-199.0
Sat Mar 4 2023,Minnesota Timberwolves,138,Sacramento Kings,134,148.0,-175.0
Sun Mar 5 2023,Phoenix Suns,130,Dallas Mavericks,126,-134.0,113.0
Sun Mar 5 2023,Indiana Pacers,125,Chicago Bulls,122,175.0,-212.0
Sun Mar 5 2023,Golden State Warriors,105,Los Angeles Lakers,113,-203.0,168.0
Sun Mar 5 2023,Charlotte Hornets,86,Brooklyn Nets,102,261.0,-326.0
Sun Mar 5 2023,Portland Trail Blazers,122,Orlando Magic,119,126.0,-148.0
Sun Mar 5 2023,San Antonio Spurs,110,Houston Rockets,142,160.0,-189.0
Sun Mar 5 2023,Utah Jazz,119,Oklahoma City Thunder,129,207.0,-252.0
Sun Mar 5 2023,New York Knicks,131,Boston Celtics,129,228.0,-279.0
Sun Mar 5 2023,Milwaukee Bucks,117,Washington Wizards,111,-238.0,196.0
Sun Mar 5 2023,Memphis Grizzlies,129,Los Angeles Clippers,135,244.0,-300.0
Mon Mar 6 2023,Boston Celtics,114,Cleveland Cavaliers,118,257.0,-323.0
Mon Mar 6 2023,Portland Trail Blazers,110,Detroit Pistons,104,-198.0,165.0
Mon Mar 6 2023,Philadelphia 76ers,147,Indiana Pacers,143,-243.0,198.0
Mon Mar 6 2023,Atlanta Hawks,128,Miami Heat,130,114.0,-136.0
Mon Mar 6 2023,Toronto Raptors,113,Denver Nuggets,118,196.0,-236.0
Mon Mar 6 2023,New Orleans Pelicans,108,Sacramento Kings,123,163.0,-194.0
Tue Mar 7 2023,Washington Wizards,119,Detroit Pistons,117,-554.0,398.0
Tue Mar 7 2023,Milwaukee Bucks,134,Orlando Magic,123,-135.0,113.0
Tue Mar 7 2023,Philadelphia 76ers,117,Minnesota Timberwolves,94,127.0,-151.0
Tue Mar 7 2023,Charlotte Hornets,112,New York Knicks,105,358.0,-484.0
Tue Mar 7 2023,Brooklyn Nets,118,Houston Rockets,96,-254.0,207.0
Tue Mar 7 2023,Golden State Warriors,128,Oklahoma City Thunder,137,-170.0,147.0
Tue Mar 7 2023,Utah Jazz,116,Dallas Mavericks,120,425.0,-595.0
Tue Mar 7 2023,Memphis Grizzlies,103,Los Angeles Lakers,112,-117.0,-103.0
Wed Mar 8 2023,Atlanta Hawks,122,Washington Wizards,120,-150.0,127.0
Wed Mar 8 2023,Portland Trail Blazers,93,Boston Celtics,115,337.0,-447.0
Wed Mar 8 2023,Cleveland Cavaliers,104,Miami Heat,100,-119.0,-102.0
Wed Mar 8 2023,Dallas Mavericks,106,New Orleans Pelicans,113,-140.0,118.0
Wed Mar 8 2023,Chicago Bulls,117,Denver Nuggets,96,298.0,-381.0
Wed Mar 8 2023,Oklahoma City Thunder,101,Phoenix Suns,132,448.0,-648.0
Wed Mar 8 2023,Toronto Raptors,100,Los Angeles Clippers,108,121.0,-142.0
Thu Mar 9 2023,Charlotte Hornets,113,Detroit Pistons,103,-154.0,130.0
Thu Mar 9 2023,Houston Rockets,125,Indiana Pacers,134,349.0,-457.0
Thu Mar 9 2023,Utah Jazz,131,Orlando Magic,124,146.0,-170.0
Thu Mar 9 2023,Golden State Warriors,110,Memphis Grizzlies,131,-145.0,122.0
Thu Mar 9 2023,Brooklyn Nets,113,Milwaukee Bucks,118,360.0,-482.0
Thu Mar 9 2023,New York Knicks,117,Sacramento Kings,122,109.0,-130.0
Fri Mar 10 2023,Portland Trail Blazers,119,Philadelphia 76ers,120,290.0,-373.0
Fri Mar 10 2023,Atlanta Hawks,114,Washington Wizards,107,-121.0,101.0
Fri Mar 10 2023,Cleveland Cavaliers,115,Miami Heat,119,127.0,-149.0
Fri Mar 10 2023,Brooklyn Nets,124,Minnesota Timberwolves,123,152.0,-180.0
Fri Mar 10 2023,Denver Nuggets,120,San Antonio Spurs,128,-845.0,568.0
Fri Mar 10 2023,Toronto Raptors,112,Los Angeles Lakers,122,-146.0,124.0
Sat Mar 11 2023,New York Knicks,95,Los Angeles Clippers,106,174.0,-208.0
Sat Mar 11 2023,Utah Jazz,119,Charlotte Hornets,111,-117.0,-104.0
Sat Mar 11 2023,Indiana Pacers,121,Detroit Pistons,115,-164.0,139.0
Sat Mar 11 2023,Miami Heat,114,Orlando Magic,126,-140.0,119.0
Sat Mar 11 2023,Boston Celtics,134,Atlanta Hawks,125,-206.0,170.0
Sat Mar 11 2023,Chicago Bulls,119,Houston Rockets,111,-325.0,259.0
Sat Mar 11 2023,Dallas Mavericks,108,Memphis Grizzlies,112,257.0,-326.0
Sat Mar 11 2023,Milwaukee Bucks,116,Golden State Warriors,125,138.0,-163.0
Sat Mar 11 2023,Oklahoma City Thunder,110,New Orleans Pelicans,96,-105.0,-115.0
Sat Mar 11 2023,Sacramento Kings,128,Phoenix Suns,119,139.0,-164.0
Sun Mar 12 2023,Brooklyn Nets,122,Denver Nuggets,120,304.0,-397.0
Sun Mar 12 2023,Cleveland Cavaliers,114,Charlotte Hornets,108,-505.0,372.0
Sun Mar 12 2023,Washington Wizards,93,Philadelphia 76ers,112,248.0,-305.0
Sun Mar 12 2023,Portland Trail Blazers,110,New Orleans Pelicans,127,-131.0,111.0
Sun Mar 12 2023,Oklahoma City Thunder,102,San Antonio Spurs,90,-170.0,145.0
Sun Mar 12 2023,New York Knicks,112,Los Angeles Lakers,108,119.0,-141.0
Mon Mar 13 2023,Indiana Pacers,97,Detroit Pistons,117,-162.0,137.0
Mon Mar 13 2023,Minnesota Timberwolves,136,Atlanta Hawks,115,164.0,-199.0
Mon Mar 13 2023,Memphis Grizzlies,104,Dallas Mavericks,88,-172.0,145.0
Mon Mar 13 2023,Utah Jazz,115,Miami Heat,119,283.0,-356.0
Mon Mar 13 2023,Boston Celtics,109,Houston Rockets,111,-1072.0,654.0
Mon Mar 13 2023,Phoenix Suns,112,Golden State Warriors,123,160.0,-190.0
Mon Mar 13 2023,Milwaukee Bucks,133,Sacramento Kings,124,-165.0,139.0
Tue Mar 14 2023,Cleveland Cavaliers,120,Charlotte Hornets,104,-217.0,179.0
Tue Mar 14 2023,Detroit Pistons,97,Washington Wizards,117,641.0,-974.0
Tue Mar 14 2023,Denver Nuggets,110,Toronto Raptors,125,-123.0,102.0
Tue Mar 14 2023,Los Angeles Lakers,123,New Orleans Pelicans,108,102.0,-123.0
Tue Mar 14 2023,Brooklyn Nets,107,Oklahoma City Thunder,121,-101.0,-119.0
Tue Mar 14 2023,Orlando Magic,114,San Antonio Spurs,132,-240.0,197.0
Tue Mar 14 2023,Milwaukee Bucks,116,Phoenix Suns,104,-119.0,-102.0
Tue Mar 14 2023,New York Knicks,123,Portland Trail Blazers,107,-141.0,120.0
Wed Mar 15 2023,Philadelphia 76ers,118,Cleveland Cavaliers,109,-142.0,120.0
Wed Mar 15 2023,Memphis Grizzlies,119,Miami Heat,138,153.0,-181.0
Wed Mar 15 2023,Sacramento Kings,117,Chicago Bulls,114,-122.0,101.0
Wed Mar 15 2023,Los Angeles Lakers,110,Houston Rockets,114,-141.0,119.0
Wed Mar 15 2023,Boston Celtics,104,Minnesota Timberwolves,102,-178.0,151.0
Wed Mar 15 2023,Dallas Mavericks,137,San Antonio Spurs,128,-172.0,147.0
Wed Mar 15 2023,Golden State Warriors,126,Los Angeles Clippers,134,125.0,-147.0
Thu Mar 16 2023,Denver Nuggets,119,Detroit Pistons,100,-1402.0,813.0
Thu Mar 16 2023,Sacramento Kings,101,Brooklyn Nets,96,133.0,-159.0
Thu Mar 16 2023,Oklahoma City Thunder,111,Toronto Raptors,128,211.0,-258.0
Thu Mar 16 2023,Indiana Pacers,139,Milwaukee Bucks,123,546.0,-809.0
Thu Mar 16 2023,Orlando Magic,113,Phoenix Suns,116,266.0,-332.0
Fri Mar 17 2023,Philadelphia 76ers,121,Charlotte Hornets,82,-546.0,394.0
Fri Mar 17 2023,Golden State Warriors,119,Atlanta Hawks,127,132.0,-154.0
Fri Mar 17 2023,Washington Wizards,94,Cleveland Cavaliers,117,177.0,-216.0
Fri Mar 17 2023,Minnesota Timberwolves,131,Chicago Bulls,139,118.0,-140.0
Fri Mar 17 2023,New Orleans Pelicans,112,Houston Rockets,114,-219.0,179.0
Fri Mar 17 2023,Memphis Grizzlies,126,San Antonio Spurs,120,-379.0,297.0
Fri Mar 17 2023,Boston Celtics,126,Portland Trail Blazers,112,-250.0,205.0
Fri Mar 17 2023,Dallas Mavericks,111,Los Angeles Lakers,110,145.0,-170.0
Sat Mar 18 2023,Denver Nuggets,110,New York Knicks,116,-102.0,-118.0
Sat Mar 18 2023,Orlando Magic,113,Los Angeles Clippers,108,217.0,-266.0
Sat Mar 18 2023,Philadelphia 76ers,141,Indiana Pacers,121,-197.0,165.0
Sat Mar 18 2023,Minnesota Timberwolves,107,Toronto Raptors,122,316.0,-414.0
Sat Mar 18 2023,Miami Heat,99,Chicago Bulls,113,-138.0,117.0
Sat Mar 18 2023,Golden State Warriors,119,Memphis Grizzlies,133,-126.0,106.0
Sat Mar 18 2023,Sacramento Kings,132,Washington Wizards,118,-182.0,154.0
Sat Mar 18 2023,Boston Celtics,117,Utah Jazz,118,-188.0,160.0
Sun Mar 19 2023,Denver Nuggets,108,Brooklyn Nets,102,-150.0,130.0
Sun Mar 19 2023,Phoenix Suns,120,Oklahoma City Thunder,124,-100.0,-120.0
Sun Mar 19 2023,Atlanta Hawks,118,San Antonio Spurs,126,-500.0,375.0
Sun Mar 19 2023,Miami Heat,112,Detroit Pistons,100,-480.0,365.0
Sun Mar 19 2023,New Orleans Pelicans,117,Houston Rockets,107,-223.0,183.0
Sun Mar 19 2023,Toronto Raptors,111,Milwaukee Bucks,118,240.0,-280.0
Sun Mar 19 2023,Los Angeles Clippers,117,Portland Trail Blazers,102,-190.0,165.0
Sun Mar 19 2023,Orlando Magic,105,Los Angeles Lakers,111,208.0,-243.0
Mon Mar 20 2023,Indiana Pacers,109,Charlotte Hornets,115,-133.0,112.0
Mon Mar 20 2023,Chicago Bulls,109,Philadelphia 76ers,105,271.0,-343.0
Mon Mar 20 2023,Minnesota Timberwolves,140,New York Knicks,134,290.0,-372.0
Mon Mar 20 2023,Golden State Warriors,121,Houston Rockets,108,-634.0,458.0
Mon Mar 20 2023,Dallas Mavericks,108,Memphis Grizzlies,112,144.0,-170.0
Mon Mar 20 2023,Sacramento Kings,120,Utah Jazz,128,-274.0,226.0
Tue Mar 21 2023,Washington Wizards,112,Orlando Magic,122,-101.0,-119.0
Tue Mar 21 2023,Detroit Pistons,107,Atlanta Hawks,129,652.0,-1011.0
Tue Mar 21 2023,Cleveland Cavaliers,115,Brooklyn Nets,109,-172.0,146.0
Tue Mar 21 2023,San Antonio Spurs,84,New Orleans Pelicans,119,641.0,-1014.0
Tue Mar 21 2023,Boston Celtics,132,Sacramento Kings,109,-207.0,171.0
Tue Mar 21 2023,Oklahoma City Thunder,101,Los Angeles Clippers,100,218.0,-265.0
Wed Mar 22 2023,Denver Nuggets,118,Washington Wizards,104,-397.0,312.0
Wed Mar 22 2023,Golden State Warriors,127,Dallas Mavericks,125,-160.0,136.0
Wed Mar 22 2023,New York Knicks,120,Miami Heat,127,113.0,-134.0
Wed Mar 22 2023,Indiana Pacers,118,Toronto Raptors,114,298.0,-374.0
Wed Mar 22 2023,Philadelphia 76ers,116,Chicago Bulls,91,-127.0,106.0
Wed Mar 22 2023,Houston Rockets,125,Memphis Grizzlies,130,540.0,-805.0
Wed Mar 22 2023,San Antonio Spurs,94,Milwaukee Bucks,130,1181.0,-2883.0
Wed Mar 22 2023,Atlanta Hawks,124,Minnesota Timberwolves,125,144.0,-170.0
Wed Mar 22 2023,Portland Trail Blazers,127,Utah Jazz,115,170.0,-206.0
Wed Mar 22 2023,Phoenix Suns,111,Los Angeles Lakers,122,-100.0,-120.0
Thu Mar 23 2023,New York Knicks,106,Orlando Magic,111,-142.0,121.0
Thu Mar 23 2023,Cleveland Cavaliers,116,Brooklyn Nets,114,-155.0,131.0
Thu Mar 23 2023,Charlotte Hornets,96,New Orleans Pelicans,115,321.0,-411.0
Thu Mar 23 2023,Oklahoma City Thunder,105,Los Angeles Clippers,127,163.0,-195.0
Fri Mar 24 2023,Indiana Pacers,95,Boston Celtics,120,438.0,-614.0
Fri Mar 24 2023,San Antonio Spurs,124,Washington Wizards,136,313.0,-404.0
Fri Mar 24 2023,Detroit Pistons,97,Toronto Raptors,118,638.0,-975.0
Fri Mar 24 2023,Houston Rockets,114,Memphis Grizzlies,151,587.0,-882.0
Fri Mar 24 2023,Charlotte Hornets,117,Dallas Mavericks,109,800.0,-1335.0
Fri Mar 24 2023,Milwaukee Bucks,144,Utah Jazz,116,-457.0,341.0
Fri Mar 24 2023,Philadelphia 76ers,112,Golden State Warriors,120,160.0,-190.0
Fri Mar 24 2023,Chicago Bulls,124,Portland Trail Blazers,96,-293.0,240.0
Fri Mar 24 2023,Phoenix Suns,127,Sacramento Kings,135,158.0,-187.0
Fri Mar 24 2023,Oklahoma City Thunder,111,Los Angeles Lakers,116,137.0,-160.0
Sat Mar 25 2023,Indiana Pacers,130,Atlanta Hawks,143,365.0,-489.0
Sat Mar 25 2023,Brooklyn Nets,129,Miami Heat,100,188.0,-230.0
Sat Mar 25 2023,Milwaukee Bucks,106,Denver Nuggets,129,134.0,-157.0
Sat Mar 25 2023,Philadelphia 76ers,105,Phoenix Suns,125,-103.0,-117.0
Sat Mar 25 2023,Utah Jazz,113,Sacramento Kings,121,336.0,-436.0
Sat Mar 25 2023,New Orleans Pelicans,131,Los Angeles Clippers,110,163.0,-193.0
Sun Mar 26 2023,Dallas Mavericks,104,Charlotte Hornets,110,-788.0,543.0
Sun Mar 26 2023,Chicago Bulls,118,Los Angeles Lakers,108,174.0,-211.0
Sun Mar 26 2023,Memphis Grizzlies,123,Atlanta Hawks,119,-126.0,104.0
Sun Mar 26 2023,San Antonio Spurs,93,Boston Celtics,137,850.0,-1559.0
Sun Mar 26 2023,Houston Rockets,91,Cleveland Cavaliers,108,689.0,-1069.0
Sun Mar 26 2023,Brooklyn Nets,106,Orlando Magic,119,101.0,-121.0
Sun Mar 26 2023,Washington Wizards,104,Toronto Raptors,114,365.0,-476.0
Sun Mar 26 2023,Oklahoma City Thunder,118,Portland Trail Blazers,112,-530.0,388.0
Sun Mar 26 2023,Minnesota Timberwolves,99,Golden State Warriors,96,189.0,-232.0
Mon Mar 27 2023,Milwaukee Bucks,126,Detroit Pistons,117,-733.0,505.0
Mon Mar 27 2023,Dallas Mavericks,127,Indiana Pacers,104,-326.0,258.0
Mon Mar 27 2023,Houston Rockets,115,New York Knicks,137,569.0,-844.0
Mon Mar 27 2023,Phoenix Suns,117,Utah Jazz,103,-208.0,175.0
Mon Mar 27 2023,Philadelphia 76ers,111,Denver Nuggets,116,332.0,-448.0
Mon Mar 27 2023,New Orleans Pelicans,124,Portland Trail Blazers,90,-761.0,516.0
Mon Mar 27 2023,Minnesota Timberwolves,119,Sacramento Kings,115,181.0,-227.0
Mon Mar 27 2023,Chicago Bulls,112,Los Angeles Clippers,124,156.0,-185.0
Tue Mar 28 2023,Boston Celtics,111,Washington Wizards,130,-629.0,424.0
Tue Mar 28 2023,Cleveland Cavaliers,118,Atlanta Hawks,120,127.0,-149.0
Tue Mar 28 2023,Miami Heat,92,Toronto Raptors,106,185.0,-223.0
Tue Mar 28 2023,Orlando Magic,108,Memphis Grizzlies,113,205.0,-252.0
Tue Mar 28 2023,Charlotte Hornets,137,Oklahoma City Thunder,134,320.0,-421.0
Tue Mar 28 2023,New Orleans Pelicans,109,Golden State Warriors,120,295.0,-379.0
Wed Mar 29 2023,Milwaukee Bucks,149,Indiana Pacers,136,-728.0,508.0
Wed Mar 29 2023,Houston Rockets,114,Brooklyn Nets,123,418.0,-570.0
Wed Mar 29 2023,Miami Heat,92,New York Knicks,101,162.0,-194.0
Wed Mar 29 2023,Dallas Mavericks,108,Philadelphia 76ers,116,169.0,-203.0
Wed Mar 29 2023,Los Angeles Lakers,121,Chicago Bulls,110,-164.0,140.0
Wed Mar 29 2023,Los Angeles Clippers,141,Memphis Grizzlies,132,107.0,-128.0
Wed Mar 29 2023,Detroit Pistons,106,Oklahoma City Thunder,107,364.0,-490.0
Wed Mar 29 2023,Utah Jazz,128,San Antonio Spurs,117,-130.0,109.0
Wed Mar 29 2023,Minnesota Timberwolves,100,Phoenix Suns,107,201.0,-244.0
Wed Mar 29 2023,Sacramento Kings,120,Portland Trail Blazers,80,-1136.0,721.0
Thu Mar 30 2023,Boston Celtics,140,Milwaukee Bucks,99,115.0,-136.0
Thu Mar 30 2023,New Orleans Pelicans,107,Denver Nuggets,88,153.0,-182.0
Fri Mar 31 2023,Chicago Bulls,121,Charlotte Hornets,91,-558.0,412.0
Fri Mar 31 2023,Oklahoma City Thunder,117,Indiana Pacers,121,-212.0,177.0
Fri Mar 31 2023,Toronto Raptors,110,Philadelphia 76ers,117,147.0,-174.0
Fri Mar 31 2023,Orlando Magic,116,Washington Wizards,109,-155.0,132.0
Fri Mar 31 2023,Utah Jazz,114,Boston Celtics,122,613.0,-950.0
Fri Mar 31 2023,Atlanta Hawks,107,Brooklyn Nets,124,-123.0,102.0
Fri Mar 31 2023,New York Knicks,130,Cleveland Cavaliers,116,142.0,-167.0
Fri Mar 31 2023,Detroit Pistons,115,Houston Rockets,121,203.0,-242.0
Fri Mar 31 2023,Los Angeles Clippers,94,Memphis Grizzlies,108,176.0,-215.0
Fri Mar 31 2023,Los Angeles Lakers,123,Minnesota Timberwolves,111,-155.0,131.0
Fri Mar 31 2023,San Antonio Spurs,115,Golden State Warriors,130,1009.0,-1914.0
Fri Mar 31 2023,Sacramento Kings,138,Portland Trail Blazers,114,-1253.0,745.0
Fri Mar 31 2023,Denver Nuggets,93,Phoenix Suns,100,589.0,-878.0
Sat Apr 1 2023,Dallas Mavericks,122,Miami Heat,129,-142.0,120.0
Sat Apr 1 2023,Los Angeles Clippers,114,New Orleans Pelicans,122,148.0,-174.0
Sun Apr 2 2023,Toronto Raptors,128,Charlotte Hornets,108,-1391.0,796.0
Sun Apr 2 2023,Utah Jazz,110,Brooklyn Nets,111,243.0,-300.0
Sun Apr 2 2023,Memphis Grizzlies,107,Chicago Bulls,128,-102.0,-119.0
Sun Apr 2 2023,Portland Trail Blazers,107,Minnesota Timberwolves,105,1075.0,-2300.0
Sun Apr 2 2023,Dallas Mavericks,130,Atlanta Hawks,132,131.0,-151.0
Sun Apr 2 2023,Washington Wizards,109,New York Knicks,118,458.0,-651.0
Sun Apr 2 2023,Detroit Pistons,102,Orlando Magic,128,439.0,-603.0
Sun Apr 2 2023,San Antonio Spurs,142,Sacramento Kings,134,866.0,-1630.0
Sun Apr 2 2023,Los Angeles Lakers,134,Houston Rockets,109,-646.0,449.0
Sun Apr 2 2023,Phoenix Suns,128,Oklahoma City Thunder,118,-217.0,177.0
Sun Apr 2 2023,Indiana Pacers,105,Cleveland Cavaliers,115,547.0,-810.0
Sun Apr 2 2023,Philadelphia 76ers,104,Milwaukee Bucks,117,171.0,-208.0
Sun Apr 2 2023,Golden State Warriors,110,Denver Nuggets,112,-164.0,139.0
Tue Apr 4 2023,Toronto Raptors,120,Charlotte Hornets,100,-1460.0,836.0
Tue Apr 4 2023,Miami Heat,118,Detroit Pistons,105,-1012.0,650.0
Tue Apr 4 2023,Cleveland Cavaliers,117,Orlando Magic,113,-170.0,143.0
Tue Apr 4 2023,Milwaukee Bucks,140,Washington Wizards,128,-1069.0,659.0
Tue Apr 4 2023,Minnesota Timberwolves,107,Brooklyn Nets,102,-152.0,128.0
Tue Apr 4 2023,Atlanta Hawks,123,Chicago Bulls,105,189.0,-233.0
Tue Apr 4 2023,Denver Nuggets,103,Houston Rockets,124,-638.0,455.0
Tue Apr 4 2023,Portland Trail Blazers,109,Memphis Grizzlies,119,1038.0,-2173.0
Tue Apr 4 2023,Sacramento Kings,121,New Orleans Pelicans,103,149.0,-175.0
Tue Apr 4 2023,Boston Celtics,101,Philadelphia 76ers,103,143.0,-170.0
Tue Apr 4 2023,Los Angeles Lakers,135,Utah Jazz,133,-578.0,428.0
Tue Apr 4 2023,Oklahoma City Thunder,125,Golden State Warriors,136,246.0,-301.0
Tue Apr 4 2023,San Antonio Spurs,94,Phoenix Suns,115,1061.0,-2149.0
Wed Apr 5 2023,Brooklyn Nets,123,Detroit Pistons,108,-575.0,418.0
Wed Apr 5 2023,New York Knicks,138,Indiana Pacers,129,-186.0,156.0
Wed Apr 5 2023,Washington Wizards,116,Atlanta Hawks,134,513.0,-740.0
Wed Apr 5 2023,Toronto Raptors,93,Boston Celtics,97,-120.0,-102.0
Wed Apr 5 2023,Chicago Bulls,92,Milwaukee Bucks,105,184.0,-225.0
Wed Apr 5 2023,Memphis Grizzlies,131,New Orleans Pelicans,138,200.0,-247.0
Wed Apr 5 2023,Sacramento Kings,119,Dallas Mavericks,123,200.0,-248.0
Wed Apr 5 2023,Los Angeles Lakers,118,Los Angeles Clippers,125,-116.0,-105.0
Thu Apr 6 2023,Cleveland Cavaliers,118,Orlando Magic,94,199.0,-246.0
Thu Apr 6 2023,Miami Heat,129,Philadelphia 76ers,101,105.0,-126.0
Thu Apr 6 2023,Portland Trail Blazers,127,San Antonio Spurs,129,152.0,-182.0
Thu Apr 6 2023,Oklahoma City Thunder,114,Utah Jazz,98,-280.0,227.0
Thu Apr 6 2023,Denver Nuggets,115,Phoenix Suns,119,557.0,-839.0
Fri Apr 7 2023,Houston Rockets,112,Charlotte Hornets,109,-183.0,154.0
Fri Apr 7 2023,Detroit Pistons,122,Indiana Pacers,115,210.0,-258.0
Fri Apr 7 2023,Miami Heat,108,Washington Wizards,114,-194.0,162.0
Fri Apr 7 2023,Philadelphia 76ers,136,Atlanta Hawks,131,482.0,-705.0
Fri Apr 7 2023,Toronto Raptors,102,Boston Celtics,121,-131.0,109.0
Fri Apr 7 2023,Orlando Magic,84,Brooklyn Nets,101,377.0,-516.0
Fri Apr 7 2023,Memphis Grizzlies,137,Milwaukee Bucks,114,-322.0,254.0
Fri Apr 7 2023,New York Knicks,105,New Orleans Pelicans,113,284.0,-365.0
Fri Apr 7 2023,Chicago Bulls,115,Dallas Mavericks,112,118.0,-142.0
Fri Apr 7 2023,Golden State Warriors,119,Sacramento Kings,97,-621.0,442.0
Fri Apr 7 2023,Phoenix Suns,107,Los Angeles Lakers,121,606.0,-937.0
Sat Apr 8 2023,Denver Nuggets,114,Utah Jazz,118,-466.0,348.0
Sat Apr 8 2023,Portland Trail Blazers,125,Los Angeles Clippers,136,1012.0,-2139.0
Sat Apr 8 2023,Minnesota Timberwolves,151,San Antonio Spurs,131,-1435.0,797.0
Sun Apr 9 2023,Atlanta Hawks,114,Boston Celtics,120,162.0,-194.0
Sun Apr 9 2023,Philadelphia 76ers,134,Brooklyn Nets,105,106.0,-127.0
Sun Apr 9 2023,Detroit Pistons,81,Chicago Bulls,103,284.0,-364.0
Sun Apr 9 2023,Charlotte Hornets,106,Cleveland Cavaliers,95,203.0,-249.0
Sun Apr 9 2023,Orlando Magic,110,Miami Heat,123,172.0,-208.0
Sun Apr 9 2023,Indiana Pacers,141,New York Knicks,136,352.0,-469.0
Sun Apr 9 2023,Milwaukee Bucks,105,Toronto Raptors,121,138.0,-164.0
Sun Apr 9 2023,Houston Rockets,114,Washington Wizards,109,-172.0,145.0
Sun Apr 9 2023,San Antonio Spurs,138,Dallas Mavericks,117,143.0,-171.0
Sun Apr 9 2023,Sacramento Kings,95,Denver Nuggets,109,-210.0,173.0
Sun Apr 9 2023,Utah Jazz,117,Los Angeles Lakers,128,909.0,-1766.0
Sun Apr 9 2023,New Orleans Pelicans,108,Minnesota Timberwolves,113,132.0,-157.0
Sun Apr 9 2023,Memphis Grizzlies,100,Oklahoma City Thunder,115,111.0,-132.0
Sun Apr 9 2023,Los Angeles Clippers,119,Phoenix Suns,114,-492.0,366.0
Sun Apr 9 2023,Golden State Warriors,157,Portland Trail Blazers,101,-1862.0,929.0
Tue Apr 11 2023,Atlanta Hawks,116,Miami Heat,105,179.0,-218.0
Tue Apr 11 2023,Minnesota Timberwolves,102,Los Angeles Lakers,108,295.0,-389.0
Wed Apr 12 2023,Chicago Bulls,109,Toronto Raptors,105,190.0,-233.0
Wed Apr 12 2023,Oklahoma City Thunder,123,New Orleans Pelicans,118,178.0,-218.0
Fri Apr 14 2023,Chicago Bulls,91,Miami Heat,102,168.0,-203.0
Fri Apr 14 2023,Oklahoma City Thunder,95,Minnesota Timberwolves,120,191.0,-235.0
Sat Apr 15 2023,Brooklyn Nets,101,Philadelphia 76ers,121,318.0,-422.0
Sat Apr 15 2023,Atlanta Hawks,99,Boston Celtics,112,379.0,-504.0
Sat Apr 15 2023,New York Knicks,101,Cleveland Cavaliers,97,177.0,-215.0
Sat Apr 15 2023,Golden State Warriors,123,Sacramento Kings,126,-103.0,-118.0
Sun Apr 16 2023,Los Angeles Lakers,128,Memphis Grizzlies,112,164.0,-198.0
Sun Apr 16 2023,Miami Heat,130,Milwaukee Bucks,117,373.0,-513.0
Sun Apr 16 2023,Los Angeles Clippers,115,Phoenix Suns,110,262.0,-331.0
Sun Apr 16 2023,Minnesota Timberwolves,80,Denver Nuggets,109,277.0,-355.0
Mon Apr 17 2023,Brooklyn Nets,84,Philadelphia 76ers,96,418.0,-610.0
Mon Apr 17 2023,Golden State Warriors,106,Sacramento Kings,114,-138.0,116.0
Tue Apr 18 2023,Atlanta Hawks,106,Boston Celtics,119,403.0,-556.0
Tue Apr 18 2023,New York Knicks,90,Cleveland Cavaliers,107,191.0,-234.0
Tue Apr 18 2023,Los Angeles Clippers,109,Phoenix Suns,123,282.0,-362.0
Wed Apr 19 2023,Los Angeles Lakers,93,Memphis Grizzlies,103,-117.0,-104.0
Wed Apr 19 2023,Miami Heat,122,Milwaukee Bucks,138,189.0,-232.0
Wed Apr 19 2023,Minnesota Timberwolves,113,Denver Nuggets,122,281.0,-360.0
Thu Apr 20 2023,Philadelphia 76ers,102,Brooklyn Nets,97,-208.0,172.0
Thu Apr 20 2023,Sacramento Kings,97,Golden State Warriors,114,205.0,-253.0
Thu Apr 20 2023,Phoenix Suns,129,Los Angeles Clippers,124,-341.0,266.0
Fri Apr 21 2023,Boston Celtics,122,Atlanta Hawks,130,-222.0,181.0
Fri Apr 21 2023,Cleveland Cavaliers,79,New York Knicks,99,109.0,-131.0
Fri Apr 21 2023,Denver Nuggets,120,Minnesota Timberwolves,111,-124.0,-101.0
Sat Apr 22 2023,Philadelphia 76ers,96,Brooklyn Nets,88,-134.0,112.0
Sat Apr 22 2023,Phoenix Suns,112,Los Angeles Clippers,100,-331.0,261.0
Sat Apr 22 2023,Milwaukee Bucks,99,Miami Heat,121,-137.0,114.0
Sat Apr 22 2023,Memphis Grizzlies,101,Los Angeles Lakers,111,159.0,-190.0
Sun Apr 23 2023,Cleveland Cavaliers,93,New York Knicks,102,108.0,-129.0
Sun Apr 23 2023,Sacramento Kings,125,Golden State Warriors,126,263.0,-333.0
Sun Apr 23 2023,Boston Celtics,129,Atlanta Hawks,121,-310.0,246.0
Sun Apr 23 2023,Denver Nuggets,108,Minnesota Timberwolves,114,-179.0,150.0
Mon Apr 24 2023,Milwaukee Bucks,114,Miami Heat,119,-345.0,270.0
Mon Apr 24 2023,Memphis Grizzlies,111,Los Angeles Lakers,117,165.0,-198.0
Tue Apr 25 2023,Atlanta Hawks,119,Boston Celtics,117,612.0,-957.0
Tue Apr 25 2023,Minnesota Timberwolves,109,Denver Nuggets,112,370.0,-497.0
Tue Apr 25 2023,Los Angeles Clippers,130,Phoenix Suns,136,544.0,-814.0
Wed Apr 26 2023,New York Knicks,106,Cleveland Cavaliers,95,189.0,-231.0
Wed Apr 26 2023,Los Angeles Lakers,99,Memphis Grizzlies,116,159.0,-190.0
Wed Apr 26 2023,Miami Heat,128,Milwaukee Bucks,126,504.0,-724.0
Wed Apr 26 2023,Golden State Warriors,123,Sacramento Kings,116,-132.0,110.0
Thu Apr 27 2023,Boston Celtics,128,Atlanta Hawks,120,-296.0,237.0
Fri Apr 28 2023,Sacramento Kings,118,Golden State Warriors,99,226.0,-281.0
Fri Apr 28 2023,Memphis Grizzlies,85,Los Angeles Lakers,125,172.0,-208.0
Sat Apr 29 2023,Phoenix Suns,107,Denver Nuggets,125,365.0,-598.0
Sun Apr 30 2023,Miami Heat,108,New York Knicks,101,147.0,-176.0
Sun Apr 30 2023,Golden State Warriors,120,Sacramento Kings,100,110.0,-139.0
Mon May 1 2023,Philadelphia 76ers,119,Boston Celtics,115,399.0,-548.0
Mon May 1 2023,Phoenix Suns,87,Denver Nuggets,97,142.0,-170.0
Tue May 2 2023,Miami Heat,105,New York Knicks,111,378.0,-508.0
Tue May 2 2023,Los Angeles Lakers,117,Golden State Warriors,112,152.0,-182.0
Wed May 3 2023,Philadelphia 76ers,87,Boston Celtics,121,266.0,-341.0
Thu May 4 2023,Los Angeles Lakers,100,Golden State Warriors,127,229.0,-285.0
Fri May 5 2023,Boston Celtics,114,Philadelphia 76ers,102,-139.0,117.0
Fri May 5 2023,Denver Nuggets,114,Phoenix Suns,121,153.0,-181.0
Sat May 6 2023,New York Knicks,86,Miami Heat,105,144.0,-171.0
Sat May 6 2023,Golden State Warriors,97,Los Angeles Lakers,127,131.0,-156.0
Sun May 7 2023,Boston Celtics,115,Philadelphia 76ers,116,-109.0,-111.0
Sun May 7 2023,Denver Nuggets,124,Phoenix Suns,129,-104.0,-117.0
Mon May 8 2023,New York Knicks,101,Miami Heat,109,151.0,-182.0
Mon May 8 2023,Golden State Warriors,101,Los Angeles Lakers,104,111.0,-133.0
Tue May 9 2023,Philadelphia 76ers,115,Boston Celtics,103,-5211.0,1072.0
Tue May 9 2023,Phoenix Suns,102,Denver Nuggets,118,212.0,-262.0
Wed May 10 2023,Miami Heat,103,New York Knicks,112,136.0,-162.0
Wed May 10 2023,Los Angeles Lakers,106,Golden State Warriors,121,251.0,-313.0
Thu May 11 2023,Boston Celtics,95,Philadelphia 76ers,86,-137.0,115.0
Thu May 11 2023,Denver Nuggets,125,Phoenix Suns,100,102.0,-123.0
Fri May 12 2023,New York Knicks,92,Miami Heat,96,204.0,-250.0
Fri May 12 2023,Golden State Warriors,101,Los Angeles Lakers,122,133.0,-157.0
Sun May 14 2023,Philadelphia 76ers,88,Boston Celtics,112,199.0,-245.0
Tue May 16 2023,Los Angeles Lakers,126,Denver Nuggets,132,220.0,-271.0
Wed May 17 2023,Miami Heat,123,Boston Celtics,116,294.0,-376.0
Thu May 18 2023,Los Angeles Lakers,103,Denver Nuggets,108,143.0,-178.0
Fri May 19 2023,Miami Heat,111,Boston Celtics,105,315.0,-410.0
Sat May 20 2023,Denver Nuggets,119,Los Angeles Lakers,108,185.0,-225.0
Sun May 21 2023,Boston Celtics,102,Miami Heat,128,-182.0,154.0
Mon May 22 2023,Denver Nuggets,113,Los Angeles Lakers,111,136.0,-158.0
Tue May 23 2023,Boston Celtics,116,Miami Heat,99,-100.0,-121.0
Thu May 25 2023,Miami Heat,97,Boston Celtics,110,256.0,-321.0
Sat May 27 2023,Boston Celtics,104,Miami Heat,103,-126.0,105.0
Mon May 29 2023,Miami Heat,103,Boston Celtics,84,239.0,-293.0
Thu Jun 1 2023,Miami Heat,93,Denver Nuggets,104,298.0,-378.0
Sun Jun 4 2023,Miami Heat,111,Denver Nuggets,108,271.0,-347.0
Wed Jun 7 2023,Denver Nuggets,109,Miami Heat,94,-147.0,124.0
Fri Jun 9 2023,Denver Nuggets,108,Miami Heat,95,-145.0,123.0
Mon Jun 12 2023,Miami Heat,89,Denver Nuggets,94,270.0,-344.0
Tue Oct 24 2023,Los Angeles Lakers,107,Denver Nuggets,119,162.0,-192.0
Tue Oct 24 2023,Phoenix Suns,108,Golden State Warriors,104,122.0,-143.0
Wed Oct 25 2023,Houston Rockets,86,Orlando Magic,116,152.0,-180.0
Wed Oct 25 2023,Boston Celtics,108,New York Knicks,104,-169.0,145.0
Wed Oct 25 2023,Washington Wizards,120,Indiana Pacers,143,170.0,-203.0
Wed Oct 25 2023,Atlanta Hawks,110,Charlotte Hornets,116,-173.0,147.0
Wed Oct 25 2023,Detroit Pistons,102,Miami Heat,103,345.0,-456.0
Wed Oct 25 2023,Minnesota Timberwolves,94,Toronto Raptors,97,-107.0,-113.0
Wed Oct 25 2023,Cleveland Cavaliers,114,Brooklyn Nets,113,-125.0,105.0
Wed Oct 25 2023,New Orleans Pelicans,111,Memphis Grizzlies,104,-104.0,-116.0
Wed Oct 25 2023,Oklahoma City Thunder,124,Chicago Bulls,104,117.0,-139.0
Wed Oct 25 2023,Sacramento Kings,130,Utah Jazz,114,-125.0,104.0
Wed Oct 25 2023,Dallas Mavericks,126,San Antonio Spurs,119,-191.0,160.0
Wed Oct 25 2023,Portland Trail Blazers,111,Los Angeles Clippers,123,349.0,-466.0
Thu Oct 26 2023,Philadelphia 76ers,117,Milwaukee Bucks,118,198.0,-241.0
Thu Oct 26 2023,Phoenix Suns,95,Los Angeles Lakers,100,201.0,-244.0
Fri Oct 27 2023,Denver Nuggets,108,Memphis Grizzlies,104,-221.0,183.0
Fri Oct 27 2023,Detroit Pistons,111,Charlotte Hornets,99,151.0,-178.0
Fri Oct 27 2023,New York Knicks,126,Atlanta Hawks,120,-113.0,-106.0
Fri Oct 27 2023,Oklahoma City Thunder,108,Cleveland Cavaliers,105,115.0,-136.0
Fri Oct 27 2023,Miami Heat,111,Boston Celtics,119,290.0,-370.0
Fri Oct 27 2023,Toronto Raptors,103,Chicago Bulls,104,115.0,-136.0
Fri Oct 27 2023,Houston Rockets,122,San Antonio Spurs,126,133.0,-155.0
Fri Oct 27 2023,Brooklyn Nets,120,Dallas Mavericks,125,192.0,-235.0
Fri Oct 27 2023,Los Angeles Clippers,118,Utah Jazz,120,-173.0,147.0
Fri Oct 27 2023,Orlando Magic,102,Portland Trail Blazers,97,-171.0,146.0
Fri Oct 27 2023,Golden State Warriors,122,Sacramento Kings,114,134.0,-156.0
Sat Oct 28 2023,Chicago Bulls,102,Detroit Pistons,118,-139.0,118.0
Sat Oct 28 2023,Memphis Grizzlies,106,Washington Wizards,113,-113.0,-107.0
Sat Oct 28 2023,New York Knicks,87,New Orleans Pelicans,96,130.0,-152.0
Sat Oct 28 2023,Indiana Pacers,125,Cleveland Cavaliers,113,-171.0,146.0
Sat Oct 28 2023,Philadelphia 76ers,114,Toronto Raptors,107,-195.0,164.0
Sat Oct 28 2023,Miami Heat,90,Minnesota Timberwolves,106,265.0,-333.0
Sat Oct 28 2023,Utah Jazz,104,Phoenix Suns,126,176.0,-211.0
Sun Oct 29 2023,Denver Nuggets,128,Oklahoma City Thunder,95,-160.0,137.0
Sun Oct 29 2023,Golden State Warriors,106,Houston Rockets,95,-267.0,218.0
Sun Oct 29 2023,Atlanta Hawks,127,Milwaukee Bucks,110,205.0,-251.0
Sun Oct 29 2023,Portland Trail Blazers,98,Philadelphia 76ers,126,336.0,-442.0
Sun Oct 29 2023,San Antonio Spurs,83,Los Angeles Clippers,123,310.0,-406.0
Sun Oct 29 2023,Los Angeles Lakers,127,Sacramento Kings,132,113.0,-134.0
Mon Oct 30 2023,Chicago Bulls,112,Indiana Pacers,105,132.0,-155.0
Mon Oct 30 2023,Boston Celtics,126,Washington Wizards,107,-519.0,392.0
Mon Oct 30 2023,Brooklyn Nets,133,Charlotte Hornets,121,-123.0,103.0
Mon Oct 30 2023,Portland Trail Blazers,99,Toronto Raptors,91,347.0,-454.0
Mon Oct 30 2023,Minnesota Timberwolves,113,Atlanta Hawks,127,-133.0,113.0
Mon Oct 30 2023,Dallas Mavericks,125,Memphis Grizzlies,110,-105.0,-116.0
Mon Oct 30 2023,Miami Heat,114,Milwaukee Bucks,122,243.0,-301.0
Mon Oct 30 2023,Golden State Warriors,130,New Orleans Pelicans,102,126.0,-148.0
Mon Oct 30 2023,Detroit Pistons,112,Oklahoma City Thunder,124,213.0,-259.0
Mon Oct 30 2023,Utah Jazz,102,Denver Nuggets,110,302.0,-389.0
Mon Oct 30 2023,Orlando Magic,103,Los Angeles Lakers,106,144.0,-168.0
Tue Oct 31 2023,New York Knicks,109,Cleveland Cavaliers,91,-135.0,114.0
Tue Oct 31 2023,San Antonio Spurs,115,Phoenix Suns,114,233.0,-287.0
Tue Oct 31 2023,Orlando Magic,102,Los Angeles Clippers,118,212.0,-258.0
Wed Nov 1 2023,Portland Trail Blazers,110,Detroit Pistons,101,133.0,-156.0
Wed Nov 1 2023,Milwaukee Bucks,111,Toronto Raptors,130,-176.0,151.0
Wed Nov 1 2023,Washington Wizards,121,Atlanta Hawks,130,337.0,-436.0
Wed Nov 1 2023,Indiana Pacers,104,Boston Celtics,155,555.0,-810.0
Wed Nov 1 2023,Brooklyn Nets,109,Miami Heat,105,222.0,-271.0
Wed Nov 1 2023,Cleveland Cavaliers,95,New York Knicks,89,178.0,-214.0
Wed Nov 1 2023,New Orleans Pelicans,110,Oklahoma City Thunder,106,134.0,-157.0
Wed Nov 1 2023,Charlotte Hornets,119,Houston Rockets,128,125.0,-147.0
Wed Nov 1 2023,Denver Nuggets,89,Minnesota Timberwolves,110,-134.0,113.0
Wed Nov 1 2023,Chicago Bulls,105,Dallas Mavericks,114,138.0,-162.0
Wed Nov 1 2023,Memphis Grizzlies,109,Utah Jazz,133,110.0,-130.0
Wed Nov 1 2023,Sacramento Kings,101,Golden State Warriors,102,213.0,-261.0
Wed Nov 1 2023,Los Angeles Clippers,125,Los Angeles Lakers,130,130.0,-151.0
Thu Nov 2 2023,Toronto Raptors,99,Philadelphia 76ers,114,245.0,-300.0
Thu Nov 2 2023,Detroit Pistons,116,New Orleans Pelicans,125,160.0,-189.0
Thu Nov 2 2023,Orlando Magic,115,Utah Jazz,113,-124.0,103.0
Thu Nov 2 2023,San Antonio Spurs,132,Phoenix Suns,121,379.0,-505.0
Fri Nov 3 2023,Cleveland Cavaliers,116,Indiana Pacers,121,-134.0,113.0
Fri Nov 3 2023,New York Knicks,105,Milwaukee Bucks,110,178.0,-214.0
Fri Nov 3 2023,Brooklyn Nets,109,Chicago Bulls,107,147.0,-173.0
Fri Nov 3 2023,Washington Wizards,114,Miami Heat,121,316.0,-401.0
Fri Nov 3 2023,Golden State Warriors,141,Oklahoma City Thunder,139,-243.0,201.0
Fri Nov 3 2023,Dallas Mavericks,114,Denver Nuggets,125,190.0,-230.0
Fri Nov 3 2023,Memphis Grizzlies,113,Portland Trail Blazers,115,-162.0,138.0
Sat Nov 4 2023,Phoenix Suns,100,Philadelphia 76ers,112,199.0,-240.0
Sat Nov 4 2023,Charlotte Hornets,125,Indiana Pacers,124,163.0,-192.0
Sat Nov 4 2023,Atlanta Hawks,123,New Orleans Pelicans,105,112.0,-133.0
Sat Nov 4 2023,Los Angeles Lakers,101,Orlando Magic,120,-160.0,136.0
Sat Nov 4 2023,Boston Celtics,124,Brooklyn Nets,114,-478.0,361.0
Sat Nov 4 2023,Sacramento Kings,89,Houston Rockets,107,-140.0,119.0
Sat Nov 4 2023,Utah Jazz,95,Minnesota Timberwolves,123,259.0,-324.0
Sat Nov 4 2023,Chicago Bulls,101,Denver Nuggets,123,320.0,-413.0
Sun Nov 5 2023,Phoenix Suns,120,Detroit Pistons,106,-160.0,136.0
Sun Nov 5 2023,Toronto Raptors,123,San Antonio Spurs,116,-166.0,141.0
Sun Nov 5 2023,Golden State Warriors,104,Cleveland Cavaliers,115,-100.0,-119.0
Sun Nov 5 2023,Charlotte Hornets,118,Dallas Mavericks,124,438.0,-600.0
Sun Nov 5 2023,Memphis Grizzlies,112,Portland Trail Blazers,100,-157.0,134.0
Mon Nov 6 2023,Golden State Warriors,120,Detroit Pistons,109,-656.0,424.0
Mon Nov 6 2023,San Antonio Spurs,111,Indiana Pacers,152,290.0,-370.0
Mon Nov 6 2023,Dallas Mavericks,117,Orlando Magic,102,134.0,-178.0
Mon Nov 6 2023,Washington Wizards,128,Philadelphia 76ers,146,429.0,-595.0
Mon Nov 6 2023,Milwaukee Bucks,129,Brooklyn Nets,125,-190.0,160.0
Mon Nov 6 2023,Los Angeles Lakers,107,Miami Heat,108,105.0,-125.0
Mon Nov 6 2023,Los Angeles Clippers,97,New York Knicks,111,-100.0,-120.0
Mon Nov 6 2023,Utah Jazz,113,Chicago Bulls,130,150.0,-176.0
Mon Nov 6 2023,Sacramento Kings,97,Houston Rockets,122,388.0,-782.0
Mon Nov 6 2023,Boston Celtics,109,Minnesota Timberwolves,114,-160.0,136.0
Mon Nov 6 2023,Atlanta Hawks,117,Oklahoma City Thunder,126,-107.0,-113.0
Mon Nov 6 2023,New Orleans Pelicans,116,Denver Nuggets,134,207.0,-254.0
Wed Nov 8 2023,Washington Wizards,132,Charlotte Hornets,116,113.0,-133.0
Wed Nov 8 2023,Utah Jazz,118,Indiana Pacers,134,191.0,-232.0
Wed Nov 8 2023,Boston Celtics,103,Philadelphia 76ers,106,-145.0,124.0
Wed Nov 8 2023,Los Angeles Clippers,93,Brooklyn Nets,100,-216.0,179.0
Wed Nov 8 2023,San Antonio Spurs,105,New York Knicks,126,315.0,-404.0
Wed Nov 8 2023,Phoenix Suns,116,Chicago Bulls,115,-112.0,-107.0
Wed Nov 8 2023,Los Angeles Lakers,94,Houston Rockets,128,-137.0,116.0
Wed Nov 8 2023,Miami Heat,108,Memphis Grizzlies,102,-126.0,106.0
Wed Nov 8 2023,Detroit Pistons,118,Milwaukee Bucks,120,495.0,-699.0
Wed Nov 8 2023,New Orleans Pelicans,101,Minnesota Timberwolves,122,331.0,-431.0
Wed Nov 8 2023,Cleveland Cavaliers,120,Oklahoma City Thunder,128,-129.0,109.0
Wed Nov 8 2023,Toronto Raptors,127,Dallas Mavericks,116,148.0,-173.0
Wed Nov 8 2023,Golden State Warriors,105,Denver Nuggets,108,157.0,-183.0
Wed Nov 8 2023,Portland Trail Blazers,118,Sacramento Kings,121,261.0,-325.0
Thu Nov 9 2023,Milwaukee Bucks,124,Indiana Pacers,126,-116.0,-103.0
Thu Nov 9 2023,Atlanta Hawks,120,Orlando Magic,119,-157.0,134.0
Fri Nov 10 2023,Philadelphia 76ers,114,Detroit Pistons,106,-372.0,290.0
Fri Nov 10 2023,Charlotte Hornets,124,Washington Wizards,117,129.0,-151.0
Fri Nov 10 2023,Brooklyn Nets,107,Boston Celtics,121,483.0,-678.0
Fri Nov 10 2023,New Orleans Pelicans,101,Houston Rockets,104,126.0,-147.0
Fri Nov 10 2023,Utah Jazz,127,Memphis Grizzlies,121,165.0,-195.0
Fri Nov 10 2023,Minnesota Timberwolves,117,San Antonio Spurs,110,-288.0,234.0
Fri Nov 10 2023,Los Angeles Clippers,126,Dallas Mavericks,144,-102.0,-118.0
Fri Nov 10 2023,Los Angeles Lakers,122,Phoenix Suns,119,110.0,-130.0
Fri Nov 10 2023,Oklahoma City Thunder,98,Sacramento Kings,105,-125.0,105.0
Sat Nov 11 2023,Milwaukee Bucks,97,Orlando Magic,112,-129.0,109.0
Sat Nov 11 2023,Toronto Raptors,94,Boston Celtics,117,311.0,-399.0
Sat Nov 11 2023,Miami Heat,117,Atlanta Hawks,109,246.0,-302.0
Sat Nov 11 2023,Cleveland Cavaliers,118,Golden State Warriors,110,155.0,-181.0
Sun Nov 12 2023,Charlotte Hornets,107,New York Knicks,129,384.0,-509.0
Sun Nov 12 2023,Washington Wizards,94,Brooklyn Nets,102,224.0,-278.0
Sun Nov 12 2023,Memphis Grizzlies,105,Los Angeles Clippers,101,275.0,-344.0
Sun Nov 12 2023,Indiana Pacers,126,Philadelphia 76ers,137,217.0,-264.0
Sun Nov 12 2023,Detroit Pistons,108,Chicago Bulls,119,205.0,-250.0
Sun Nov 12 2023,Denver Nuggets,104,Houston Rockets,107,-196.0,165.0
Sun Nov 12 2023,Dallas Mavericks,136,New Orleans Pelicans,124,-163.0,140.0
Sun Nov 12 2023,Miami Heat,118,San Antonio Spurs,113,-126.0,106.0
Sun Nov 12 2023,Oklahoma City Thunder,111,Phoenix Suns,99,140.0,-164.0
Sun Nov 12 2023,Minnesota Timberwolves,116,Golden State Warriors,110,132.0,-155.0
Sun Nov 12 2023,Portland Trail Blazers,110,Los Angeles Lakers,116,295.0,-381.0
Mon Nov 13 2023,New York Knicks,98,Boston Celtics,114,333.0,-432.0
Mon Nov 13 2023,Washington Wizards,107,Toronto Raptors,111,277.0,-352.0
Mon Nov 13 2023,Chicago Bulls,109,Milwaukee Bucks,118,338.0,-436.0
Mon Nov 13 2023,Cleveland Cavaliers,120,Sacramento Kings,132,-106.0,-114.0
Tue Nov 14 2023,Miami Heat,111,Charlotte Hornets,105,-238.0,197.0
Tue Nov 14 2023,Atlanta Hawks,126,Detroit Pistons,120,-182.0,155.0
Tue Nov 14 2023,Indiana Pacers,132,Philadelphia 76ers,126,189.0,-230.0
Tue Nov 14 2023,Orlando Magic,104,Brooklyn Nets,124,121.0,-143.0
Tue Nov 14 2023,San Antonio Spurs,87,Oklahoma City Thunder,123,358.0,-475.0
Tue Nov 14 2023,Dallas Mavericks,110,New Orleans Pelicans,131,-161.0,136.0
Tue Nov 14 2023,Portland Trail Blazers,99,Utah Jazz,115,218.0,-267.0
Tue Nov 14 2023,Los Angeles Clippers,108,Denver Nuggets,111,160.0,-190.0
Tue Nov 14 2023,Minnesota Timberwolves,104,Golden State Warriors,101,-144.0,121.0
Tue Nov 14 2023,Memphis Grizzlies,107,Los Angeles Lakers,134,205.0,-249.0
Wed Nov 15 2023,Dallas Mavericks,130,Washington Wizards,117,-175.0,149.0
Wed Nov 15 2023,New York Knicks,116,Atlanta Hawks,114,-101.0,-119.0
Wed Nov 15 2023,Boston Celtics,117,Philadelphia 76ers,107,-119.0,-101.0
Wed Nov 15 2023,Milwaukee Bucks,128,Toronto Raptors,112,-116.0,-104.0
Wed Nov 15 2023,Orlando Magic,96,Chicago Bulls,94,110.0,-131.0
Wed Nov 15 2023,Minnesota Timberwolves,115,Phoenix Suns,133,148.0,-174.0
Wed Nov 15 2023,Sacramento Kings,125,Los Angeles Lakers,110,-105.0,-114.0
Wed Nov 15 2023,Cleveland Cavaliers,109,Portland Trail Blazers,95,-449.0,349.0
Thu Nov 16 2023,Brooklyn Nets,115,Miami Heat,122,139.0,-163.0
Thu Nov 16 2023,Oklahoma City Thunder,128,Golden State Warriors,109,-158.0,135.0
Fri Nov 17 2023,Milwaukee Bucks,130,Charlotte Hornets,99,-354.0,279.0
Fri Nov 17 2023,New York Knicks,120,Washington Wizards,99,-283.0,231.0
Fri Nov 17 2023,Philadelphia 76ers,126,Atlanta Hawks,116,-120.0,100.0
Fri Nov 17 2023,Detroit Pistons,100,Cleveland Cavaliers,108,297.0,-378.0
Fri Nov 17 2023,Sacramento Kings,129,San Antonio Spurs,120,-358.0,283.0
Fri Nov 17 2023,Boston Celtics,108,Toronto Raptors,105,-390.0,304.0
Fri Nov 17 2023,Orlando Magic,103,Chicago Bulls,97,142.0,-165.0
Fri Nov 17 2023,Denver Nuggets,110,New Orleans Pelicans,115,-190.0,162.0
Fri Nov 17 2023,Los Angeles Lakers,107,Portland Trail Blazers,95,-411.0,318.0
Fri Nov 17 2023,Phoenix Suns,131,Utah Jazz,128,-201.0,169.0
Fri Nov 17 2023,Houston Rockets,100,Los Angeles Clippers,106,242.0,-295.0
Sat Nov 18 2023,New York Knicks,122,Charlotte Hornets,108,-266.0,216.0
Sat Nov 18 2023,Minnesota Timberwolves,121,New Orleans Pelicans,120,-293.0,238.0
Sat Nov 18 2023,Miami Heat,97,Chicago Bulls,102,-126.0,105.0
Sat Nov 18 2023,Dallas Mavericks,125,Milwaukee Bucks,132,107.0,-127.0
Sat Nov 18 2023,Memphis Grizzlies,120,San Antonio Spurs,108,-149.0,127.0
Sat Nov 18 2023,Oklahoma City Thunder,130,Golden State Warriors,123,113.0,-134.0
Sun Nov 19 2023,Philadelphia 76ers,121,Brooklyn Nets,99,-161.0,138.0
Sun Nov 19 2023,Detroit Pistons,113,Toronto Raptors,142,335.0,-433.0
Sun Nov 19 2023,Orlando Magic,128,Indiana Pacers,116,156.0,-182.0
Sun Nov 19 2023,Denver Nuggets,109,Cleveland Cavaliers,121,-183.0,156.0
Sun Nov 19 2023,Sacramento Kings,129,Dallas Mavericks,113,103.0,-123.0
Sun Nov 19 2023,Boston Celtics,102,Memphis Grizzlies,100,-631.0,464.0
Sun Nov 19 2023,Phoenix Suns,140,Utah Jazz,137,-191.0,162.0
Sun Nov 19 2023,Oklahoma City Thunder,134,Portland Trail Blazers,91,-275.0,225.0
Sun Nov 19 2023,Houston Rockets,104,Los Angeles Lakers,105,196.0,-240.0
Mon Nov 20 2023,Boston Celtics,118,Charlotte Hornets,121,-358.0,285.0
Mon Nov 20 2023,Denver Nuggets,107,Detroit Pistons,103,-445.0,343.0
Mon Nov 20 2023,Milwaukee Bucks,142,Washington Wizards,129,-475.0,360.0
Mon Nov 20 2023,Miami Heat,118,Chicago Bulls,100,-123.0,103.0
Mon Nov 20 2023,New York Knicks,100,Minnesota Timberwolves,117,116.0,-137.0
Mon Nov 20 2023,Sacramento Kings,93,New Orleans Pelicans,129,-124.0,104.0
Mon Nov 20 2023,Los Angeles Clippers,124,San Antonio Spurs,99,-381.0,297.0
Mon Nov 20 2023,Houston Rockets,116,Golden State Warriors,121,234.0,-290.0
Tue Nov 21 2023,Toronto Raptors,107,Orlando Magic,126,103.0,-123.0
Tue Nov 21 2023,Indiana Pacers,157,Atlanta Hawks,152,137.0,-161.0
Tue Nov 21 2023,Cleveland Cavaliers,122,Philadelphia 76ers,119,264.0,-335.0
Tue Nov 21 2023,Portland Trail Blazers,107,Phoenix Suns,120,553.0,-811.0
Tue Nov 21 2023,Utah Jazz,99,Los Angeles Lakers,131,247.0,-305.0
Wed Nov 22 2023,Washington Wizards,114,Charlotte Hornets,117,144.0,-170.0
Wed Nov 22 2023,Denver Nuggets,119,Orlando Magic,124,-160.0,136.0
Wed Nov 22 2023,Brooklyn Nets,145,Atlanta Hawks,147,136.0,-158.0
Wed Nov 22 2023,Milwaukee Bucks,116,Boston Celtics,119,197.0,-239.0
Wed Nov 22 2023,Miami Heat,129,Cleveland Cavaliers,96,-102.0,-118.0
Wed Nov 22 2023,Toronto Raptors,132,Indiana Pacers,131,120.0,-141.0
Wed Nov 22 2023,Memphis Grizzlies,91,Houston Rockets,111,172.0,-205.0
Wed Nov 22 2023,Philadelphia 76ers,99,Minnesota Timberwolves,112,225.0,-274.0
Wed Nov 22 2023,Sacramento Kings,112,New Orleans Pelicans,117,-121.0,101.0
Wed Nov 22 2023,Chicago Bulls,102,Oklahoma City Thunder,116,242.0,-299.0
Wed Nov 22 2023,Los Angeles Clippers,109,San Antonio Spurs,102,-348.0,275.0
Wed Nov 22 2023,Golden State Warriors,115,Phoenix Suns,123,120.0,-141.0
Wed Nov 22 2023,Utah Jazz,105,Portland Trail Blazers,121,-159.0,137.0
Wed Nov 22 2023,Dallas Mavericks,104,Los Angeles Lakers,101,-114.0,-106.0
Fri Nov 24 2023,Boston Celtics,96,Orlando Magic,113,-214.0,177.0
Fri Nov 24 2023,Phoenix Suns,110,Memphis Grizzlies,89,-165.0,140.0
Fri Nov 24 2023,Miami Heat,98,New York Knicks,100,170.0,-203.0
Fri Nov 24 2023,Chicago Bulls,108,Toronto Raptors,121,166.0,-198.0
Fri Nov 24 2023,Denver Nuggets,86,Houston Rockets,105,-144.0,123.0
Fri Nov 24 2023,Detroit Pistons,113,Indiana Pacers,136,312.0,-398.0
Fri Nov 24 2023,Washington Wizards,128,Milwaukee Bucks,131,621.0,-941.0
Fri Nov 24 2023,Sacramento Kings,124,Minnesota Timberwolves,111,154.0,-182.0
Fri Nov 24 2023,San Antonio Spurs,112,Golden State Warriors,118,350.0,-460.0
Fri Nov 24 2023,New Orleans Pelicans,116,Los Angeles Clippers,106,173.0,-206.0
Sat Nov 25 2023,Philadelphia 76ers,127,Oklahoma City Thunder,123,-120.0,-100.0
Sat Nov 25 2023,Miami Heat,97,Brooklyn Nets,112,236.0,-291.0
Sat Nov 25 2023,Atlanta Hawks,136,Washington Wizards,108,-348.0,275.0
Sat Nov 25 2023,Los Angeles Lakers,121,Cleveland Cavaliers,115,147.0,-173.0
Sat Nov 25 2023,New Orleans Pelicans,100,Utah Jazz,105,-152.0,129.0
Sat Nov 25 2023,Dallas Mavericks,88,Los Angeles Clippers,107,105.0,-125.0
Sun Nov 26 2023,Portland Trail Blazers,102,Milwaukee Bucks,108,554.0,-810.0
Sun Nov 26 2023,Atlanta Hawks,103,Boston Celtics,113,241.0,-293.0
Sun Nov 26 2023,Minnesota Timberwolves,119,Memphis Grizzlies,97,-249.0,205.0
Sun Nov 26 2023,Phoenix Suns,116,New York Knicks,113,180.0,-215.0
Sun Nov 26 2023,Charlotte Hornets,117,Orlando Magic,130,212.0,-258.0
Sun Nov 26 2023,Chicago Bulls,109,Brooklyn Nets,118,125.0,-147.0
Sun Nov 26 2023,Toronto Raptors,102,Cleveland Cavaliers,105,134.0,-156.0
Sun Nov 26 2023,San Antonio Spurs,120,Denver Nuggets,132,401.0,-537.0
Mon Nov 27 2023,Washington Wizards,126,Detroit Pistons,107,113.0,-134.0
Mon Nov 27 2023,Portland Trail Blazers,114,Indiana Pacers,110,498.0,-701.0
Mon Nov 27 2023,Los Angeles Lakers,94,Philadelphia 76ers,138,182.0,-220.0
Mon Nov 27 2023,New Orleans Pelicans,112,Utah Jazz,114,-235.0,193.0
Mon Nov 27 2023,Denver Nuggets,113,Los Angeles Clippers,104,393.0,-527.0
Tue Nov 28 2023,Chicago Bulls,97,Boston Celtics,124,540.0,-787.0
Tue Nov 28 2023,Toronto Raptors,103,Brooklyn Nets,115,102.0,-122.0
Tue Nov 28 2023,Atlanta Hawks,105,Cleveland Cavaliers,128,155.0,-182.0
Tue Nov 28 2023,Milwaukee Bucks,131,Miami Heat,124,-189.0,159.0
Tue Nov 28 2023,Charlotte Hornets,91,New York Knicks,115,446.0,-616.0
Tue Nov 28 2023,Oklahoma City Thunder,103,Minnesota Timberwolves,106,129.0,-151.0
Tue Nov 28 2023,Houston Rockets,115,Dallas Mavericks,121,150.0,-175.0
Tue Nov 28 2023,Golden State Warriors,123,Sacramento Kings,124,109.0,-129.0
Wed Nov 29 2023,Los Angeles Lakers,133,Detroit Pistons,107,-313.0,250.0
Wed Nov 29 2023,Washington Wizards,120,Orlando Magic,139,336.0,-444.0
Wed Nov 29 2023,Phoenix Suns,105,Toronto Raptors,112,-158.0,134.0
Wed Nov 29 2023,Utah Jazz,91,Memphis Grizzlies,105,140.0,-166.0
Wed Nov 29 2023,Philadelphia 76ers,114,New Orleans Pelicans,124,113.0,-135.0
Wed Nov 29 2023,Houston Rockets,124,Denver Nuggets,134,350.0,-461.0
Wed Nov 29 2023,Los Angeles Clippers,131,Sacramento Kings,117,-124.0,103.0
Thu Nov 30 2023,Portland Trail Blazers,103,Cleveland Cavaliers,95,457.0,-643.0
Thu Nov 30 2023,Charlotte Hornets,129,Brooklyn Nets,128,308.0,-398.0
Thu Nov 30 2023,Indiana Pacers,132,Miami Heat,142,139.0,-165.0
Thu Nov 30 2023,Detroit Pistons,112,New York Knicks,118,653.0,-1083.0
Thu Nov 30 2023,Milwaukee Bucks,113,Chicago Bulls,120,-505.0,373.0
Thu Nov 30 2023,Utah Jazz,90,Minnesota Timberwolves,101,446.0,-630.0
Thu Nov 30 2023,Los Angeles Lakers,110,Oklahoma City Thunder,133,165.0,-198.0
Thu Nov 30 2023,Atlanta Hawks,137,San Antonio Spurs,135,-254.0,204.0
Thu Nov 30 2023,Los Angeles Clippers,114,Golden State Warriors,120,106.0,-128.0
Fri Dec 1 2023,Washington Wizards,125,Orlando Magic,130,378.0,-505.0
Fri Dec 1 2023,Philadelphia 76ers,119,Boston Celtics,125,473.0,-666.0
Fri Dec 1 2023,Memphis Grizzlies,108,Dallas Mavericks,94,196.0,-240.0
Fri Dec 1 2023,New York Knicks,119,Toronto Raptors,106,105.0,-126.0
Fri Dec 1 2023,San Antonio Spurs,106,New Orleans Pelicans,121,535.0,-785.0
Fri Dec 1 2023,Denver Nuggets,119,Phoenix Suns,111,-113.0,-107.0
Sat Dec 2 2023,Golden State Warriors,112,Los Angeles Clippers,113,172.0,-209.0
Sat Dec 2 2023,Minnesota Timberwolves,123,Charlotte Hornets,117,-209.0,172.0
Sat Dec 2 2023,Orlando Magic,101,Brooklyn Nets,129,113.0,-135.0
Sat Dec 2 2023,Cleveland Cavaliers,110,Detroit Pistons,101,-418.0,321.0
Sat Dec 2 2023,New Orleans Pelicans,118,Chicago Bulls,124,-117.0,-104.0
Sat Dec 2 2023,Indiana Pacers,144,Miami Heat,129,157.0,-186.0
Sat Dec 2 2023,Atlanta Hawks,121,Milwaukee Bucks,132,208.0,-256.0
Sat Dec 2 2023,Oklahoma City Thunder,126,Dallas Mavericks,120,-198.0,165.0
Sat Dec 2 2023,Memphis Grizzlies,109,Phoenix Suns,116,363.0,-479.0
Sat Dec 2 2023,Portland Trail Blazers,113,Utah Jazz,118,101.0,-122.0
Sat Dec 2 2023,Denver Nuggets,117,Sacramento Kings,123,135.0,-159.0
Sat Dec 2 2023,Houston Rockets,97,Los Angeles Lakers,107,164.0,-195.0
Mon Dec 4 2023,Boston Celtics,112,Indiana Pacers,122,-197.0,165.0
Mon Dec 4 2023,New Orleans Pelicans,127,Sacramento Kings,117,129.0,-154.0
Tue Dec 5 2023,New York Knicks,122,Milwaukee Bucks,146,162.0,-193.0
Tue Dec 5 2023,Phoenix Suns,103,Los Angeles Lakers,106,105.0,-126.0
Wed Dec 6 2023,Orlando Magic,111,Cleveland Cavaliers,121,152.0,-180.0
Wed Dec 6 2023,Memphis Grizzlies,116,Detroit Pistons,102,-128.0,107.0
Wed Dec 6 2023,Philadelphia 76ers,131,Washington Wizards,126,-490.0,370.0
Wed Dec 6 2023,Brooklyn Nets,114,Atlanta Hawks,113,136.0,-160.0
Wed Dec 6 2023,San Antonio Spurs,94,Minnesota Timberwolves,102,488.0,-700.0
Wed Dec 6 2023,Miami Heat,112,Toronto Raptors,103,145.0,-172.0
Wed Dec 6 2023,Charlotte Hornets,100,Chicago Bulls,111,166.0,-198.0
Wed Dec 6 2023,Oklahoma City Thunder,101,Houston Rockets,110,-129.0,107.0
Wed Dec 6 2023,Utah Jazz,97,Dallas Mavericks,147,442.0,-612.0
Wed Dec 6 2023,Portland Trail Blazers,106,Golden State Warriors,110,534.0,-780.0
Wed Dec 6 2023,Denver Nuggets,102,Los Angeles Clippers,111,-111.0,-109.0
Thu Dec 7 2023,Indiana Pacers,128,Milwaukee Bucks,119,170.0,-204.0
Thu Dec 7 2023,New Orleans Pelicans,89,Los Angeles Lakers,133,112.0,-133.0
Fri Dec 8 2023,Toronto Raptors,116,Charlotte Hornets,119,-210.0,173.0
Fri Dec 8 2023,Detroit Pistons,91,Orlando Magic,123,387.0,-531.0
Fri Dec 8 2023,Atlanta Hawks,114,Philadelphia 76ers,125,299.0,-385.0
Fri Dec 8 2023,New York Knicks,123,Boston Celtics,133,250.0,-314.0
Fri Dec 8 2023,Washington Wizards,97,Brooklyn Nets,124,307.0,-402.0
Fri Dec 8 2023,Minnesota Timberwolves,127,Memphis Grizzlies,103,-220.0,180.0
Fri Dec 8 2023,Cleveland Cavaliers,111,Miami Heat,99,-123.0,102.0
Fri Dec 8 2023,Golden State Warriors,136,Oklahoma City Thunder,138,128.0,-151.0
Fri Dec 8 2023,Chicago Bulls,121,San Antonio Spurs,112,-131.0,109.0
Fri Dec 8 2023,Houston Rockets,114,Denver Nuggets,106,303.0,-393.0
Fri Dec 8 2023,Sacramento Kings,114,Phoenix Suns,106,-153.0,128.0
Fri Dec 8 2023,Dallas Mavericks,125,Portland Trail Blazers,112,-451.0,339.0
Fri Dec 8 2023,Los Angeles Clippers,117,Utah Jazz,103,-316.0,250.0
Sat Dec 9 2023,Indiana Pacers,109,Los Angeles Lakers,123,146.0,-173.0
Mon Dec 11 2023,Miami Heat,116,Charlotte Hornets,114,-178.0,149.0
Mon Dec 11 2023,Indiana Pacers,131,Detroit Pistons,123,-280.0,225.0
Mon Dec 11 2023,Cleveland Cavaliers,94,Orlando Magic,104,113.0,-135.0
Mon Dec 11 2023,Washington Wizards,101,Philadelphia 76ers,146,563.0,-858.0
Mon Dec 11 2023,Denver Nuggets,129,Atlanta Hawks,122,-155.0,130.0
Mon Dec 11 2023,Toronto Raptors,130,New York Knicks,136,142.0,-169.0
Mon Dec 11 2023,San Antonio Spurs,82,Houston Rockets,93,300.0,-393.0
Mon Dec 11 2023,Dallas Mavericks,120,Memphis Grizzlies,113,-116.0,-105.0
Mon Dec 11 2023,Chicago Bulls,129,Milwaukee Bucks,133,454.0,-648.0
Mon Dec 11 2023,Minnesota Timberwolves,107,New Orleans Pelicans,121,143.0,-171.0
Mon Dec 11 2023,Utah Jazz,120,Oklahoma City Thunder,134,539.0,-803.0
Mon Dec 11 2023,Brooklyn Nets,118,Sacramento Kings,131,157.0,-189.0
Mon Dec 11 2023,Portland Trail Blazers,127,Los Angeles Clippers,132,651.0,-1051.0
Tue Dec 12 2023,Cleveland Cavaliers,113,Boston Celtics,120,460.0,-641.0
Tue Dec 12 2023,Los Angeles Lakers,125,Dallas Mavericks,127,-148.0,125.0
Tue Dec 12 2023,Denver Nuggets,114,Chicago Bulls,106,-258.0,209.0
Tue Dec 12 2023,Golden State Warriors,116,Phoenix Suns,119,-118.0,-103.0
Tue Dec 12 2023,Sacramento Kings,99,Los Angeles Clippers,119,142.0,-167.0
Wed Dec 13 2023,Philadelphia 76ers,129,Detroit Pistons,111,-690.0,480.0
Wed Dec 13 2023,New Orleans Pelicans,142,Washington Wizards,122,-274.0,221.0
Wed Dec 13 2023,Charlotte Hornets,104,Miami Heat,115,259.0,-327.0
Wed Dec 13 2023,Atlanta Hawks,128,Toronto Raptors,135,112.0,-135.0
Wed Dec 13 2023,Memphis Grizzlies,104,Houston Rockets,117,332.0,-438.0
Wed Dec 13 2023,Indiana Pacers,126,Milwaukee Bucks,140,209.0,-260.0
Wed Dec 13 2023,Los Angeles Lakers,122,San Antonio Spurs,119,-163.0,138.0
Wed Dec 13 2023,Brooklyn Nets,116,Phoenix Suns,112,158.0,-188.0
Wed Dec 13 2023,New York Knicks,113,Utah Jazz,117,-226.0,185.0
Thu Dec 14 2023,Cleveland Cavaliers,107,Boston Celtics,116,300.0,-385.0
Thu Dec 14 2023,Chicago Bulls,124,Miami Heat,116,139.0,-163.0
Thu Dec 14 2023,Minnesota Timberwolves,119,Dallas Mavericks,101,-126.0,106.0
Thu Dec 14 2023,Brooklyn Nets,101,Denver Nuggets,124,321.0,-415.0
Thu Dec 14 2023,Utah Jazz,122,Portland Trail Blazers,114,166.0,-197.0
Thu Dec 14 2023,Oklahoma City Thunder,123,Sacramento Kings,128,112.0,-133.0
Thu Dec 14 2023,Golden State Warriors,113,Los Angeles Clippers,121,114.0,-135.0
Fri Dec 15 2023,New Orleans Pelicans,112,Charlotte Hornets,107,-409.0,317.0
Fri Dec 15 2023,Detroit Pistons,92,Philadelphia 76ers,124,730.0,-1258.0
Fri Dec 15 2023,Indiana Pacers,123,Washington Wizards,137,-340.0,269.0
Fri Dec 15 2023,Orlando Magic,111,Boston Celtics,128,180.0,-217.0
Fri Dec 15 2023,Los Angeles Lakers,115,San Antonio Spurs,129,-180.0,152.0
Fri Dec 15 2023,Atlanta Hawks,125,Toronto Raptors,104,103.0,-124.0
Fri Dec 15 2023,Houston Rockets,103,Memphis Grizzlies,96,-146.0,123.0
Fri Dec 15 2023,New York Knicks,139,Phoenix Suns,122,170.0,-205.0
Sat Dec 16 2023,Detroit Pistons,114,Milwaukee Bucks,146,794.0,-1399.0
Sat Dec 16 2023,Philadelphia 76ers,135,Charlotte Hornets,82,-657.0,470.0
Sat Dec 16 2023,Atlanta Hawks,119,Cleveland Cavaliers,127,157.0,-185.0
Sat Dec 16 2023,Chicago Bulls,116,Miami Heat,118,163.0,-195.0
Sat Dec 16 2023,Indiana Pacers,109,Minnesota Timberwolves,127,384.0,-511.0
Sat Dec 16 2023,Brooklyn Nets,120,Golden State Warriors,124,134.0,-159.0
Sat Dec 16 2023,Oklahoma City Thunder,118,Denver Nuggets,117,170.0,-206.0
Sat Dec 16 2023,Dallas Mavericks,131,Portland Trail Blazers,120,-197.0,166.0
Sat Dec 16 2023,Utah Jazz,104,Sacramento Kings,125,271.0,-346.0
Sat Dec 16 2023,New York Knicks,122,Los Angeles Clippers,144,215.0,-264.0
Sun Dec 17 2023,Orlando Magic,97,Boston Celtics,114,276.0,-356.0
Sun Dec 17 2023,New Orleans Pelicans,146,San Antonio Spurs,110,-325.0,258.0
Sun Dec 17 2023,Houston Rockets,119,Milwaukee Bucks,128,231.0,-285.0
Sun Dec 17 2023,Washington Wizards,108,Phoenix Suns,112,557.0,-826.0
Sun Dec 17 2023,Golden State Warriors,118,Portland Trail Blazers,114,-224.0,185.0
Mon Dec 18 2023,Houston Rockets,130,Cleveland Cavaliers,135,144.0,-170.0
Mon Dec 18 2023,Los Angeles Clippers,151,Indiana Pacers,127,-164.0,141.0
Mon Dec 18 2023,Chicago Bulls,108,Philadelphia 76ers,104,370.0,-494.0
Mon Dec 18 2023,Detroit Pistons,124,Atlanta Hawks,130,452.0,-625.0
Mon Dec 18 2023,Minnesota Timberwolves,112,Miami Heat,108,-126.0,106.0
Mon Dec 18 2023,Charlotte Hornets,99,Toronto Raptors,114,533.0,-773.0
Mon Dec 18 2023,Memphis Grizzlies,97,Oklahoma City Thunder,116,387.0,-524.0
Mon Dec 18 2023,Dallas Mavericks,104,Denver Nuggets,130,270.0,-345.0
Mon Dec 18 2023,Brooklyn Nets,108,Utah Jazz,125,-155.0,131.0
Mon Dec 18 2023,Washington Wizards,131,Sacramento Kings,143,673.0,-1070.0
Mon Dec 18 2023,New York Knicks,114,Los Angeles Lakers,109,165.0,-197.0
Tue Dec 19 2023,Memphis Grizzlies,115,New Orleans Pelicans,113,290.0,-369.0
Tue Dec 19 2023,San Antonio Spurs,119,Milwaukee Bucks,132,843.0,-1609.0
Tue Dec 19 2023,Boston Celtics,126,Golden State Warriors,132,-200.0,168.0
Tue Dec 19 2023,Phoenix Suns,104,Portland Trail Blazers,109,-291.0,237.0
Wed Dec 20 2023,Utah Jazz,116,Cleveland Cavaliers,124,130.0,-154.0
Wed Dec 20 2023,Charlotte Hornets,113,Indiana Pacers,144,379.0,-500.0
Wed Dec 20 2023,Miami Heat,115,Orlando Magic,106,173.0,-210.0
Wed Dec 20 2023,Minnesota Timberwolves,113,Philadelphia 76ers,127,141.0,-167.0
Wed Dec 20 2023,New York Knicks,121,Brooklyn Nets,102,-118.0,-102.0
Wed Dec 20 2023,Denver Nuggets,113,Toronto Raptors,104,-169.0,142.0
Wed Dec 20 2023,Los Angeles Lakers,108,Chicago Bulls,124,-168.0,142.0
Wed Dec 20 2023,Atlanta Hawks,134,Houston Rockets,127,121.0,-144.0
Wed Dec 20 2023,Los Angeles Clippers,120,Dallas Mavericks,111,-124.0,104.0
Wed Dec 20 2023,Boston Celtics,144,Sacramento Kings,119,136.0,-159.0
Thu Dec 21 2023,Utah Jazz,119,Detroit Pistons,111,113.0,-134.0
Thu Dec 21 2023,New Orleans Pelicans,123,Cleveland Cavaliers,104,-160.0,136.0
Thu Dec 21 2023,San Antonio Spurs,95,Chicago Bulls,114,194.0,-239.0
Thu Dec 21 2023,Indiana Pacers,103,Memphis Grizzlies,116,113.0,-134.0
Thu Dec 21 2023,Orlando Magic,114,Milwaukee Bucks,118,287.0,-368.0
Thu Dec 21 2023,Los Angeles Clippers,115,Oklahoma City Thunder,134,192.0,-237.0
Thu Dec 21 2023,Los Angeles Lakers,111,Minnesota Timberwolves,118,273.0,-350.0
Thu Dec 21 2023,Washington Wizards,118,Portland Trail Blazers,117,147.0,-174.0
Fri Dec 22 2023,Toronto Raptors,111,Philadelphia 76ers,121,258.0,-324.0
Fri Dec 22 2023,Denver Nuggets,122,Brooklyn Nets,117,-189.0,159.0
Fri Dec 22 2023,Dallas Mavericks,96,Houston Rockets,122,279.0,-352.0
Fri Dec 22 2023,Atlanta Hawks,113,Miami Heat,122,-103.0,-117.0
Fri Dec 22 2023,Washington Wizards,118,Golden State Warriors,129,427.0,-581.0
Fri Dec 22 2023,Phoenix Suns,105,Sacramento Kings,120,146.0,-172.0
Sat Dec 23 2023,Milwaukee Bucks,130,New York Knicks,111,-132.0,111.0
Sat Dec 23 2023,Boston Celtics,145,Los Angeles Clippers,108,-175.0,147.0
Sat Dec 23 2023,Denver Nuggets,102,Charlotte Hornets,95,-553.0,410.0
Sat Dec 23 2023,Orlando Magic,117,Indiana Pacers,110,116.0,-137.0
Sat Dec 23 2023,Houston Rockets,106,New Orleans Pelicans,104,238.0,-294.0
Sat Dec 23 2023,Memphis Grizzlies,125,Atlanta Hawks,119,102.0,-122.0
Sat Dec 23 2023,Detroit Pistons,115,Brooklyn Nets,126,349.0,-455.0
Sat Dec 23 2023,Utah Jazz,126,Toronto Raptors,119,178.0,-214.0
Sat Dec 23 2023,Cleveland Cavaliers,109,Chicago Bulls,95,196.0,-240.0
Sat Dec 23 2023,Los Angeles Lakers,129,Oklahoma City Thunder,120,134.0,-157.0
Sat Dec 23 2023,San Antonio Spurs,119,Dallas Mavericks,144,277.0,-351.0
Sat Dec 23 2023,Portland Trail Blazers,106,Golden State Warriors,126,282.0,-358.0
Sat Dec 23 2023,Minnesota Timberwolves,110,Sacramento Kings,98,115.0,-136.0
Mon Dec 25 2023,Milwaukee Bucks,122,New York Knicks,129,-161.0,137.0
Mon Dec 25 2023,Golden State Warriors,114,Denver Nuggets,120,239.0,-299.0
Mon Dec 25 2023,Boston Celtics,126,Los Angeles Lakers,115,-190.0,160.0
Mon Dec 25 2023,Philadelphia 76ers,113,Miami Heat,119,115.0,-137.0
Mon Dec 25 2023,Dallas Mavericks,128,Phoenix Suns,114,148.0,-175.0
Tue Dec 26 2023,Brooklyn Nets,118,Detroit Pistons,112,-248.0,202.0
Tue Dec 26 2023,Orlando Magic,127,Washington Wizards,119,-283.0,230.0
Tue Dec 26 2023,Atlanta Hawks,113,Chicago Bulls,118,-136.0,115.0
Tue Dec 26 2023,Indiana Pacers,123,Houston Rockets,117,123.0,-145.0
Tue Dec 26 2023,Memphis Grizzlies,116,New Orleans Pelicans,115,160.0,-190.0
Tue Dec 26 2023,Minnesota Timberwolves,106,Oklahoma City Thunder,129,106.0,-126.0
Tue Dec 26 2023,Utah Jazz,130,San Antonio Spurs,118,-149.0,127.0
Tue Dec 26 2023,Sacramento Kings,113,Portland Trail Blazers,130,-403.0,313.0
Tue Dec 26 2023,Charlotte Hornets,104,Los Angeles Clippers,113,404.0,-542.0
Wed Dec 27 2023,Philadelphia 76ers,112,Orlando Magic,92,112.0,-134.0
Wed Dec 27 2023,Toronto Raptors,132,Washington Wizards,102,-262.0,211.0
Wed Dec 27 2023,Milwaukee Bucks,144,Brooklyn Nets,122,-461.0,351.0
Wed Dec 27 2023,Phoenix Suns,129,Houston Rockets,113,-149.0,126.0
Wed Dec 27 2023,New York Knicks,120,Oklahoma City Thunder,129,137.0,-161.0
Wed Dec 27 2023,Cleveland Cavaliers,113,Dallas Mavericks,110,201.0,-249.0
Thu Dec 28 2023,Detroit Pistons,122,Boston Celtics,128,810.0,-1462.0
Thu Dec 28 2023,Indiana Pacers,120,Chicago Bulls,104,-114.0,-107.0
Thu Dec 28 2023,Dallas Mavericks,110,Minnesota Timberwolves,118,529.0,-771.0
Thu Dec 28 2023,Utah Jazz,105,New Orleans Pelicans,112,300.0,-390.0
Thu Dec 28 2023,Memphis Grizzlies,105,Denver Nuggets,142,315.0,-408.0
Thu Dec 28 2023,Miami Heat,114,Golden State Warriors,102,203.0,-248.0
Thu Dec 28 2023,San Antonio Spurs,118,Portland Trail Blazers,105,128.0,-151.0
Thu Dec 28 2023,Charlotte Hornets,112,Los Angeles Lakers,133,574.0,-865.0
Fri Dec 29 2023,New York Knicks,108,Orlando Magic,117,-115.0,-106.0
Fri Dec 29 2023,Brooklyn Nets,104,Washington Wizards,110,-238.0,193.0
Fri Dec 29 2023,Sacramento Kings,117,Atlanta Hawks,110,-117.0,-103.0
Fri Dec 29 2023,Toronto Raptors,118,Boston Celtics,120,168.0,-201.0
Fri Dec 29 2023,Milwaukee Bucks,119,Cleveland Cavaliers,111,-201.0,169.0
Fri Dec 29 2023,Philadelphia 76ers,131,Houston Rockets,127,-118.0,-103.0
Fri Dec 29 2023,Oklahoma City Thunder,119,Denver Nuggets,93,105.0,-125.0
Fri Dec 29 2023,Charlotte Hornets,119,Phoenix Suns,133,757.0,-1298.0
Fri Dec 29 2023,San Antonio Spurs,128,Portland Trail Blazers,134,158.0,-186.0
Fri Dec 29 2023,Memphis Grizzlies,106,Los Angeles Clippers,117,145.0,-171.0
Sat Dec 30 2023,Miami Heat,109,Utah Jazz,117,-155.0,131.0
Sat Dec 30 2023,Toronto Raptors,127,Detroit Pistons,129,-163.0,139.0
Sat Dec 30 2023,New York Knicks,126,Indiana Pacers,140,145.0,-171.0
Sat Dec 30 2023,Philadelphia 76ers,92,Chicago Bulls,105,-106.0,-114.0
Sat Dec 30 2023,Los Angeles Lakers,106,Minnesota Timberwolves,108,149.0,-177.0
Sat Dec 30 2023,Dallas Mavericks,132,Golden State Warriors,122,144.0,-170.0
Sun Dec 31 2023,Atlanta Hawks,130,Washington Wizards,126,-258.0,207.0
Sun Dec 31 2023,Los Angeles Lakers,109,New Orleans Pelicans,129,178.0,-217.0
Sun Dec 31 2023,Brooklyn Nets,108,Oklahoma City Thunder,124,242.0,-302.0
Sun Dec 31 2023,Boston Celtics,134,San Antonio Spurs,101,-1184.0,702.0
Sun Dec 31 2023,Sacramento Kings,123,Memphis Grizzlies,92,-106.0,-115.0
Sun Dec 31 2023,Orlando Magic,107,Phoenix Suns,112,185.0,-226.0
Mon Jan 1 2024,Minnesota Timberwolves,106,New York Knicks,112,-116.0,-104.0
Mon Jan 1 2024,Cleveland Cavaliers,121,Toronto Raptors,124,121.0,-144.0
Mon Jan 1 2024,Detroit Pistons,113,Houston Rockets,136,319.0,-415.0
Mon Jan 1 2024,Indiana Pacers,122,Milwaukee Bucks,113,262.0,-334.0
Mon Jan 1 2024,Charlotte Hornets,93,Denver Nuggets,111,909.0,-1790.0
Mon Jan 1 2024,Portland Trail Blazers,88,Phoenix Suns,109,326.0,-426.0
Mon Jan 1 2024,Dallas Mavericks,90,Utah Jazz,127,-183.0,154.0
Mon Jan 1 2024,Miami Heat,104,Los Angeles Clippers,121,265.0,-337.0
Tue Jan 2 2024,Chicago Bulls,97,Philadelphia 76ers,110,351.0,-466.0
Tue Jan 2 2024,San Antonio Spurs,98,Memphis Grizzlies,106,438.0,-607.0
Tue Jan 2 2024,Brooklyn Nets,85,New Orleans Pelicans,112,182.0,-222.0
Tue Jan 2 2024,Boston Celtics,123,Oklahoma City Thunder,127,-173.0,146.0
Tue Jan 2 2024,Orlando Magic,115,Golden State Warriors,121,140.0,-166.0
Tue Jan 2 2024,Charlotte Hornets,111,Sacramento Kings,104,776.0,-1366.0
Wed Jan 3 2024,Washington Wizards,101,Cleveland Cavaliers,140,310.0,-405.0
Wed Jan 3 2024,Milwaukee Bucks,130,Indiana Pacers,142,-160.0,136.0
Wed Jan 3 2024,Oklahoma City Thunder,138,Atlanta Hawks,141,-104.0,-116.0
Wed Jan 3 2024,Brooklyn Nets,101,Houston Rockets,112,148.0,-177.0
Wed Jan 3 2024,Toronto Raptors,116,Memphis Grizzlies,111,-102.0,-118.0
Wed Jan 3 2024,New Orleans Pelicans,117,Minnesota Timberwolves,106,190.0,-235.0
Wed Jan 3 2024,Portland Trail Blazers,97,Dallas Mavericks,126,438.0,-605.0
Wed Jan 3 2024,Chicago Bulls,100,New York Knicks,116,271.0,-344.0
Wed Jan 3 2024,Los Angeles Clippers,131,Phoenix Suns,122,-172.0,147.0
Wed Jan 3 2024,Detroit Pistons,148,Utah Jazz,154,283.0,-362.0
Wed Jan 3 2024,Miami Heat,110,Los Angeles Lakers,96,172.0,-205.0
Wed Jan 3 2024,Orlando Magic,135,Sacramento Kings,138,173.0,-208.0
Thu Jan 4 2024,Milwaukee Bucks,125,San Antonio Spurs,121,-584.0,430.0
Thu Jan 4 2024,Denver Nuggets,130,Golden State Warriors,127,-170.0,145.0
Fri Jan 5 2024,Utah Jazz,97,Boston Celtics,126,671.0,-1115.0
Fri Jan 5 2024,Atlanta Hawks,116,Indiana Pacers,150,123.0,-146.0
Fri Jan 5 2024,Oklahoma City Thunder,115,Brooklyn Nets,124,-192.0,161.0
Fri Jan 5 2024,Washington Wizards,90,Cleveland Cavaliers,114,377.0,-509.0
Fri Jan 5 2024,New York Knicks,128,Philadelphia 76ers,92,186.0,-230.0
Fri Jan 5 2024,Charlotte Hornets,91,Chicago Bulls,104,298.0,-380.0
Fri Jan 5 2024,Minnesota Timberwolves,122,Houston Rockets,95,-175.0,148.0
Fri Jan 5 2024,Los Angeles Clippers,111,New Orleans Pelicans,95,-114.0,-107.0
Fri Jan 5 2024,Portland Trail Blazers,103,Dallas Mavericks,139,244.0,-307.0
Fri Jan 5 2024,Orlando Magic,122,Denver Nuggets,120,358.0,-468.0
Fri Jan 5 2024,Miami Heat,97,Phoenix Suns,113,119.0,-141.0
Fri Jan 5 2024,Detroit Pistons,109,Golden State Warriors,113,379.0,-506.0
Fri Jan 5 2024,Memphis Grizzlies,127,Los Angeles Lakers,113,148.0,-175.0
Fri Jan 5 2024,Toronto Raptors,130,Sacramento Kings,135,156.0,-184.0
Sat Jan 6 2024,Boston Celtics,118,Indiana Pacers,101,-272.0,219.0
Sat Jan 6 2024,New York Knicks,121,Washington Wizards,105,-415.0,317.0
Sat Jan 6 2024,Utah Jazz,120,Philadelphia 76ers,109,203.0,-253.0
Sat Jan 6 2024,Milwaukee Bucks,108,Houston Rockets,112,-277.0,223.0
Sun Jan 7 2024,San Antonio Spurs,115,Cleveland Cavaliers,117,390.0,-530.0
Sun Jan 7 2024,Portland Trail Blazers,134,Brooklyn Nets,127,316.0,-409.0
Sun Jan 7 2024,Atlanta Hawks,110,Orlando Magic,117,-135.0,113.0
Sun Jan 7 2024,New Orleans Pelicans,133,Sacramento Kings,100,159.0,-186.0
Sun Jan 7 2024,Minnesota Timberwolves,108,Dallas Mavericks,115,-133.0,113.0
Sun Jan 7 2024,Detroit Pistons,114,Denver Nuggets,131,856.0,-1611.0
Sun Jan 7 2024,Memphis Grizzlies,121,Phoenix Suns,115,259.0,-324.0
Sun Jan 7 2024,Toronto Raptors,133,Golden State Warriors,118,111.0,-132.0
Sun Jan 7 2024,Los Angeles Clippers,103,Los Angeles Lakers,106,-191.0,161.0
Mon Jan 8 2024,Chicago Bulls,119,Charlotte Hornets,112,-272.0,219.0
Mon Jan 8 2024,Boston Celtics,131,Indiana Pacers,133,-155.0,132.0
Mon Jan 8 2024,Oklahoma City Thunder,136,Washington Wizards,128,-608.0,436.0
Mon Jan 8 2024,Houston Rockets,113,Miami Heat,120,148.0,-175.0
Mon Jan 8 2024,Utah Jazz,132,Milwaukee Bucks,116,283.0,-362.0
Mon Jan 8 2024,Phoenix Suns,111,Los Angeles Clippers,138,172.0,-206.0
Tue Jan 9 2024,Sacramento Kings,131,Detroit Pistons,110,-579.0,420.0
Tue Jan 9 2024,Minnesota Timberwolves,113,Orlando Magic,92,-218.0,179.0
Tue Jan 9 2024,Portland Trail Blazers,84,New York Knicks,112,533.0,-782.0
Tue Jan 9 2024,Memphis Grizzlies,120,Dallas Mavericks,103,305.0,-410.0
Tue Jan 9 2024,Toronto Raptors,131,Los Angeles Lakers,132,163.0,-195.0
Wed Jan 10 2024,Minnesota Timberwolves,120,Boston Celtics,127,393.0,-534.0
Wed Jan 10 2024,Sacramento Kings,123,Charlotte Hornets,98,-351.0,274.0
Wed Jan 10 2024,San Antonio Spurs,130,Detroit Pistons,108,-151.0,128.0
Wed Jan 10 2024,Washington Wizards,104,Indiana Pacers,112,266.0,-339.0
Wed Jan 10 2024,Philadelphia 76ers,132,Atlanta Hawks,139,-104.0,-117.0
Wed Jan 10 2024,Oklahoma City Thunder,128,Miami Heat,120,-184.0,155.0
Wed Jan 10 2024,Houston Rockets,119,Chicago Bulls,124,141.0,-166.0
Wed Jan 10 2024,New Orleans Pelicans,141,Golden State Warriors,105,-140.0,119.0
Wed Jan 10 2024,Denver Nuggets,111,Utah Jazz,124,-266.0,214.0
Wed Jan 10 2024,Toronto Raptors,120,Los Angeles Clippers,126,450.0,-620.0
Thu Jan 11 2024,Brooklyn Nets,102,Cleveland Cavaliers,111,136.0,-162.0
Thu Jan 11 2024,Boston Celtics,102,Milwaukee Bucks,135,111.0,-132.0
Thu Jan 11 2024,Portland Trail Blazers,77,Oklahoma City Thunder,139,622.0,-975.0
Thu Jan 11 2024,New York Knicks,124,Dallas Mavericks,128,-197.0,165.0
Thu Jan 11 2024,Phoenix Suns,127,Los Angeles Lakers,109,-120.0,100.0
Fri Jan 12 2024,Indiana Pacers,126,Atlanta Hawks,108,183.0,-222.0
Fri Jan 12 2024,Houston Rockets,112,Detroit Pistons,110,-389.0,303.0
Fri Jan 12 2024,Sacramento Kings,93,Philadelphia 76ers,112,-111.0,-109.0
Fri Jan 12 2024,Golden State Warriors,140,Chicago Bulls,131,121.0,-143.0
Fri Jan 12 2024,Los Angeles Clippers,128,Memphis Grizzlies,119,-368.0,286.0
Fri Jan 12 2024,Orlando Magic,96,Miami Heat,99,100.0,-120.0
Fri Jan 12 2024,Portland Trail Blazers,93,Minnesota Timberwolves,116,838.0,-1563.0
Fri Jan 12 2024,Charlotte Hornets,99,San Antonio Spurs,135,119.0,-141.0
Fri Jan 12 2024,Toronto Raptors,113,Utah Jazz,145,102.0,-122.0
Fri Jan 12 2024,New Orleans Pelicans,113,Denver Nuggets,125,187.0,-226.0
Sat Jan 13 2024,Houston Rockets,113,Boston Celtics,145,740.0,-1241.0
Sat Jan 13 2024,Washington Wizards,127,Atlanta Hawks,99,259.0,-323.0
Sat Jan 13 2024,New York Knicks,106,Memphis Grizzlies,94,-525.0,394.0
Sat Jan 13 2024,Golden State Warriors,118,Milwaukee Bucks,129,641.0,-998.0
Sat Jan 13 2024,Orlando Magic,100,Oklahoma City Thunder,112,459.0,-637.0
Sat Jan 13 2024,New Orleans Pelicans,118,Dallas Mavericks,108,182.0,-219.0
Sat Jan 13 2024,Chicago Bulls,122,San Antonio Spurs,116,-252.0,206.0
Sat Jan 13 2024,Los Angeles Lakers,125,Utah Jazz,132,120.0,-141.0
Sun Jan 14 2024,Indiana Pacers,109,Denver Nuggets,117,405.0,-548.0
Sun Jan 14 2024,Charlotte Hornets,87,Miami Heat,104,300.0,-384.0
Sun Jan 14 2024,Sacramento Kings,142,Milwaukee Bucks,143,149.0,-176.0
Sun Jan 14 2024,Los Angeles Clippers,105,Minnesota Timberwolves,109,-108.0,-112.0
Sun Jan 14 2024,Phoenix Suns,127,Portland Trail Blazers,116,-990.0,640.0
Mon Jan 15 2024,Houston Rockets,115,Philadelphia 76ers,124,280.0,-358.0
Mon Jan 15 2024,New Orleans Pelicans,120,Dallas Mavericks,125,-187.0,159.0
Mon Jan 15 2024,Orlando Magic,98,New York Knicks,94,186.0,-227.0
Mon Jan 15 2024,Detroit Pistons,129,Washington Wizards,117,187.0,-227.0
Mon Jan 15 2024,San Antonio Spurs,99,Atlanta Hawks,109,275.0,-349.0
Mon Jan 15 2024,Golden State Warriors,107,Memphis Grizzlies,116,-305.0,246.0
Mon Jan 15 2024,Chicago Bulls,91,Cleveland Cavaliers,109,151.0,-178.0
Mon Jan 15 2024,Miami Heat,96,Brooklyn Nets,95,-115.0,-105.0
Mon Jan 15 2024,Boston Celtics,105,Toronto Raptors,96,-261.0,213.0
Mon Jan 15 2024,Indiana Pacers,105,Utah Jazz,132,219.0,-269.0
Mon Jan 15 2024,Oklahoma City Thunder,105,Los Angeles Lakers,112,-140.0,119.0
Tue Jan 16 2024,Denver Nuggets,121,Philadelphia 76ers,126,109.0,-130.0
Tue Jan 16 2024,Sacramento Kings,117,Phoenix Suns,119,150.0,-178.0
Tue Jan 16 2024,Oklahoma City Thunder,117,Los Angeles Clippers,128,194.0,-237.0
Wed Jan 17 2024,Minnesota Timberwolves,124,Detroit Pistons,117,-787.0,539.0
Wed Jan 17 2024,Orlando Magic,104,Atlanta Hawks,106,150.0,-178.0
Wed Jan 17 2024,San Antonio Spurs,98,Boston Celtics,117,743.0,-1300.0
Wed Jan 17 2024,Milwaukee Bucks,95,Cleveland Cavaliers,135,106.0,-126.0
Wed Jan 17 2024,Houston Rockets,94,New York Knicks,109,228.0,-281.0
Wed Jan 17 2024,Miami Heat,97,Toronto Raptors,121,-150.0,128.0
Wed Jan 17 2024,Charlotte Hornets,112,New Orleans Pelicans,132,501.0,-716.0
Wed Jan 17 2024,Dallas Mavericks,110,Los Angeles Lakers,127,128.0,-150.0
Wed Jan 17 2024,Brooklyn Nets,103,Portland Trail Blazers,105,-209.0,174.0
Thu Jan 18 2024,Washington Wizards,109,New York Knicks,113,496.0,-704.0
Thu Jan 18 2024,Chicago Bulls,116,Toronto Raptors,110,-127.0,107.0
Thu Jan 18 2024,Oklahoma City Thunder,134,Utah Jazz,129,-149.0,127.0
Thu Jan 18 2024,Memphis Grizzlies,103,Minnesota Timberwolves,118,511.0,-735.0
Thu Jan 18 2024,Indiana Pacers,126,Sacramento Kings,121,275.0,-353.0
Fri Jan 19 2024,San Antonio Spurs,120,Charlotte Hornets,124,158.0,-189.0
Fri Jan 19 2024,Philadelphia 76ers,124,Orlando Magic,109,-210.0,172.0
Fri Jan 19 2024,Denver Nuggets,102,Boston Celtics,100,225.0,-280.0
Fri Jan 19 2024,Atlanta Hawks,109,Miami Heat,108,229.0,-282.0
Fri Jan 19 2024,Phoenix Suns,123,New Orleans Pelicans,109,116.0,-137.0
Fri Jan 19 2024,Indiana Pacers,115,Portland Trail Blazers,118,-337.0,268.0
Fri Jan 19 2024,Brooklyn Nets,130,Los Angeles Lakers,112,231.0,-288.0
Sat Jan 20 2024,Milwaukee Bucks,141,Detroit Pistons,135,-1010.0,633.0
Sat Jan 20 2024,Philadelphia 76ers,97,Charlotte Hornets,89,-656.0,464.0
Sat Jan 20 2024,San Antonio Spurs,131,Washington Wizards,127,110.0,-132.0
Sat Jan 20 2024,Cleveland Cavaliers,116,Atlanta Hawks,95,-131.0,111.0
Sat Jan 20 2024,Toronto Raptors,100,New York Knicks,126,237.0,-295.0
Sat Jan 20 2024,Memphis Grizzlies,96,Chicago Bulls,125,249.0,-310.0
Sat Jan 20 2024,Utah Jazz,126,Houston Rockets,127,109.0,-130.0
Sat Jan 20 2024,Oklahoma City Thunder,102,Minnesota Timberwolves,97,127.0,-150.0
Sun Jan 21 2024,Brooklyn Nets,114,Los Angeles Clippers,125,376.0,-502.0
Sun Jan 21 2024,Miami Heat,87,Orlando Magic,105,-106.0,-115.0
Sun Jan 21 2024,Denver Nuggets,113,Washington Wizards,104,-779.0,531.0
Sun Jan 21 2024,Boston Celtics,116,Houston Rockets,107,-689.0,483.0
Sun Jan 21 2024,Indiana Pacers,110,Phoenix Suns,117,211.0,-261.0
Sun Jan 21 2024,Portland Trail Blazers,110,Los Angeles Lakers,134,423.0,-584.0
Mon Jan 22 2024,Milwaukee Bucks,122,Detroit Pistons,113,-722.0,499.0
Mon Jan 22 2024,Cleveland Cavaliers,126,Orlando Magic,99,-136.0,115.0
Mon Jan 22 2024,San Antonio Spurs,123,Philadelphia 76ers,133,638.0,-999.0
Mon Jan 22 2024,Memphis Grizzlies,108,Toronto Raptors,100,218.0,-271.0
Mon Jan 22 2024,Charlotte Hornets,128,Minnesota Timberwolves,125,704.0,-1148.0
Mon Jan 22 2024,Boston Celtics,119,Dallas Mavericks,110,-138.0,117.0
Mon Jan 22 2024,Chicago Bulls,113,Phoenix Suns,115,172.0,-206.0
Mon Jan 22 2024,Atlanta Hawks,107,Sacramento Kings,122,279.0,-357.0
Tue Jan 23 2024,Denver Nuggets,114,Indiana Pacers,109,-198.0,165.0
Tue Jan 23 2024,New York Knicks,108,Brooklyn Nets,103,-165.0,141.0
Tue Jan 23 2024,Utah Jazz,124,New Orleans Pelicans,153,210.0,-260.0
Tue Jan 23 2024,Portland Trail Blazers,109,Oklahoma City Thunder,111,605.0,-921.0
Tue Jan 23 2024,Los Angeles Lakers,116,Los Angeles Clippers,127,319.0,-413.0
Wed Jan 24 2024,Charlotte Hornets,106,Detroit Pistons,113,118.0,-139.0
Wed Jan 24 2024,Minnesota Timberwolves,118,Washington Wizards,107,-530.0,391.0
Wed Jan 24 2024,Memphis Grizzlies,105,Miami Heat,96,448.0,-620.0
Wed Jan 24 2024,Portland Trail Blazers,137,Houston Rockets,131,366.0,-483.0
Wed Jan 24 2024,Cleveland Cavaliers,116,Milwaukee Bucks,126,213.0,-263.0
Wed Jan 24 2024,Phoenix Suns,132,Dallas Mavericks,109,-133.0,112.0
Wed Jan 24 2024,Oklahoma City Thunder,140,San Antonio Spurs,114,-388.0,301.0
Wed Jan 24 2024,Atlanta Hawks,112,Golden State Warriors,134,202.0,-248.0
Thu Jan 25 2024,Philadelphia 76ers,122,Indiana Pacers,134,-171.0,145.0
Thu Jan 25 2024,Utah Jazz,123,Washington Wizards,108,-280.0,226.0
Thu Jan 25 2024,Minnesota Timberwolves,96,Brooklyn Nets,94,-168.0,143.0
Thu Jan 25 2024,Boston Celtics,143,Miami Heat,110,-337.0,268.0
Thu Jan 25 2024,Denver Nuggets,84,New York Knicks,122,-139.0,117.0
Thu Jan 25 2024,Sacramento Kings,134,Golden State Warriors,133,-122.0,102.0
Thu Jan 25 2024,Chicago Bulls,132,Los Angeles Lakers,141,192.0,-236.0
Fri Jan 26 2024,Dallas Mavericks,148,Atlanta Hawks,143,110.0,-130.0
Fri Jan 26 2024,Houston Rockets,138,Charlotte Hornets,104,-199.0,166.0
Fri Jan 26 2024,Phoenix Suns,131,Indiana Pacers,133,-194.0,163.0
Fri Jan 26 2024,Los Angeles Clippers,127,Toronto Raptors,107,-335.0,266.0
Fri Jan 26 2024,Orlando Magic,106,Memphis Grizzlies,107,-238.0,195.0
Fri Jan 26 2024,Cleveland Cavaliers,112,Milwaukee Bucks,100,177.0,-216.0
Fri Jan 26 2024,Oklahoma City Thunder,107,New Orleans Pelicans,83,-122.0,101.0
Fri Jan 26 2024,Portland Trail Blazers,100,San Antonio Spurs,116,165.0,-197.0
Sat Jan 27 2024,Washington Wizards,118,Detroit Pistons,104,134.0,-157.0
Sat Jan 27 2024,Miami Heat,109,New York Knicks,125,160.0,-191.0
Sat Jan 27 2024,Philadelphia 76ers,105,Denver Nuggets,111,448.0,-639.0
Sat Jan 27 2024,Houston Rockets,104,Brooklyn Nets,106,147.0,-173.0
Sat Jan 27 2024,Los Angeles Clippers,115,Boston Celtics,96,214.0,-264.0
Sat Jan 27 2024,Utah Jazz,134,Charlotte Hornets,122,-474.0,361.0
Sat Jan 27 2024,New Orleans Pelicans,117,Milwaukee Bucks,141,136.0,-160.0
Sat Jan 27 2024,Los Angeles Lakers,145,Golden State Warriors,144,102.0,-122.0
Sat Jan 27 2024,Minnesota Timberwolves,112,San Antonio Spurs,113,-518.0,387.0
Sat Jan 27 2024,Sacramento Kings,120,Dallas Mavericks,115,-176.0,149.0
Sun Jan 28 2024,Oklahoma City Thunder,104,Detroit Pistons,120,-906.0,590.0
Sun Jan 28 2024,Memphis Grizzlies,110,Indiana Pacers,116,231.0,-286.0
Sun Jan 28 2024,Toronto Raptors,125,Atlanta Hawks,126,201.0,-247.0
Sun Jan 28 2024,Phoenix Suns,98,Orlando Magic,113,-124.0,104.0
Sun Jan 28 2024,Chicago Bulls,104,Portland Trail Blazers,96,-223.0,182.0
Mon Jan 29 2024,New York Knicks,113,Charlotte Hornets,92,-420.0,328.0
Mon Jan 29 2024,Los Angeles Clippers,108,Cleveland Cavaliers,118,-124.0,103.0
Mon Jan 29 2024,New Orleans Pelicans,112,Boston Celtics,118,258.0,-325.0
Mon Jan 29 2024,Utah Jazz,114,Brooklyn Nets,147,-114.0,-106.0
Mon Jan 29 2024,Phoenix Suns,118,Miami Heat,105,114.0,-135.0
Mon Jan 29 2024,Los Angeles Lakers,119,Houston Rockets,135,-118.0,-101.0
Mon Jan 29 2024,Sacramento Kings,103,Memphis Grizzlies,94,-524.0,390.0
Mon Jan 29 2024,Minnesota Timberwolves,107,Oklahoma City Thunder,101,118.0,-140.0
Mon Jan 29 2024,Washington Wizards,118,San Antonio Spurs,113,137.0,-161.0
Mon Jan 29 2024,Orlando Magic,129,Dallas Mavericks,131,148.0,-173.0
Mon Jan 29 2024,Milwaukee Bucks,107,Denver Nuggets,113,145.0,-171.0
Mon Jan 29 2024,Philadelphia 76ers,104,Portland Trail Blazers,130,-227.0,187.0
Tue Jan 30 2024,Los Angeles Lakers,122,Atlanta Hawks,138,183.0,-219.0
Tue Jan 30 2024,Indiana Pacers,124,Boston Celtics,129,269.0,-339.0
Tue Jan 30 2024,Utah Jazz,103,New York Knicks,118,123.0,-145.0
Tue Jan 30 2024,Toronto Raptors,118,Chicago Bulls,107,233.0,-286.0
Tue Jan 30 2024,Philadelphia 76ers,107,Golden State Warriors,119,110.0,-131.0
Wed Jan 31 2024,Chicago Bulls,117,Charlotte Hornets,110,-227.0,188.0
Wed Jan 31 2024,Detroit Pistons,121,Cleveland Cavaliers,128,613.0,-922.0
Wed Jan 31 2024,Los Angeles Clippers,125,Washington Wizards,109,-450.0,345.0
Wed Jan 31 2024,Sacramento Kings,106,Miami Heat,115,112.0,-133.0
Wed Jan 31 2024,New Orleans Pelicans,110,Houston Rockets,99,-104.0,-117.0
Wed Jan 31 2024,Dallas Mavericks,87,Minnesota Timberwolves,121,592.0,-892.0
Wed Jan 31 2024,Denver Nuggets,100,Oklahoma City Thunder,105,179.0,-218.0
Wed Jan 31 2024,Orlando Magic,108,San Antonio Spurs,98,-246.0,199.0
Wed Jan 31 2024,Phoenix Suns,136,Brooklyn Nets,120,-163.0,139.0
Wed Jan 31 2024,Milwaukee Bucks,116,Portland Trail Blazers,119,-514.0,383.0
Thu Feb 1 2024,Los Angeles Lakers,114,Boston Celtics,105,784.0,-1357.0
Thu Feb 1 2024,Indiana Pacers,105,New York Knicks,109,104.0,-125.0
Thu Feb 1 2024,Cleveland Cavaliers,108,Memphis Grizzlies,101,-366.0,289.0
Thu Feb 1 2024,Philadelphia 76ers,127,Utah Jazz,124,160.0,-190.0
Fri Feb 2 2024,Los Angeles Clippers,136,Detroit Pistons,125,-695.0,495.0
Fri Feb 2 2024,Miami Heat,110,Washington Wizards,102,-327.0,259.0
Fri Feb 2 2024,Phoenix Suns,120,Atlanta Hawks,129,-152.0,129.0
Fri Feb 2 2024,Sacramento Kings,133,Indiana Pacers,122,-171.0,145.0
Fri Feb 2 2024,Toronto Raptors,106,Houston Rockets,135,155.0,-182.0
Fri Feb 2 2024,Golden State Warriors,121,Memphis Grizzlies,101,-305.0,246.0
Fri Feb 2 2024,Orlando Magic,108,Minnesota Timberwolves,106,215.0,-268.0
Fri Feb 2 2024,Charlotte Hornets,106,Oklahoma City Thunder,126,761.0,-1358.0
Fri Feb 2 2024,New Orleans Pelicans,114,San Antonio Spurs,113,-351.0,277.0
Fri Feb 2 2024,Portland Trail Blazers,108,Denver Nuggets,120,650.0,-1008.0
Sat Feb 3 2024,Brooklyn Nets,136,Philadelphia 76ers,121,101.0,-122.0
Sat Feb 3 2024,Golden State Warriors,134,Atlanta Hawks,141,112.0,-133.0
Sat Feb 3 2024,Sacramento Kings,123,Chicago Bulls,115,-104.0,-117.0
Sat Feb 3 2024,Milwaukee Bucks,129,Dallas Mavericks,117,-164.0,140.0
Sat Feb 3 2024,Los Angeles Lakers,113,New York Knicks,105,112.0,-133.0
Sat Feb 3 2024,Cleveland Cavaliers,117,San Antonio Spurs,101,-498.0,379.0
Sun Feb 4 2024,Orlando Magic,111,Detroit Pistons,99,-254.0,206.0
Sun Feb 4 2024,Phoenix Suns,140,Washington Wizards,112,-561.0,409.0
Sun Feb 4 2024,Memphis Grizzlies,91,Boston Celtics,131,1243.0,-3384.0
Sun Feb 4 2024,Indiana Pacers,115,Charlotte Hornets,99,-631.0,457.0
Sun Feb 4 2024,Los Angeles Clippers,103,Miami Heat,95,-204.0,171.0
Sun Feb 4 2024,Houston Rockets,90,Minnesota Timberwolves,111,265.0,-334.0
Sun Feb 4 2024,Toronto Raptors,127,Oklahoma City Thunder,135,290.0,-368.0
Sun Feb 4 2024,Milwaukee Bucks,108,Utah Jazz,123,116.0,-136.0
Sun Feb 4 2024,Portland Trail Blazers,103,Denver Nuggets,112,814.0,-1436.0
Mon Feb 5 2024,Los Angeles Lakers,124,Charlotte Hornets,118,-884.0,593.0
Mon Feb 5 2024,Sacramento Kings,110,Cleveland Cavaliers,136,161.0,-192.0
Mon Feb 5 2024,Dallas Mavericks,118,Philadelphia 76ers,102,-144.0,122.0
Mon Feb 5 2024,Los Angeles Clippers,149,Atlanta Hawks,144,-174.0,148.0
Mon Feb 5 2024,Golden State Warriors,109,Brooklyn Nets,98,-114.0,-107.0
Mon Feb 5 2024,Toronto Raptors,100,New Orleans Pelicans,138,399.0,-536.0
Tue Feb 6 2024,Houston Rockets,129,Indiana Pacers,132,265.0,-332.0
Tue Feb 6 2024,Dallas Mavericks,119,Brooklyn Nets,107,-151.0,129.0
Tue Feb 6 2024,Orlando Magic,95,Miami Heat,121,132.0,-155.0
Tue Feb 6 2024,Memphis Grizzlies,113,New York Knicks,123,633.0,-995.0
Tue Feb 6 2024,Minnesota Timberwolves,123,Chicago Bulls,129,-200.0,167.0
Tue Feb 6 2024,Oklahoma City Thunder,117,Utah Jazz,124,-151.0,128.0
Tue Feb 6 2024,Milwaukee Bucks,106,Phoenix Suns,114,183.0,-221.0
Wed Feb 7 2024,Toronto Raptors,123,Charlotte Hornets,117,-274.0,222.0
Wed Feb 7 2024,Cleveland Cavaliers,114,Washington Wizards,106,-663.0,474.0
Wed Feb 7 2024,Atlanta Hawks,117,Boston Celtics,125,503.0,-714.0
Wed Feb 7 2024,San Antonio Spurs,104,Miami Heat,116,271.0,-342.0
Wed Feb 7 2024,Golden State Warriors,127,Philadelphia 76ers,104,-155.0,131.0
Wed Feb 7 2024,New Orleans Pelicans,117,Los Angeles Clippers,106,177.0,-213.0
Wed Feb 7 2024,Detroit Pistons,133,Sacramento Kings,120,602.0,-914.0
Thu Feb 8 2024,Golden State Warriors,131,Indiana Pacers,109,184.0,-223.0
Thu Feb 8 2024,San Antonio Spurs,111,Orlando Magic,127,379.0,-504.0
Thu Feb 8 2024,Cleveland Cavaliers,118,Brooklyn Nets,95,-312.0,250.0
Thu Feb 8 2024,Dallas Mavericks,122,New York Knicks,108,-240.0,196.0
Thu Feb 8 2024,Chicago Bulls,118,Memphis Grizzlies,110,-215.0,177.0
Thu Feb 8 2024,Minnesota Timberwolves,129,Milwaukee Bucks,105,-131.0,110.0
Thu Feb 8 2024,Utah Jazz,115,Phoenix Suns,129,172.0,-207.0
Thu Feb 8 2024,Denver Nuggets,114,Los Angeles Lakers,106,-147.0,125.0
Thu Feb 8 2024,Detroit Pistons,128,Portland Trail Blazers,122,154.0,-181.0
Fri Feb 9 2024,Atlanta Hawks,127,Philadelphia 76ers,121,-159.0,135.0
Fri Feb 9 2024,Washington Wizards,129,Boston Celtics,133,1162.0,-3034.0
Fri Feb 9 2024,Houston Rockets,104,Toronto Raptors,107,122.0,-143.0
Fri Feb 9 2024,Charlotte Hornets,84,Milwaukee Bucks,120,907.0,-1755.0
Fri Feb 9 2024,Denver Nuggets,106,Sacramento Kings,135,124.0,-146.0
Fri Feb 9 2024,New Orleans Pelicans,122,Los Angeles Lakers,139,-141.0,119.0
Sat Feb 10 2024,Oklahoma City Thunder,111,Dallas Mavericks,146,-119.0,-101.0
Sat Feb 10 2024,Detroit Pistons,106,Los Angeles Clippers,112,887.0,-1700.0
Sat Feb 10 2024,San Antonio Spurs,103,Brooklyn Nets,123,187.0,-229.0
Sat Feb 10 2024,Memphis Grizzlies,106,Charlotte Hornets,115,-203.0,170.0
Sat Feb 10 2024,Chicago Bulls,108,Orlando Magic,114,169.0,-203.0
Sat Feb 10 2024,Philadelphia 76ers,119,Washington Wizards,113,-216.0,179.0
Sat Feb 10 2024,Houston Rockets,113,Atlanta Hawks,122,225.0,-275.0
Sat Feb 10 2024,Indiana Pacers,125,New York Knicks,111,-155.0,131.0
Sat Feb 10 2024,Cleveland Cavaliers,119,Toronto Raptors,95,-384.0,301.0
Sat Feb 10 2024,Phoenix Suns,112,Golden State Warriors,113,-123.0,103.0
Sat Feb 10 2024,New Orleans Pelicans,93,Portland Trail Blazers,84,-354.0,281.0
Sun Feb 11 2024,Boston Celtics,110,Miami Heat,106,-316.0,248.0
Sun Feb 11 2024,Sacramento Kings,113,Oklahoma City Thunder,127,133.0,-157.0
Mon Feb 12 2024,Indiana Pacers,102,Charlotte Hornets,111,-482.0,365.0
Mon Feb 12 2024,Philadelphia 76ers,123,Cleveland Cavaliers,121,448.0,-623.0
Mon Feb 12 2024,Chicago Bulls,136,Atlanta Hawks,126,164.0,-197.0
Mon Feb 12 2024,San Antonio Spurs,122,Toronto Raptors,99,192.0,-236.0
Mon Feb 12 2024,New York Knicks,103,Houston Rockets,105,-113.0,-108.0
Mon Feb 12 2024,New Orleans Pelicans,96,Memphis Grizzlies,87,-432.0,329.0
Mon Feb 12 2024,Denver Nuggets,95,Milwaukee Bucks,112,-103.0,-118.0
Mon Feb 12 2024,Washington Wizards,104,Dallas Mavericks,112,504.0,-725.0
Mon Feb 12 2024,Golden State Warriors,129,Utah Jazz,107,-114.0,-107.0
Mon Feb 12 2024,Minnesota Timberwolves,121,Los Angeles Clippers,100,164.0,-196.0
Tue Feb 13 2024,Boston Celtics,118,Brooklyn Nets,110,-336.0,267.0
Tue Feb 13 2024,Oklahoma City Thunder,127,Orlando Magic,113,-144.0,122.0
Tue Feb 13 2024,Miami Heat,123,Milwaukee Bucks,97,237.0,-294.0
Tue Feb 13 2024,Sacramento Kings,125,Phoenix Suns,130,156.0,-184.0
Tue Feb 13 2024,Minnesota Timberwolves,121,Portland Trail Blazers,109,-381.0,298.0
Tue Feb 13 2024,Detroit Pistons,111,Los Angeles Lakers,125,452.0,-627.0
Wed Feb 14 2024,Atlanta Hawks,99,Charlotte Hornets,122,-269.0,218.0
Wed Feb 14 2024,New York Knicks,100,Orlando Magic,118,135.0,-159.0
Wed Feb 14 2024,Miami Heat,109,Philadelphia 76ers,104,119.0,-140.0
Wed Feb 14 2024,Brooklyn Nets,86,Boston Celtics,136,490.0,-685.0
Wed Feb 14 2024,Chicago Bulls,105,Cleveland Cavaliers,108,333.0,-434.0
Wed Feb 14 2024,Indiana Pacers,127,Toronto Raptors,125,-146.0,124.0
Wed Feb 14 2024,Houston Rockets,113,Memphis Grizzlies,121,-132.0,111.0
Wed Feb 14 2024,Washington Wizards,126,New Orleans Pelicans,133,671.0,-1064.0
Wed Feb 14 2024,San Antonio Spurs,93,Dallas Mavericks,116,436.0,-600.0
Wed Feb 14 2024,Sacramento Kings,102,Denver Nuggets,98,174.0,-208.0
Wed Feb 14 2024,Detroit Pistons,100,Phoenix Suns,116,625.0,-957.0
Wed Feb 14 2024,Los Angeles Lakers,138,Utah Jazz,122,163.0,-193.0
Wed Feb 14 2024,Los Angeles Clippers,130,Golden State Warriors,125,138.0,-161.0
Thu Feb 15 2024,Milwaukee Bucks,110,Memphis Grizzlies,113,-980.0,633.0
Thu Feb 15 2024,Golden State Warriors,140,Utah Jazz,137,-141.0,119.0
Thu Feb 15 2024,Minnesota Timberwolves,128,Portland Trail Blazers,91,-478.0,362.0
Thu Feb 22 2024,Orlando Magic,116,Cleveland Cavaliers,109,176.0,-210.0
Thu Feb 22 2024,Detroit Pistons,115,Indiana Pacers,129,508.0,-728.0
Thu Feb 22 2024,New York Knicks,110,Philadelphia 76ers,96,-102.0,-118.0
Thu Feb 22 2024,Brooklyn Nets,93,Toronto Raptors,121,-104.0,-117.0
Thu Feb 22 2024,Phoenix Suns,113,Dallas Mavericks,123,112.0,-134.0
Thu Feb 22 2024,Boston Celtics,129,Chicago Bulls,112,-361.0,284.0
Thu Feb 22 2024,Houston Rockets,105,New Orleans Pelicans,127,209.0,-255.0
Thu Feb 22 2024,Los Angeles Clippers,107,Oklahoma City Thunder,129,-101.0,-118.0
Thu Feb 22 2024,Washington Wizards,110,Denver Nuggets,130,794.0,-1409.0
Thu Feb 22 2024,Charlotte Hornets,115,Utah Jazz,107,340.0,-443.0
Thu Feb 22 2024,Los Angeles Lakers,110,Golden State Warriors,128,184.0,-224.0
Thu Feb 22 2024,San Antonio Spurs,122,Sacramento Kings,127,398.0,-532.0
Fri Feb 23 2024,Toronto Raptors,123,Atlanta Hawks,121,237.0,-296.0
Fri Feb 23 2024,Cleveland Cavaliers,97,Philadelphia 76ers,104,-131.0,110.0
Fri Feb 23 2024,Phoenix Suns,110,Houston Rockets,114,-143.0,121.0
Fri Feb 23 2024,Los Angeles Clippers,101,Memphis Grizzlies,95,-402.0,311.0
Fri Feb 23 2024,Miami Heat,106,New Orleans Pelicans,95,111.0,-132.0
Fri Feb 23 2024,Washington Wizards,106,Oklahoma City Thunder,147,872.0,-1618.0
Fri Feb 23 2024,Charlotte Hornets,84,Golden State Warriors,97,525.0,-751.0
Fri Feb 23 2024,Milwaukee Bucks,112,Minnesota Timberwolves,107,154.0,-182.0
Fri Feb 23 2024,Denver Nuggets,127,Portland Trail Blazers,112,-362.0,282.0
Fri Feb 23 2024,San Antonio Spurs,118,Los Angeles Lakers,123,407.0,-547.0
Sat Feb 24 2024,Orlando Magic,112,Detroit Pistons,109,-346.0,272.0
Sat Feb 24 2024,Boston Celtics,116,New York Knicks,102,-242.0,196.0
Sat Feb 24 2024,Brooklyn Nets,86,Minnesota Timberwolves,101,264.0,-333.0
Sun Feb 25 2024,Milwaukee Bucks,119,Philadelphia 76ers,98,-202.0,167.0
Sun Feb 25 2024,Los Angeles Lakers,113,Phoenix Suns,123,132.0,-156.0
Sun Feb 25 2024,Dallas Mavericks,111,Indiana Pacers,133,-134.0,112.0
Sun Feb 25 2024,Cleveland Cavaliers,114,Washington Wizards,105,-964.0,622.0
Sun Feb 25 2024,Orlando Magic,92,Atlanta Hawks,109,107.0,-128.0
Sun Feb 25 2024,Denver Nuggets,119,Golden State Warriors,103,104.0,-125.0
Sun Feb 25 2024,Oklahoma City Thunder,123,Houston Rockets,110,-249.0,203.0
Sun Feb 25 2024,Chicago Bulls,114,New Orleans Pelicans,106,169.0,-202.0
Sun Feb 25 2024,San Antonio Spurs,109,Utah Jazz,128,217.0,-268.0
Sun Feb 25 2024,Charlotte Hornets,93,Portland Trail Blazers,80,139.0,-163.0
Sun Feb 25 2024,Sacramento Kings,123,Los Angeles Clippers,107,152.0,-179.0
Mon Feb 26 2024,Toronto Raptors,130,Indiana Pacers,122,187.0,-227.0
Mon Feb 26 2024,Detroit Pistons,111,New York Knicks,113,457.0,-636.0
Mon Feb 26 2024,Brooklyn Nets,111,Memphis Grizzlies,86,-138.0,117.0
Mon Feb 26 2024,Miami Heat,121,Sacramento Kings,110,230.0,-286.0
Tue Feb 27 2024,Dallas Mavericks,119,Cleveland Cavaliers,121,143.0,-170.0
Tue Feb 27 2024,Brooklyn Nets,81,Orlando Magic,108,208.0,-255.0
Tue Feb 27 2024,Golden State Warriors,123,Washington Wizards,112,-571.0,420.0
Tue Feb 27 2024,Utah Jazz,97,Atlanta Hawks,124,106.0,-126.0
Tue Feb 27 2024,Philadelphia 76ers,99,Boston Celtics,117,462.0,-642.0
Tue Feb 27 2024,New Orleans Pelicans,115,New York Knicks,92,-255.0,209.0
Tue Feb 27 2024,Detroit Pistons,105,Chicago Bulls,95,402.0,-544.0
Tue Feb 27 2024,Charlotte Hornets,85,Milwaukee Bucks,123,670.0,-1052.0
Tue Feb 27 2024,San Antonio Spurs,105,Minnesota Timberwolves,114,596.0,-903.0
Tue Feb 27 2024,Houston Rockets,95,Oklahoma City Thunder,112,360.0,-471.0
Tue Feb 27 2024,Miami Heat,106,Portland Trail Blazers,96,-286.0,233.0
Wed Feb 28 2024,New Orleans Pelicans,114,Indiana Pacers,123,144.0,-171.0
Wed Feb 28 2024,Dallas Mavericks,136,Toronto Raptors,125,-165.0,141.0
Wed Feb 28 2024,Cleveland Cavaliers,123,Chicago Bulls,132,-221.0,181.0
Wed Feb 28 2024,Memphis Grizzlies,101,Minnesota Timberwolves,110,612.0,-940.0
Wed Feb 28 2024,Sacramento Kings,96,Denver Nuggets,117,312.0,-405.0
Wed Feb 28 2024,Los Angeles Lakers,116,Los Angeles Clippers,112,-100.0,-120.0
Thu Feb 29 2024,Milwaukee Bucks,111,Charlotte Hornets,99,-681.0,478.0
Thu Feb 29 2024,Utah Jazz,107,Orlando Magic,115,222.0,-274.0
Thu Feb 29 2024,Atlanta Hawks,97,Brooklyn Nets,124,-105.0,-115.0
Thu Feb 29 2024,Golden State Warriors,110,New York Knicks,99,-159.0,136.0
Thu Feb 29 2024,Oklahoma City Thunder,118,San Antonio Spurs,132,-571.0,419.0
Thu Feb 29 2024,Houston Rockets,105,Phoenix Suns,110,289.0,-372.0
Thu Feb 29 2024,Miami Heat,97,Denver Nuggets,103,210.0,-256.0
Thu Feb 29 2024,Washington Wizards,131,Los Angeles Lakers,134,400.0,-539.0
Fri Mar 1 2024,Cleveland Cavaliers,110,Detroit Pistons,100,-278.0,225.0
Fri Mar 1 2024,Charlotte Hornets,114,Philadelphia 76ers,121,477.0,-681.0
Fri Mar 1 2024,Dallas Mavericks,110,Boston Celtics,138,297.0,-382.0
Fri Mar 1 2024,Golden State Warriors,120,Toronto Raptors,105,-144.0,121.0
Fri Mar 1 2024,Portland Trail Blazers,122,Memphis Grizzlies,92,-106.0,-115.0
Fri Mar 1 2024,Sacramento Kings,124,Minnesota Timberwolves,120,273.0,-346.0
Fri Mar 1 2024,Indiana Pacers,102,New Orleans Pelicans,129,170.0,-205.0
Fri Mar 1 2024,Milwaukee Bucks,113,Chicago Bulls,97,-166.0,142.0
Fri Mar 1 2024,Washington Wizards,115,Los Angeles Clippers,140,788.0,-1372.0
Sat Mar 2 2024,Atlanta Hawks,102,Brooklyn Nets,114,-114.0,-106.0
Sat Mar 2 2024,Utah Jazz,120,Miami Heat,126,320.0,-421.0
Sat Mar 2 2024,Portland Trail Blazers,107,Memphis Grizzlies,100,114.0,-135.0
Sat Mar 2 2024,Denver Nuggets,124,Los Angeles Lakers,114,-115.0,-105.0
Sat Mar 2 2024,Houston Rockets,118,Phoenix Suns,109,310.0,-406.0
Sun Mar 3 2024,Philadelphia 76ers,120,Dallas Mavericks,116,256.0,-321.0
Sun Mar 3 2024,Golden State Warriors,88,Boston Celtics,140,274.0,-345.0
Sun Mar 3 2024,Los Angeles Clippers,89,Minnesota Timberwolves,88,119.0,-141.0
Sun Mar 3 2024,Detroit Pistons,91,Orlando Magic,113,441.0,-612.0
Sun Mar 3 2024,Charlotte Hornets,106,Toronto Raptors,111,238.0,-294.0
Sun Mar 3 2024,New York Knicks,107,Cleveland Cavaliers,98,153.0,-179.0
Sun Mar 3 2024,Indiana Pacers,105,San Antonio Spurs,117,-260.0,210.0
Sun Mar 3 2024,Oklahoma City Thunder,118,Phoenix Suns,110,-184.0,155.0
Mon Mar 4 2024,Memphis Grizzlies,106,Brooklyn Nets,102,347.0,-460.0
Mon Mar 4 2024,Los Angeles Clippers,106,Milwaukee Bucks,113,-145.0,123.0
Mon Mar 4 2024,Portland Trail Blazers,114,Minnesota Timberwolves,119,822.0,-1510.0
Mon Mar 4 2024,Washington Wizards,115,Utah Jazz,127,169.0,-204.0
Mon Mar 4 2024,Chicago Bulls,113,Sacramento Kings,109,203.0,-249.0
Mon Mar 4 2024,Oklahoma City Thunder,104,Los Angeles Lakers,116,-116.0,-105.0
Tue Mar 5 2024,Orlando Magic,101,Charlotte Hornets,89,-367.0,285.0
Tue Mar 5 2024,Philadelphia 76ers,107,Brooklyn Nets,112,-112.0,-108.0
Tue Mar 5 2024,Boston Celtics,104,Cleveland Cavaliers,105,-381.0,298.0
Tue Mar 5 2024,Detroit Pistons,110,Miami Heat,118,461.0,-644.0
Tue Mar 5 2024,Atlanta Hawks,116,New York Knicks,100,101.0,-121.0
Tue Mar 5 2024,New Orleans Pelicans,139,Toronto Raptors,98,-440.0,333.0
Tue Mar 5 2024,San Antonio Spurs,101,Houston Rockets,114,226.0,-277.0
Tue Mar 5 2024,Indiana Pacers,137,Dallas Mavericks,120,180.0,-216.0
Tue Mar 5 2024,Phoenix Suns,117,Denver Nuggets,107,311.0,-400.0
Wed Mar 6 2024,Orlando Magic,119,Washington Wizards,109,-270.0,219.0
Wed Mar 6 2024,Cleveland Cavaliers,101,Atlanta Hawks,112,124.0,-146.0
Wed Mar 6 2024,Los Angeles Clippers,122,Houston Rockets,116,-258.0,209.0
Wed Mar 6 2024,Memphis Grizzlies,115,Philadelphia 76ers,109,149.0,-176.0
Wed Mar 6 2024,Chicago Bulls,119,Utah Jazz,117,-171.0,144.0
Wed Mar 6 2024,Milwaukee Bucks,90,Golden State Warriors,125,120.0,-142.0
Wed Mar 6 2024,Oklahoma City Thunder,128,Portland Trail Blazers,120,-898.0,589.0
Wed Mar 6 2024,Sacramento Kings,130,Los Angeles Lakers,120,126.0,-149.0
Thu Mar 7 2024,Brooklyn Nets,112,Detroit Pistons,118,-134.0,112.0
Thu Mar 7 2024,Minnesota Timberwolves,113,Indiana Pacers,111,-102.0,-119.0
Thu Mar 7 2024,Miami Heat,108,Dallas Mavericks,114,160.0,-189.0
Thu Mar 7 2024,Toronto Raptors,113,Phoenix Suns,120,403.0,-546.0
Thu Mar 7 2024,Boston Celtics,109,Denver Nuggets,115,-129.0,108.0
Thu Mar 7 2024,Chicago Bulls,125,Golden State Warriors,122,282.0,-361.0
Thu Mar 7 2024,San Antonio Spurs,129,Sacramento Kings,131,468.0,-657.0
Fri Mar 8 2024,New Orleans Pelicans,103,Philadelphia 76ers,95,-330.0,261.0
Fri Mar 8 2024,Charlotte Hornets,100,Washington Wizards,112,117.0,-139.0
Fri Mar 8 2024,Minnesota Timberwolves,104,Cleveland Cavaliers,113,-104.0,-116.0
Fri Mar 8 2024,Orlando Magic,74,New York Knicks,98,119.0,-141.0
Fri Mar 8 2024,Atlanta Hawks,99,Memphis Grizzlies,92,-154.0,131.0
Fri Mar 8 2024,Miami Heat,100,Oklahoma City Thunder,107,291.0,-371.0
Fri Mar 8 2024,Milwaukee Bucks,122,Los Angeles Lakers,123,-180.0,154.0
Fri Mar 8 2024,Houston Rockets,123,Portland Trail Blazers,107,-261.0,213.0
Sat Mar 9 2024,Chicago Bulls,102,Los Angeles Clippers,112,275.0,-342.0
Sat Mar 9 2024,Brooklyn Nets,99,Charlotte Hornets,110,-243.0,199.0
Sat Mar 9 2024,Dallas Mavericks,142,Detroit Pistons,124,-396.0,307.0
Sat Mar 9 2024,San Antonio Spurs,126,Golden State Warriors,113,510.0,-738.0
Sat Mar 9 2024,Boston Celtics,117,Phoenix Suns,107,-217.0,180.0
Sat Mar 9 2024,Utah Jazz,121,Denver Nuggets,142,1015.0,-3643.0
Sat Mar 9 2024,Toronto Raptors,118,Portland Trail Blazers,128,-136.0,115.0
Sun Mar 10 2024,Milwaukee Bucks,124,Los Angeles Clippers,117,-249.0,203.0
Sun Mar 10 2024,New Orleans Pelicans,116,Atlanta Hawks,103,-253.0,206.0
Sun Mar 10 2024,Washington Wizards,110,Miami Heat,108,455.0,-640.0
Sun Mar 10 2024,Indiana Pacers,111,Orlando Magic,97,-108.0,-112.0
Sun Mar 10 2024,Houston Rockets,112,Sacramento Kings,104,219.0,-270.0
Sun Mar 10 2024,Brooklyn Nets,120,Cleveland Cavaliers,101,223.0,-274.0
Sun Mar 10 2024,Philadelphia 76ers,79,New York Knicks,73,227.0,-279.0
Sun Mar 10 2024,Memphis Grizzlies,93,Oklahoma City Thunder,124,729.0,-1240.0
Sun Mar 10 2024,Minnesota Timberwolves,109,Los Angeles Lakers,120,175.0,-209.0
Mon Mar 11 2024,Charlotte Hornets,97,Detroit Pistons,114,166.0,-198.0
Mon Mar 11 2024,Phoenix Suns,117,Cleveland Cavaliers,111,-256.0,211.0
Mon Mar 11 2024,Dallas Mavericks,127,Chicago Bulls,92,-164.0,140.0
Mon Mar 11 2024,Golden State Warriors,112,San Antonio Spurs,102,-200.0,168.0
Mon Mar 11 2024,Toronto Raptors,119,Denver Nuggets,125,958.0,-1854.0
Mon Mar 11 2024,Boston Celtics,121,Portland Trail Blazers,99,-638.0,464.0
Tue Mar 12 2024,Philadelphia 76ers,79,New York Knicks,106,188.0,-231.0
Tue Mar 12 2024,Washington Wizards,97,Memphis Grizzlies,109,-133.0,111.0
Tue Mar 12 2024,Indiana Pacers,121,Oklahoma City Thunder,111,180.0,-219.0
Tue Mar 12 2024,Houston Rockets,103,San Antonio Spurs,101,-150.0,128.0
Tue Mar 12 2024,Boston Celtics,123,Utah Jazz,107,-256.0,210.0
Tue Mar 12 2024,Minnesota Timberwolves,118,Los Angeles Clippers,100,190.0,-229.0
Tue Mar 12 2024,Milwaukee Bucks,94,Sacramento Kings,129,103.0,-124.0
Wed Mar 13 2024,Toronto Raptors,104,Detroit Pistons,113,137.0,-160.0
Wed Mar 13 2024,Brooklyn Nets,106,Orlando Magic,114,199.0,-242.0
Wed Mar 13 2024,Chicago Bulls,132,Indiana Pacers,129,173.0,-206.0
Wed Mar 13 2024,Denver Nuggets,100,Miami Heat,88,-159.0,136.0
Wed Mar 13 2024,Charlotte Hornets,110,Memphis Grizzlies,98,-136.0,115.0
Wed Mar 13 2024,Cleveland Cavaliers,116,New Orleans Pelicans,95,181.0,-219.0
Wed Mar 13 2024,Golden State Warriors,99,Dallas Mavericks,109,287.0,-359.0
Wed Mar 13 2024,Atlanta Hawks,102,Portland Trail Blazers,106,-182.0,155.0
Wed Mar 13 2024,Los Angeles Lakers,107,Sacramento Kings,120,-141.0,120.0
Thu Mar 14 2024,Phoenix Suns,112,Boston Celtics,127,188.0,-227.0
Thu Mar 14 2024,Los Angeles Clippers,126,Chicago Bulls,111,-243.0,198.0
Thu Mar 14 2024,Washington Wizards,119,Houston Rockets,135,309.0,-403.0
Thu Mar 14 2024,Philadelphia 76ers,105,Milwaukee Bucks,114,237.0,-293.0
Thu Mar 14 2024,Dallas Mavericks,119,Oklahoma City Thunder,126,350.0,-455.0
Thu Mar 14 2024,New York Knicks,105,Portland Trail Blazers,93,-714.0,495.0
Fri Mar 15 2024,Phoenix Suns,107,Charlotte Hornets,96,-539.0,403.0
Fri Mar 15 2024,Miami Heat,108,Detroit Pistons,95,-335.0,267.0
Fri Mar 15 2024,Orlando Magic,113,Toronto Raptors,103,-317.0,254.0
Fri Mar 15 2024,Los Angeles Clippers,104,New Orleans Pelicans,112,213.0,-261.0
Fri Mar 15 2024,Denver Nuggets,117,San Antonio Spurs,106,-539.0,405.0
Fri Mar 15 2024,Atlanta Hawks,122,Utah Jazz,124,-119.0,-101.0
Sat Mar 16 2024,Cleveland Cavaliers,103,Houston Rockets,117,-195.0,165.0
Sat Mar 16 2024,Brooklyn Nets,100,Indiana Pacers,121,260.0,-325.0
Sat Mar 16 2024,Portland Trail Blazers,107,New Orleans Pelicans,126,614.0,-930.0
Sat Mar 16 2024,Charlotte Hornets,98,Philadelphia 76ers,109,377.0,-494.0
Sat Mar 16 2024,Washington Wizards,98,Chicago Bulls,127,335.0,-431.0
Sat Mar 16 2024,Oklahoma City Thunder,118,Memphis Grizzlies,112,-525.0,396.0
Sat Mar 16 2024,Golden State Warriors,128,Los Angeles Lakers,121,105.0,-125.0
Sat Mar 16 2024,Minnesota Timberwolves,119,Utah Jazz,100,-314.0,254.0
Sat Mar 16 2024,New York Knicks,98,Sacramento Kings,91,133.0,-156.0
Sun Mar 17 2024,Phoenix Suns,129,Milwaukee Bucks,140,-141.0,119.0
Sun Mar 17 2024,Miami Heat,104,Detroit Pistons,101,-216.0,180.0
Sun Mar 17 2024,Denver Nuggets,105,Dallas Mavericks,107,-117.0,-103.0
Sun Mar 17 2024,Toronto Raptors,96,Orlando Magic,111,459.0,-637.0
Sun Mar 17 2024,Boston Celtics,130,Washington Wizards,104,-1283.0,762.0
Sun Mar 17 2024,Brooklyn Nets,115,San Antonio Spurs,122,109.0,-129.0
Sun Mar 17 2024,Atlanta Hawks,110,Los Angeles Clippers,93,357.0,-466.0
Mon Mar 18 2024,Cleveland Cavaliers,108,Indiana Pacers,103,211.0,-256.0
Mon Mar 18 2024,Detroit Pistons,94,Boston Celtics,119,838.0,-1524.0
Mon Mar 18 2024,Miami Heat,91,Philadelphia 76ers,98,124.0,-146.0
Mon Mar 18 2024,Portland Trail Blazers,107,Chicago Bulls,110,277.0,-349.0
Mon Mar 18 2024,Minnesota Timberwolves,114,Utah Jazz,104,-180.0,153.0
Mon Mar 18 2024,New York Knicks,119,Golden State Warriors,112,206.0,-254.0
Mon Mar 18 2024,Memphis Grizzlies,111,Sacramento Kings,121,453.0,-628.0
Mon Mar 18 2024,Atlanta Hawks,105,Los Angeles Lakers,136,342.0,-441.0
Tue Mar 19 2024,Charlotte Hornets,92,Orlando Magic,112,579.0,-871.0
Tue Mar 19 2024,Houston Rockets,137,Washington Wizards,114,-495.0,375.0
Tue Mar 19 2024,New Orleans Pelicans,104,Brooklyn Nets,91,-274.0,222.0
Tue Mar 19 2024,Dallas Mavericks,113,San Antonio Spurs,107,-391.0,304.0
Tue Mar 19 2024,Denver Nuggets,115,Minnesota Timberwolves,112,-300.0,244.0
Wed Mar 20 2024,Miami Heat,107,Cleveland Cavaliers,104,123.0,-145.0
Wed Mar 20 2024,Indiana Pacers,122,Detroit Pistons,103,-577.0,423.0
Wed Mar 20 2024,Milwaukee Bucks,119,Boston Celtics,122,383.0,-512.0
Wed Mar 20 2024,Sacramento Kings,123,Toronto Raptors,89,-622.0,443.0
Wed Mar 20 2024,Utah Jazz,107,Oklahoma City Thunder,119,790.0,-1418.0
Wed Mar 20 2024,Memphis Grizzlies,116,Golden State Warriors,137,438.0,-608.0
Wed Mar 20 2024,Philadelphia 76ers,102,Phoenix Suns,115,315.0,-408.0
Wed Mar 20 2024,Los Angeles Clippers,116,Portland Trail Blazers,103,-681.0,481.0
Thu Mar 21 2024,New Orleans Pelicans,106,Orlando Magic,121,-140.0,119.0
Thu Mar 21 2024,Sacramento Kings,102,Washington Wizards,109,-606.0,442.0
Thu Mar 21 2024,Chicago Bulls,117,Houston Rockets,127,134.0,-157.0
Thu Mar 21 2024,Brooklyn Nets,108,Milwaukee Bucks,115,393.0,-524.0
Thu Mar 21 2024,Utah Jazz,97,Dallas Mavericks,113,695.0,-1135.0
Thu Mar 21 2024,New York Knicks,100,Denver Nuggets,113,307.0,-397.0
Thu Mar 21 2024,Atlanta Hawks,115,Phoenix Suns,128,327.0,-421.0
Fri Mar 22 2024,Boston Celtics,129,Detroit Pistons,102,-982.0,627.0
Fri Mar 22 2024,Oklahoma City Thunder,123,Toronto Raptors,103,-1571.0,843.0
Fri Mar 22 2024,New Orleans Pelicans,111,Miami Heat,88,122.0,-144.0
Fri Mar 22 2024,Cleveland Cavaliers,91,Minnesota Timberwolves,104,242.0,-298.0
Fri Mar 22 2024,Memphis Grizzlies,99,San Antonio Spurs,97,207.0,-256.0
Fri Mar 22 2024,Indiana Pacers,123,Golden State Warriors,111,159.0,-188.0
Fri Mar 22 2024,Los Angeles Clippers,125,Portland Trail Blazers,117,-1286.0,748.0
Fri Mar 22 2024,Philadelphia 76ers,94,Los Angeles Lakers,101,252.0,-313.0
Sat Mar 23 2024,Brooklyn Nets,93,New York Knicks,105,238.0,-297.0
Sat Mar 23 2024,Sacramento Kings,109,Orlando Magic,107,120.0,-142.0
Sat Mar 23 2024,Charlotte Hornets,91,Atlanta Hawks,132,239.0,-296.0
Sat Mar 23 2024,Boston Celtics,124,Chicago Bulls,113,-210.0,176.0
Sat Mar 23 2024,Utah Jazz,119,Houston Rockets,147,396.0,-532.0
Sat Mar 23 2024,Phoenix Suns,131,San Antonio Spurs,106,-467.0,357.0
Sat Mar 23 2024,Toronto Raptors,109,Washington Wizards,112,188.0,-228.0
Sat Mar 23 2024,Denver Nuggets,114,Portland Trail Blazers,111,-532.0,399.0
Sun Mar 24 2024,New Orleans Pelicans,114,Detroit Pistons,101,-1373.0,762.0
Sun Mar 24 2024,Philadelphia 76ers,121,Los Angeles Clippers,107,308.0,-399.0
Sun Mar 24 2024,Cleveland Cavaliers,84,Miami Heat,121,136.0,-160.0
Sun Mar 24 2024,Oklahoma City Thunder,93,Milwaukee Bucks,118,117.0,-139.0
Sun Mar 24 2024,Golden State Warriors,110,Minnesota Timberwolves,114,110.0,-132.0
Sun Mar 24 2024,Indiana Pacers,145,Los Angeles Lakers,150,118.0,-139.0
Mon Mar 25 2024,Charlotte Hornets,92,Cleveland Cavaliers,115,439.0,-612.0
Mon Mar 25 2024,Boston Celtics,118,Atlanta Hawks,120,-549.0,405.0
Mon Mar 25 2024,Detroit Pistons,99,New York Knicks,124,932.0,-1898.0
Mon Mar 25 2024,Brooklyn Nets,96,Toronto Raptors,88,-248.0,201.0
Mon Mar 25 2024,Washington Wizards,107,Chicago Bulls,105,541.0,-799.0
Mon Mar 25 2024,Portland Trail Blazers,92,Houston Rockets,110,682.0,-1124.0
Mon Mar 25 2024,Phoenix Suns,102,San Antonio Spurs,104,-701.0,486.0
Mon Mar 25 2024,Memphis Grizzlies,103,Denver Nuggets,128,595.0,-906.0
Mon Mar 25 2024,Dallas Mavericks,115,Utah Jazz,105,-331.0,260.0
Mon Mar 25 2024,Philadelphia 76ers,96,Sacramento Kings,108,239.0,-298.0
Mon Mar 25 2024,Indiana Pacers,133,Los Angeles Clippers,116,197.0,-241.0
Tue Mar 26 2024,Golden State Warriors,113,Miami Heat,92,-205.0,170.0
Tue Mar 26 2024,Los Angeles Lakers,128,Milwaukee Bucks,124,332.0,-431.0
Tue Mar 26 2024,Oklahoma City Thunder,119,New Orleans Pelicans,112,-115.0,-105.0
Tue Mar 26 2024,Dallas Mavericks,132,Sacramento Kings,96,-104.0,-116.0
Wed Mar 27 2024,Cleveland Cavaliers,111,Charlotte Hornets,118,-455.0,345.0
Wed Mar 27 2024,Golden State Warriors,101,Orlando Magic,93,144.0,-171.0
Wed Mar 27 2024,Brooklyn Nets,122,Washington Wizards,119,-167.0,142.0
Wed Mar 27 2024,Portland Trail Blazers,106,Atlanta Hawks,120,471.0,-669.0
Wed Mar 27 2024,Los Angeles Clippers,108,Philadelphia 76ers,107,-265.0,213.0
Wed Mar 27 2024,New York Knicks,145,Toronto Raptors,101,-1025.0,644.0
Wed Mar 27 2024,Indiana Pacers,99,Chicago Bulls,125,-154.0,131.0
Wed Mar 27 2024,Los Angeles Lakers,136,Memphis Grizzlies,124,-182.0,154.0
Wed Mar 27 2024,Detroit Pistons,91,Minnesota Timberwolves,106,910.0,-1857.0
Wed Mar 27 2024,Houston Rockets,132,Oklahoma City Thunder,126,160.0,-190.0
Wed Mar 27 2024,San Antonio Spurs,118,Utah Jazz,111,146.0,-174.0
Wed Mar 27 2024,Phoenix Suns,104,Denver Nuggets,97,182.0,-223.0
Thu Mar 28 2024,Boston Celtics,122,Atlanta Hawks,123,-1176.0,696.0
Thu Mar 28 2024,Milwaukee Bucks,100,New Orleans Pelicans,107,-133.0,111.0
Fri Mar 29 2024,Golden State Warriors,115,Charlotte Hornets,97,-788.0,528.0
Fri Mar 29 2024,Los Angeles Lakers,90,Indiana Pacers,109,135.0,-159.0
Fri Mar 29 2024,Los Angeles Clippers,100,Orlando Magic,97,-124.0,103.0
Fri Mar 29 2024,Detroit Pistons,96,Washington Wizards,87,129.0,-152.0
Fri Mar 29 2024,Chicago Bulls,108,Brooklyn Nets,125,-149.0,126.0
Fri Mar 29 2024,Philadelphia 76ers,114,Cleveland Cavaliers,117,214.0,-266.0
Fri Mar 29 2024,Portland Trail Blazers,82,Miami Heat,142,702.0,-1174.0
Fri Mar 29 2024,Phoenix Suns,103,Oklahoma City Thunder,128,-127.0,106.0
Fri Mar 29 2024,New York Knicks,126,San Antonio Spurs,130,-346.0,273.0
Fri Mar 29 2024,Minnesota Timberwolves,111,Denver Nuggets,98,123.0,-147.0
Fri Mar 29 2024,Houston Rockets,101,Utah Jazz,100,-336.0,264.0
Fri Mar 29 2024,Dallas Mavericks,107,Sacramento Kings,103,-117.0,-104.0
Sat Mar 30 2024,Boston Celtics,104,New Orleans Pelicans,92,-233.0,191.0
Sat Mar 30 2024,Memphis Grizzlies,88,Orlando Magic,118,575.0,-860.0
Sat Mar 30 2024,Milwaukee Bucks,122,Atlanta Hawks,113,-196.0,164.0
Sun Mar 31 2024,Cleveland Cavaliers,101,Denver Nuggets,130,157.0,-186.0
Sun Mar 31 2024,Los Angeles Lakers,116,Brooklyn Nets,104,-263.0,212.0
Sun Mar 31 2024,Los Angeles Clippers,130,Charlotte Hornets,118,-1249.0,721.0
Sun Mar 31 2024,Philadelphia 76ers,135,Toronto Raptors,120,-415.0,318.0
Sun Mar 31 2024,Miami Heat,119,Washington Wizards,107,-695.0,483.0
Sun Mar 31 2024,Dallas Mavericks,125,Houston Rockets,107,-164.0,140.0
Sun Mar 31 2024,Chicago Bulls,109,Minnesota Timberwolves,101,297.0,-383.0
Sun Mar 31 2024,Oklahoma City Thunder,113,New York Knicks,112,-126.0,105.0
Sun Mar 31 2024,Golden State Warriors,117,San Antonio Spurs,113,-512.0,384.0
Sun Mar 31 2024,Utah Jazz,106,Sacramento Kings,127,617.0,-960.0
Mon Apr 1 2024,Boston Celtics,118,Charlotte Hornets,104,-2273.0,1020.0
Mon Apr 1 2024,Memphis Grizzlies,110,Detroit Pistons,108,118.0,-140.0
Mon Apr 1 2024,Brooklyn Nets,111,Indiana Pacers,133,507.0,-735.0
Mon Apr 1 2024,Portland Trail Blazers,103,Orlando Magic,104,983.0,-2020.0
Mon Apr 1 2024,Atlanta Hawks,113,Chicago Bulls,101,109.0,-130.0
Mon Apr 1 2024,Phoenix Suns,124,New Orleans Pelicans,111,-100.0,-120.0
Tue Apr 2 2024,Los Angeles Lakers,128,Toronto Raptors,111,-1008.0,646.0
Tue Apr 2 2024,Milwaukee Bucks,113,Washington Wizards,117,-925.0,602.0
Tue Apr 2 2024,New York Knicks,99,Miami Heat,109,118.0,-139.0
Tue Apr 2 2024,Oklahoma City Thunder,105,Philadelphia 76ers,109,125.0,-148.0
Tue Apr 2 2024,Houston Rockets,106,Minnesota Timberwolves,113,236.0,-292.0
Tue Apr 2 2024,San Antonio Spurs,105,Denver Nuggets,110,811.0,-1508.0
Tue Apr 2 2024,Cleveland Cavaliers,129,Utah Jazz,113,-474.0,360.0
Tue Apr 2 2024,Dallas Mavericks,100,Golden State Warriors,104,-114.0,-106.0
Tue Apr 2 2024,Los Angeles Clippers,95,Sacramento Kings,109,121.0,-144.0
Wed Apr 3 2024,Portland Trail Blazers,89,Charlotte Hornets,86,104.0,-125.0
Wed Apr 3 2024,Los Angeles Lakers,125,Washington Wizards,120,-842.0,559.0
Wed Apr 3 2024,Detroit Pistons,113,Atlanta Hawks,121,487.0,-698.0
Wed Apr 3 2024,Oklahoma City Thunder,100,Boston Celtics,135,498.0,-721.0
Wed Apr 3 2024,Indiana Pacers,111,Brooklyn Nets,115,-265.0,213.0
Wed Apr 3 2024,Memphis Grizzlies,111,Milwaukee Bucks,101,571.0,-865.0
Wed Apr 3 2024,Toronto Raptors,85,Minnesota Timberwolves,133,1006.0,-2305.0
Wed Apr 3 2024,Orlando Magic,117,New Orleans Pelicans,108,161.0,-192.0
Wed Apr 3 2024,Cleveland Cavaliers,101,Phoenix Suns,122,198.0,-243.0
Thu Apr 4 2024,Atlanta Hawks,95,Dallas Mavericks,109,481.0,-684.0
Thu Apr 4 2024,Philadelphia 76ers,109,Miami Heat,105,130.0,-152.0
Thu Apr 4 2024,Sacramento Kings,109,New York Knicks,120,140.0,-164.0
Thu Apr 4 2024,Golden State Warriors,133,Houston Rockets,110,-155.0,131.0
Thu Apr 4 2024,Denver Nuggets,100,Los Angeles Clippers,102,-152.0,130.0
Fri Apr 5 2024,Orlando Magic,115,Charlotte Hornets,124,-739.0,516.0
Fri Apr 5 2024,Oklahoma City Thunder,112,Indiana Pacers,126,193.0,-234.0
Fri Apr 5 2024,Portland Trail Blazers,108,Washington Wizards,102,119.0,-140.0
Fri Apr 5 2024,Sacramento Kings,100,Boston Celtics,101,321.0,-416.0
Fri Apr 5 2024,New York Knicks,100,Chicago Bulls,108,-119.0,-101.0
Fri Apr 5 2024,Miami Heat,119,Houston Rockets,104,-157.0,133.0
Fri Apr 5 2024,Detroit Pistons,90,Memphis Grizzlies,108,-108.0,-112.0
Fri Apr 5 2024,Toronto Raptors,117,Milwaukee Bucks,111,699.0,-1117.0
Fri Apr 5 2024,San Antonio Spurs,111,New Orleans Pelicans,109,462.0,-640.0
Fri Apr 5 2024,Golden State Warriors,106,Dallas Mavericks,108,-107.0,-113.0
Fri Apr 5 2024,Minnesota Timberwolves,87,Phoenix Suns,97,160.0,-189.0
Fri Apr 5 2024,Utah Jazz,102,Los Angeles Clippers,131,549.0,-803.0
Sat Apr 6 2024,Cleveland Cavaliers,97,Los Angeles Lakers,116,169.0,-203.0
Sat Apr 6 2024,Detroit Pistons,103,Brooklyn Nets,113,364.0,-482.0
Sat Apr 6 2024,Philadelphia 76ers,116,Memphis Grizzlies,96,-1275.0,732.0
Sat Apr 6 2024,Atlanta Hawks,110,Denver Nuggets,142,457.0,-642.0
Sun Apr 7 2024,Houston Rockets,136,Dallas Mavericks,147,313.0,-402.0
Sun Apr 7 2024,Cleveland Cavaliers,118,Los Angeles Clippers,120,150.0,-176.0
Sun Apr 7 2024,Miami Heat,115,Indiana Pacers,117,122.0,-144.0
Sun Apr 7 2024,Portland Trail Blazers,107,Boston Celtics,124,904.0,-1722.0
Sun Apr 7 2024,Oklahoma City Thunder,121,Charlotte Hornets,118,-305.0,246.0
Sun Apr 7 2024,Chicago Bulls,98,Orlando Magic,113,230.0,-282.0
Sun Apr 7 2024,New Orleans Pelicans,113,Phoenix Suns,105,187.0,-227.0
Sun Apr 7 2024,Washington Wizards,122,Toronto Raptors,130,166.0,-198.0
Sun Apr 7 2024,New York Knicks,122,Milwaukee Bucks,109,153.0,-180.0
Sun Apr 7 2024,Philadelphia 76ers,133,San Antonio Spurs,126,-171.0,146.0
Sun Apr 7 2024,Sacramento Kings,107,Brooklyn Nets,77,-545.0,405.0
Sun Apr 7 2024,Utah Jazz,110,Golden State Warriors,118,540.0,-788.0
Sun Apr 7 2024,Minnesota Timberwolves,127,Los Angeles Lakers,117,-135.0,114.0
Tue Apr 9 2024,Dallas Mavericks,130,Charlotte Hornets,104,-814.0,553.0
Tue Apr 9 2024,Detroit Pistons,102,Philadelphia 76ers,120,824.0,-1469.0
Tue Apr 9 2024,Indiana Pacers,140,Toronto Raptors,123,-970.0,625.0
Tue Apr 9 2024,Miami Heat,117,Atlanta Hawks,111,-157.0,134.0
Tue Apr 9 2024,Boston Celtics,91,Milwaukee Bucks,104,141.0,-166.0
Tue Apr 9 2024,New York Knicks,128,Chicago Bulls,117,-194.0,165.0
Tue Apr 9 2024,Orlando Magic,106,Houston Rockets,118,-139.0,118.0
Tue Apr 9 2024,San Antonio Spurs,102,Memphis Grizzlies,87,-216.0,179.0
Tue Apr 9 2024,Washington Wizards,121,Minnesota Timberwolves,130,1040.0,-2120.0
Tue Apr 9 2024,Sacramento Kings,105,Oklahoma City Thunder,112,169.0,-202.0
Tue Apr 9 2024,Denver Nuggets,111,Utah Jazz,95,-1686.0,907.0
Tue Apr 9 2024,Golden State Warriors,134,Los Angeles Lakers,120,-133.0,112.0
Tue Apr 9 2024,Los Angeles Clippers,105,Phoenix Suns,92,306.0,-391.0
Tue Apr 9 2024,New Orleans Pelicans,110,Portland Trail Blazers,100,-1010.0,648.0
Wed Apr 10 2024,Memphis Grizzlies,98,Cleveland Cavaliers,110,1099.0,-2428.0
Wed Apr 10 2024,Charlotte Hornets,115,Atlanta Hawks,114,307.0,-395.0
Wed Apr 10 2024,Toronto Raptors,102,Brooklyn Nets,106,481.0,-673.0
Wed Apr 10 2024,Dallas Mavericks,111,Miami Heat,92,-146.0,124.0
Wed Apr 10 2024,Orlando Magic,99,Milwaukee Bucks,117,-125.0,105.0
Wed Apr 10 2024,San Antonio Spurs,89,Oklahoma City Thunder,127,920.0,-1710.0
Wed Apr 10 2024,Minnesota Timberwolves,107,Denver Nuggets,116,240.0,-294.0
Wed Apr 10 2024,Phoenix Suns,124,Los Angeles Clippers,108,-553.0,410.0
Thu Apr 11 2024,Chicago Bulls,127,Detroit Pistons,105,-580.0,431.0
Thu Apr 11 2024,New York Knicks,118,Boston Celtics,109,129.0,-152.0
Thu Apr 11 2024,Houston Rockets,121,Utah Jazz,124,-550.0,412.0
Thu Apr 11 2024,Golden State Warriors,100,Portland Trail Blazers,92,-909.0,603.0
Thu Apr 11 2024,New Orleans Pelicans,135,Sacramento Kings,123,102.0,-122.0
Fri Apr 12 2024,Orlando Magic,113,Philadelphia 76ers,125,207.0,-253.0
Fri Apr 12 2024,Chicago Bulls,129,Washington Wizards,127,108.0,-128.0
Fri Apr 12 2024,Charlotte Hornets,98,Boston Celtics,131,232.0,-284.0
Fri Apr 12 2024,Indiana Pacers,120,Cleveland Cavaliers,129,123.0,-146.0
Fri Apr 12 2024,Brooklyn Nets,107,New York Knicks,111,476.0,-656.0
Fri Apr 12 2024,Los Angeles Lakers,123,Memphis Grizzlies,120,-1320.0,769.0
Fri Apr 12 2024,Toronto Raptors,103,Miami Heat,125,659.0,-1025.0
Fri Apr 12 2024,Atlanta Hawks,106,Minnesota Timberwolves,109,509.0,-724.0
Fri Apr 12 2024,Milwaukee Bucks,107,Oklahoma City Thunder,125,597.0,-909.0
Fri Apr 12 2024,Denver Nuggets,120,San Antonio Spurs,121,-634.0,461.0
Fri Apr 12 2024,Detroit Pistons,107,Dallas Mavericks,89,456.0,-630.0
Fri Apr 12 2024,New Orleans Pelicans,114,Golden State Warriors,109,156.0,-184.0
Fri Apr 12 2024,Houston Rockets,116,Portland Trail Blazers,107,-232.0,192.0
Fri Apr 12 2024,Utah Jazz,110,Los Angeles Clippers,109,823.0,-1451.0
Fri Apr 12 2024,Phoenix Suns,108,Sacramento Kings,107,-188.0,159.0
Sun Apr 14 2024,Washington Wizards,122,Boston Celtics,132,352.0,-458.0
Sun Apr 14 2024,Charlotte Hornets,120,Cleveland Cavaliers,110,644.0,-980.0
Sun Apr 14 2024,Atlanta Hawks,115,Indiana Pacers,157,646.0,-985.0
Sun Apr 14 2024,Toronto Raptors,103,Miami Heat,118,941.0,-1785.0
Sun Apr 14 2024,Chicago Bulls,119,New York Knicks,120,604.0,-904.0
Sun Apr 14 2024,Milwaukee Bucks,88,Orlando Magic,113,191.0,-231.0
Sun Apr 14 2024,Brooklyn Nets,86,Philadelphia 76ers,107,545.0,-796.0
Sun Apr 14 2024,Utah Jazz,116,Golden State Warriors,123,415.0,-557.0
Sun Apr 14 2024,Houston Rockets,116,Los Angeles Clippers,105,-178.0,151.0
Sun Apr 14 2024,Denver Nuggets,126,Memphis Grizzlies,111,-931.0,613.0
Sun Apr 14 2024,Phoenix Suns,125,Minnesota Timberwolves,106,116.0,-138.0
Sun Apr 14 2024,Los Angeles Lakers,124,New Orleans Pelicans,108,101.0,-121.0
Sun Apr 14 2024,Dallas Mavericks,86,Oklahoma City Thunder,135,1068.0,-2330.0
Sun Apr 14 2024,Portland Trail Blazers,82,Sacramento Kings,121,1026.0,-2048.0
Sun Apr 14 2024,Detroit Pistons,95,San Antonio Spurs,123,163.0,-193.0
Tue Apr 16 2024,Los Angeles Lakers,110,New Orleans Pelicans,106,-106.0,-114.0
Tue Apr 16 2024,Golden State Warriors,94,Sacramento Kings,118,-151.0,128.0
Wed Apr 17 2024,Miami Heat,104,Philadelphia 76ers,105,185.0,-226.0
Wed Apr 17 2024,Atlanta Hawks,116,Chicago Bulls,131,128.0,-152.0
Fri Apr 19 2024,Chicago Bulls,91,Miami Heat,112,112.0,-133.0
Fri Apr 19 2024,Sacramento Kings,98,New Orleans Pelicans,105,-103.0,-118.0
Sat Apr 20 2024,Orlando Magic,83,Cleveland Cavaliers,97,184.0,-222.0
Sat Apr 20 2024,Phoenix Suns,95,Minnesota Timberwolves,120,113.0,-134.0
Sat Apr 20 2024,Philadelphia 76ers,104,New York Knicks,111,160.0,-191.0
Sat Apr 20 2024,Los Angeles Lakers,103,Denver Nuggets,114,214.0,-264.0
Sun Apr 21 2024,Miami Heat,94,Boston Celtics,114,703.0,-1156.0
Sun Apr 21 2024,Dallas Mavericks,97,Los Angeles Clippers,109,-167.0,141.0
Sun Apr 21 2024,Indiana Pacers,94,Milwaukee Bucks,109,-118.0,-102.0
Sun Apr 21 2024,New Orleans Pelicans,92,Oklahoma City Thunder,94,305.0,-390.0
Mon Apr 22 2024,Orlando Magic,86,Cleveland Cavaliers,96,176.0,-212.0
Mon Apr 22 2024,Philadelphia 76ers,101,New York Knicks,104,156.0,-185.0
Mon Apr 22 2024,Los Angeles Lakers,99,Denver Nuggets,101,229.0,-286.0
Tue Apr 23 2024,Phoenix Suns,93,Minnesota Timberwolves,105,126.0,-149.0
Tue Apr 23 2024,Indiana Pacers,125,Milwaukee Bucks,108,-102.0,-117.0
Tue Apr 23 2024,Dallas Mavericks,96,Los Angeles Clippers,93,100.0,-120.0
Wed Apr 24 2024,Miami Heat,111,Boston Celtics,101,725.0,-1197.0
Wed Apr 24 2024,New Orleans Pelicans,92,Oklahoma City Thunder,124,241.0,-298.0
Thu Apr 25 2024,Cleveland Cavaliers,83,Orlando Magic,121,127.0,-149.0
Thu Apr 25 2024,New York Knicks,114,Philadelphia 76ers,125,197.0,-238.0
Thu Apr 25 2024,Denver Nuggets,112,Los Angeles Lakers,105,102.0,-123.0
Fri Apr 26 2024,Milwaukee Bucks,118,Indiana Pacers,121,218.0,-267.0
Fri Apr 26 2024,Los Angeles Clippers,90,Dallas Mavericks,101,159.0,-189.0
Fri Apr 26 2024,Minnesota Timberwolves,126,Phoenix Suns,109,201.0,-246.0
Sat Apr 27 2024,Cleveland Cavaliers,89,Orlando Magic,112,118.0,-139.0
Sat Apr 27 2024,Oklahoma City Thunder,106,New Orleans Pelicans,85,-125.0,105.0
Sat Apr 27 2024,Boston Celtics,104,Miami Heat,84,-447.0,342.0
Sat Apr 27 2024,Denver Nuggets,108,Los Angeles Lakers,119,-160.0,135.0
Sun Apr 28 2024,New York Knicks,97,Philadelphia 76ers,92,174.0,-210.0
Sun Apr 28 2024,Los Angeles Clippers,116,Dallas Mavericks,111,232.0,-285.0
Sun Apr 28 2024,Milwaukee Bucks,113,Indiana Pacers,126,355.0,-459.0
Sun Apr 28 2024,Minnesota Timberwolves,122,Phoenix Suns,116,-106.0,-115.0
Mon Apr 29 2024,Boston Celtics,102,Miami Heat,88,-521.0,394.0
Mon Apr 29 2024,Oklahoma City Thunder,97,New Orleans Pelicans,89,-195.0,164.0
Mon Apr 29 2024,Los Angeles Lakers,106,Denver Nuggets,108,214.0,-261.0
Tue Apr 30 2024,Philadelphia 76ers,112,New York Knicks,106,146.0,-172.0
Tue Apr 30 2024,Orlando Magic,103,Cleveland Cavaliers,104,156.0,-185.0
Tue Apr 30 2024,Indiana Pacers,92,Milwaukee Bucks,115,-196.0,164.0
Wed May 1 2024,Miami Heat,84,Boston Celtics,118,641.0,-990.0
Wed May 1 2024,Dallas Mavericks,123,Los Angeles Clippers,93,-144.0,122.0
Thu May 2 2024,Milwaukee Bucks,98,Indiana Pacers,120,193.0,-234.0
Thu May 2 2024,New York Knicks,118,Philadelphia 76ers,115,127.0,-150.0
Fri May 3 2024,Cleveland Cavaliers,96,Orlando Magic,103,158.0,-186.0
Fri May 3 2024,Los Angeles Clippers,101,Dallas Mavericks,114,284.0,-359.0
Sat May 4 2024,Minnesota Timberwolves,106,Denver Nuggets,99,155.0,-185.0
Sun May 5 2024,Orlando Magic,94,Cleveland Cavaliers,106,133.0,-158.0
Mon May 6 2024,Indiana Pacers,117,New York Knicks,121,194.0,-235.0
Mon May 6 2024,Minnesota Timberwolves,106,Denver Nuggets,80,245.0,-301.0
Tue May 7 2024,Cleveland Cavaliers,95,Boston Celtics,120,547.0,-799.0
Tue May 7 2024,Dallas Mavericks,95,Oklahoma City Thunder,117,155.0,-182.0
Wed May 8 2024,Indiana Pacers,121,New York Knicks,130,151.0,-178.0
Thu May 9 2024,Cleveland Cavaliers,118,Boston Celtics,94,636.0,-968.0
Thu May 9 2024,Dallas Mavericks,119,Oklahoma City Thunder,110,165.0,-196.0
Fri May 10 2024,New York Knicks,106,Indiana Pacers,111,209.0,-254.0
Fri May 10 2024,Denver Nuggets,117,Minnesota Timberwolves,90,155.0,-184.0
Sat May 11 2024,Oklahoma City Thunder,101,Dallas Mavericks,105,-101.0,-120.0
Sat May 11 2024,Boston Celtics,106,Cleveland Cavaliers,93,-311.0,253.0
Sun May 12 2024,New York Knicks,89,Indiana Pacers,121,193.0,-230.0
Sun May 12 2024,Denver Nuggets,115,Minnesota Timberwolves,107,154.0,-178.0
Mon May 13 2024,Boston Celtics,109,Cleveland Cavaliers,102,-692.0,512.0
Mon May 13 2024,Oklahoma City Thunder,100,Dallas Mavericks,96,101.0,-120.0
Tue May 14 2024,Indiana Pacers,91,New York Knicks,121,103.0,-122.0
Tue May 14 2024,Minnesota Timberwolves,97,Denver Nuggets,112,158.0,-183.0
Wed May 15 2024,Cleveland Cavaliers,98,Boston Celtics,113,929.0,-1702.0
Wed May 15 2024,Dallas Mavericks,104,Oklahoma City Thunder,92,159.0,-186.0
Thu May 16 2024,Denver Nuggets,70,Minnesota Timberwolves,115,104.0,-124.0
Fri May 17 2024,New York Knicks,103,Indiana Pacers,116,167.0,-196.0
Sat May 18 2024,Oklahoma City Thunder,116,Dallas Mavericks,117,151.0,-175.0
Sun May 19 2024,Indiana Pacers,130,New York Knicks,109,131.0,-152.0
Sun May 19 2024,Minnesota Timberwolves,98,Denver Nuggets,90,162.0,-189.0
Tue May 21 2024,Indiana Pacers,128,Boston Celtics,133,329.0,-418.0
Wed May 22 2024,Dallas Mavericks,108,Minnesota Timberwolves,105,163.0,-190.0
Thu May 23 2024,Indiana Pacers,110,Boston Celtics,126,294.0,-370.0
Fri May 24 2024,Dallas Mavericks,109,Minnesota Timberwolves,108,,
Sat May 25 2024,Boston Celtics,114,Indiana Pacers,111,-287.0,238.0
Sun May 26 2024,Minnesota Timberwolves,107,Dallas Mavericks,116,,
Mon May 27 2024,Boston Celtics,105,Indiana Pacers,102,-289.0,237.0
Tue May 28 2024,Minnesota Timberwolves,105,Dallas Mavericks,100,-101.0,-118.0
Thu May 30 2024,Dallas Mavericks,124,Minnesota Timberwolves,103,166.0,-196.0
