date,away_team,away_pt,home_team,home_pt,away_open_sp,away_open_line,away_b365_sp,away_b365_line,away_fduel_sp,away_fduel_line,away_bmgm_sp,away_bmgm_line,away_czr_sp,away_czr_line,away_dking_sp,away_dking_line,away_rivers_sp,away_rivers_line,away_vinsider_sp,away_vinsider_line,home_open_sp,home_open_line,home_b365_sp,home_b365_line,home_fduel_sp,home_fduel_line,home_bmgm_sp,home_bmgm_line,home_czr_sp,home_czr_line,home_dking_sp,home_dking_line,home_rivers_sp,home_rivers_line,home_vinsider_sp,home_vinsider_line
Tue Oct 24 2023,Los Angeles Lakers,107,Denver Nuggets,119,+5.5,-110,+4.5,-105,+5,-114,+4.5,-110,+4.5,-110,+4.5,-105,+4.5,-108,+5,-114,-5.5,-110,-4.5,-115,-5,-106,-4.5,-110,-4.5,-110,-4.5,-115,-4.5,-113,-5,-106
Tue Oct 24 2023,Phoenix Suns,108,Golden State Warriors,104,+1.5,-110,+2.5,-105,+2.5,-110,+2.5,-105,+3,-110,+2.5,-105,+2.5,-115,+2.5,-110,-1.5,-110,-2.5,-115,-2.5,-110,-2.5,-115,-3,-110,-2.5,-115,-2.5,-115,-2.5,-110
Wed Oct 25 2023,Houston Rockets,86,Orlando Magic,116,+2.5,-106,+4.5,-110,+4.5,-110,+4.5,-110,+4.5,-110,+4.5,-112,+4.5,-110,+4.5,-110,-2.5,-114,-4.5,-110,-4.5,-110,-4.5,-110,-4.5,-110,-4.5,-108,-4.5,-110,-4.5,-110
Wed Oct 25 2023,Boston Celtics,108,New York Knicks,104,-1,-110,-4,-110,-4,-110,-3.5,-110,-4,-115,-4,-112,-4.5,-115,-4,-110,+1,-110,+4,-110,+4,-110,+3.5,-110,+4,-105,+4,-108,+4.5,-115,+4,-110
Wed Oct 25 2023,Washington Wizards,120,Indiana Pacers,143,+8.5,-110,+4.5,-110,+5,-110,+5.5,-115,+5,-115,+5,-115,+4,-120,+5,-110,-8.5,-110,-4.5,-110,-5,-110,-5.5,-105,-5,-105,-5,-105,-4,-114,-5,-110
Wed Oct 25 2023,Atlanta Hawks,110,Charlotte Hornets,116,-1.5,-110,-4,-110,-4,-110,-3.5,-110,-4,-115,-5,-108,-4.5,-115,-4,-110,+1.5,-110,+4,-110,+4,-110,+3.5,-110,+4,-105,+5,-112,+4.5,-115,+4,-110
Wed Oct 25 2023,Detroit Pistons,102,Miami Heat,103,+11.5,-110,+9.5,-110,+9.5,-112,+9.5,-115,+9.5,-115,+9.5,-110,+9.5,-115,+9.5,-112,-11.5,-110,-9.5,-110,-9.5,-108,-9.5,-105,-9.5,-105,-9.5,-110,-9.5,-115,-9.5,-108
Wed Oct 25 2023,Minnesota Timberwolves,94,Toronto Raptors,97,+1,-108,+1,-115,+1,-112,+1.5,-120,+1,-110,+1,-110,-1,-113,+1,-112,-1,-112,-1,-105,-1,-108,-1.5,even,-1,-110,-1,-110,+1,-108,-1,-108
Wed Oct 25 2023,Cleveland Cavaliers,114,Brooklyn Nets,113,-1,-110,-2,-105,-1.5,-112,-1.5,-115,-2,-110,-1.5,-112,-1.5,-113,-1.5,-112,+1,-110,+2,-115,+1.5,-108,+1.5,-105,+2,-110,+1.5,-108,+1.5,-107,+1.5,-108
Wed Oct 25 2023,New Orleans Pelicans,111,Memphis Grizzlies,104,+1.5,-108,+1,-110,+1,-112,+1.5,-125,+1,-110,+1,-110,+1,-115,+1,-112,-1.5,-112,-1,-110,-1,-108,-1.5,+105,-1,-110,-1,-110,-1,-106,-1,-108
Wed Oct 25 2023,Oklahoma City Thunder,124,Chicago Bulls,104,+1.5,-112,+2.5,-110,+2.5,-108,+2.5,-110,+2.5,-105,+2.5,-108,+2.5,-112,+2.5,-108,-1.5,-108,-2.5,-110,-2.5,-112,-2.5,-110,-2.5,-115,-2.5,-112,-2.5,-109,-2.5,-112
Wed Oct 25 2023,Sacramento Kings,130,Utah Jazz,114,-1,-108,-1.5,-110,-1.5,-112,-1.5,-110,-1.5,-110,-1.5,-112,-1.5,-112,-1.5,-112,+1,-112,+1.5,-110,+1.5,-108,+1.5,-110,+1.5,-110,+1.5,-108,+1.5,-109,+1.5,-108
Wed Oct 25 2023,Dallas Mavericks,126,San Antonio Spurs,119,-5.5,-108,-4.5,-110,-4.5,-106,-4.5,-110,-4.5,-110,-5,-110,-4.5,-110,-4.5,-106,+5.5,-112,+4.5,-110,+4.5,-114,+4.5,-110,+4.5,-110,+5,-110,+4.5,-110,+4.5,-114
Wed Oct 25 2023,Portland Trail Blazers,111,Los Angeles Clippers,123,+9.5,-110,+9.5,-110,+9.5,-112,+9.5,-115,+9.5,-110,+9.5,-108,+9.5,-113,+9.5,-112,-9.5,-110,-9.5,-110,-9.5,-108,-9.5,-105,-9.5,-110,-9.5,-112,-9.5,-118,-9.5,-108
Thu Oct 26 2023,Philadelphia 76ers,117,Milwaukee Bucks,118,+4.5,-110,+6,-110,+6,-106,+6.5,-115,+6,-110,+6,-108,+6,-110,+6,-106,-4.5,-110,-6,-110,-6,-114,-6.5,-105,-6,-110,-6,-112,-6,-110,-6,-114
Thu Oct 26 2023,Phoenix Suns,95,Los Angeles Lakers,100,+2,-112,+6.5,-110,+6.5,-114,+6.5,-110,+6,-110,+6.5,-112,+6,-110,+6.5,-114,-2,-108,-6.5,-110,-6.5,-106,-6.5,-110,-6,-110,-6.5,-108,-6,-110,-6.5,-106
Fri Oct 27 2023,Denver Nuggets,108,Memphis Grizzlies,104,-4.5,-112,-6,-110,-6,-110,-5.5,-115,-6,-110,-6,-110,-6,-115,-6,-110,+4.5,-108,+6,-110,+6,-110,+5.5,-105,+6,-110,+6,-110,+6,-115,+6,-110
Fri Oct 27 2023,Detroit Pistons,111,Charlotte Hornets,99,+4,-110,+4.5,-110,+4.5,-110,+4.5,-110,+4.5,-110,+4.5,-112,+4.5,-113,+4.5,-110,-4,-110,-4.5,-110,-4.5,-110,-4.5,-110,-4.5,-110,-4.5,-108,-4.5,-108,-4.5,-110
Fri Oct 27 2023,New York Knicks,126,Atlanta Hawks,120,+2,-112,-1,-110,-1.5,-108,-1.5,even,-1.5,-110,-1,-112,-4,-120,-1.5,-108,-2,-108,+1,-110,+1.5,-112,+1.5,-120,+1.5,-110,+1,-108,+4,-113,+1.5,-112
Fri Oct 27 2023,Oklahoma City Thunder,108,Cleveland Cavaliers,105,+3.5,-110,+2.5,-110,+2,-108,+2.5,-115,+2.5,-110,+2,-105,+3,-110,+2,-108,-3.5,-110,-2.5,-110,-2,-112,-2.5,-105,-2.5,-110,-2,-115,-3,-110,-2,-112
Fri Oct 27 2023,Miami Heat,111,Boston Celtics,119,+7.5,-112,+8.5,-110,+8.5,-110,+8.5,-110,+8.5,-110,+8.5,-112,+8.5,-114,+8.5,-110,-7.5,-108,-8.5,-110,-8.5,-110,-8.5,-110,-8.5,-110,-8.5,-108,-8.5,-107,-8.5,-110
Fri Oct 27 2023,Toronto Raptors,103,Chicago Bulls,104,+2,-110,+2.5,-115,+2.5,-110,N/A,+2.5,-110,+2.5,-110,+2.5,-112,+2.5,-110,-2,-110,-2.5,-105,-2.5,-110,N/A,-2.5,-110,-2.5,-110,-2.5,-109,-2.5,-110,,
Fri Oct 27 2023,Houston Rockets,122,San Antonio Spurs,126,+1.5,-108,+3,-105,+3.5,-112,+3.5,-115,+3,-105,+3.5,-110,+3,-115,+3.5,-112,-1.5,-112,-3,-115,-3.5,-108,-3.5,-105,-3,-115,-3.5,-110,-3,-115,-3.5,-108
Fri Oct 27 2023,Brooklyn Nets,120,Dallas Mavericks,125,+6,-110,+6,-110,+6,-110,+6.5,-115,+6,-115,+6,-108,+5.5,-108,+6,-110,-6,-110,-6,-110,-6,-110,-6.5,-105,-6,-105,-6,-112,-5.5,-113,-6,-110
Fri Oct 27 2023,Los Angeles Clippers,118,Utah Jazz,120,-4.5,-106,-4,-110,-4,-112,-4.5,-105,-4,-110,-4,-112,-4,-113,-4,-112,+4.5,-114,+4,-110,+4,-108,+4.5,-115,+4,-110,+4,-108,+4,-108,+4,-108
Fri Oct 27 2023,Orlando Magic,102,Portland Trail Blazers,97,-2.5,-112,-4.5,-110,-4,-106,-4.5,-110,-4.5,-110,-4.5,-110,-4,-108,-4,-106,+2.5,-108,+4.5,-110,+4,-114,+4.5,-110,+4.5,-110,+4.5,-110,+4,-113,+4,-114
Fri Oct 27 2023,Golden State Warriors,122,Sacramento Kings,114,+1.5,-110,+3.5,-110,+3,-108,+3.5,-115,+3.5,-110,+3.5,-110,+3,-107,+3,-108,-1.5,-110,-3.5,-110,-3,-112,-3.5,-105,-3.5,-110,-3.5,-110,-3,-114,-3,-112
Sat Oct 28 2023,Chicago Bulls,102,Detroit Pistons,118,-2.5,-112,-2.5,-110,-2.5,-106,-2.5,-110,-2.5,-110,-2.5,-112,-2.5,-108,-2.5,-106,+2.5,-108,+2.5,-110,+2.5,-114,+2.5,-110,+2.5,-110,+2.5,-108,+2.5,-113,+2.5,-114
Sat Oct 28 2023,Memphis Grizzlies,106,Washington Wizards,113,-3.5,-114,-1,-105,-1,-110,+1.5,-120,PK,-110,+1,-115,-1,-115,-1,-110,+3.5,-106,+1,-115,+1,-110,-1.5,even,PK,-110,-1,-105,+1,-115,+1,-110
Sat Oct 28 2023,New York Knicks,87,New Orleans Pelicans,96,+4.5,-114,+3,-105,+3,-112,+3.5,-115,+3,-110,+3,-108,+2.5,-109,+3,-112,-4.5,-106,-3,-115,-3,-108,-3.5,-105,-3,-110,-3,-112,-2.5,-112,-3,-108
Sat Oct 28 2023,Indiana Pacers,125,Cleveland Cavaliers,113,+4,-110,-3.5,-110,+3,-110,-3.5,-110,-3.5,-110,-3.5,-110,-4.5,-109,+3,-110,-4,-110,+3.5,-110,-3,-110,+3.5,-110,+3.5,-110,+3.5,-110,+4.5,-112,-3,-110
Sat Oct 28 2023,Philadelphia 76ers,114,Toronto Raptors,107,-2.5,-108,-5,-105,-4.5,-110,-4.5,-115,-5,-110,-5,-108,-4.5,-115,-4.5,-110,+2.5,-112,+5,-115,+4.5,-110,+4.5,-105,+5,-110,+5,-112,+4.5,-115,+4.5,-110
Sat Oct 28 2023,Miami Heat,90,Minnesota Timberwolves,106,+4,-106,+8,-110,+5,-110,+8.5,-115,+8,-110,+8,-108,+8.5,-115,+5,-110,-4,-114,-8,-110,-5,-110,-8.5,-105,-8,-110,-8,-112,-8.5,-115,-5,-110
Sat Oct 28 2023,Utah Jazz,104,Phoenix Suns,126,+5.5,-112,+5.5,-110,+5.5,-110,+5.5,-110,+5.5,-110,+5.5,-108,+5.5,-112,+5.5,-110,-5.5,-108,-5.5,-110,-5.5,-110,-5.5,-110,-5.5,-110,-5.5,-112,-5.5,-109,-5.5,-110
Sun Oct 29 2023,Denver Nuggets,128,Oklahoma City Thunder,95,-2,-110,-3.5,-110,-2,-110,-3.5,-115,-3.5,-105,-3.5,-110,-3.5,-109,-2,-110,+2,-110,+3.5,-110,+2,-110,+3.5,-105,+3.5,-115,+3.5,-110,+3.5,-112,+2,-110
Sun Oct 29 2023,Golden State Warriors,106,Houston Rockets,95,-4.5,-110,-7,-105,-4.5,-110,-6.5,-115,-7,-115,-6.5,-110,-7.5,-107,-4.5,-110,+4.5,-110,+7,-115,+4.5,-110,+6.5,-105,+7,-105,+6.5,-110,+7.5,-114,+4.5,-110
Sun Oct 29 2023,Atlanta Hawks,127,Milwaukee Bucks,110,+7.5,-110,+6,-110,+7.5,-110,+6.5,-115,+6,-110,+6,-105,+6.5,-109,+7.5,-110,-7.5,-110,-6,-110,-7.5,-110,-6.5,-105,-6,-110,-6,-115,-6.5,-112,-7.5,-110
Sun Oct 29 2023,Portland Trail Blazers,98,Philadelphia 76ers,126,+10,-110,+9.5,-110,+10,-110,+9.5,-110,+10,-110,+9.5,-110,+9,-115,+10,-110,-10,-110,-9.5,-110,-10,-110,-9.5,-110,-10,-110,-9.5,-110,-9,-115,-10,-110
Sun Oct 29 2023,San Antonio Spurs,83,Los Angeles Clippers,123,+8.5,-110,+9.5,-110,+8.5,-110,+9.5,-105,+9.5,-105,+9,-110,+9.5,-108,+8.5,-110,-8.5,-110,-9.5,-110,-8.5,-110,-9.5,-115,-9.5,-115,-9,-110,-9.5,-113,-8.5,-110
Sun Oct 29 2023,Los Angeles Lakers,127,Sacramento Kings,132,+2.5,-110,+2.5,-110,+2.5,-110,+2.5,-110,+2.5,-110,+2.5,-115,+2.5,-109,+2.5,-110,-2.5,-110,-2.5,-110,-2.5,-110,-2.5,-110,-2.5,-110,-2.5,-105,-2.5,-112,-2.5,-110
Mon Oct 30 2023,Chicago Bulls,112,Indiana Pacers,105,+3.5,-110,+3,-105,+3.5,-110,+3.5,-110,+3.5,-105,+3.5,-110,+3.5,-114,+3.5,-110,-3.5,-110,-3,-115,-3.5,-110,-3.5,-110,-3.5,-115,-3.5,-110,-3.5,-107,-3.5,-110
Mon Oct 30 2023,Boston Celtics,126,Washington Wizards,107,-10,-110,-10.5,-110,-10,-108,-10.5,-110,-10.5,-110,-10.5,-110,-11,-112,-10,-108,+10,-110,+10.5,-110,+10,-112,+10.5,-110,+10.5,-110,+10.5,-110,+11,-118,+10,-112
Mon Oct 30 2023,Brooklyn Nets,133,Charlotte Hornets,121,+1.5,-110,-1.5,-115,-1,-110,-1.5,-110,-2,-110,-1,-110,-1.5,-112,-1,-110,-1.5,-110,+1.5,-105,+1,-110,+1.5,-110,+2,-110,+1,-110,+1.5,-109,+1,-110
Mon Oct 30 2023,Portland Trail Blazers,99,Toronto Raptors,91,+7.5,-110,+10,-110,+7.5,-110,+9.5,-105,+10,-105,+9.5,-110,+9.5,-112,+7.5,-110,-7.5,-110,-10,-110,-7.5,-110,-9.5,-115,-10,-115,-9.5,-110,-9.5,-109,-7.5,-110
Mon Oct 30 2023,Minnesota Timberwolves,113,Atlanta Hawks,127,-1.5,-110,-2.5,-105,-1.5,-112,-1.5,-115,-2,-115,-2,-110,-2.5,-115,-1.5,-112,+1.5,-110,+2.5,-115,+1.5,-110,+1.5,-105,+2,-105,+2,-110,+2.5,-115,+1.5,-110
Mon Oct 30 2023,Dallas Mavericks,125,Memphis Grizzlies,110,-2.5,-110,+1.5,-110,-2.5,-110,+1.5,-110,+1,-110,+1.5,-110,+2,-113,-2.5,-110,+2.5,-110,-1.5,-110,+2.5,-110,-1.5,-110,-1,-110,-1.5,-110,-2,-107,+2.5,-110
Mon Oct 30 2023,Miami Heat,114,Milwaukee Bucks,122,+5,-110,+7.5,-110,+5,-110,+8.5,-115,+8,-105,+7.5,-110,+7.5,-113,+5,-110,-5,-110,-7.5,-110,-5,-110,-8.5,-105,-8,-115,-7.5,-110,-7.5,-108,-5,-110
Mon Oct 30 2023,Golden State Warriors,130,New Orleans Pelicans,102,+3.5,-110,+3,-110,+3.5,-110,+2.5,-110,+3,-115,+2.5,-110,+3.5,-115,+3.5,-110,-3.5,-110,-3,-110,-3.5,-110,-2.5,-110,-3,-105,-2.5,-110,-3.5,-115,-3.5,-110
Mon Oct 30 2023,Detroit Pistons,112,Oklahoma City Thunder,124,+5.5,-112,+6.5,-105,+5.5,-110,+6.5,-110,+6.5,-110,+6.5,-110,+6.5,-115,+5.5,-110,-5.5,-110,-6.5,-115,-5.5,-110,-6.5,-110,-6.5,-110,-6.5,-110,-6.5,-115,-5.5,-110
Mon Oct 30 2023,Utah Jazz,102,Denver Nuggets,110,+8.5,-110,+9,-110,+8.5,-110,+8.5,-110,+8.5,-105,+8.5,-110,+8.5,-112,+8.5,-110,-8.5,-110,-9,-110,-8.5,-110,-8.5,-110,-8.5,-115,-8.5,-110,-8.5,-120,-8.5,-110
Mon Oct 30 2023,Orlando Magic,103,Los Angeles Lakers,106,+2.5,-110,+4,-110,+2.5,-110,+3.5,-105,+4,-105,+3.5,-110,+3.5,-112,+2.5,-110,-2.5,-110,-4,-110,-2.5,-110,-3.5,-115,-4,-115,-3.5,-110,-3.5,-109,-2.5,-110
Tue Oct 31 2023,New York Knicks,109,Cleveland Cavaliers,91,+1,-110,-2,-110,-4.5,-106,-1.5,-115,-2,-110,-1.5,-115,-2,-114,-4.5,-106,-1,-110,+2,-110,+4.5,-122,+1.5,-105,+2,-110,+1.5,-105,+2,-107,+4.5,-122
Tue Oct 31 2023,San Antonio Spurs,115,Phoenix Suns,114,+7.5,-110,+7,-110,+7,-108,+6.5,-105,+7,-105,+7,-110,+7,-113,+7,-108,-7.5,-110,-7,-110,-7,-112,-6.5,-115,-7,-115,-7,-110,-7,-108,-7,-112
Tue Oct 31 2023,Orlando Magic,102,Los Angeles Clippers,118,+7.5,-110,+6.5,-110,+6.5,-108,+6.5,-110,+6.5,-110,+6.5,-110,+6,-110,+6.5,-108,-7.5,-110,-6.5,-110,-6.5,-112,-6.5,-110,-6.5,-110,-6.5,-110,-6,-110,-6.5,-112
Wed Nov 1 2023,Portland Trail Blazers,110,Detroit Pistons,101,+4,-110,+3.5,-110,+3.5,-108,+3.5,-115,+3.5,-110,+3.5,-110,+3,-110,+3.5,-108,-4,-110,-3.5,-110,-3.5,-112,-3.5,-105,-3.5,-110,-3.5,-110,-3,-110,-3.5,-112
Wed Nov 1 2023,Milwaukee Bucks,111,Toronto Raptors,130,-5,-110,-4,-110,-4.5,-106,-4.5,-105,-4,-110,-4,-110,-4.5,-112,-4.5,-106,+5,-110,+4,-110,+4.5,-114,+4.5,-115,+4,-110,+4,-110,+4.5,-109,+4.5,-114
Wed Nov 1 2023,Washington Wizards,121,Atlanta Hawks,130,+8,-110,+9.5,-110,+9,-108,+9.5,-110,+9.5,-110,+9.5,-110,+9.5,-107,+9,-108,-8,-110,-9.5,-110,-9,-112,-9.5,-110,-9.5,-110,-9.5,-110,-9.5,-114,-9,-112
Wed Nov 1 2023,Indiana Pacers,104,Boston Celtics,155,+11.5,-110,+13,-110,+13.5,-112,+13.5,-115,+13.5,-110,+13.5,-112,+12.5,-110,+13.5,-112,-11.5,-110,-13,-110,-13.5,-108,-13.5,-105,-13.5,-110,-13.5,-108,-12.5,-110,-13.5,-108
Wed Nov 1 2023,Brooklyn Nets,109,Miami Heat,105,+6.5,-108,+7,-110,+7,-110,+7.5,-115,+7,-110,+7,-110,+7.5,-110,+7,-110,-6.5,-112,-7,-110,-7,-110,-7.5,-105,-7,-110,-7,-110,-7.5,-110,-7,-110
Wed Nov 1 2023,Cleveland Cavaliers,95,New York Knicks,89,+6,-108,+5.5,-110,+5.5,-110,+5.5,-110,+5.5,-110,+5.5,-110,+5.5,-110,+5.5,-110,-6,-112,-5.5,-110,-5.5,-110,-5.5,-110,-5.5,-110,-5.5,-110,-5.5,-110,-5.5,-110
Wed Nov 1 2023,New Orleans Pelicans,110,Oklahoma City Thunder,106,+3,-110,+3.5,-105,+3.5,-110,+3.5,-110,+3.5,-110,+3.5,-108,+3.5,-113,+3.5,-110,-3,-110,-3.5,-115,-3.5,-110,-3.5,-110,-3.5,-110,-3.5,-112,-3.5,-108,-3.5,-110
Wed Nov 1 2023,Charlotte Hornets,119,Houston Rockets,128,+2.5,-112,+3,-110,+3,-108,+2.5,-105,+3.5,-105,+3,-108,+2.5,-115,+3,-108,-2.5,-108,-3,-110,-3,-112,-2.5,-115,-3.5,-115,-3,-112,-2.5,-115,-3,-112
Wed Nov 1 2023,Denver Nuggets,89,Minnesota Timberwolves,110,-1.5,-110,-2,-110,-2.5,-112,-1.5,-115,-2.5,-110,-2.5,-108,-2,-113,-2.5,-112,+1.5,-110,+2,-110,+2.5,-108,+1.5,-105,+2.5,-110,+2.5,-112,+2,-110,+2.5,-108
Wed Nov 1 2023,Chicago Bulls,105,Dallas Mavericks,114,+5.5,-110,+3.5,-110,+4,-112,+3.5,-110,+3.5,-115,+3.5,-108,+3.5,-110,+4,-112,-5.5,-110,-3.5,-110,-4,-108,-3.5,-110,-3.5,-105,-3.5,-112,-3.5,-110,-4,-108
Wed Nov 1 2023,Memphis Grizzlies,109,Utah Jazz,133,+1,-110,+1.5,-105,+2,-110,+1.5,-105,+2,-105,+2,-110,+2,-117,+2,-110,-1,-110,-1.5,-115,-2,-112,-1.5,-115,-2,-115,-2,-110,-2,-114,-2,-112
Wed Nov 1 2023,Sacramento Kings,101,Golden State Warriors,102,+7,-110,+7,-115,+6.5,-108,+7.5,-115,+7,-110,+7,-110,+6.5,-107,+6.5,-108,-7,-110,-7,-105,-6.5,-112,-7.5,-105,-7,-110,-7,-110,-6.5,-114,-6.5,-112
Wed Nov 1 2023,Los Angeles Clippers,125,Los Angeles Lakers,130,+2,-108,+3,-110,+3,-114,+3.5,-115,+3,-115,+3,-112,+3.5,-115,+3,-114,-2,-112,-3,-110,-3,-108,-3.5,-105,-3,-105,-3,-108,-3.5,-108,-3,-108
Thu Nov 2 2023,Toronto Raptors,99,Philadelphia 76ers,114,+8.5,-110,+7.5,-115,+7.5,-112,+8.5,-105,+7.5,-110,+7.5,-110,+8,-113,+7.5,-112,-8.5,-110,-7.5,-105,-7.5,-108,-8.5,-115,-7.5,-110,-7.5,-110,-8,-108,-7.5,-108
Thu Nov 2 2023,Detroit Pistons,116,New Orleans Pelicans,125,+8,-110,+4.5,-110,+4.5,-110,+4.5,-110,+4.5,-105,+4.5,-105,+4.5,-113,+4.5,-110,-8,-110,-4.5,-110,-4.5,-110,-4.5,-110,-4.5,-115,-4.5,-115,-4.5,-108,-4.5,-110
Thu Nov 2 2023,Orlando Magic,115,Utah Jazz,113,+1.5,-112,-1.5,-110,-1.5,-110,-1.5,-110,-1.5,-110,-1.5,-110,-1,-112,-1.5,-110,-1.5,-108,+1.5,-110,+1.5,-110,+1.5,-110,+1.5,-110,+1.5,-110,+1,-122,+1.5,-110
Thu Nov 2 2023,San Antonio Spurs,132,Phoenix Suns,121,+7.5,-110,+10.5,-110,+10.5,-110,+10.5,-110,+10.5,-105,+10.5,-108,+10.5,-112,+10.5,-110,-7.5,-110,-10.5,-110,-10.5,-110,-10.5,-110,-10.5,-115,-10.5,-112,-10.5,-109,-10.5,-110
Fri Nov 3 2023,Cleveland Cavaliers,116,Indiana Pacers,121,-3,-110,-2.5,-110,-2.5,-110,-2.5,-110,-3,-105,-2.5,-110,-2,-115,-2.5,-110,+3,-110,+2.5,-110,+2.5,-112,+2.5,-110,+3,-115,+2.5,-110,+2,-115,+2.5,-112
Fri Nov 3 2023,New York Knicks,105,Milwaukee Bucks,110,+6.5,-110,+5.5,-110,+5.5,-110,+5.5,-115,+5.5,-110,+5.5,-112,+5.5,-107,+5.5,-110,-6.5,-110,-5.5,-110,-5.5,-110,-5.5,-105,-5.5,-110,-5.5,-108,-5.5,-114,-5.5,-110
Fri Nov 3 2023,Brooklyn Nets,109,Chicago Bulls,107,+4,-108,+4,-110,+4,-106,+3.5,-105,+4,-110,+3.5,-110,+4,-112,+4,-106,-4,-112,-4,-110,-4,-114,-3.5,-115,-4,-110,-3.5,-110,-4,-109,-4,-114
Fri Nov 3 2023,Washington Wizards,114,Miami Heat,121,+9.5,-108,+8.5,-110,+8.5,-108,+8.5,-110,+9,-110,+8.5,-110,+8.5,-114,+8.5,-108,-9.5,-112,-8.5,-110,-8.5,-112,-8.5,-110,-9,-110,-8.5,-110,-8.5,-107,-8.5,-112
Fri Nov 3 2023,Golden State Warriors,141,Oklahoma City Thunder,139,-4.5,-110,-6,-115,-6,-112,-5.5,-115,-6,-110,-6,-112,-6,-120,-6,-112,+4.5,-110,+6,-105,+6,-108,+5.5,-105,+6,-110,+6,-108,+6,-112,+6,-108
Fri Nov 3 2023,Dallas Mavericks,114,Denver Nuggets,125,+6.5,-110,+6,-110,+6,-114,+6.5,-115,+6,-110,+5.5,-105,+5.5,-115,+6,-114,-6.5,-110,-6,-110,-6,-106,-6.5,-105,-6,-110,-5.5,-115,-5.5,-115,-6,-106
Fri Nov 3 2023,Memphis Grizzlies,113,Portland Trail Blazers,115,-1.5,-110,-3.5,-115,-3.5,-114,-3.5,-115,-3.5,-110,-3.5,-115,-3.5,-112,-3.5,-114,+1.5,-110,+3.5,-105,+3.5,-106,+3.5,-105,+3.5,-110,+3.5,-105,+3.5,-109,+3.5,-106
Sat Nov 4 2023,Phoenix Suns,100,Philadelphia 76ers,112,+4,-108,+6.5,-110,+6.5,-112,+6.5,-115,+6.5,-110,+5.5,-105,+6,-110,+6.5,-112,-4,-112,-6.5,-110,-6.5,-108,-6.5,-105,-6.5,-110,-5.5,-115,-6,-110,-6.5,-108
Sat Nov 4 2023,Charlotte Hornets,125,Indiana Pacers,124,+4,-114,+5,-110,+5,-112,+5.5,-115,+5,-110,+5.5,-115,+4.5,-108,+5,-112,-4,-106,-5,-110,-5,-108,-5.5,-105,-5,-110,-5.5,-105,-4.5,-113,-5,-108
Sat Nov 4 2023,Atlanta Hawks,123,New Orleans Pelicans,105,+3,-110,+2,-110,+2,-106,+1.5,-105,+2,-110,+1.5,-105,+2.5,-108,+2,-106,-3,-110,-2,-110,-2,-114,-1.5,-115,-2,-110,-1.5,-115,-2.5,-113,-2,-114
Sat Nov 4 2023,Los Angeles Lakers,101,Orlando Magic,120,-3.5,-110,-3.5,-115,-3.5,-114,-3.5,-115,-4,-110,-3.5,-110,-3,-113,-3.5,-114,+3.5,-110,+3.5,-105,+3.5,-106,+3.5,-105,+4,-110,+3.5,-110,+3,-107,+3.5,-106
Sat Nov 4 2023,Boston Celtics,124,Brooklyn Nets,114,-9,-112,-10,-110,-10,-110,-9.5,-115,-10,-110,-9.5,-115,-10,-109,-10,-110,+9,-108,+10,-110,+10,-110,+9.5,-105,+10,-110,+9.5,-105,+10,-112,+10,-110
Sat Nov 4 2023,Sacramento Kings,89,Houston Rockets,107,-3,-110,-2.5,-110,-2.5,-112,-2.5,-110,-2.5,-110,-2.5,-115,-2,-110,-2.5,-112,+3,-110,+2.5,-110,+2.5,-108,+2.5,-110,+2.5,-110,+2.5,-105,+2,-110,+2.5,-108
Sat Nov 4 2023,Utah Jazz,95,Minnesota Timberwolves,123,+7.5,-108,+8,-110,+8,-110,+7.5,-105,+8,-110,+7.5,-105,+7.5,-112,+8,-110,-7.5,-112,-8,-110,-8,-110,-7.5,-115,-8,-110,-7.5,-115,-7.5,-109,-8,-110
Sat Nov 4 2023,Chicago Bulls,101,Denver Nuggets,123,+10,-108,+9,-110,+9,-110,+9.5,-115,+9,-110,+9.5,-110,+9,-112,+9,-110,-10,-112,-9,-110,-9,-110,-9.5,-105,-9,-110,-9.5,-110,-9,-109,-9,-110
Sun Nov 5 2023,Phoenix Suns,120,Detroit Pistons,106,-5,-108,-3.5,-110,-3.5,-110,-3.5,-110,-3.5,-115,-3,-112,-3.5,-109,-3.5,-110,+5,-112,+3.5,-110,+3.5,-110,+3.5,-110,+3.5,-105,+3,-108,+3.5,-112,+3.5,-110
Sun Nov 5 2023,Toronto Raptors,123,San Antonio Spurs,116,-2.5,-110,-4,-110,-3.5,-114,-4.5,-105,-4,-110,-4.5,-105,-4,-108,-3.5,-114,+2.5,-110,+4,-110,+3.5,-106,+4.5,-115,+4,-110,+4.5,-115,+4,-113,+3.5,-106
Sun Nov 5 2023,Golden State Warriors,104,Cleveland Cavaliers,115,+2,-110,+1.5,-110,+1.5,-110,+2.5,-115,+1,-110,+1,-105,+1,-110,+1.5,-110,-2,-110,-1.5,-110,-1.5,-110,-2.5,-105,-1,-110,-1,-115,-1,-110,-1.5,-110
Sun Nov 5 2023,Charlotte Hornets,118,Dallas Mavericks,124,+10.5,-110,+11.5,-110,+11.5,-108,+11.5,-110,+11.5,-110,+11.5,-110,+11,-109,+11.5,-108,-10.5,-110,-11.5,-110,-11.5,-112,-11.5,-110,-11.5,-110,-11.5,-110,-11,-112,-11.5,-112
Sun Nov 5 2023,Memphis Grizzlies,112,Portland Trail Blazers,100,-2.5,-110,-3.5,-110,-3.5,-106,-3.5,-110,-3.5,-115,-3.5,-105,-3,-113,-3.5,-106,+2.5,-110,+3.5,-110,+3.5,-114,+3.5,-110,+3.5,-105,+3.5,-115,+3,-108,+3.5,-114
Mon Nov 6 2023,Golden State Warriors,120,Detroit Pistons,109,-6,-110,-9,-110,-9,-110,-9.5,-105,-9,-115,-8.5,-115,-8.5,-112,-9,-110,+6,-110,+9,-110,+9,-110,+9.5,-115,+9,-105,+8.5,-105,+8.5,-109,+9,-110
Mon Nov 6 2023,San Antonio Spurs,111,Indiana Pacers,152,+6.5,-110,+8.5,-105,+8.5,-110,+9.5,-115,+8.5,-110,+8.5,-110,+8.5,-108,+8.5,-110,-6.5,-110,-8.5,-115,-8.5,-110,-9.5,-105,-8.5,-110,-8.5,-110,-8.5,-113,-8.5,-110
Mon Nov 6 2023,Dallas Mavericks,117,Orlando Magic,102,-1,-110,-1,-110,-1.5,-108,-1.5,even,-1,-105,-1,-110,-1,-108,-1.5,-108,+1,-110,+1,-110,+1.5,-112,+1.5,-120,+1,-115,+1,-110,+1,-113,+1.5,-112
Mon Nov 6 2023,Washington Wizards,128,Philadelphia 76ers,146,+11,-106,+11,-110,+11,-108,+11.5,-115,+11,-115,+11.5,-110,+11,-109,+11,-108,-11,-114,-11,-110,-11,-112,-11.5,-105,-11,-105,-11.5,-110,-11,-112,-11,-112
Mon Nov 6 2023,Milwaukee Bucks,129,Brooklyn Nets,125,-5,-110,-5,-110,-4.5,-110,-4.5,-110,-4.5,-110,-4.5,-115,-4.5,-115,-4.5,-110,+5,-110,+5,-110,+4.5,-110,+4.5,-110,+4.5,-110,+4.5,-105,+4.5,-115,+4.5,-110
Mon Nov 6 2023,Los Angeles Lakers,107,Miami Heat,108,+1.5,-110,+1.5,-110,+1.5,-110,+1.5,-110,+2,-110,+1.5,-110,+1.5,-110,+1.5,-110,-1.5,-110,-1.5,-110,-1.5,-110,-1.5,-110,-2,-110,-1.5,-110,-1.5,-110,-1.5,-110
Mon Nov 6 2023,Los Angeles Clippers,97,New York Knicks,111,-1.5,-108,+1,-110,+1,-110,+1.5,-110,+1,-110,+0.5,-105,+1.5,-115,+1,-110,+1.5,-112,-1,-110,-1,-110,-1.5,-110,-1,-110,-0.5,-115,-1.5,-115,-1,-110
Mon Nov 6 2023,Utah Jazz,113,Chicago Bulls,130,+4.5,-114,+4.5,-110,+4,-106,+4.5,-110,+4.5,-110,+4,-108,+2.5,-114,+4,-106,-4.5,-106,-4.5,-110,-4,-114,-4.5,-110,-4.5,-110,-4,-112,-2.5,-118,-4,-114
Mon Nov 6 2023,Sacramento Kings,97,Houston Rockets,122,+1.5,-110,-2,-110,-2,-110,-2.5,-105,-2,-115,-2.5,-105,-2,-114,-2,-110,-1.5,-110,+2,-110,+2,-110,+2.5,-115,+2,-105,+2.5,-115,+2,-120,+2,-110
Mon Nov 6 2023,Boston Celtics,109,Minnesota Timberwolves,114,-4,-108,-3,-115,-3.5,-108,-3.5,-110,-3.5,-110,-3.5,-115,-3.5,-112,-3.5,-108,+4,-112,+3,-105,+3.5,-112,+3.5,-110,+3.5,-110,+3.5,-105,+3.5,-109,+3.5,-112
Mon Nov 6 2023,Atlanta Hawks,117,Oklahoma City Thunder,126,-1,-112,+1,-110,+1,-108,+1.5,-120,+1,-110,+0.5,-115,+1,-112,+1,-108,+1,-108,-1,-110,-1,-112,-1.5,even,-1,-110,-0.5,-105,-1,-109,-1,-112
Mon Nov 6 2023,New Orleans Pelicans,116,Denver Nuggets,134,+6,-110,+6.5,-110,+6.5,-110,+6.5,-110,+6.5,-110,+6.5,-108,+6,-107,+6.5,-110,-6,-110,-6.5,-110,-6.5,-110,-6.5,-110,-6.5,-110,-6.5,-112,-6,-114,-6.5,-110
Wed Nov 8 2023,Washington Wizards,132,Charlotte Hornets,116,+4,-108,+2,-110,+2,-110,+2.5,-115,+2,-115,+1.5,-105,+2.5,-112,+2,-110,-4,-112,-2,-110,-2,-110,-2.5,-105,-2,-105,-1.5,-115,-2.5,-109,-2,-110
Wed Nov 8 2023,Utah Jazz,118,Indiana Pacers,134,+5,-112,+6,-110,+6,-108,+5.5,-105,+6,-110,+5.5,-105,+6,-112,+6,-108,-5,-108,-6,-110,-6,-112,-5.5,-115,-6,-110,-5.5,-115,-6,-109,-6,-112
Wed Nov 8 2023,Boston Celtics,103,Philadelphia 76ers,106,-1,-110,-2.5,-115,-2.5,-110,-2.5,-110,-2.5,-115,-2.5,-115,-3,-108,-2.5,-110,+1,-110,+2.5,-105,+2.5,-110,+2.5,-110,+2.5,-105,+2.5,-105,+3,-113,+2.5,-110
Wed Nov 8 2023,Los Angeles Clippers,93,Brooklyn Nets,100,-4.5,-108,-5.5,-110,-5.5,-108,-5.5,-110,-5.5,-115,-5.5,-115,-5,-114,-5.5,-108,+4.5,-112,+5.5,-110,+5.5,-112,+5.5,-110,+5.5,-105,+5.5,-105,+5,-107,+5.5,-112
Wed Nov 8 2023,San Antonio Spurs,105,New York Knicks,126,+9.5,-110,+9,-110,+9,-108,+9.5,-115,+9,-105,+9.5,-115,+9,-112,+9,-108,-9.5,-110,-9,-110,-9,-112,-9.5,-105,-9,-115,-9.5,-105,-9,-109,-9,-112
Wed Nov 8 2023,Phoenix Suns,116,Chicago Bulls,115,+1.5,-106,-1,-110,-1,-110,-1.5,-110,-1,-105,+0.5,-115,-1.5,-108,-1,-110,-1.5,-114,+1,-110,+1,-110,+1.5,-110,+1,-115,-0.5,-105,+1.5,-113,+1,-110
Wed Nov 8 2023,Los Angeles Lakers,94,Houston Rockets,128,-4.5,-110,-2,-110,-2,-106,-2.5,-105,-2,-110,-1.5,-115,-2,-108,-2,-106,+4.5,-110,+2,-110,+2,-114,+2.5,-115,+2,-110,+1.5,-105,+2,-113,+2,-114
Wed Nov 8 2023,Miami Heat,108,Memphis Grizzlies,102,+1.5,-112,-2,-110,-2,-112,-1.5,-115,-1.5,-110,-1.5,-115,-2,-108,-2,-112,-1.5,-108,+2,-110,+2,-108,+1.5,-105,+1.5,-110,+1.5,-105,+2,-113,+2,-108
Wed Nov 8 2023,Detroit Pistons,118,Milwaukee Bucks,120,+12.5,-110,+12,-110,+12,-110,+12.5,-115,+12,-110,+12.5,-115,+12,-112,+12,-110,-12.5,-110,-12,-110,-12,-110,-12.5,-105,-12,-110,-12.5,-105,-12,-109,-12,-110
Wed Nov 8 2023,New Orleans Pelicans,101,Minnesota Timberwolves,122,+6.5,-110,+9.5,-110,+9.5,-108,+9.5,-110,+9.5,-115,+9.5,-115,+9.5,-113,+9.5,-108,-6.5,-110,-9.5,-110,-9.5,-112,-9.5,-110,-9.5,-105,-9.5,-105,-9.5,-110,-9.5,-112
Wed Nov 8 2023,Cleveland Cavaliers,120,Oklahoma City Thunder,128,-1,-110,-2,-110,-2,-114,-2.5,-105,-2,-115,-2.5,-105,-2,-113,-2,-114,+1,-110,+2,-110,+2,-106,+2.5,-115,+2,-105,+2.5,-115,+2,-108,+2,-106
Wed Nov 8 2023,Toronto Raptors,127,Dallas Mavericks,116,+6,-108,+4.5,-110,+4,-108,+5.5,-110,+4.5,-110,+4,-105,+4,-110,+4,-108,-6,-112,-4.5,-110,-4,-112,-5.5,-110,-4.5,-110,-4,-115,-4,-110,-4,-112
Wed Nov 8 2023,Golden State Warriors,105,Denver Nuggets,108,+5,-110,+4.5,-110,+4.5,-110,+4.5,-110,+4,-110,+4.5,-105,+4.5,-110,+4.5,-110,-5,-110,-4.5,-110,-4.5,-110,-4.5,-110,-4,-110,-4.5,-115,-4.5,-110,-4.5,-110
Wed Nov 8 2023,Portland Trail Blazers,118,Sacramento Kings,121,+8,-110,+7.5,-110,+8,-112,+8.5,-115,+7.5,-105,+8.5,-105,+7.5,-108,+8,-112,-8,-110,-7.5,-110,-8,-108,-8.5,-105,-7.5,-115,-8.5,-115,-7.5,-113,-8,-108
Thu Nov 9 2023,Milwaukee Bucks,124,Indiana Pacers,126,-4,-112,-1,-110,-1,-108,+1.5,-125,-1.5,-115,-1.5,-105,-1,-109,-1,-108,+4,-108,+1,-110,+1,-112,-1.5,+105,+1.5,-105,+1.5,-115,+1,-112,+1,-112
Thu Nov 9 2023,Atlanta Hawks,120,Orlando Magic,119,-2,-110,-3.5,-110,-3.5,-110,-3.5,-105,-3.5,-115,-3.5,-105,-3.5,-115,-3.5,-110,+2,-110,+3.5,-110,+3.5,-110,+3.5,-115,+3.5,-105,+3.5,-115,+3.5,-108,+3.5,-110
Fri Nov 10 2023,Philadelphia 76ers,114,Detroit Pistons,106,-7.5,-108,-8.5,-110,-9,-106,-8.5,-110,-8.5,-110,-8.5,-110,-8.5,-113,-9,-106,+7.5,-112,+8.5,-110,+9,-114,+8.5,-110,+8.5,-110,+8.5,-110,+8.5,-108,+9,-114
Fri Nov 10 2023,Charlotte Hornets,124,Washington Wizards,117,+2.5,-110,+3,-110,+3.5,-110,+3.5,-110,+3,-105,+3.5,-115,+3,-113,+3.5,-110,-2.5,-110,-3,-110,-3.5,-110,-3.5,-110,-3,-115,-3.5,-105,-3,-108,-3.5,-110
Fri Nov 10 2023,Brooklyn Nets,107,Boston Celtics,121,+11,-112,+11.5,-110,+12,-110,+11.5,-110,+11.5,-110,+12.5,-120,+11.5,-115,+12,-110,-11,-110,-11.5,-110,-12,-110,-11.5,-110,-11.5,-110,-12.5,even,-11.5,-115,-12,-110
Fri Nov 10 2023,New Orleans Pelicans,101,Houston Rockets,104,-2,-110,+3,-110,+3,-108,+2.5,-105,+3,-110,+3.5,-115,+2.5,-107,+3,-108,+2,-110,-3,-110,-3,-112,-2.5,-115,-3,-110,-3.5,-105,-2.5,-114,-3,-112
Fri Nov 10 2023,Utah Jazz,127,Memphis Grizzlies,121,+5.5,-108,+5,-110,+5,-110,+4.5,-105,+5,-110,+4.5,-105,+5,-113,+5,-110,-5.5,-112,-5,-110,-5,-110,-4.5,-115,-5,-110,-4.5,-115,-5,-108,-5,-110
Fri Nov 10 2023,Minnesota Timberwolves,117,San Antonio Spurs,110,-6,-110,-7,-110,-7.5,-110,-7.5,-110,-7.5,-110,-7.5,-110,-7.5,-107,-7.5,-110,+6,-110,+7,-110,+7.5,-110,+7.5,-110,+7.5,-110,+7.5,-110,+7.5,-113,+7.5,-110
Fri Nov 10 2023,Los Angeles Clippers,126,Dallas Mavericks,144,+2.5,-110,+1.5,-110,+1.5,-112,+1.5,-115,PK,-110,+1,-108,+1.5,-107,+1.5,-112,-2.5,-110,-1.5,-110,-1.5,-108,-1.5,-105,PK,-110,-1,-112,-1.5,-114,-1.5,-108
Fri Nov 10 2023,Los Angeles Lakers,122,Phoenix Suns,119,+4,-110,+2.5,-110,+2,-108,+3.5,-110,+2,-105,+2.5,-110,+2,-110,+2,-108,-4,-110,-2.5,-110,-2,-112,-3.5,-110,-2,-115,-2.5,-110,-2,-110,-2,-112
Fri Nov 10 2023,Oklahoma City Thunder,98,Sacramento Kings,105,+1.5,-110,-1.5,-110,-2,-110,-1.5,-110,-1.5,-110,-1.5,-105,-1.5,-115,-2,-110,-1.5,-110,+1.5,-110,+2,-110,+1.5,-110,+1.5,-110,+1.5,-115,+1.5,-115,+2,-110
Sat Nov 11 2023,Milwaukee Bucks,97,Orlando Magic,112,-3,-110,-2.5,-110,-2.5,-110,-2.5,-110,-2.5,-120,-2.5,-110,-2,-112,-2.5,-110,+3,-110,+2.5,-110,+2.5,-110,+2.5,-110,+2.5,even,+2.5,-110,+2,-109,+2.5,-110
Sat Nov 11 2023,Toronto Raptors,94,Boston Celtics,117,+8.5,-110,+9,-110,+9,-112,+7.5,-105,+9,-110,+8.5,-105,+9,-110,+9,-112,-8.5,-110,-9,-110,-9,-108,-7.5,-115,-9,-110,-8.5,-115,-9,-110,-9,-108
Sat Nov 11 2023,Miami Heat,117,Atlanta Hawks,109,+4,-110,+8,-110,+7.5,-108,+8.5,-115,+8,-110,+7.5,-110,+7.5,-114,+7.5,-108,-4,-110,-8,-110,-7.5,-112,-8.5,-105,-8,-110,-7.5,-110,-7.5,-107,-7.5,-112
Sat Nov 11 2023,Cleveland Cavaliers,118,Golden State Warriors,110,+4.5,-110,+4.5,-115,+4.5,-110,+4.5,-115,+4.5,-110,+4.5,-110,+4.5,-113,+4.5,-110,-4.5,-110,-4.5,-105,-4.5,-110,-4.5,-105,-4.5,-110,-4.5,-110,-4.5,-108,-4.5,-110
Sun Nov 12 2023,Charlotte Hornets,107,New York Knicks,129,+9,-110,+10.5,-110,+10.5,-110,+10.5,-110,+10.5,-110,+10.5,-110,+10.5,-108,+10.5,-110,-9,-110,-10.5,-110,-10.5,-110,-10.5,-110,-10.5,-110,-10.5,-110,-10.5,-113,-10.5,-110
Sun Nov 12 2023,Washington Wizards,94,Brooklyn Nets,102,+6.5,-108,+7,-110,+7,-110,+6.5,-105,+7,-110,+6.5,-105,+7,-110,+7,-110,-6.5,-112,-7,-110,-7,-110,-6.5,-115,-7,-110,-6.5,-115,-7,-110,-7,-110
Sun Nov 12 2023,Memphis Grizzlies,105,Los Angeles Clippers,101,+8,-108,+8.5,-110,+8,-108,+8.5,-110,+8.5,-110,+8.5,-110,+8,-109,+8,-108,-8,-112,-8.5,-110,-8,-112,-8.5,-110,-8.5,-110,-8.5,-110,-8,-112,-8,-112
Sun Nov 12 2023,Indiana Pacers,126,Philadelphia 76ers,137,+8,-110,+7,-110,+7,-112,+6.5,-110,+6.5,-110,+7.5,-115,+6.5,-109,+7,-112,-8,-110,-7,-110,-7,-108,-6.5,-110,-6.5,-110,-7.5,-105,-6.5,-112,-7,-108
Sun Nov 12 2023,Detroit Pistons,108,Chicago Bulls,119,+7.5,-110,+6.5,-110,+6.5,-108,+6.5,-110,+6.5,-110,+6.5,-115,+6.5,-109,+6.5,-108,-7.5,-110,-6.5,-110,-6.5,-112,-6.5,-110,-6.5,-110,-6.5,-105,-6.5,-114,-6.5,-112
Sun Nov 12 2023,Denver Nuggets,104,Houston Rockets,107,-4.5,-114,-4.5,-110,-4.5,-110,-4.5,-115,-5,-110,-5,-112,-4.5,-112,-4.5,-110,+4.5,-106,+4.5,-110,+4.5,-110,+4.5,-105,+5,-110,+5,-108,+4.5,-109,+4.5,-110
Sun Nov 12 2023,Dallas Mavericks,136,New Orleans Pelicans,124,+2,-110,-3.5,-110,-3.5,-110,-3.5,-110,-3.5,-110,-3.5,-115,-3,-115,-3.5,-110,-2,-110,+3.5,-110,+3.5,-110,+3.5,-110,+3.5,-110,+3.5,-105,+3,-108,+3.5,-110
Sun Nov 12 2023,Miami Heat,118,San Antonio Spurs,113,-1.5,-110,-1.5,-110,-2,-112,-1.5,-115,-1.5,-110,-1.5,-108,-2,-113,-2,-112,+1.5,-110,+1.5,-110,+2,-108,+1.5,-105,+1.5,-110,+1.5,-112,+2,-108,+2,-108
Sun Nov 12 2023,Oklahoma City Thunder,111,Phoenix Suns,99,+2.5,-110,+3.5,-110,+3.5,-108,+4.5,-115,+4,-110,+4.5,-115,+3.5,-109,+3.5,-108,-2.5,-110,-3.5,-110,-3.5,-112,-4.5,-105,-4,-110,-4.5,-105,-3.5,-112,-3.5,-112
Sun Nov 12 2023,Minnesota Timberwolves,116,Golden State Warriors,110,+1,-110,+3.5,-110,+3.5,-114,+3.5,-110,+3.5,-110,+3.5,-105,+4,-109,+3.5,-114,-1,-110,-3.5,-110,-3.5,-106,-3.5,-110,-3.5,-110,-3.5,-115,-4,-112,-3.5,-106
Sun Nov 12 2023,Portland Trail Blazers,110,Los Angeles Lakers,116,+10.5,-110,+8.5,-110,+8.5,-112,+8.5,-110,+8.5,-105,+8.5,-110,+8.5,-115,+8.5,-112,-10.5,-110,-8.5,-110,-8.5,-108,-8.5,-110,-8.5,-115,-8.5,-110,-8.5,-115,-8.5,-108
Mon Nov 13 2023,New York Knicks,98,Boston Celtics,114,N/A,+9.5,-110,+9.5,-108,+9.5,-110,+9.5,-110,+9.5,-110,+10,-113,+9.5,-108,N/A,-9.5,-110,-9.5,-112,-9.5,-110,-9.5,-110,-9.5,-110,-10,-108,-9.5,-112,,
Mon Nov 13 2023,Washington Wizards,107,Toronto Raptors,111,N/A,+8.5,-110,+8,-110,+8.5,-115,+8,-115,+8,-110,+8.5,-112,+8,-110,N/A,-8.5,-110,-8,-110,-8.5,-105,-8,-105,-8,-110,-8.5,-120,-8,-110,,
Mon Nov 13 2023,Chicago Bulls,109,Milwaukee Bucks,118,N/A,+9.5,-110,+9.5,-108,+9.5,-110,+9.5,-105,+9.5,-110,+9.5,-110,+9.5,-108,N/A,-9.5,-110,-9.5,-112,-9.5,-110,-9.5,-115,-9.5,-110,-9.5,-110,-9.5,-112,,
Mon Nov 13 2023,Cleveland Cavaliers,120,Sacramento Kings,132,N/A,+1,-110,+1,-110,+1.5,-120,+1,-115,+1,-110,+1,-110,+1,-110,N/A,-1,-110,-1,-110,-1.5,even,-1,-105,-1,-110,-1,-110,-1,-110,,
Tue Nov 14 2023,Miami Heat,111,Charlotte Hornets,105,-3.5,-110,-6.5,-105,-6.5,-112,-6.5,-115,-6.5,-110,-6,-110,-10.5,-113,-6.5,-112,+3.5,-110,+6.5,-115,+6.5,-108,+6.5,-105,+6.5,-110,+6,-110,+10.5,-121,+6.5,-108
Tue Nov 14 2023,Atlanta Hawks,126,Detroit Pistons,120,-4,-110,-4.5,-110,-4.5,-112,-4.5,-110,-4.5,-115,-4.5,-115,-4.5,-115,-4.5,-112,+4,-110,+4.5,-110,+4.5,-108,+4.5,-110,+4.5,-105,+4.5,-105,+4.5,-115,+4.5,-108
Tue Nov 14 2023,Indiana Pacers,132,Philadelphia 76ers,126,+5.5,-110,+6.5,-110,+6.5,-110,+6.5,-110,+6.5,-105,+6,-105,+6.5,-108,+6.5,-110,-5.5,-110,-6.5,-110,-6.5,-112,-6.5,-110,-6.5,-115,-6,-115,-6.5,-113,-6.5,-112
Tue Nov 14 2023,Orlando Magic,104,Brooklyn Nets,124,+2,-110,+2.5,-105,+2.5,-108,+2.5,-110,+3,-110,+2.5,-105,+3,-115,+2.5,-108,-2,-110,-2.5,-115,-2.5,-112,-2.5,-110,-3,-110,-2.5,-115,-3,-115,-2.5,-112
Tue Nov 14 2023,San Antonio Spurs,87,Oklahoma City Thunder,123,+9,-110,+10,-110,+10,-110,+10.5,-115,+10,-115,+10.5,-110,+10,-109,+10,-110,-9,-110,-10,-110,-10,-110,-10.5,-105,-10,-105,-10.5,-110,-10,-112,-10,-110
Tue Nov 14 2023,Dallas Mavericks,110,New Orleans Pelicans,131,-4,-110,-3.5,-105,-3.5,-108,-3.5,-110,-3.5,-105,-3.5,-115,-3.5,-110,-3.5,-108,+4,-110,+3.5,-115,+3.5,-112,+3.5,-110,+3.5,-115,+3.5,-105,+3.5,-110,+3.5,-112
Tue Nov 14 2023,Portland Trail Blazers,99,Utah Jazz,115,+6.5,-112,+7,-115,+7,-112,+7.5,-115,+6.5,-110,+7,-110,+6.5,-110,+7,-112,-6.5,-108,-7,-105,-7,-108,-7.5,-105,-6.5,-110,-7,-110,-6.5,-113,-7,-108
Tue Nov 14 2023,Los Angeles Clippers,108,Denver Nuggets,111,+5.5,-110,+4.5,-110,+4.5,-110,+4.5,-115,+4,-115,+4.5,-105,+4.5,-109,+4.5,-110,-5.5,-110,-4.5,-110,-4.5,-110,-4.5,-105,-4,-105,-4.5,-115,-4.5,-112,-4.5,-110
Tue Nov 14 2023,Minnesota Timberwolves,104,Golden State Warriors,101,+2,-110,-3,-110,-3.5,-108,-3.5,-110,-3.5,-115,-3,-108,-2.5,-120,-3.5,-108,-2,-110,+3,-110,+3.5,-112,+3.5,-110,+3.5,-105,+3,-112,+2.5,-112,+3.5,-112
Tue Nov 14 2023,Memphis Grizzlies,107,Los Angeles Lakers,134,+5,-110,+6,-110,+6.5,-114,+6.5,-115,+6,-105,+7,-118,+6.5,-115,+6.5,-114,-5,-110,-6,-110,-6.5,-106,-6.5,-105,-6,-115,-7,-102,-6.5,-115,-6.5,-106
Wed Nov 15 2023,Dallas Mavericks,130,Washington Wizards,117,-5.5,-110,-3.5,-110,-3.5,-110,-3.5,-115,-3.5,-110,-3.5,-115,-4.5,-106,-3.5,-110,+5.5,-110,+3.5,-110,+3.5,-110,+3.5,-105,+3.5,-110,+3.5,-105,+4.5,-114,+3.5,-110
Wed Nov 15 2023,New York Knicks,116,Atlanta Hawks,114,+1.5,-108,+1,-110,+1.5,-112,+1.5,-115,+1,-120,+1.5,-105,+1,-108,+1.5,-112,-1.5,-112,-1,-110,-1.5,-108,-1.5,-105,-1,even,-1.5,-115,-1,-113,-1.5,-108
Wed Nov 15 2023,Boston Celtics,117,Philadelphia 76ers,107,+1.5,-110,-1,-115,-1.5,-110,-1.5,-110,-1.5,-125,-1.5,-110,-1,-113,-1.5,-110,-1.5,-110,+1,-105,+1.5,-110,+1.5,-110,+1.5,+105,+1.5,-110,+1,-118,+1.5,-110
Wed Nov 15 2023,Milwaukee Bucks,128,Toronto Raptors,112,-3,-112,-1,-105,-1.5,-108,-1.5,-105,-1.5,-110,-1.5,-105,-2,-109,-1.5,-108,+3,-108,+1,-115,+1.5,-112,+1.5,-115,+1.5,-110,+1.5,-115,+2,-112,+1.5,-112
Wed Nov 15 2023,Orlando Magic,96,Chicago Bulls,94,+2.5,-110,+2.5,-110,+2,-108,+3.5,-115,+2.5,-105,+2.5,-110,+2,-112,+2,-108,-2.5,-110,-2.5,-110,-2,-112,-3.5,-105,-2.5,-115,-2.5,-110,-2,-109,-2,-112
Wed Nov 15 2023,Minnesota Timberwolves,115,Phoenix Suns,133,+6,-108,+4,-105,+4,-110,+4.5,-115,+4.5,-110,+4.5,-115,+4,-108,+4,-110,-6,-112,-4,-115,-4,-110,-4.5,-105,-4.5,-110,-4.5,-105,-4,-113,-4,-110
Wed Nov 15 2023,Sacramento Kings,125,Los Angeles Lakers,110,+2.5,-110,+1,-110,+1,-112,+1.5,-120,+1,-110,+1,-110,+1,-115,+1,-112,-2.5,-110,-1,-110,-1,-108,-1.5,even,-1,-110,-1,-110,-1,-115,-1,-108
Wed Nov 15 2023,Cleveland Cavaliers,109,Portland Trail Blazers,95,-9.5,-110,-10,-110,-9.5,-110,-9.5,-115,-10,-110,-10,-105,-10.5,-108,-9.5,-110,+9.5,-110,+10,-110,+9.5,-110,+9.5,-105,+10,-110,+10,-115,+10.5,-113,+9.5,-110
Thu Nov 16 2023,Brooklyn Nets,115,Miami Heat,122,+3,-110,+3.5,-110,+3.5,-108,+3.5,-115,+3.5,-110,+3.5,-110,+3.5,-113,+3.5,-108,-3,-110,-3.5,-110,-3.5,-112,-3.5,-105,-3.5,-110,-3.5,-110,-3.5,-108,-3.5,-112
Thu Nov 16 2023,Oklahoma City Thunder,128,Golden State Warriors,109,-2,-110,-3,-110,-3.5,-110,-3.5,-105,-3.5,-110,-3,-115,-3.5,-110,-3.5,-110,+2,-110,+3,-110,+3.5,-110,+3.5,-115,+3.5,-110,+3,-105,+3.5,-110,+3.5,-110
Fri Nov 17 2023,Milwaukee Bucks,130,Charlotte Hornets,99,-6,-112,-8,-110,-8,-112,-8.5,-105,-8,-110,-8.5,-105,-8.5,-112,-8,-112,+6,-108,+8,-110,+8,-108,+8.5,-115,+8,-110,+8.5,-115,+8.5,-109,+8,-108
Fri Nov 17 2023,New York Knicks,120,Washington Wizards,99,-6.5,-110,-7,-110,-7,-110,-7.5,-105,-7.5,-110,-7,-108,-7,-115,-7,-110,+6.5,-110,+7,-110,+7,-110,+7.5,-115,+7.5,-110,+7,-112,+7,-115,+7,-110
Fri Nov 17 2023,Philadelphia 76ers,126,Atlanta Hawks,116,-1,-110,-1.5,-110,-1.5,-110,-1.5,-110,-1.5,-110,-1.5,-105,-1.5,-118,-1.5,-110,+1,-110,+1.5,-110,+1.5,-110,+1.5,-110,+1.5,-110,+1.5,-115,+1.5,-113,+1.5,-110
Fri Nov 17 2023,Detroit Pistons,100,Cleveland Cavaliers,108,+10,-110,+9,-110,+9,-110,+9.5,-115,+9,-110,+8.5,-105,+8.5,-109,+9,-110,-10,-110,-9,-110,-9,-110,-9.5,-105,-9,-110,-8.5,-115,-8.5,-112,-9,-110
Fri Nov 17 2023,Sacramento Kings,129,San Antonio Spurs,120,-6,-110,-8.5,-110,-8.5,-112,-8.5,-110,-8.5,-110,-8.5,-110,-8.5,-108,-8.5,-112,+6,-110,+8.5,-110,+8.5,-108,+8.5,-110,+8.5,-110,+8.5,-110,+8.5,-113,+8.5,-108
Fri Nov 17 2023,Boston Celtics,108,Toronto Raptors,105,-4.5,-108,-9,-110,-9,-110,-8.5,-115,-9,-110,-9,-115,-9,-109,-9,-110,+4.5,-112,+9,-110,+9,-110,+8.5,-105,+9,-110,+9,-105,+9,-112,+9,-110
Fri Nov 17 2023,Orlando Magic,103,Chicago Bulls,97,+2,-110,+4,-110,+3.5,-108,+4.5,-115,+4,-110,+3.5,-110,+4,-110,+3.5,-108,-2,-110,-4,-110,-3.5,-112,-4.5,-105,-4,-110,-3.5,-110,-4,-110,-3.5,-112
Fri Nov 17 2023,Denver Nuggets,110,New Orleans Pelicans,115,-3.5,-110,-5,-110,-5,-106,-4.5,-115,-5,-110,-4.5,-115,-4.5,-114,-5,-106,+3.5,-110,+5,-110,+5,-114,+4.5,-105,+5,-110,+4.5,-105,+4.5,-107,+5,-114
Fri Nov 17 2023,Los Angeles Lakers,107,Portland Trail Blazers,95,-7.5,-110,-9.5,-110,-9.5,-112,-9.5,-110,-9,-110,-9.5,-115,-9.5,-115,-9.5,-112,+7.5,-110,+9.5,-110,+9.5,-108,+9.5,-110,+9,-110,+9.5,-105,+9.5,-115,+9.5,-108
Fri Nov 17 2023,Phoenix Suns,131,Utah Jazz,128,-5,-110,-5.5,-110,-5.5,-114,-5.5,-110,-5,-110,-5.5,-110,-5.5,-110,-5.5,-114,+5,-110,+5.5,-110,+5.5,-106,+5.5,-110,+5,-110,+5.5,-110,+5.5,-110,+5.5,-106
Fri Nov 17 2023,Houston Rockets,100,Los Angeles Clippers,106,+6,-110,+7.5,-110,+7.5,-112,+7.5,-105,+7.5,-110,+7.5,-110,+7.5,-114,+7.5,-112,-6,-110,-7.5,-110,-7.5,-108,-7.5,-115,-7.5,-110,-7.5,-110,-7.5,-107,-7.5,-108
Sat Nov 18 2023,New York Knicks,122,Charlotte Hornets,108,-6,-112,-6.5,-110,-6.5,-114,-6.5,-105,-7,-105,-6.5,-105,-6.5,-108,-6.5,-114,+6,-108,+6.5,-110,+6.5,-114,+6.5,-115,+7,-115,+6.5,-115,+6.5,-113,+6.5,-114
Sat Nov 18 2023,Minnesota Timberwolves,121,New Orleans Pelicans,120,-5,-110,-7.5,-110,-7.5,-110,-7.5,-110,-8,-110,-7.5,-110,-7.5,-109,-7.5,-110,+5,-110,+7.5,-110,+7.5,-110,+7.5,-110,+8,-110,+7.5,-110,+7.5,-112,+7.5,-110
Sat Nov 18 2023,Miami Heat,97,Chicago Bulls,102,-3,-110,-2,-110,-2,-112,-2.5,-105,-2,-110,-2,-110,-2,-113,-2,-112,+3,-110,+2,-110,+2,-108,+2.5,-115,+2,-110,+2,-110,+2,-108,+2,-108
Sat Nov 18 2023,Dallas Mavericks,125,Milwaukee Bucks,132,+2,-110,+2,-110,+2,-110,+1.5,-110,+2,-110,+1.5,-115,+2,-110,+2,-110,-2,-110,-2,-110,-2,-110,-1.5,-110,-2,-110,-1.5,-105,-2,-110,-2,-110
Sat Nov 18 2023,Memphis Grizzlies,120,San Antonio Spurs,108,-3,-110,-3,-110,-3.5,-108,-3.5,-105,-3,-110,-3.5,-105,-3,-110,-3.5,-108,+3,-110,+3,-110,+3.5,-112,+3.5,-115,+3,-110,+3.5,-115,+3,-110,+3.5,-112
Sat Nov 18 2023,Oklahoma City Thunder,130,Golden State Warriors,123,-2,-112,+2,-110,+2,-108,+1.5,-105,+2,-105,+1.5,-105,+2.5,-113,+2,-108,+2,-108,-2,-110,-2,-112,-1.5,-115,-2,-115,-1.5,-115,-2.5,-118,-2,-112
Sun Nov 19 2023,Philadelphia 76ers,121,Brooklyn Nets,99,-3,-110,-3.5,-110,-3.5,-114,-3.5,-110,-3.5,-110,-3.5,-115,-3.5,-115,-3.5,-114,+3,-110,+3.5,-110,+3.5,-106,+3.5,-110,+3.5,-110,+3.5,-105,+3.5,-115,+3.5,-106
Sun Nov 19 2023,Detroit Pistons,113,Toronto Raptors,142,+5.5,-110,+9.5,-110,+9.5,-106,+9.5,-110,+9.5,-110,+9.5,-105,+9.5,-110,+9.5,-106,-5.5,-110,-9.5,-110,-9.5,-114,-9.5,-110,-9.5,-110,-9.5,-115,-9.5,-110,-9.5,-114
Sun Nov 19 2023,Orlando Magic,128,Indiana Pacers,116,+4,-110,+4.5,-110,+4.5,-108,+4.5,-110,+4.5,-105,+4.5,-105,+4,-107,+4.5,-108,-4,-110,-4.5,-110,-4.5,-112,-4.5,-110,-4.5,-115,-4.5,-115,-4,-114,-4.5,-112
Sun Nov 19 2023,Denver Nuggets,109,Cleveland Cavaliers,121,-2,-112,-4.5,-110,-4.5,-112,-4.5,-110,-4.5,-110,-4.5,-105,-4.5,-107,-4.5,-112,+2,-108,+4.5,-110,+4.5,-108,+4.5,-110,+4.5,-110,+4.5,-115,+4.5,-114,+4.5,-108
Sun Nov 19 2023,Sacramento Kings,129,Dallas Mavericks,113,+1,-110,+1.5,-110,+1.5,-106,+1.5,-105,+2,-105,+1.5,-110,+1.5,-109,+1.5,-106,-1,-110,-1.5,-110,-1.5,-114,-1.5,-115,-2,-115,-1.5,-110,-1.5,-112,-1.5,-114
Sun Nov 19 2023,Boston Celtics,102,Memphis Grizzlies,100,-6.5,-110,-12.5,-110,-12,-108,-12.5,-110,-12.5,-115,-12.5,-115,-11.5,-115,-12,-108,+6.5,-110,+12.5,-110,+12,-112,+12.5,-110,+12.5,-105,+12.5,-105,+11.5,-115,+12,-112
Sun Nov 19 2023,Phoenix Suns,140,Utah Jazz,137,-4.5,-110,-5,-110,-5.5,-106,-5.5,-105,-5,-110,-5.5,-105,-5.5,-112,-5.5,-106,+4.5,-110,+5,-110,+5.5,-122,+5.5,-115,+5,-110,+5.5,-115,+5.5,-120,+5.5,-122
Sun Nov 19 2023,Oklahoma City Thunder,134,Portland Trail Blazers,91,-7.5,-110,-7,-105,-6.5,-108,-7.5,-105,-7,-105,-6.5,-115,-7,-115,-6.5,-108,+7.5,-110,+7,-115,+6.5,-112,+7.5,-115,+7,-115,+6.5,-105,+7,-115,+6.5,-112
Sun Nov 19 2023,Houston Rockets,104,Los Angeles Lakers,105,+6,-110,+6,-110,+6.5,-112,+5.5,-105,+6,-110,+6.5,-112,+6,-113,+6.5,-112,-6,-110,-6,-110,-6.5,-108,-5.5,-115,-6,-110,-6.5,-108,-6,-108,-6.5,-108
Mon Nov 20 2023,Boston Celtics,118,Charlotte Hornets,121,-9.5,-112,-9,-110,-8.5,-106,-8.5,-115,-9,-115,-8.5,-115,-8.5,-108,-8.5,-106,+9.5,-108,+9,-110,+8.5,-114,+8.5,-105,+9,-105,+8.5,-105,+8.5,-113,+8.5,-114
Mon Nov 20 2023,Denver Nuggets,107,Detroit Pistons,103,-8,-110,-9.5,-110,-9.5,-112,-9.5,-110,-9.5,-115,-9.5,-110,-9.5,-110,-9.5,-112,+8,-110,+9.5,-110,+9.5,-108,+9.5,-110,+9.5,-105,+9.5,-110,+9.5,-110,+9.5,-108
Mon Nov 20 2023,Milwaukee Bucks,142,Washington Wizards,129,-8.5,-110,-9.5,-110,-10,-110,-9.5,-110,-10,-115,-9.5,-120,-10,-108,-10,-110,+8.5,-110,+9.5,-110,+10,-110,+9.5,-110,+10,-105,+9.5,even,+10,-113,+10,-110
Mon Nov 20 2023,Miami Heat,118,Chicago Bulls,100,-1.5,-108,-1.5,-110,-1.5,-110,-1.5,-105,-1.5,-105,-1.5,-102,-2,-112,-1.5,-110,+1.5,-112,+1.5,-110,+1.5,-110,+1.5,-115,+1.5,-115,+1.5,-118,+2,-112,+1.5,-110
Mon Nov 20 2023,New York Knicks,100,Minnesota Timberwolves,117,+3,-110,+2.5,-110,+2.5,-112,+2.5,-110,+2.5,-110,+2.5,-110,+2.5,-112,+2.5,-112,-3,-110,-2.5,-110,-2.5,-110,-2.5,-110,-2.5,-110,-2.5,-110,-2.5,-120,-2.5,-110
Mon Nov 20 2023,Sacramento Kings,93,New Orleans Pelicans,129,-1,-110,-2,-105,-1.5,-110,-1.5,-115,-1.5,-115,-1,-115,-1,-112,-1.5,-110,+1,-110,+2,-115,+1.5,-110,+1.5,-105,+1.5,-105,+1,-105,+1,-109,+1.5,-110
Mon Nov 20 2023,Los Angeles Clippers,124,San Antonio Spurs,99,-7,-108,-8.5,-110,-8.5,-114,-8.5,-110,-8.5,-115,-8.5,-112,-8.5,-108,-8.5,-114,+7,-112,+8.5,-110,+8.5,-106,+8.5,-110,+8.5,-105,+8.5,-108,+8.5,-113,+8.5,-106
Mon Nov 20 2023,Houston Rockets,116,Golden State Warriors,121,+7.5,-110,+7,-110,+7.5,-110,+7.5,-115,+7,-115,+7.5,-110,+7.5,-107,+7.5,-110,-7.5,-110,-7,-110,-7.5,-110,-7.5,-105,-7,-105,-7.5,-110,-7.5,-114,-7.5,-110
Tue Nov 21 2023,Toronto Raptors,107,Orlando Magic,126,+1.5,-110,+1.5,-110,+1.5,-110,+1.5,-110,+2.5,-110,+1.5,-110,+2,-109,+1.5,-110,+1.5,-110,-1.5,-110,-1.5,-110,-1.5,-110,-1.5,-110,-2.5,-110,-1.5,-110,-2,-112
Tue Nov 21 2023,Indiana Pacers,157,Atlanta Hawks,152,+4,-110,+3.5,-110,+3.5,-106,+3.5,-110,+3.5,-115,+3.5,-110,+3.5,-112,+3.5,-110,+3.5,-106,-4,-110,-3.5,-110,-3.5,-114,-3.5,-110,-3.5,-105,-3.5,-110,-3.5,-109
Tue Nov 21 2023,Cleveland Cavaliers,122,Philadelphia 76ers,119,+6,-110,+8,-110,+8,-108,+8.5,-115,+8.5,-110,+7.5,-110,+7.5,-113,+7.5,-110,+8,-108,-6,-110,-8,-110,-8,-112,-8.5,-105,-8.5,-110,-7.5,-110,-7.5,-108
Tue Nov 21 2023,Portland Trail Blazers,107,Phoenix Suns,120,+12.5,-110,+12,-110,+12.5,-114,+12.5,-115,+12.5,-110,+12.5,-110,+12.5,-113,+13.5,-110,+12.5,-114,-12.5,-110,-12,-110,-12.5,-106,-12.5,-105,-12.5,-110,-12.5,-110,-12.5,-108
Tue Nov 21 2023,Utah Jazz,99,Los Angeles Lakers,131,+8.5,-110,+7.5,-110,+7.5,-106,+7.5,-110,+7.5,-115,+7.5,-112,+7.5,-114,+7.5,-105,+7.5,-106,-8.5,-110,-7.5,-110,-7.5,-114,-7.5,-110,-7.5,-105,-7.5,-108,-7.5,-107
Wed Nov 22 2023,Washington Wizards,114,Charlotte Hornets,117,+4.5,-114,+3.5,-110,+3.5,-108,+3.5,-110,+3.5,-110,+3.5,-115,+4,-114,+3.5,-115,+3.5,-108,-4.5,-106,-3.5,-110,-3.5,-112,-3.5,-110,-3.5,-110,-3.5,-105,-4,-117
Wed Nov 22 2023,Denver Nuggets,119,Orlando Magic,124,-4.5,-112,-3.5,-110,-3,-114,-3.5,-105,-4,-110,-3.5,-110,-3.5,-115,-3.5,-110,-3,-114,+4.5,-110,+3.5,-110,+3,-106,+3.5,-115,+4,-110,+3.5,-110,+3.5,-115
Wed Nov 22 2023,Brooklyn Nets,145,Atlanta Hawks,147,+4.5,-110,+3.5,-110,+3.5,-110,+3.5,-110,+3.5,-105,+3.5,-115,+3,-106,+3.5,-115,+3.5,-110,-4.5,-110,-3.5,-110,-3.5,-110,-3.5,-110,-3.5,-115,-3.5,-105,-3,-115
Wed Nov 22 2023,Milwaukee Bucks,116,Boston Celtics,119,+5,-112,+6,-110,+6,-110,+6.5,-115,+6,-110,+6.5,-115,+6,-108,+6.5,-115,+6,-110,-5,-108,-6,-110,-6,-110,-6.5,-105,-6,-110,-6.5,-105,-6,-113
Wed Nov 22 2023,Miami Heat,129,Cleveland Cavaliers,96,-1,-110,+1.5,-110,+1.5,-110,+1.5,-110,+1.5,-110,+0.5,-105,+1,-115,+0.5,-110,+1.5,-110,+1,-110,-1.5,-110,-1.5,-110,-1.5,-110,-1.5,-110,-0.5,-115,-1,-106
Wed Nov 22 2023,Toronto Raptors,132,Indiana Pacers,131,+3.5,-110,+2.5,-110,+2.5,-110,-7.5,+290,+2.5,-115,+2.5,-105,+3,-115,+2.5,-105,+2.5,-110,-3.5,-110,-2.5,-110,-2.5,-110,+7.5,-375,-2.5,-105,-2.5,-115,-3,-115
Wed Nov 22 2023,Memphis Grizzlies,91,Houston Rockets,111,+4.5,-110,+5,-105,+5,-106,+12.5,-300,+5,-105,+4.5,-105,+5,-109,+4.5,even,+5,-106,-4.5,-110,-5,-115,-5,-114,-12.5,+240,-5,-115,-4.5,-115,-5,-112
Wed Nov 22 2023,Philadelphia 76ers,99,Minnesota Timberwolves,112,+3.5,-108,+7,-110,+7,-110,+6.5,-105,+7,-105,+6.5,-108,+6.5,-115,+6.5,-105,+7,-110,-3.5,-112,-7,-110,-7,-110,-6.5,-115,-7,-115,-6.5,-112,-6.5,-115
Wed Nov 22 2023,Sacramento Kings,112,New Orleans Pelicans,117,-1,-110,-1.5,-110,-1.5,-110,-1.5,-110,-1.5,-105,-1.5,-105,-1.5,-113,-0.5,-115,-1.5,-110,+1,-110,+1.5,-110,+1.5,-110,+1.5,-110,+1.5,-115,+1.5,-115,+1.5,-108
Wed Nov 22 2023,Chicago Bulls,102,Oklahoma City Thunder,116,+7,-110,+7.5,-110,+8,-114,+7.5,-110,+7.5,-110,+7.5,-108,+7.5,-108,+6.5,-105,+8,-114,-7,-110,-7.5,-110,-8,-106,-7.5,-110,-7.5,-110,-7.5,-112,-7.5,-113
Wed Nov 22 2023,Los Angeles Clippers,109,San Antonio Spurs,102,-9.5,-106,-8.5,-105,-8,-110,-8.5,-105,-8.5,-115,-8.5,-110,-8.5,-113,-7.5,-110,-8,-110,+9.5,-114,+8.5,-115,+8,-110,+8.5,-115,+8.5,-105,+8.5,-110,+8.5,-108
Wed Nov 22 2023,Golden State Warriors,115,Phoenix Suns,123,+2.5,-110,+2.5,-110,+2.5,-106,+2.5,-105,+3.5,-110,+2.5,-110,+2.5,-109,+3.5,-115,+2.5,-106,-2.5,-110,-2.5,-110,-2.5,-114,-2.5,-115,-3.5,-110,-2.5,-110,-2.5,-112
Wed Nov 22 2023,Utah Jazz,105,Portland Trail Blazers,121,-4.5,-110,-3.5,-110,-3.5,-108,-3.5,-110,-3.5,-115,-2.5,-115,-3,-112,-3.5,-105,-3.5,-108,+4.5,-110,+3.5,-110,+3.5,-112,+3.5,-110,+3.5,-105,+2.5,-105,+3,-109
Wed Nov 22 2023,Dallas Mavericks,104,Los Angeles Lakers,101,-1,-112,-1,-105,-1,-110,+1.5,-120,PK,-115,-2.5,-112,-1.5,-110,-0.5,-110,-1,-110,+1,-110,+1,-115,+1,-110,-1.5,even,PK,-105,+2.5,-108,+1.5,-110
Fri Nov 24 2023,Boston Celtics,96,Orlando Magic,113,-5.5,-110,-5.5,-110,-5,-112,-5.5,-105,-5.5,-105,-4.5,-120,-5.5,-107,-5.5,-110,-5,-112,+5.5,-110,+5.5,-110,+5,-108,+5.5,-115,+5.5,-115,+4.5,even,+5.5,-114
Fri Nov 24 2023,Phoenix Suns,110,Memphis Grizzlies,89,-5,-110,-3.5,-110,-3.5,-112,+0.5,-160,-3.5,-110,-3.5,-112,-3.5,-110,-3.5,-115,-3.5,-112,+5,-110,+3.5,-110,+3.5,-108,-0.5,+135,+3.5,-110,+3.5,-108,+3.5,-110
Fri Nov 24 2023,Miami Heat,98,New York Knicks,100,+3,-106,+5.5,-110,+5.5,-110,+5.5,-115,+5.5,-105,+5.5,-115,+5.5,-113,+5.5,-115,+5.5,-110,-3,-114,-5.5,-110,-5.5,-110,-5.5,-105,-5.5,-115,-5.5,-105,-5.5,-108
Fri Nov 24 2023,Chicago Bulls,108,Toronto Raptors,121,+4.5,-110,+5,-110,+5,-114,+4.5,-105,+5,-110,+4.5,-105,+5,-109,+4.5,-105,+5,-114,-4.5,-110,-5,-110,-5,-106,-4.5,-115,-5,-110,-4.5,-115,-5,-112
Fri Nov 24 2023,Denver Nuggets,86,Houston Rockets,105,-2,-110,-3,-110,-3,-108,-2.5,-115,-3,-110,-3.5,-105,-3,-109,+3.5,-220,-3,-108,+2,-110,+3,-110,+3,-112,+2.5,-105,+3,-110,+3.5,-115,+3,-112
Fri Nov 24 2023,Detroit Pistons,113,Indiana Pacers,136,+9,-108,+9.5,-110,+9.5,-112,+9.5,-115,+9.5,-110,+8.5,-105,+8.5,-115,+9.5,-115,+9.5,-112,-9,-112,-9.5,-110,-9.5,-108,-9.5,-105,-9.5,-110,-8.5,-115,-8.5,-115
Fri Nov 24 2023,Washington Wizards,128,Milwaukee Bucks,131,+14,-108,+14,-110,+13.5,-110,+13.5,-105,+14,-110,+13.5,-105,+13.5,-108,+13.5,-105,+13.5,-110,-14,-112,-14,-110,-13.5,-110,-13.5,-115,-14,-110,-13.5,-115,-13.5,-113
Fri Nov 24 2023,Sacramento Kings,124,Minnesota Timberwolves,111,+4,-110,+4.5,-110,+4.5,-112,+4.5,-115,+4.5,-110,+4.5,-115,+4.5,-110,+4.5,-110,+4.5,-112,-4,-110,-4.5,-110,-4.5,-108,-4.5,-105,-4.5,-110,-4.5,-105,-4.5,-110
Fri Nov 24 2023,San Antonio Spurs,112,Golden State Warriors,118,+10,-110,+10,-110,+10,-112,+10.5,-115,+10,-110,+10.5,-115,+9.5,-108,+10.5,-115,+10,-112,-10,-110,-10,-110,-10,-108,-10.5,-105,-10,-110,-10.5,-105,-9.5,-113
Fri Nov 24 2023,New Orleans Pelicans,116,Los Angeles Clippers,106,+7,-106,+5.5,-110,+5.5,-114,+5.5,-115,+5.5,-110,+5.5,-115,+5,-115,+5.5,-110,+5.5,-114,-7,-114,-5.5,-110,-5.5,-106,-5.5,-105,-5.5,-110,-5.5,-105,-5,-115
Sat Nov 25 2023,Philadelphia 76ers,127,Oklahoma City Thunder,123,+1.5,-110,-1,-110,-1,-112,-1.5,-105,-1.5,-110,-1.5,-105,-1,-109,+0.5,-115,-1,-112,-1.5,-110,+1,-110,+1,-108,+1.5,-115,+1.5,-110,+1.5,-115,+1,-112
Sat Nov 25 2023,Miami Heat,97,Brooklyn Nets,112,+1.5,-110,+7.5,-110,+7.5,-108,+7.5,-110,+7.5,-110,+7.5,-105,+7.5,-112,+7.5,-105,+7.5,-108,-1.5,-110,-7.5,-110,-7.5,-112,-7.5,-110,-7.5,-110,-7.5,-115,-7.5,-109
Sat Nov 25 2023,Atlanta Hawks,136,Washington Wizards,108,-7.5,-110,-9.5,-110,-9.5,-110,-8.5,-115,-9.5,-110,-8.5,-115,-8.5,-110,-8.5,-115,-9.5,-110,+7.5,-110,+9.5,-110,+9.5,-110,+8.5,-105,+9.5,-110,+8.5,-105,+8.5,-110
Sat Nov 25 2023,Los Angeles Lakers,121,Cleveland Cavaliers,115,+4.5,-110,+4,-110,+4,-108,+4.5,-115,+4,-105,+4.5,-115,+4.5,-110,+4.5,-115,+4,-108,-4.5,-110,-4,-110,-4,-112,-4.5,-105,-4,-115,-4.5,-105,-4.5,-110
Sat Nov 25 2023,New Orleans Pelicans,100,Utah Jazz,105,+1,-112,-3,-110,-3.5,-108,-3.5,-105,-3,-115,-2.5,-115,-3,-113,-2.5,-115,-3.5,-108,-1,-108,+3,-110,+3.5,-112,+3.5,-115,+3,-105,+2.5,-105,+3,-108
Sat Nov 25 2023,Dallas Mavericks,88,Los Angeles Clippers,107,+1,-110,+1.5,-110,+1,-110,+1.5,-110,+1.5,-115,+0.5,-102,+1,-115,+0.5,-105,+1,-110,-1,-110,-1.5,-110,-1,-110,-1.5,-110,-1.5,-105,-0.5,-118,-1,-115
Sun Nov 26 2023,Portland Trail Blazers,102,Milwaukee Bucks,108,+11.5,-110,+13,-110,+13,-110,+12.5,-110,+13,-110,+12.5,-110,+13,-112,+12.5,-110,+13,-110,-11.5,-110,-13,-110,-13,-110,-12.5,-110,-13,-110,-12.5,-110,-13,-109
Sun Nov 26 2023,Atlanta Hawks,103,Boston Celtics,113,+7,-110,+7.5,-110,+7.5,-110,+7.5,-110,+7,-110,+7.5,-115,+7,-114,+7.5,-115,+7.5,-110,-7,-110,-7.5,-110,-7.5,-110,-7.5,-110,-7,-110,-7.5,-105,-7,-107
Sun Nov 26 2023,Minnesota Timberwolves,119,Memphis Grizzlies,97,+6,-110,-7,-105,-6.5,-112,-6.5,-110,-7,-110,-6.5,-110,-6.5,-115,-6.5,-110,-6.5,-112,-6,-110,+7,-115,+6.5,-108,+6.5,-110,+7,-110,+6.5,-110,+6.5,-115
Sun Nov 26 2023,Phoenix Suns,116,New York Knicks,113,+2.5,-108,+6,-110,+6.5,-112,+6.5,-115,+6,-110,+6.5,-120,+5.5,-109,+5.5,even,+6.5,-112,-2.5,-112,-6,-110,-6.5,-108,-6.5,-105,-6,-110,-6.5,even,-5.5,-112
Sun Nov 26 2023,Charlotte Hornets,117,Orlando Magic,130,N/A,+6,-110,+6.5,-112,+6.5,-115,+6,-110,+6.5,-105,+6.5,-112,+6.5,-110,+6.5,-112,N/A,-6,-110,-6.5,-108,-6.5,-105,-6,-110,-6.5,-115,-6.5,-120,-6.5,-110
Sun Nov 26 2023,Chicago Bulls,109,Brooklyn Nets,118,+3,-110,+3,-110,+3,-110,+2.5,-105,+3,-115,+2.5,-105,+3,-110,-2.5,+135,+3,-110,-3,-110,-3,-110,-3,-110,-2.5,-115,-3,-105,-2.5,-115,-3,-110
Sun Nov 26 2023,Toronto Raptors,102,Cleveland Cavaliers,105,+5.5,-110,+3.5,-115,+3,-110,+1.5,-120,+3,-105,+3.5,-115,+3.5,-112,+3.5,-115,+3,-110,-5.5,-110,-3.5,-105,-3,-110,-1.5,even,-3,-115,-3.5,-105,-3.5,-109
Sun Nov 26 2023,San Antonio Spurs,120,Denver Nuggets,132,+12,-110,+10.5,-110,+10.5,-108,+10.5,-110,+11,-105,+10.5,-110,+10.5,-110,+10.5,-110,+10.5,-108,-12,-110,-10.5,-110,-10.5,-112,-10.5,-110,-11,-115,-10.5,-110,-10.5,-110
Mon Nov 27 2023,Washington Wizards,126,Detroit Pistons,107,+4,-108,+2.5,-110,+2,-108,+2.5,-110,+2.5,-105,+2,-110,+2.5,-113,-2.5,+130,+2,-108,-4,-114,-2.5,-110,-2,-112,-2.5,-110,-2.5,-115,-2,-110,-2.5,-108
Mon Nov 27 2023,Portland Trail Blazers,114,Indiana Pacers,110,+11,-110,+12,-110,+12,-112,+11.5,-105,+12,-110,+11.5,-105,+12.5,-115,+11.5,-105,+12,-112,-11,-110,-12,-110,-12,-108,-11.5,-115,-12,-110,-11.5,-115,-12.5,-115
Mon Nov 27 2023,Los Angeles Lakers,94,Philadelphia 76ers,138,+5,-110,+6,-110,+6,-114,+5.5,-105,+6.5,-110,+6,-110,+5.5,-107,+5.5,-110,+6,-114,-5,-110,-6,-110,-6,-106,-5.5,-115,-6.5,-110,-6,-110,-5.5,-114
Mon Nov 27 2023,New Orleans Pelicans,112,Utah Jazz,114,-4,-112,-6,-110,-6.5,-110,-6.5,-105,-6.5,-110,-6.5,-105,-6.5,-105,-6.5,-110,-6.5,-110,+4,-108,+6,-110,+6.5,-110,+6.5,-115,+6.5,-110,+6.5,-115,+6.5,-117
Mon Nov 27 2023,Denver Nuggets,113,Los Angeles Clippers,104,+3,-110,+11.5,-115,+11.5,-110,+11.5,-110,+11,-110,+12,-110,+10.5,-112,+11.5,-110,+11.5,-110,-3,-110,-11.5,-105,-11.5,-110,-11.5,-110,-11,-110,-12,-110,-10.5,-109
Tue Nov 28 2023,Chicago Bulls,97,Boston Celtics,124,+11,-108,+12.5,-110,+12.5,-108,+12.5,-110,+12.5,-110,+13,-110,+13,-112,+2.5,-105,+12.5,-108,-11,-112,-12.5,-110,-12.5,-112,-12.5,-110,-12.5,-110,-13,-110,-13,-109
Tue Nov 28 2023,Toronto Raptors,103,Brooklyn Nets,115,+2,-108,+1.5,-110,+1.5,-106,+1.5,-110,+1.5,-105,+1.5,-105,+1.5,-109,+1.5,-110,+1.5,-106,-2,-112,-1.5,-110,-1.5,-114,-1.5,-110,-1.5,-115,-1.5,-115,-1.5,-112
Tue Nov 28 2023,Atlanta Hawks,105,Cleveland Cavaliers,128,+5.5,-110,+4.5,-115,+4,-108,+4.5,-110,+4.5,-105,+4.5,-110,+4,-113,+4.5,-110,+4,-108,-5.5,-110,-4.5,-105,-4,-112,-4.5,-110,-4.5,-115,-4.5,-110,-4,-108
Tue Nov 28 2023,Milwaukee Bucks,131,Miami Heat,124,+1.5,-112,-4.5,-105,-4.5,-112,-4.5,-110,-5,-110,-4.5,-115,-4.5,-109,-4.5,-115,-4.5,-112,-1.5,-108,+4.5,-115,+4.5,-108,+4.5,-110,+5,-110,+4.5,-105,+4.5,-112
Tue Nov 28 2023,Charlotte Hornets,91,New York Knicks,115,+11,-110,+11.5,-110,+11.5,-108,+11.5,-110,+11,-105,+11.5,-110,+11.5,-108,+11.5,-110,+11.5,-108,-11,-110,-11.5,-110,-11.5,-112,-11.5,-110,-11,-115,-11.5,-110,-11.5,-113
Tue Nov 28 2023,Oklahoma City Thunder,103,Minnesota Timberwolves,106,+4,-110,+3,-110,+3,-112,+2.5,-105,+3.5,-110,+2.5,-105,+3.5,-115,+3.5,-120,+3,-112,-4,-110,-3,-110,-3,-108,-2.5,-115,-3.5,-110,-2.5,-115,-3.5,-115
Tue Nov 28 2023,Houston Rockets,115,Dallas Mavericks,121,+5,-112,+4,-110,+4,-110,+4.5,-115,+4,-110,+4.5,-115,+4,-114,+4.5,-115,+4,-110,-5,-108,-4,-110,-4,-110,-4.5,-105,-4,-110,-4.5,-105,-4,-109
Tue Nov 28 2023,Golden State Warriors,123,Sacramento Kings,124,+2,-108,+2,-110,+2,-110,+2.5,-115,+2.5,-105,+1.5,-115,+1.5,-115,+1.5,-115,+2,-110,-2,-112,-2,-110,-2,-112,-2.5,-105,-2.5,-115,-1.5,-105,-1.5,-115
Wed Nov 29 2023,Los Angeles Lakers,133,Detroit Pistons,107,-7,-112,-7.5,-110,-7.5,-110,-7.5,-110,-7.5,-115,-7.5,-112,-7.5,-114,-8.5,-110,-7.5,-110,+7,-108,+7.5,-110,+7.5,-110,+7.5,-110,+7.5,-105,+7.5,-108,+7.5,-107
Wed Nov 29 2023,Washington Wizards,120,Orlando Magic,139,+10,-112,+10,-115,+10,-110,+10.5,-115,+10,-110,+10.5,-110,+10,-114,+10.5,-110,+10,-110,-10,-108,-10,-105,-10,-110,-10.5,-105,-10,-110,-10.5,-110,-10,-107
Wed Nov 29 2023,Phoenix Suns,105,Toronto Raptors,112,-1.5,-110,-3.5,-105,-3.5,-112,-3.5,-105,-3.5,-105,-3,-112,-3,-114,-2.5,-115,-3.5,-112,+1.5,-110,+3.5,-115,+3.5,-108,+3.5,-115,+3.5,-115,+3,-108,+3,-107
Wed Nov 29 2023,Utah Jazz,91,Memphis Grizzlies,105,+4.5,-114,+3.5,-110,+3.5,-110,+3.5,-105,+3.5,-110,+3.5,-105,+3.5,-108,+3.5,-105,+3.5,-110,-4.5,-106,-3.5,-110,-3.5,-110,-3.5,-115,-3.5,-110,-3.5,-115,-3.5,-113
Wed Nov 29 2023,Philadelphia 76ers,114,New Orleans Pelicans,124,-1.5,-110,+2.5,-110,+2.5,-114,+2.5,-110,+2.5,-105,+2.5,-108,+2.5,-107,+2.5,-115,+2.5,-114,+1.5,-110,-2.5,-110,-2.5,-106,-2.5,-110,-2.5,-115,-2.5,-112,-2.5,-114
Wed Nov 29 2023,Houston Rockets,124,Denver Nuggets,134,+4.5,-110,+10,-110,+10,-110,+10.5,-115,+10.5,-110,+10.5,-115,+10,-110,+10.5,-115,+10,-110,-4.5,-110,-10,-110,-10,-110,-10.5,-105,-10.5,-110,-10.5,-105,-10,-110
Wed Nov 29 2023,Los Angeles Clippers,131,Sacramento Kings,117,+1.5,-112,-1.5,-115,-1,-110,-1.5,-110,-1.5,-115,-1.5,-110,-1.5,-115,-1.5,-110,-1,-110,-1.5,-108,+1.5,-105,+1,-110,+1.5,-110,+1.5,-105,+1.5,-110,+1.5,-115
Thu Nov 30 2023,Portland Trail Blazers,103,Cleveland Cavaliers,95,+11.5,-110,+12,-110,+12.5,-110,+11.5,-105,+12,-110,+12,-110,+12,-112,+12.5,-110,-11.5,-110,-12,-110,-12.5,-110,-11.5,-115,-12,-110,-12,-110,-12,-109,-12.5,-110
Thu Nov 30 2023,Charlotte Hornets,129,Brooklyn Nets,128,+8.5,-110,+9,-110,+9,-108,+9.5,-115,+9.5,-110,+9,-115,+9,-113,+9,-108,-8.5,-110,-9,-110,-9,-112,-9.5,-105,-9.5,-110,-9,-105,-9,-108,-9,-112
Thu Nov 30 2023,Indiana Pacers,132,Miami Heat,142,+2,-110,+3.5,-110,+3.5,-110,+3.5,-110,+3.5,-110,+3.5,-105,+4,-110,+3.5,-110,-2,-110,-3.5,-110,-3.5,-110,-3.5,-110,-3.5,-110,-3.5,-115,-4,-110,-3.5,-110
Thu Nov 30 2023,Detroit Pistons,112,New York Knicks,118,+13.5,-110,+14.5,-110,+14.5,-110,+14.5,-110,+14.5,-110,+14.5,-110,+14.5,-118,+14.5,-110,-13.5,-110,-14.5,-110,-14.5,-110,-14.5,-110,-14.5,-110,-14.5,-110,-14.5,-112,-14.5,-110
Thu Nov 30 2023,Milwaukee Bucks,113,Chicago Bulls,120,-8,-106,-10,-110,-10.5,-112,-10.5,-105,-10.5,-115,-10.5,-105,-10.5,-113,-10.5,-112,+8,-114,+10,-110,+10.5,-108,+10.5,-115,+10.5,-105,+10.5,-115,+10.5,-108,+10.5,-108
Thu Nov 30 2023,Utah Jazz,90,Minnesota Timberwolves,101,+10,-110,+11.5,-110,+11.5,-112,+11.5,-110,+11.5,-110,+11.5,-110,+11.5,-112,+11.5,-112,-10,-110,-11.5,-110,-11.5,-108,-11.5,-110,-11.5,-110,-11.5,-110,-11.5,-109,-11.5,-108
Thu Nov 30 2023,Los Angeles Lakers,110,Oklahoma City Thunder,133,+5.5,-112,+5,-110,+5,-110,+6.5,-110,+5,-110,+5,-112,+5,-108,+5,-110,-5.5,-108,-5,-110,-5,-110,-6.5,-110,-5,-110,-5,-108,-5,-113,-5,-110
Thu Nov 30 2023,Atlanta Hawks,137,San Antonio Spurs,135,-6,-110,-6.5,-110,-6.5,-108,-6.5,-110,-6.5,-110,-6.5,-110,-6,-109,-6.5,-108,+6,-110,+6.5,-110,+6.5,-112,+6.5,-110,+6.5,-110,+6.5,-110,+6,-112,+6.5,-112
Thu Nov 30 2023,Los Angeles Clippers,114,Golden State Warriors,120,+4.5,-110,+2,-110,+2,-108,+1.5,-105,+2.5,-110,+1.5,-105,+2,-118,+2,-108,-4.5,-110,-2,-110,-2,-112,-1.5,-115,-2.5,-110,-1.5,-115,-2,-113,-2,-112
Fri Dec 1 2023,Washington Wizards,125,Orlando Magic,130,+11,-110,+10,-110,+10.5,-110,+10.5,-115,+10.5,even,+10.5,-105,+11,-110,+10.5,-110,-11,-110,-10,-110,-10.5,-110,-10.5,-105,-10.5,-120,-10.5,-115,-11,-110,-10.5,-110
Fri Dec 1 2023,Philadelphia 76ers,119,Boston Celtics,125,+7.5,-110,+12,-110,+12,-114,+11.5,-110,+12,-110,+11.5,-115,+11.5,-108,+12,-114,-7.5,-110,-12,-110,-12,-108,-11.5,-110,-12,-110,-11.5,-105,-11.5,-113,-12,-108
Fri Dec 1 2023,Memphis Grizzlies,108,Dallas Mavericks,94,+10,-108,+6,-110,+6,-110,+5.5,-105,+6,-110,+5.5,-105,+6,-113,+6,-110,-10,-112,-6,-110,-6,-110,-5.5,-115,-6,-110,-5.5,-115,-6,-108,-6,-110
Fri Dec 1 2023,New York Knicks,119,Toronto Raptors,106,+1.5,-108,+1.5,-110,+1.5,-106,+1.5,-105,+2,-110,+1.5,-110,+1.5,-110,+1.5,-106,-1.5,-112,-1.5,-110,-1.5,-114,-1.5,-115,-2,-110,-1.5,-110,-1.5,-110,-1.5,-114
Fri Dec 1 2023,San Antonio Spurs,106,New Orleans Pelicans,121,+11.5,-108,+13,-110,+13,-110,+12.5,-105,+13,-110,+13,-112,+13,-108,+13,-110,-11.5,-112,-13,-110,-13,-110,-12.5,-115,-13,-110,-13,-108,-13,-113,-13,-110
Fri Dec 1 2023,Denver Nuggets,119,Phoenix Suns,111,+1.5,-112,+1,-115,-1,-108,+1.5,-120,PK,-110,-1,-110,-1,-108,-1,-108,-1.5,-108,-1,-105,+1,-112,-1.5,even,PK,-110,+1,-110,+1,-113,+1,-112
Sat Dec 2 2023,Golden State Warriors,112,Los Angeles Clippers,113,+5,-114,+5.5,-110,+5.5,-110,+5.5,-110,+5,-105,+4.5,-105,+5,-109,+5.5,-110,-5,-106,-5.5,-110,-5.5,-110,-5.5,-110,-5,-115,-4.5,-115,-5,-112,-5.5,-110
Sat Dec 2 2023,Minnesota Timberwolves,123,Charlotte Hornets,117,-5.5,-112,-5.5,-110,-5.5,-108,-5.5,-110,-5.5,-115,-5.5,-115,-5,-109,-5.5,-108,+5.5,-108,+5.5,-110,+5.5,-112,+5.5,-110,+5.5,-105,+5.5,-105,+5,-112,+5.5,-112
Sat Dec 2 2023,Orlando Magic,101,Brooklyn Nets,129,+2.5,-110,+2.5,-110,+2.5,-112,+2.5,-115,+2.5,-110,+2.5,-115,+2.5,-112,+2.5,-112,-2.5,-110,-2.5,-110,-2.5,-108,-2.5,-105,-2.5,-110,-2.5,-105,-2.5,-109,-2.5,-108
Sat Dec 2 2023,Cleveland Cavaliers,110,Detroit Pistons,101,-8,-108,-9,-110,-9,-110,-9.5,-105,-9,-110,-9.5,-110,-9,-110,-9,-110,+8,-112,+9,-110,+9,-110,+9.5,-115,+9,-110,+9.5,-110,+9,-110,+9,-110
Sat Dec 2 2023,New Orleans Pelicans,118,Chicago Bulls,124,-4,-112,-1.5,-110,-1.5,-112,-1.5,-110,-1.5,-110,+0.5,-115,-1,-112,-1.5,-112,+4,-108,+1.5,-110,+1.5,-108,+1.5,-110,+1.5,-110,-0.5,-105,+1,-109,+1.5,-108
Sat Dec 2 2023,Indiana Pacers,144,Miami Heat,129,+2.5,-110,+4.5,-110,+4.5,-110,+4.5,-115,+4.5,-110,+4.5,-115,+4.5,-107,+4.5,-110,-2.5,-110,-4.5,-110,-4.5,-110,-4.5,-105,-4.5,-110,-4.5,-105,-4.5,-114,-4.5,-110
Sat Dec 2 2023,Atlanta Hawks,121,Milwaukee Bucks,132,+6.5,-108,+6.5,-110,+6.5,-110,+6.5,-110,+6.5,-110,+6.5,-105,+6,-110,+6.5,-110,-6.5,-112,-6.5,-110,-6.5,-110,-6.5,-110,-6.5,-110,-6.5,-115,-6,-110,-6.5,-110
Sat Dec 2 2023,Oklahoma City Thunder,126,Dallas Mavericks,120,-2,-112,-5,-110,-5.5,-108,-4.5,-115,-5,-115,-5.5,-105,-5,-109,-5.5,-108,+2,-108,+5,-110,+5.5,-112,+4.5,-105,+5,-105,+5.5,-115,+5,-112,+5.5,-112
Sat Dec 2 2023,Memphis Grizzlies,109,Phoenix Suns,116,+9.5,-110,+10,-110,+10,-110,+9.5,-110,+10,-110,+10.5,-108,+10,-110,+10,-110,-9.5,-110,-10,-110,-10,-110,-9.5,-110,-10,-110,-10.5,-112,-10,-110,-10,-110
Sat Dec 2 2023,Portland Trail Blazers,113,Utah Jazz,118,+4,-110,+1.5,-110,+1.5,-110,+1.5,-110,+1.5,-110,+1.5,-115,+1.5,-109,+1.5,-110,-4,-110,-1.5,-110,-1.5,-110,-1.5,-110,-1.5,-110,-1.5,-105,-1.5,-112,-1.5,-110
Sat Dec 2 2023,Denver Nuggets,117,Sacramento Kings,123,+2.5,-110,+3.5,-110,+3.5,-110,+3.5,-110,+4,-110,+3.5,-112,+3.5,-108,+3.5,-110,-2.5,-110,-3.5,-110,-3.5,-110,-3.5,-110,-4,-110,-3.5,-108,-3.5,-113,-3.5,-110
Sat Dec 2 2023,Houston Rockets,97,Los Angeles Lakers,107,+5.5,-110,+5,-110,+4.5,-106,+4.5,-105,+4.5,-110,+4.5,-105,+4.5,-110,+4.5,-106,-5.5,-110,-5,-110,-4.5,-114,-4.5,-115,-4.5,-110,-4.5,-115,-4.5,-110,-4.5,-114
Mon Dec 4 2023,Boston Celtics,112,Indiana Pacers,122,-4.5,-110,-4.5,-110,-4.5,-114,-4.5,-110,-5.5,-105,-4.5,-115,-4.5,-115,-4.5,-114,+4.5,-110,+4.5,-110,+4.5,-106,+4.5,-110,+5.5,-115,+4.5,-105,+4.5,-115,+4.5,-106
Mon Dec 4 2023,New Orleans Pelicans,127,Sacramento Kings,117,+5.5,-110,+3,-110,+3.5,-114,+3.5,-115,+3.5,-110,+3,-110,+3,-109,+3.5,-114,-5.5,-110,-3,-110,-3.5,-114,-3.5,-105,-3.5,-110,-3,-110,-3,-112,-3.5,-114
Tue Dec 5 2023,New York Knicks,122,Milwaukee Bucks,146,+6,-110,+5,-115,+4.5,-108,+4.5,-110,+5,-110,+4.5,-105,+5,-110,+4.5,-108,-6,-110,-5,-105,-4.5,-112,-4.5,-110,-5,-110,-4.5,-115,-5,-110,-4.5,-112
Tue Dec 5 2023,Phoenix Suns,103,Los Angeles Lakers,106,+2,-112,+1.5,-110,+2,-112,+1.5,-105,+1.5,-110,+2,-110,+1.5,-112,+2,-112,-2,-108,-1.5,-110,-2,-108,-1.5,-115,-1.5,-110,-2,-110,-1.5,-109,-2,-108
Wed Dec 6 2023,Orlando Magic,111,Cleveland Cavaliers,121,+4.5,-108,+4.5,-110,+4,-108,+4.5,-110,+4.5,-110,+4.5,-112,+4.5,-115,+4,-108,-4.5,-112,-4.5,-110,-4,-112,-4.5,-110,-4.5,-110,-4.5,-108,-4.5,-115,-4,-112
Wed Dec 6 2023,Memphis Grizzlies,116,Detroit Pistons,102,+1,-112,-2,-110,-2,-114,-1.5,-110,-2,-110,-1.5,-110,-2,-110,-2,-114,-1,-108,+2,-110,+2,-106,+1.5,-110,+2,-110,+1.5,-110,+2,-110,+2,-106
Wed Dec 6 2023,Philadelphia 76ers,131,Washington Wizards,126,-9,-112,-10.5,-110,-10.5,-112,-10.5,-115,-10.5,-115,-10.5,-115,-11,-112,-10.5,-112,+9,-108,+10.5,-110,+10.5,-108,+10.5,-105,+10.5,-105,+10.5,-105,+11,-109,+10.5,-108
Wed Dec 6 2023,Brooklyn Nets,114,Atlanta Hawks,113,+4,-110,+3.5,-110,+3.5,-108,+3.5,-110,+3.5,-110,+3.5,-105,+3.5,-109,+3.5,-108,-4,-110,-3.5,-110,-3.5,-112,-3.5,-110,-3.5,-110,-3.5,-115,-3.5,-112,-3.5,-112
Wed Dec 6 2023,San Antonio Spurs,94,Minnesota Timberwolves,102,+11,-112,+12,-110,+12,-108,+12.5,-115,+12,-110,+12.5,-115,+11.5,-108,+12,-108,-11,-108,-12,-110,-12,-112,-12.5,-105,-12,-110,-12.5,-105,-11.5,-113,-12,-112
Wed Dec 6 2023,Miami Heat,112,Toronto Raptors,103,+2,-108,+4,-110,+4,-108,+3.5,-105,+4,-105,+3.5,-105,+4,-110,+4,-108,-2,-112,-4,-110,-4,-112,-3.5,-115,-4,-115,-3.5,-115,-4,-110,-4,-112
Wed Dec 6 2023,Charlotte Hornets,100,Chicago Bulls,111,+5,-114,+5,-105,+5,-108,+5.5,-110,+5,-105,+5.5,-105,+5,-108,+5,-108,-5,-106,-5,-115,-5,-112,-5.5,-110,-5,-115,-5.5,-115,-5,-113,-5,-112
Wed Dec 6 2023,Oklahoma City Thunder,101,Houston Rockets,110,-1,-108,-1.5,-110,-1.5,-114,-1.5,-110,-1.5,-120,-1.5,-110,-2.5,-108,-1.5,-114,+1,-112,+1.5,-110,+1.5,-106,+1.5,-110,+1.5,even,+1.5,-110,+2.5,-113,+1.5,-106
Wed Dec 6 2023,Utah Jazz,97,Dallas Mavericks,147,+8.5,-110,+11.5,-110,+12,-114,+11.5,-110,+11.5,-110,+11.5,-112,+11,-109,+12,-114,-8.5,-110,-11.5,-110,-12,-106,-11.5,-110,-11.5,-110,-11.5,-108,-11,-112,-12,-106
Wed Dec 6 2023,Portland Trail Blazers,106,Golden State Warriors,110,+10.5,-112,+13,-110,+13,-114,+12.5,-105,+12.5,-110,+12.5,-105,+12.5,-110,+13,-114,-10.5,-108,-13,-110,-13,-106,-12.5,-115,-12.5,-110,-12.5,-115,-12.5,-110,-13,-106
Wed Dec 6 2023,Denver Nuggets,102,Los Angeles Clippers,111,+1.5,-110,+1.5,-110,+1,-108,+1.5,-120,+1,-110,+1,-105,+1,-113,+1,-108,-1.5,-110,-1.5,-110,-1,-112,-1.5,even,-1,-110,-1,-115,-1,-108,-1,-112
Thu Dec 7 2023,Indiana Pacers,128,Milwaukee Bucks,119,+4,-110,+5,-110,+5,-106,+4.5,-105,+5.5,-105,+5,-108,+5,-112,+5,-106,-4,-110,-5,-110,-5,-114,-4.5,-115,-5.5,-115,-5,-112,-5,-109,-5,-114
Thu Dec 7 2023,New Orleans Pelicans,89,Los Angeles Lakers,133,+2,-108,+1.5,-110,+2,-112,+1.5,-110,+2,-110,+1.5,-105,+2.5,-109,+2,-112,-2,-112,-1.5,-110,-2,-108,-1.5,-110,-2,-110,-1.5,-115,-2.5,-112,-2,-108
Fri Dec 8 2023,Toronto Raptors,116,Charlotte Hornets,119,-2.5,-110,-5.5,-110,-5.5,-110,-5.5,-110,-5.5,-110,-6,-108,-5.5,-115,-5.5,-110,+2.5,-110,+5.5,-110,+5.5,-110,+5.5,-110,+5.5,-110,+6,-112,+5.5,-115,+5.5,-110
Fri Dec 8 2023,Detroit Pistons,91,Orlando Magic,123,+13,-110,+10.5,-110,+10.5,-110,+10.5,-110,+11,-110,+10.5,-115,+10.5,-115,+10.5,-110,-13,-110,-10.5,-110,-10.5,-110,-10.5,-110,-11,-110,-10.5,-105,-10.5,-115,-10.5,-110
Fri Dec 8 2023,Atlanta Hawks,114,Philadelphia 76ers,125,+6,-108,+8.5,-110,+8.5,-110,+8.5,-105,+8,-110,+8.5,-105,+9,-120,+8.5,-110,-6,-112,-8.5,-110,-8.5,-110,-8.5,-115,-8,-110,-8.5,-115,-9,-112,-8.5,-110
Fri Dec 8 2023,New York Knicks,123,Boston Celtics,133,+6.5,-110,+7.5,-105,+7.5,-110,+7.5,-105,+7,-110,+7.5,-105,+7.5,-107,+7.5,-110,-6.5,-110,-7.5,-115,-7.5,-110,-7.5,-115,-7,-110,-7.5,-115,-7.5,-114,-7.5,-110
Fri Dec 8 2023,Washington Wizards,97,Brooklyn Nets,124,+9,-110,+9,-115,+9.5,-112,+8.5,-105,+9.5,-110,+9,-110,+9,-113,+9.5,-112,-9,-110,-9,-105,-9.5,-108,-8.5,-115,-9.5,-110,-9,-110,-9,-108,-9.5,-108
Fri Dec 8 2023,Minnesota Timberwolves,127,Memphis Grizzlies,103,-6.5,-110,-5.5,-110,-5.5,-112,-5.5,-110,-6,-110,-5.5,-110,-5.5,-120,-5.5,-112,+6.5,-110,+5.5,-110,+5.5,-108,+5.5,-110,+6,-110,+5.5,-110,+5.5,-112,+5.5,-108
Fri Dec 8 2023,Cleveland Cavaliers,111,Miami Heat,99,+1,-110,-2,-110,-1.5,-112,-1.5,-110,-2,-110,-1.5,-115,-1.5,-115,-1.5,-112,-1,-110,+2,-110,+1.5,-108,+1.5,-110,+2,-110,+1.5,-105,+1.5,-115,+1.5,-108
Fri Dec 8 2023,Golden State Warriors,136,Oklahoma City Thunder,138,+4.5,-110,+3,-110,+3,-108,+3.5,-115,+3,-110,+3.5,-115,+3.5,-114,+3,-108,-4.5,-110,-3,-110,-3,-114,-3.5,-105,-3,-110,-3.5,-105,-3.5,-107,-3,-114
Fri Dec 8 2023,Chicago Bulls,121,San Antonio Spurs,112,-1,-110,-2,-110,-2.5,-108,-2.5,-105,-2.5,-110,-1.5,-115,-2.5,-115,-2.5,-108,+1,-110,+2,-110,+2.5,-112,+2.5,-115,+2.5,-110,+1.5,-105,+2.5,-115,+2.5,-112
Fri Dec 8 2023,Houston Rockets,114,Denver Nuggets,106,+7.5,-108,+9,-115,+9,-108,+8.5,-105,+9,-110,+10,-108,+9,-112,+9,-108,-7.5,-112,-9,-105,-9,-112,-8.5,-115,-9,-110,-10,-112,-9,-109,-9,-112
Fri Dec 8 2023,Sacramento Kings,114,Phoenix Suns,106,-1.5,-110,-3,-110,-3,-112,-3.5,-105,-2,-110,-3.5,-110,-3.5,-107,-3,-112,+1.5,-110,+3,-110,+3,-108,+3.5,-115,+2,-110,+3.5,-110,+3.5,-114,+3,-108
Fri Dec 8 2023,Dallas Mavericks,125,Portland Trail Blazers,112,-7.5,-110,-10.5,-110,-9.5,-112,-9.5,-115,-8,-110,-9.5,-115,-9.5,-110,-9.5,-112,+7.5,-110,+10.5,-110,+9.5,-108,+9.5,-105,+8,-110,+9.5,-105,+9.5,-110,+9.5,-108
Fri Dec 8 2023,Los Angeles Clippers,117,Utah Jazz,103,-5,-108,-8,-110,-8,-108,-8.5,-105,-7.5,-110,-8.5,-105,-7.5,-109,-8,-108,+5,-112,+8,-110,+8,-112,+8.5,-115,+7.5,-110,+8.5,-115,+7.5,-112,+8,-112
Sat Dec 9 2023,Indiana Pacers,109,Los Angeles Lakers,123,N/A,+4,-110,+4,-110,+3.5,-105,+4,-110,+4,-108,+4,-110,+4,-110,N/A,-4,-110,-4,-110,-3.5,-115,-4,-110,-4,-112,-4,-110,-4,-110,,
Mon Dec 11 2023,Miami Heat,116,Charlotte Hornets,114,-3,-110,-4.5,-105,-4.5,-110,-4.5,-105,-4,-110,-4.5,-105,-4.5,-115,-4.5,-110,+3,-110,+4.5,-115,+4.5,-110,+4.5,-115,+4,-110,+4.5,-115,+4.5,-115,+4.5,-110
Mon Dec 11 2023,Indiana Pacers,131,Detroit Pistons,123,-7.5,-110,-7,-110,-7,-112,-7.5,-105,-7,-110,-7.5,-105,-7.5,-108,-7,-112,+7.5,-110,+7,-110,+7,-108,+7.5,-115,+7,-110,+7.5,-115,+7.5,-115,+7,-108
Mon Dec 11 2023,Cleveland Cavaliers,94,Orlando Magic,104,+2.5,-112,+2,-110,+2,-108,+2.5,-110,+1.5,-110,+1.5,even,+2.5,-109,+2,-108,-2.5,-108,-2,-110,-2,-112,-2.5,-110,-1.5,-110,-1.5,-120,-2.5,-112,-2,-112
Mon Dec 11 2023,Washington Wizards,101,Philadelphia 76ers,146,+12,-110,+13.5,-110,+13.5,-110,+13.5,-110,+12,-110,+13.5,-110,+13,-115,+13.5,-110,-12,-110,-13.5,-110,-13.5,-110,-13.5,-110,-12,-110,-13.5,-110,-13,-115,-13.5,-110
Mon Dec 11 2023,Denver Nuggets,129,Atlanta Hawks,122,-2.5,-108,-3,-115,-3.5,-108,-3.5,-110,-2.5,-110,-2.5,-115,-3.5,-109,-3.5,-108,+2.5,-112,+3,-105,+3.5,-112,+3.5,-110,+2.5,-110,+2.5,-105,+3.5,-112,+3.5,-112
Mon Dec 11 2023,Toronto Raptors,130,New York Knicks,136,+5.5,-108,+4,-115,+4,-112,+4.5,-115,+4,-110,+4.5,-115,+4,-108,+4,-112,-5.5,-112,-4,-105,-4,-108,-4.5,-105,-4,-110,-4.5,-105,-4,-113,-4,-108
Mon Dec 11 2023,San Antonio Spurs,82,Houston Rockets,93,+8,-110,+9,-105,+9,-108,+8.5,-105,+9,-110,+8.5,-105,+9,-113,+9,-108,-8,-110,-9,-115,-9,-112,-8.5,-115,-9,-110,-8.5,-115,-9,-108,-9,-112
Mon Dec 11 2023,Dallas Mavericks,120,Memphis Grizzlies,113,-3,-110,-1,-110,-1.5,-108,-2.5,-105,-1.5,-110,+0.5,-110,-1.5,-110,-1.5,-108,+3,-110,+1,-110,+1.5,-114,+2.5,-115,+1.5,-110,-0.5,-110,+1.5,-110,+1.5,-114
Mon Dec 11 2023,Chicago Bulls,129,Milwaukee Bucks,133,+10.5,-110,+11.5,-110,+12,-112,+11.5,-110,+11.5,-110,+11.5,-105,+12,-108,+12,-112,-10.5,-110,-11.5,-110,-12,-108,-11.5,-110,-11.5,-110,-11.5,-115,-12,-113,-12,-108
Mon Dec 11 2023,Minnesota Timberwolves,107,New Orleans Pelicans,121,+2,-110,+4,-110,+4,-110,+3.5,-105,+4,-110,+4,-110,+4.5,-112,+4,-110,-2,-110,-4,-110,-4,-110,-3.5,-115,-4,-110,-4,-110,-4.5,-109,-4,-110
Mon Dec 11 2023,Utah Jazz,120,Oklahoma City Thunder,134,+12.5,-110,+13,-110,+13,-110,+12.5,-105,+12.5,-110,+13,-108,+13,-112,+13,-110,-12.5,-110,-13,-110,-13,-110,-12.5,-115,-12.5,-110,-13,-112,-13,-109,-13,-110
Mon Dec 11 2023,Brooklyn Nets,118,Sacramento Kings,131,+5.5,-112,+5,-110,+5,-110,+4.5,-105,+4.5,-110,+4.5,-102,+5,-114,+5,-110,-5.5,-108,-5,-110,-5,-110,-4.5,-115,-4.5,-110,-4.5,-118,-5,-107,-5,-110
Mon Dec 11 2023,Portland Trail Blazers,127,Los Angeles Clippers,132,+12.5,-110,+14.5,-110,+14.5,-108,+14.5,-115,+14.5,-105,+14.5,-115,+14.5,-113,+14.5,-108,-12.5,-110,-14.5,-110,-14.5,-112,-14.5,-105,-14.5,-115,-14.5,-105,-14.5,-108,-14.5,-112
Tue Dec 12 2023,Cleveland Cavaliers,113,Boston Celtics,120,+9.5,-110,+11,-110,+11,-110,+11.5,-115,+11,-110,+11.5,-115,+11.5,-108,+11,-110,-9.5,-110,-11,-110,-11,-110,-11.5,-105,-11,-110,-11.5,-105,-11.5,-113,-11,-110
Tue Dec 12 2023,Los Angeles Lakers,125,Dallas Mavericks,127,+1,-110,-3,-110,-3.5,-108,-3.5,-105,-3,-115,-3.5,-105,-3,-114,-3.5,-108,-1,-110,+3,-110,+3.5,-112,+3.5,-115,+3,-105,+3.5,-115,+3,-107,+3.5,-112
Tue Dec 12 2023,Denver Nuggets,114,Chicago Bulls,106,-8,-110,-6.5,-105,-6.5,-108,-6.5,-110,-6.5,-115,-6.5,-115,-6.5,-115,-6.5,-108,+8,-110,+6.5,-115,+6.5,-112,+6.5,-110,+6.5,-105,+6.5,-105,+6.5,-115,+6.5,-112
Tue Dec 12 2023,Golden State Warriors,116,Phoenix Suns,119,+3.5,-110,-1.5,-110,-1.5,-110,-1.5,-110,-2,-115,-1.5,-105,-1,-106,-1.5,-110,-3.5,-110,+1.5,-110,+1.5,-110,+1.5,-110,+2,-105,+1.5,-115,+1,-115,+1.5,-110
Tue Dec 12 2023,Sacramento Kings,99,Los Angeles Clippers,119,+5,-110,+3.5,-110,+3.5,-110,+3.5,-105,+3.5,-110,+3.5,-105,+3.5,-114,+3.5,-110,-5,-110,-3.5,-110,-3.5,-110,-3.5,-115,-3.5,-110,-3.5,-115,-3.5,-107,-3.5,-110
Wed Dec 13 2023,Philadelphia 76ers,129,Detroit Pistons,111,-11,-110,-12,-110,-12,-110,-11.5,-115,-12,-110,-12.5,-105,-11.5,-113,-12,-110,+11,-112,+12,-110,+12,-110,+11.5,-105,+12,-110,+12.5,-115,+11.5,-108,+12,-110
Wed Dec 13 2023,New Orleans Pelicans,142,Washington Wizards,122,-7,-110,-7,-105,-7,-106,-6.5,-115,-7,-105,-7,-110,-7,-113,-7,-106,+7,-110,+7,-115,+7,-114,+6.5,-105,+7,-115,+7,-110,+7,-108,+7,-114
Wed Dec 13 2023,Charlotte Hornets,104,Miami Heat,115,+9,-110,+7.5,-105,+7.5,-110,+7.5,-105,+7.5,even,+8,-112,+8,-114,+7.5,-110,-9,-110,-7.5,-115,-7.5,-110,-7.5,-115,-7.5,-120,-8,-108,-8,-107,-7.5,-110
Wed Dec 13 2023,Atlanta Hawks,128,Toronto Raptors,135,+1.5,-110,+2.5,-110,+2.5,-108,+2.5,-110,+2,-110,+2.5,-105,+2.5,-112,+2.5,-108,-1.5,-110,-2.5,-110,-2.5,-112,-2.5,-110,-2,-110,-2.5,-115,-2.5,-109,-2.5,-112
Wed Dec 13 2023,Memphis Grizzlies,104,Houston Rockets,117,+7,-110,+10,-110,+10,-110,+9.5,-105,+9.5,-110,+9.5,-110,+14.5,-120,+10,-110,-7,-110,-10,-110,-10,-110,-9.5,-115,-9.5,-110,-9.5,-110,-14.5,-114,-10,-110
Wed Dec 13 2023,Indiana Pacers,126,Milwaukee Bucks,140,+6,-110,+6.5,-110,+6.5,-112,+6.5,-105,+6.5,-110,+6.5,-105,+6.5,-112,+6.5,-112,-6,-110,-6.5,-110,-6.5,-108,-6.5,-115,-6.5,-110,-6.5,-115,-6.5,-109,-6.5,-108
Wed Dec 13 2023,Los Angeles Lakers,122,San Antonio Spurs,119,-6,-110,-3.5,-110,-3.5,-110,-3.5,-110,-3.5,-110,-3.5,-115,-3.5,-110,-3.5,-110,+6,-110,+3.5,-110,+3.5,-110,+3.5,-110,+3.5,-110,+3.5,-105,+3.5,-110,+3.5,-110
Wed Dec 13 2023,Brooklyn Nets,116,Phoenix Suns,112,+5,-110,+4.5,-110,+4.5,-106,+4.5,-110,+4.5,-110,+4.5,-105,+4,-109,+4.5,-106,-5,-110,-4.5,-110,-4.5,-122,-4.5,-110,-4.5,-110,-4.5,-115,-4,-112,-4.5,-122
Wed Dec 13 2023,New York Knicks,113,Utah Jazz,117,-5.5,-108,-6,-110,-6,-108,-5.5,-115,-5.5,-115,-5.5,-115,-5.5,-109,-6,-108,+5.5,-112,+6,-110,+6,-112,+5.5,-105,+5.5,-105,+5.5,-105,+5.5,-112,+6,-112
Thu Dec 14 2023,Cleveland Cavaliers,107,Boston Celtics,116,+8.5,-110,+8.5,-110,+8.5,-110,+8.5,-110,+8.5,-115,+8.5,-108,+9,-114,+8.5,-110,-8.5,-110,-8.5,-110,-8.5,-110,-8.5,-110,-8.5,-105,-8.5,-112,-9,-107,-8.5,-110
Thu Dec 14 2023,Chicago Bulls,124,Miami Heat,116,+6,-110,+3.5,-110,+3.5,-110,+3.5,-110,+3.5,-110,+3.5,-115,+3.5,-107,+3.5,-110,-6,-110,-3.5,-110,-3.5,-110,-3.5,-110,-3.5,-110,-3.5,-105,-3.5,-114,-3.5,-110
Thu Dec 14 2023,Minnesota Timberwolves,119,Dallas Mavericks,101,N/A,-2,-110,-2,-110,-1.5,-115,-2,-110,-1.5,-115,-1.5,-113,-2,-110,N/A,+2,-110,+2,-110,+1.5,-105,+2,-110,+1.5,-105,+1.5,-108,+2,-110,,
Thu Dec 14 2023,Brooklyn Nets,101,Denver Nuggets,124,+9.5,-110,+9.5,-110,+9.5,-110,+9.5,-110,+9.5,-110,+9.5,-115,+9.5,-114,+9.5,-110,-9.5,-110,-9.5,-110,-9.5,-110,-9.5,-110,-9.5,-110,-9.5,-105,-9.5,-107,-9.5,-110
Thu Dec 14 2023,Utah Jazz,122,Portland Trail Blazers,114,+1.5,-110,+5.5,-110,+5,-110,+5.5,-115,+5,-110,+4.5,-102,+5,-109,+5,-110,-1.5,-110,-5.5,-110,-5,-110,-5.5,-105,-5,-110,-4.5,-118,-5,-112,-5,-110
Thu Dec 14 2023,Oklahoma City Thunder,123,Sacramento Kings,128,+1.5,-110,+2,-110,+2,-110,+2.5,-110,+2.5,-110,+2,-108,+2,-110,+2,-110,-1.5,-110,-2,-110,-2,-110,-2.5,-110,-2.5,-110,-2,-112,-2,-110,-2,-110
Thu Dec 14 2023,Golden State Warriors,113,Los Angeles Clippers,121,+6,-110,+2,-110,+2.5,-106,+2.5,-110,+5.5,-105,+2.5,-105,+3,-108,+2.5,-106,-6,-110,-2,-110,-2.5,-114,-2.5,-110,-5.5,-115,-2.5,-115,-3,-113,-2.5,-114
Fri Dec 15 2023,New Orleans Pelicans,112,Charlotte Hornets,107,-5,-110,-9.5,-110,-9.5,-108,-9.5,-110,-9.5,-110,-9.5,-115,-9,-113,-9.5,-108,+5,-110,+9.5,-110,+9.5,-112,+9.5,-110,+9.5,-110,+9.5,-105,+9,-108,+9.5,-112
Fri Dec 15 2023,Detroit Pistons,92,Philadelphia 76ers,124,+16,-108,+15.5,-110,+15.5,-110,+15.5,-110,+15.5,-110,+15.5,-110,+15,-108,+15.5,-110,-16,-112,-15.5,-110,-15.5,-110,-15.5,-110,-15.5,-110,-15.5,-110,-15,-113,-15.5,-110
Fri Dec 15 2023,Indiana Pacers,123,Washington Wizards,137,-8.5,-110,-8.5,-105,-8,-110,-8.5,-110,-8.5,-115,-8.5,-105,-8.5,-114,-8,-110,+8.5,-110,+8.5,-115,+8,-110,+8.5,-110,+8.5,-105,+8.5,-115,+8.5,-107,+8,-110
Fri Dec 15 2023,Orlando Magic,111,Boston Celtics,128,+5.5,-110,+6,-110,+5.5,-108,+5.5,-105,+5.5,-110,+5.5,-105,+5,-110,+5.5,-108,-5.5,-110,-6,-110,-5.5,-112,-5.5,-115,-5.5,-110,-5.5,-115,-5,-113,-5.5,-112
Fri Dec 15 2023,Los Angeles Lakers,115,San Antonio Spurs,129,-4,-110,-4,-115,-4,-110,-3.5,-115,-4.5,-115,-4.5,-105,-4.5,-109,-4,-110,+4,-110,+4,-105,+4,-110,+3.5,-105,+4.5,-105,+4.5,-115,+4.5,-114,+4,-110
Fri Dec 15 2023,Atlanta Hawks,125,Toronto Raptors,104,+2.5,-110,+1.5,-110,+1.5,-108,+1.5,-110,+1.5,-110,+1.5,-110,+2,-112,+1.5,-108,-2.5,-110,-1.5,-110,-1.5,-112,-1.5,-110,-1.5,-110,-1.5,-110,-2,-112,-1.5,-112
Fri Dec 15 2023,Houston Rockets,103,Memphis Grizzlies,96,-4.5,-112,-2.5,-105,-2.5,-114,-2.5,-110,-3,-105,-3,-110,-2.5,-113,-2.5,-114,+4.5,-108,+2.5,-115,+2.5,-106,+2.5,-110,+3,-115,+3,-110,+2.5,-108,+2.5,-106
Fri Dec 15 2023,New York Knicks,139,Phoenix Suns,122,+5,-110,+5.5,-110,+5,-108,+4.5,-105,+5,-110,+4.5,-108,+5,-120,+5,-108,-5,-110,-5.5,-110,-5,-112,-4.5,-115,-5,-110,-4.5,-112,-5,-112,-5,-112
Sat Dec 16 2023,Detroit Pistons,114,Milwaukee Bucks,146,+17,-110,+16.5,-110,+16.5,-110,+16.5,-105,+16.5,-110,+16.5,-105,+16.5,-113,+16.5,-110,-17,-110,-16.5,-110,-16.5,-110,-16.5,-115,-16.5,-110,-16.5,-115,-16.5,-108,-16.5,-110
Sat Dec 16 2023,Philadelphia 76ers,135,Charlotte Hornets,82,-10.5,-112,-12,-110,-12,-110,-11.5,-110,-11,-115,-12,-112,-12.5,-108,-12,-110,+10.5,-108,+12,-110,+12,-110,+11.5,-110,+11,-105,+12,-108,+12.5,-113,+12,-110
Sat Dec 16 2023,Atlanta Hawks,119,Cleveland Cavaliers,127,+2,-110,+4.5,-110,+4.5,-108,+4.5,-110,+4,-110,+3.5,-105,+4.5,-107,+4.5,-108,-2,-110,-4.5,-110,-4.5,-112,-4.5,-110,-4,-110,-3.5,-115,-4.5,-114,-4.5,-112
Sat Dec 16 2023,Chicago Bulls,116,Miami Heat,118,+5,-110,+5,-115,+5,-114,+4.5,-110,+5,-110,+5.5,-115,+5.5,-107,+5,-114,-5,-110,-5,-105,-5,-106,-4.5,-110,-5,-110,-5.5,-105,-5.5,-114,-5,-106
Sat Dec 16 2023,Indiana Pacers,109,Minnesota Timberwolves,127,+7,-110,+10.5,-110,+10.5,-108,+10.5,-110,+9.5,-110,+10.5,-115,+11,-108,+10.5,-108,-7,-110,-10.5,-110,-10.5,-112,-10.5,-110,-9.5,-110,-10.5,-105,-11,-113,-10.5,-112
Sat Dec 16 2023,Brooklyn Nets,120,Golden State Warriors,124,+3.5,-110,+3.5,-110,+3.5,-110,+3.5,-115,+3,-110,+3.5,-110,+3.5,-112,+3.5,-110,-3.5,-110,-3.5,-110,-3.5,-110,-3.5,-105,-3,-110,-3.5,-110,-3.5,-109,-3.5,-110
Sat Dec 16 2023,Oklahoma City Thunder,118,Denver Nuggets,117,+6,-110,+5,-105,+5,-110,+4.5,-105,+5,-110,+5.5,-105,+4.5,-108,+5,-110,-6,-110,-5,-115,-5,-110,-4.5,-115,-5,-110,-5.5,-115,-4.5,-113,-5,-110
Sat Dec 16 2023,Dallas Mavericks,131,Portland Trail Blazers,120,-6,-110,-4.5,-110,-4.5,-110,-4.5,-110,-5,-110,-4.5,-110,-5,-110,-4.5,-110,+6,-110,+4.5,-110,+4.5,-110,+4.5,-110,+5,-110,+4.5,-110,+5,-110,+4.5,-110
Sat Dec 16 2023,Utah Jazz,104,Sacramento Kings,125,+10.5,-110,+8,-115,+8,-108,+8.5,-115,+10,-110,+8.5,-115,+8.5,-112,+8,-108,-10.5,-110,-8,-105,-8,-112,-8.5,-105,-10,-110,-8.5,-105,-8.5,-109,-8,-112
Sat Dec 16 2023,New York Knicks,122,Los Angeles Clippers,144,+5.5,-110,+6.5,-110,+6.5,-110,+6.5,-110,+6.5,-105,+6.5,-115,+7,-114,+6.5,-110,-5.5,-110,-6.5,-110,-6.5,-112,-6.5,-110,-6.5,-115,-6.5,-105,-7,-107,-6.5,-112
Sun Dec 17 2023,Orlando Magic,97,Boston Celtics,114,+7,-108,+9,-110,+9,-112,+9.5,-115,+9,-110,+8.5,-105,+8.5,-112,+9,-112,-7,-112,-9,-110,-9,-108,-9.5,-105,-9,-110,-8.5,-115,-8.5,-109,-9,-108
Sun Dec 17 2023,New Orleans Pelicans,146,San Antonio Spurs,110,-8,-110,-8.5,-110,-8,-110,-7.5,-115,-8.5,-110,-8.5,-112,-8,-110,-8,-110,+8,-110,+8.5,-110,+8,-110,+7.5,-105,+8.5,-110,+8.5,-108,+8,-110,+8,-110
Sun Dec 17 2023,Houston Rockets,119,Milwaukee Bucks,128,+7,-110,+7,-110,+7,-108,+7.5,-115,+7.5,-110,+7.5,-115,+7.5,-112,+7,-108,-7,-110,-7,-110,-7,-112,-7.5,-105,-7.5,-110,-7.5,-105,-7.5,-109,-7,-112
Sun Dec 17 2023,Washington Wizards,108,Phoenix Suns,112,+12.5,-112,+12.5,-110,+13,-110,+14.5,-130,+12.5,-105,+12.5,-105,+13,-112,+13,-110,-12.5,-108,-12.5,-110,-13,-110,-14.5,+105,-12.5,-115,-12.5,-115,-13,-109,-13,-110
Sun Dec 17 2023,Golden State Warriors,118,Portland Trail Blazers,114,-4.5,-110,-6,-110,-6,-110,-5.5,-115,-6,-110,-5.5,-110,-6,-108,-6,-110,+4.5,-110,+6,-110,+6,-110,+5.5,-105,+6,-110,+5.5,-110,+6,-113,+6,-110
Mon Dec 18 2023,Houston Rockets,130,Cleveland Cavaliers,135,+4.5,-105,+3.5,-110,+3.5,-108,+3.5,-110,+4,-115,+4,-108,+4,-107,+3.5,-108,-4.5,-115,-3.5,-110,-3.5,-112,-3.5,-110,-4,-105,-4,-112,-4,-114,-3.5,-112
Mon Dec 18 2023,Los Angeles Clippers,151,Indiana Pacers,127,-1.5,-110,-4,-110,-4,-110,-3.5,-115,-4,-110,-3.5,-112,-3.5,-110,-4,-110,+1.5,-110,+4,-110,+4,-110,+3.5,-105,+4,-110,+3.5,-108,+3.5,-110,+4,-110
Mon Dec 18 2023,Chicago Bulls,108,Philadelphia 76ers,104,+10.5,-110,+10.5,-110,+10.5,-110,+10.5,-110,+10,-110,+10.5,-112,+11,-113,+10.5,-110,-10.5,-110,-10.5,-110,-10.5,-110,-10.5,-110,-10,-110,-10.5,-108,-11,-108,-10.5,-110
Mon Dec 18 2023,Detroit Pistons,124,Atlanta Hawks,130,+10,-110,+12,-110,+11.5,-108,+11.5,-110,+12,-105,+11.5,-105,+12,-113,+11.5,-108,-10,-110,-12,-110,-11.5,-112,-11.5,-110,-12,-115,-11.5,-115,-12,-110,-11.5,-112
Mon Dec 18 2023,Minnesota Timberwolves,112,Miami Heat,108,-2,-110,-2,-105,-2,-108,-1.5,-115,-2,-115,-1.5,-115,-2,-109,-2,-108,+2,-110,+2,-115,+2,-112,+1.5,-105,+2,-105,+1.5,-105,+2,-112,+2,-112
Mon Dec 18 2023,Charlotte Hornets,99,Toronto Raptors,114,+10,-110,+12.5,-110,+12.5,-106,+12.5,-110,+12,-105,+12.5,-110,+12,-110,+12.5,-106,-10,-110,-12.5,-110,-12.5,-114,-12.5,-110,-12,-115,-12.5,-110,-12,-113,-12.5,-114
Mon Dec 18 2023,Memphis Grizzlies,97,Oklahoma City Thunder,116,+10,-110,+10.5,-110,+10.5,-110,+10.5,-115,+10.5,-110,+10.5,-110,+10.5,-113,+10.5,-110,-10,-110,-10.5,-110,-10.5,-110,-10.5,-105,-10.5,-110,-10.5,-110,-10.5,-108,-10.5,-110
Mon Dec 18 2023,Dallas Mavericks,104,Denver Nuggets,130,+7,-110,+8.5,-110,+8,-108,+8.5,-115,+8.5,-110,+8.5,-110,+8.5,-115,+8,-108,-7,-110,-8.5,-110,-8,-112,-8.5,-105,-8.5,-110,-8.5,-110,-8.5,-108,-8,-112
Mon Dec 18 2023,Brooklyn Nets,108,Utah Jazz,125,-3.5,-110,-3.5,-110,-3.5,-106,-3.5,-115,-3.5,-105,-3.5,-110,-3.5,-110,-3.5,-106,+3.5,-110,+3.5,-110,+3.5,-114,+3.5,-105,+3.5,-115,+3.5,-110,+3.5,-110,+3.5,-114
Mon Dec 18 2023,Washington Wizards,131,Sacramento Kings,143,+11.5,-112,+14.5,-110,+14.5,-110,+14.5,-110,+14,-110,+14.5,-115,+14,-113,+14.5,-110,-11.5,-108,-14.5,-110,-14.5,-110,-14.5,-110,-14,-110,-14.5,-105,-14,-110,-14.5,-110
Mon Dec 18 2023,New York Knicks,114,Los Angeles Lakers,109,+4.5,-110,+5,-115,+4.5,-110,+4.5,-105,+4.5,-110,+5.5,-115,+4.5,-109,+4.5,-110,-4.5,-110,-5,-105,-4.5,-112,-4.5,-115,-4.5,-110,-5.5,-105,-4.5,-112,-4.5,-112
Tue Dec 19 2023,Memphis Grizzlies,115,New Orleans Pelicans,113,+7,-112,+8.5,-110,+8.5,-108,+8.5,-110,+8.5,-110,+8.5,-105,+8.5,-109,+8.5,-108,-7,-108,-8.5,-110,-8.5,-112,-8.5,-110,-8.5,-110,-8.5,-115,-8.5,-112,-8.5,-112
Tue Dec 19 2023,San Antonio Spurs,119,Milwaukee Bucks,132,+13.5,-110,+16.5,-110,+16.5,-110,+16.5,-110,+16.5,-110,+16.5,-108,+16.5,-109,+16.5,-110,-13.5,-110,-16.5,-110,-16.5,-110,-16.5,-110,-16.5,-110,-16.5,-112,-16.5,-112,-16.5,-110
Tue Dec 19 2023,Boston Celtics,126,Golden State Warriors,132,-5.5,-110,-4.5,-110,-5,-110,-4.5,-115,-5,-115,-4.5,-115,-4.5,-110,-5,-110,+5.5,-110,+4.5,-110,+5,-110,+4.5,-105,+5,-105,+4.5,-105,+4.5,-110,+5,-110
Tue Dec 19 2023,Phoenix Suns,104,Portland Trail Blazers,109,-7.5,-110,-7,-110,-7.5,-108,-7.5,-105,-7.5,-110,-7.5,-115,-7,-107,-7.5,-108,+7.5,-110,+7,-110,+7.5,-112,+7.5,-115,+7.5,-110,+7.5,-105,+7,-114,+7.5,-112
Wed Dec 20 2023,Utah Jazz,116,Cleveland Cavaliers,124,+7.5,-110,+3,-110,+3.5,-112,+3.5,-115,+4.5,-110,+3,-105,+3,-108,+3.5,-112,-7.5,-110,-3,-110,-3.5,-108,-3.5,-105,-4.5,-110,-3,-115,-3,-113,-3.5,-108
Wed Dec 20 2023,Charlotte Hornets,113,Indiana Pacers,144,+11,-110,+10.5,-110,+10.5,-110,+10.5,-110,+10,-110,+10.5,-110,+10,-112,+10.5,-110,-11,-110,-10.5,-110,-10.5,-110,-10.5,-110,-10,-110,-10.5,-110,-10,-109,-10.5,-110
Wed Dec 20 2023,Miami Heat,115,Orlando Magic,106,+5,-106,+5,-105,+5.5,-110,+5.5,-110,+5.5,-110,+5.5,-110,+5.5,-109,+5.5,-110,-5,-114,-5,-115,-5.5,-110,-5.5,-110,-5.5,-110,-5.5,-110,-5.5,-112,-5.5,-110
Wed Dec 20 2023,Minnesota Timberwolves,113,Philadelphia 76ers,127,+3.5,-110,+4,-110,+4,-110,+3.5,-105,+4,-115,+4,-110,+3.5,-109,+4,-110,-3.5,-110,-4,-110,-4,-110,-3.5,-115,-4,-105,-4,-110,-3.5,-112,-4,-110
Wed Dec 20 2023,New York Knicks,121,Brooklyn Nets,102,-1,-108,-1,-110,-1.5,-110,-1.5,-105,-1,-110,-1.5,-108,-1,-109,-1.5,-110,+1,-112,+1,-110,+1.5,-110,+1.5,-115,+1,-110,+1.5,-112,+1,-112,+1.5,-110
Wed Dec 20 2023,Denver Nuggets,113,Toronto Raptors,104,-4.5,-114,-3.5,-115,-3.5,-112,-3.5,-115,-4,-110,-4,-110,-4,-108,-3.5,-112,+4.5,-106,+3.5,-105,+3.5,-108,+3.5,-105,+4,-110,+4,-110,+4,-113,+3.5,-108
Wed Dec 20 2023,Los Angeles Lakers,108,Chicago Bulls,124,-5,-110,-3.5,-115,-3.5,-108,-3.5,-110,-4,-105,-3.5,-115,-3.5,-112,-3.5,-108,+5,-110,+3.5,-105,+3.5,-112,+3.5,-110,+4,-115,+3.5,-105,+3.5,-118,+3.5,-112
Wed Dec 20 2023,Atlanta Hawks,134,Houston Rockets,127,+2.5,-106,+2.5,-115,+2.5,-108,+2.5,-110,+3.5,-105,+3,-115,+3,-109,+2.5,-108,-2.5,-114,-2.5,-105,-2.5,-112,-2.5,-110,-3.5,-115,-3,-105,-3,-112,-2.5,-112
Wed Dec 20 2023,Los Angeles Clippers,120,Dallas Mavericks,111,-3.5,-106,-1.5,-115,-2,-112,-1.5,-110,-2,-115,-1.5,-110,-1.5,-108,-2,-112,+3.5,-114,+1.5,-105,+2,-108,+1.5,-110,+2,-105,+1.5,-110,+1.5,-113,+2,-108
Wed Dec 20 2023,Boston Celtics,144,Sacramento Kings,119,-2,-110,+3.5,-110,+3.5,-112,+3.5,-110,+3.5,-105,+4,-110,+3.5,-110,+3.5,-112,+2,-110,-3.5,-110,-3.5,-108,-3.5,-110,-3.5,-115,-4,-110,-3.5,-112,-3.5,-108
Thu Dec 21 2023,Utah Jazz,119,Detroit Pistons,111,-2,-110,+2,-110,+2,-108,+2.5,-115,+2.5,-105,+2,-108,-3,-129,+2,-108,+2,-110,-2,-110,-2,-112,-2.5,-105,-2.5,-115,-2,-112,+3,-107,-2,-112
Thu Dec 21 2023,New Orleans Pelicans,123,Cleveland Cavaliers,104,+3,-108,-3.5,-115,-3.5,-110,-3.5,-115,-3.5,-110,-3.5,-115,-7.5,-115,-3.5,-110,-3,-112,+3.5,-105,+3.5,-110,+3.5,-105,+3.5,-110,+3.5,-105,+7.5,-118,+3.5,-110
Thu Dec 21 2023,San Antonio Spurs,95,Chicago Bulls,114,+3,-106,+6.5,-110,+6.5,-112,+6.5,-110,+6,-105,+6.5,-112,+3,-113,+6.5,-112,-3,-114,-6.5,-110,-6.5,-108,-6.5,-110,-6,-115,-6.5,-108,-3,-121,-6.5,-108
Thu Dec 21 2023,Indiana Pacers,103,Memphis Grizzlies,116,+4.5,-110,+2,-110,+2,-110,+2.5,-115,+2,-115,+2,-112,+9,-115,+2,-110,-4.5,-110,-2,-110,-2,-110,-2.5,-105,-2,-105,-2,-108,-9,-118,-2,-110
Thu Dec 21 2023,Orlando Magic,114,Milwaukee Bucks,118,+8.5,-114,+8.5,-110,+8.5,-106,+8.5,-110,+8.5,-110,+8.5,-110,+9.5,-113,+8.5,-106,-8.5,-106,-8.5,-110,-8.5,-114,-8.5,-110,-8.5,-110,-8.5,-110,-9.5,-108,-8.5,-114
Thu Dec 21 2023,Los Angeles Clippers,115,Oklahoma City Thunder,134,+3.5,-110,+6,-110,+6,-108,+6.5,-110,+6,-110,+6.5,-108,+6,-108,+6,-108,-3.5,-110,-6,-110,-6,-112,-6.5,-110,-6,-110,-6.5,-112,-6,-113,-6,-112
Thu Dec 21 2023,Los Angeles Lakers,111,Minnesota Timberwolves,118,+4.5,-110,+8.5,-110,+8.5,-110,+8.5,-110,+8.5,-110,+8.5,-110,+8,-109,+8.5,-110,-4.5,-110,-8.5,-110,-8.5,-110,-8.5,-110,-8.5,-110,-8.5,-110,-8,-112,-8.5,-110
Thu Dec 21 2023,Washington Wizards,118,Portland Trail Blazers,117,+4,-110,+4,-110,+4,-110,+4.5,-115,+4,-110,+4,-105,+4,-107,+4,-110,-4,-110,-4,-110,-4,-110,-4.5,-105,-4,-110,-4,-115,-4,-114,-4,-110
Fri Dec 22 2023,Toronto Raptors,111,Philadelphia 76ers,121,+8,-112,+7.5,-105,+8,-108,+8.5,-110,+7,-115,+8,-115,+8,-108,+8,-108,-8,-108,-7.5,-115,-8,-112,-8.5,-110,-7,-105,-8,-105,-8,-113,-8,-112
Fri Dec 22 2023,Denver Nuggets,122,Brooklyn Nets,117,-3.5,-110,-4.5,-110,-5,-108,-4.5,-110,-5,-115,-4.5,-115,-5,-110,-5,-108,+3.5,-110,+4.5,-110,+5,-112,+4.5,-110,+5,-105,+4.5,-105,+5,-110,+5,-112
Fri Dec 22 2023,Dallas Mavericks,96,Houston Rockets,122,+2.5,-110,+8.5,-110,+8.5,-110,+8.5,-110,+8.5,-105,+8.5,-110,+8.5,-115,+8.5,-110,-2.5,-110,-8.5,-110,-8.5,-110,-8.5,-110,-8.5,-115,-8.5,-110,-8.5,-115,-8.5,-110
Fri Dec 22 2023,Atlanta Hawks,113,Miami Heat,122,+2.5,-110,+1,-115,-1,-110,-1.5,even,+1,-110,+1,-115,+1.5,-110,-1,-110,-2.5,-110,-1,-105,+1,-110,+1.5,-120,-1,-110,-1,-105,-1.5,-110,+1,-110
Fri Dec 22 2023,Washington Wizards,118,Golden State Warriors,129,+12,-110,+10.5,-110,+11,-112,+10.5,-105,+11,-115,+10.5,-108,+11,-118,+11,-112,-12,-110,-10.5,-110,-11,-108,-10.5,-115,-11,-105,-10.5,-112,-11,-113,-11,-108
Fri Dec 22 2023,Phoenix Suns,105,Sacramento Kings,120,+2.5,-110,+4,-115,+4,-110,+3.5,-105,+3.5,-110,+3.5,-108,+4,-110,+4,-110,-2.5,-110,-4,-105,-4,-110,-3.5,-115,-3.5,-110,-3.5,-112,-4,-110,-4,-110
Sat Dec 23 2023,Milwaukee Bucks,130,New York Knicks,111,-2,-110,-2,-110,-2.5,-108,-2.5,-105,-2.5,-110,-2,-115,-2,-113,-2.5,-108,+2,-110,+2,-110,+2.5,-112,+2.5,-115,+2.5,-110,+2,-105,+2,-108,+2.5,-112
Sat Dec 23 2023,Boston Celtics,145,Los Angeles Clippers,108,-1,-110,-4.5,-115,-4.5,-110,-2.5,-110,-4,-115,-4.5,-110,-4.5,-108,-4.5,-110,+1,-110,+4.5,-105,+4.5,-110,+2.5,-110,+4,-105,+4.5,-110,+4.5,-113,+4.5,-110
Sat Dec 23 2023,Denver Nuggets,102,Charlotte Hornets,95,-8,-110,-11,-110,-11,-108,-10.5,-115,-11,-110,-11,-110,-11,-112,-11,-108,+8,-110,+11,-110,+11,-114,+10.5,-105,+11,-110,+11,-110,+11,-109,+11,-114
Sat Dec 23 2023,Orlando Magic,117,Indiana Pacers,110,+2,-112,+2.5,-110,+2.5,-112,+2.5,-115,+2.5,-110,+2.5,-112,+3,-112,+2.5,-112,-2,-108,-2.5,-110,-2.5,-108,-2.5,-105,-2.5,-110,-2.5,-108,-3,-109,-2.5,-108
Sat Dec 23 2023,Houston Rockets,106,New Orleans Pelicans,104,+6,-110,+7.5,-110,+7.5,-112,+7.5,-110,+7.5,-110,+7.5,-110,+7.5,-108,+7.5,-112,-6,-110,-7.5,-110,-7.5,-108,-7.5,-110,-7.5,-110,-7.5,-110,-7.5,-113,-7.5,-108
Sat Dec 23 2023,Memphis Grizzlies,125,Atlanta Hawks,119,-1,-110,+1.5,-110,+1.5,-108,+1.5,-110,+1.5,-110,+1.5,-110,+1.5,-110,+1.5,-108,+1,-110,-1.5,-110,-1.5,-112,-1.5,-110,-1.5,-110,-1.5,-110,-1.5,-110,-1.5,-112
Sat Dec 23 2023,Detroit Pistons,115,Brooklyn Nets,126,+9.5,-110,+10,-110,+9.5,-110,+9.5,-110,+9.5,-110,+9.5,-108,+9,-112,+9.5,-110,-9.5,-110,-10,-110,-9.5,-110,-9.5,-110,-9.5,-110,-9.5,-112,-9,-109,-9.5,-110
Sat Dec 23 2023,Utah Jazz,126,Toronto Raptors,119,+6.5,-110,+5.5,-115,+5.5,-112,+5.5,-115,+5.5,-110,+5.5,-112,+5.5,-108,+5.5,-112,-6.5,-110,-5.5,-105,-5.5,-108,-5.5,-105,-5.5,-110,-5.5,-108,-5.5,-113,-5.5,-108
Sat Dec 23 2023,Cleveland Cavaliers,109,Chicago Bulls,95,+5.5,-110,+6.5,-110,+6.5,-110,+6.5,-110,+5.5,-105,+6.5,-112,+6,-110,+6.5,-110,-5.5,-110,-6.5,-110,-6.5,-110,-6.5,-110,-5.5,-115,-6.5,-108,-6,-110,-6.5,-110
Sat Dec 23 2023,Los Angeles Lakers,129,Oklahoma City Thunder,120,+4,-108,+3.5,-105,+3.5,-110,+3.5,-105,+4,-110,+3.5,-115,+3.5,-110,+3.5,-110,-4,-112,-3.5,-115,-3.5,-110,-3.5,-115,-4,-110,-3.5,-105,-3.5,-110,-3.5,-110
Sat Dec 23 2023,San Antonio Spurs,119,Dallas Mavericks,144,+7,-110,+8.5,-110,+8,-108,+8.5,-110,+8.5,-110,+8.5,-115,+8,-108,+8,-108,-7,-110,-8.5,-110,-8,-112,-8.5,-110,-8.5,-110,-8.5,-105,-8,-115,-8,-112
Sat Dec 23 2023,Portland Trail Blazers,106,Golden State Warriors,126,+8.5,-110,+8,-110,+8,-108,+8.5,-115,+8.5,-110,+8,-110,+8.5,-115,+8,-108,-8.5,-110,-8,-110,-8,-112,-8.5,-105,-8.5,-110,-8,-110,-8.5,-115,-8,-112
Sat Dec 23 2023,Minnesota Timberwolves,110,Sacramento Kings,98,+1,-110,+2.5,-115,+2,-110,+2.5,-115,+2.5,-110,+2.5,-112,+2.5,-109,+2,-110,-1,-110,-2.5,-105,-2,-110,-2.5,-105,-2.5,-110,-2.5,-108,-2.5,-112,-2,-110
Mon Dec 25 2023,Milwaukee Bucks,122,New York Knicks,129,-2,-110,-3,-110,-3,-110,-2.5,-115,-3,-115,-3,-110,-3.5,-110,-3,-110,+2,-110,+3,-110,+3,-110,+2.5,-105,+3,-105,+3,-110,+3.5,-110,+3,-110
Mon Dec 25 2023,Golden State Warriors,114,Denver Nuggets,120,+5,-110,+7.5,-105,+7.5,-110,+7.5,-110,+7,-110,+7.5,-108,+7.5,-109,+7.5,-110,-5,-110,-7.5,-115,-7.5,-110,-7.5,-110,-7,-110,-7.5,-112,-7.5,-112,-7.5,-110
Mon Dec 25 2023,Boston Celtics,126,Los Angeles Lakers,115,-1,-110,-5,-105,-5,-108,-4.5,-115,-5,-115,-5,-108,-5,-110,-5,-108,+1,-110,+5,-115,+5,-112,+4.5,-105,+5,-105,+5,-112,+5,-110,+5,-112
Mon Dec 25 2023,Philadelphia 76ers,113,Miami Heat,119,+3,-112,+2.5,-110,+2.5,-110,+2.5,-110,+2,-105,+2,-105,+2,-110,+2.5,-110,-3,-108,-2.5,-110,-2.5,-110,-2.5,-110,-2,-115,-2,-115,-2,-110,-2.5,-110
Mon Dec 25 2023,Dallas Mavericks,128,Phoenix Suns,114,+5.5,-106,+4,-105,+4,-108,+4.5,-110,+4,-110,+4.5,-110,+4.5,-114,+4,-108,-5.5,-114,-4,-115,-4,-112,-4.5,-110,-4,-110,-4.5,-110,-4.5,-107,-4,-112
Tue Dec 26 2023,Brooklyn Nets,118,Detroit Pistons,112,-6.5,-110,-6.5,-110,-6.5,-114,-6.5,-110,-6.5,-110,-6.5,-112,-6.5,-109,-6.5,-114,+6.5,-110,+6.5,-110,+6.5,-106,+6.5,-110,+6.5,-110,+6.5,-108,+6.5,-112,+6.5,-106
Tue Dec 26 2023,Orlando Magic,127,Washington Wizards,119,-6.5,-110,-7,-110,-7,-108,-7.5,-105,-7,-110,-7,-110,-7.5,-113,-7,-108,+6.5,-110,+7,-110,+7,-112,+7.5,-115,+7,-110,+7,-110,+7.5,-118,+7,-112
Tue Dec 26 2023,Atlanta Hawks,113,Chicago Bulls,118,-1,-110,-2.5,-110,-2.5,-110,-2.5,-110,-2.5,-110,-2.5,-108,-2,-112,-2.5,-110,+1,-110,+2.5,-110,+2.5,-110,+2.5,-110,+2.5,-110,+2.5,-112,+2,-112,+2.5,-110
Tue Dec 26 2023,Indiana Pacers,123,Houston Rockets,117,+2.5,-110,+3,-110,+3,-110,+2.5,-105,+3,-110,+3,-115,+2.5,-107,+3,-110,-2.5,-110,-3,-110,-3,-110,-2.5,-115,-3,-110,-3,-105,-2.5,-114,-3,-110
Tue Dec 26 2023,Memphis Grizzlies,116,New Orleans Pelicans,115,+4,-110,+4.5,-110,+5,-112,+4.5,-105,+4.5,-105,+5,-112,+4.5,-113,+5,-112,-4,-110,-4.5,-110,-5,-108,-4.5,-115,-4.5,-115,-5,-108,-4.5,-108,-5,-108
Tue Dec 26 2023,Minnesota Timberwolves,106,Oklahoma City Thunder,129,+4,-110,+2,-110,+2.5,-110,+2.5,-115,+3,-105,+2,-108,+2,-112,+2.5,-110,-4,-110,-2,-110,-2.5,-110,-2.5,-105,-3,-115,-2,-112,-2,-109,-2.5,-110
Tue Dec 26 2023,Utah Jazz,130,San Antonio Spurs,118,-1.5,-110,-2.5,-115,-3,-112,-2.5,-115,-2.5,-110,-2.5,-115,-3.5,-108,-3,-112,+1.5,-110,+2.5,-105,+3,-108,+2.5,-105,+2.5,-110,+2.5,-105,+3.5,-112,+3,-108
Tue Dec 26 2023,Sacramento Kings,113,Portland Trail Blazers,130,-5.5,-110,-9,-110,-9,-112,-9.5,-105,-8,-110,-9,-110,-9,-109,-9,-112,+5.5,-110,+9,-110,+9,-110,+9.5,-115,+8,-110,+9,-110,+9,-112,+9,-110
Tue Dec 26 2023,Charlotte Hornets,104,Los Angeles Clippers,113,+11,-108,+11.5,-115,+11,-108,+11.5,-115,+11.5,-110,+11,-108,+11.5,-110,+11,-108,-11,-112,-11.5,-105,-11,-112,-11.5,-105,-11.5,-110,-11,-112,-11.5,-110,-11,-112
Wed Dec 27 2023,Philadelphia 76ers,112,Orlando Magic,92,+1,-112,+2.5,-110,+2,-108,+2.5,-110,+2.5,-110,+2.5,-110,+2,-107,+2,-108,-1,-108,-2.5,-110,-2,-112,-2.5,-110,-2.5,-110,-2.5,-110,-2,-114,-2,-112
Wed Dec 27 2023,Toronto Raptors,132,Washington Wizards,102,-5,-114,-6.5,-110,-6.5,-110,-6.5,-110,-6.5,-110,-7,-105,-6.5,-110,-6.5,-110,+5,-106,+6.5,-110,+6.5,-110,+6.5,-110,+6.5,-110,+7,-115,+6.5,-110,+6.5,-110
Wed Dec 27 2023,Milwaukee Bucks,144,Brooklyn Nets,122,-3,-110,-10,-110,-10,-110,-10.5,-110,-10,-110,-10,-115,-9.5,-110,-10,-110,+3,-110,+10,-110,+10,-110,+10.5,-110,+10,-110,+10,-105,+9.5,-110,+10,-110
Wed Dec 27 2023,Phoenix Suns,129,Houston Rockets,113,-1.5,-110,-3,-110,-3,-110,-2.5,-115,-3,-110,-3,-112,-3,-113,-3,-110,+1.5,-110,+3,-110,+3,-110,+2.5,-105,+3,-110,+3,-108,+3,-107,+3,-110
Wed Dec 27 2023,New York Knicks,120,Oklahoma City Thunder,129,+2,-110,+3.5,-110,+3.5,-112,+3.5,-110,+3.5,-110,+3.5,-112,+3.5,-110,+3.5,-112,-2,-110,-3.5,-110,-3.5,-108,-3.5,-110,-3.5,-110,-3.5,-108,-3.5,-110,-3.5,-108
Wed Dec 27 2023,Cleveland Cavaliers,113,Dallas Mavericks,110,+7,-106,+6.5,-110,+6.5,-108,+6.5,-110,+6.5,-110,+6,-112,+6.5,-113,+6.5,-108,-7,-114,-6.5,-110,-6.5,-112,-6.5,-110,-6.5,-110,-6,-108,-6.5,-108,-6.5,-112
Thu Dec 28 2023,Detroit Pistons,122,Boston Celtics,128,+18.5,-110,+17,-110,+17,-110,+17.5,-115,+17,-110,+17,-108,+17,-109,+17,-110,-18.5,-110,-17,-110,-17,-110,-17.5,-105,-17,-110,-17,-112,-17,-112,-17,-110
Thu Dec 28 2023,Indiana Pacers,120,Chicago Bulls,104,-2,-110,-1,-110,-1,-110,-1.5,even,-1,-110,-1,-105,-1,-110,-1,-110,+2,-110,+1,-110,+1,-110,+1.5,-120,+1,-110,+1,-115,+1,-110,+1,-110
Thu Dec 28 2023,Dallas Mavericks,110,Minnesota Timberwolves,118,+8.5,-110,+12,-110,+12,-108,+12.5,-115,+12.5,-110,+12,-110,+12.5,-110,+12,-108,-8.5,-110,-12,-110,-12,-112,-12.5,-105,-12.5,-110,-12,-110,-12.5,-110,-12,-112
Thu Dec 28 2023,Utah Jazz,105,New Orleans Pelicans,112,+9,-110,+9,-105,+9,-114,+9.5,-115,+9.5,-110,+9,-115,+8.5,-108,+9,-114,-9,-110,-9,-115,-9,-108,-9.5,-105,-9.5,-110,-9,-105,-8.5,-113,-9,-108
Thu Dec 28 2023,Memphis Grizzlies,105,Denver Nuggets,142,+6,-110,+9,-110,+9,-106,+8.5,-105,+9.5,-110,+9,-112,+9.5,-113,+9,-106,-6,-110,-9,-110,-9,-114,-8.5,-115,-9.5,-110,-9,-108,-9.5,-108,-9,-114
Thu Dec 28 2023,Miami Heat,114,Golden State Warriors,102,+2,-108,+6.5,-105,+6.5,-110,+6.5,-105,+6.5,-105,+6.5,-110,+6.5,-110,+6.5,-110,-2,-112,-6.5,-115,-6.5,-110,-6.5,-115,-6.5,-115,-6.5,-110,-6.5,-110,-6.5,-110
Thu Dec 28 2023,San Antonio Spurs,118,Portland Trail Blazers,105,+5.5,-110,+3,-110,+3,-110,+3.5,-115,+4,-110,+3,-108,+3,-110,+3,-110,-5.5,-110,-3,-110,-3,-110,-3.5,-105,-4,-110,-3,-112,-3,-110,-3,-110
Thu Dec 28 2023,Charlotte Hornets,112,Los Angeles Lakers,133,+12.5,-110,+13,-110,+13,-106,+13.5,-115,+12.5,-110,+13,-112,+13.5,-113,+13,-106,-12.5,-110,-13,-110,-13,-114,-13.5,-105,-12.5,-110,-13,-108,-13.5,-108,-13,-114
Fri Dec 29 2023,New York Knicks,108,Orlando Magic,117,+1.5,-110,-1.5,-110,-1.5,-108,-1.5,-105,-1,-110,-1,-112,-1.5,-110,-1.5,-108,-1.5,-110,+1.5,-110,+1.5,-112,+1.5,-115,+1,-110,+1,-108,+1.5,-110,+1.5,-112
Fri Dec 29 2023,Brooklyn Nets,104,Washington Wizards,110,-6,-110,-6,-115,-6,-110,-6.5,-110,-6,-110,-6,-115,-6,-112,-6,-110,+6,-110,+6,-105,+6,-110,+6.5,-110,+6,-110,+6,-105,+6,-109,+6,-110
Fri Dec 29 2023,Sacramento Kings,117,Atlanta Hawks,110,-1,-110,-1,-110,-1.5,-110,-1.5,-105,PK,-110,-1,-112,-2,-112,-1.5,-110,+1,-110,+1,-110,+1.5,-110,+1.5,-115,PK,-110,+1,-108,+2,-109,+1.5,-110
Fri Dec 29 2023,Toronto Raptors,118,Boston Celtics,120,+10.5,-110,+5,-115,+5,-114,+8.5,-110,+5.5,-110,+4.5,-108,+5.5,-112,+5,-114,-10.5,-110,-5,-105,-5,-106,-8.5,-110,-5.5,-110,-4.5,-112,-5.5,-109,-5,-106
Fri Dec 29 2023,Milwaukee Bucks,119,Cleveland Cavaliers,111,-5,-110,-5,-115,-5,-110,-5.5,-110,-4.5,-110,-5,-115,-4.5,-120,-5,-110,+5,-110,+5,-105,+5,-110,+5.5,-110,+4.5,-110,+5,-105,+4.5,-112,+5,-110
Fri Dec 29 2023,Philadelphia 76ers,131,Houston Rockets,127,-1.5,-108,-1,-110,-1.5,-108,-1.5,-105,PK,-110,-1,-115,-1,-113,-1.5,-108,+1.5,-112,+1,-110,+1.5,-112,+1.5,-115,PK,-110,+1,-105,+1,-108,+1.5,-112
Fri Dec 29 2023,Oklahoma City Thunder,119,Denver Nuggets,93,+3.5,-112,+2,-110,+2,-110,+1.5,-105,+1.5,-110,+1.5,-110,+1.5,-109,+2,-110,-3.5,-108,-2,-110,-2,-110,-1.5,-115,-1.5,-110,-1.5,-110,-1.5,-114,-2,-110
Fri Dec 29 2023,Charlotte Hornets,119,Phoenix Suns,133,+15,-110,+15.5,-110,+15.5,-114,+15.5,-115,+16,-110,+15.5,-115,+15.5,-108,+15.5,-114,-15,-110,-15.5,-110,-15.5,-108,-15.5,-105,-16,-110,-15.5,-105,-15.5,-112,-15.5,-108
Fri Dec 29 2023,San Antonio Spurs,128,Portland Trail Blazers,134,+5,-108,+4.5,-115,+4.5,-112,+4.5,-110,+4,-110,+4,-108,+4.5,-107,+4.5,-112,-5,-112,-4.5,-105,-4.5,-108,-4.5,-110,-4,-110,-4,-112,-4.5,-114,-4.5,-108
Fri Dec 29 2023,Memphis Grizzlies,106,Los Angeles Clippers,117,+6.5,-110,+4,-115,+4,-110,+4.5,-120,+4,-110,+3.5,-105,+4,-110,+4,-110,-6.5,-110,-4,-105,-4,-110,-4.5,even,-4,-110,-3.5,-115,-4,-110,-4,-110
Sat Dec 30 2023,Miami Heat,109,Utah Jazz,117,-2,-110,-3,-115,-3,-112,-3.5,-105,-3,-110,-3,-110,-3.5,-106,-3,-112,+2,-110,+3,-105,+3,-108,+3.5,-115,+3,-110,+3,-110,+3.5,-115,+3,-108
Sat Dec 30 2023,Toronto Raptors,127,Detroit Pistons,129,-4.5,-110,-4,-110,-4,-110,-3.5,-110,-4,-105,-4,-108,-3.5,-109,-4,-110,+4.5,-110,+4,-110,+4,-110,+3.5,-110,+4,-115,+4,-112,+3.5,-112,+4,-110
Sat Dec 30 2023,New York Knicks,126,Indiana Pacers,140,+3,-110,+4,-110,+4,-108,+3.5,-105,+4,-105,+4,-108,+4.5,-113,+4,-108,-3,-110,-4,-110,-4,-112,-3.5,-115,-4,-115,-4,-110,-4.5,-108,-4,-112
Sat Dec 30 2023,Philadelphia 76ers,92,Chicago Bulls,105,+1,-110,+1,-115,+1,-110,+1.5,-120,+1,-110,+1,-110,+1,-109,+1,-110,-1,-110,-1,-105,-1,-110,-1.5,even,-1,-110,-1,-110,-1,-112,-1,-110
Sat Dec 30 2023,Los Angeles Lakers,106,Minnesota Timberwolves,108,+4,-110,+4,-110,+4.5,-114,+4.5,-115,+4,-110,+4,-105,+4.5,-108,+4.5,-114,-4,-110,-4,-110,-4.5,-106,-4.5,-105,-4,-110,-4,-115,-4.5,-113,-4.5,-106
Sat Dec 30 2023,Dallas Mavericks,132,Golden State Warriors,122,+4,-106,+4,-110,+4,-110,+4.5,-115,+4,-110,+4,-110,+3.5,-108,+4,-110,-4,-114,-4,-110,-4,-110,-4.5,-105,-4,-110,-4,-110,-3.5,-113,-4,-110
Sun Dec 31 2023,Atlanta Hawks,130,Washington Wizards,126,-6,-110,-6.5,-110,-6.5,-112,-6.5,-110,-6.5,-115,-6.5,-112,-7,-110,-6.5,-112,+6,-110,+6.5,-110,+6.5,-108,+6.5,-110,+6.5,-105,+6.5,-108,+7,-110,+6.5,-108
Sun Dec 31 2023,Los Angeles Lakers,109,New Orleans Pelicans,129,+4,-110,+5.5,-110,+5.5,-112,+6.5,-115,+5.5,-105,+5.5,-108,+5.5,-107,+5.5,-112,-4,-110,-5.5,-110,-5.5,-108,-6.5,-105,-5.5,-115,-5.5,-112,-5.5,-114,-5.5,-108
Sun Dec 31 2023,Brooklyn Nets,108,Oklahoma City Thunder,124,+8,-110,+7.5,-110,+7.5,-110,+7.5,-110,+7.5,-110,+7.5,-115,+7.5,-112,+7.5,-110,-8,-110,-7.5,-110,-7.5,-110,-7.5,-110,-7.5,-110,-7.5,-105,-7.5,-118,-7.5,-110
Sun Dec 31 2023,Boston Celtics,134,San Antonio Spurs,101,-12.5,-110,-14.5,-110,-14.5,-112,-14.5,-110,-14.5,-110,-14.5,-115,-14.5,-109,-14.5,-112,+12.5,-110,+14.5,-110,+14.5,-108,+14.5,-110,+14.5,-110,+14.5,-105,+14.5,-112,+14.5,-108
Sun Dec 31 2023,Sacramento Kings,123,Memphis Grizzlies,92,-1,-108,+1,-110,+1,-110,+1.5,-120,+1,-110,+1,-110,+1,-112,+1,-110,+1,-112,-1,-110,-1,-110,-1.5,even,-1,-110,-1,-110,-1,-109,-1,-110
Sun Dec 31 2023,Orlando Magic,107,Phoenix Suns,112,+5.5,-110,+5.5,-105,+5.5,-106,+5.5,-105,+5.5,-105,+5.5,-108,+5.5,-108,+5.5,-106,-5.5,-110,-5.5,-115,-5.5,-114,-5.5,-115,-5.5,-115,-5.5,-112,-5.5,-113,-5.5,-114
Mon Jan 1 2024,Minnesota Timberwolves,106,New York Knicks,112,-1,-110,+1,-115,-1,-110,-1.5,+105,PK,-110,-1,-112,-1.5,-112,-1,-110,+1,-110,-1,-105,+1,-110,+1.5,-125,PK,-110,+1,-108,+1.5,-109,+1,-110
Mon Jan 1 2024,Cleveland Cavaliers,121,Toronto Raptors,124,+2.5,-112,+2.5,-110,+2.5,-108,+2.5,-105,+2.5,-110,+2.5,-105,+2.5,-107,+2.5,-108,-2.5,-108,-2.5,-110,-2.5,-114,-2.5,-115,-2.5,-110,-2.5,-115,-2.5,-114,-2.5,-114
Mon Jan 1 2024,Detroit Pistons,113,Houston Rockets,136,+7,-112,+9.5,-110,+9.5,-110,+9.5,-110,+9.5,-110,+9,-105,+9.5,-113,+9.5,-110,-7,-108,-9.5,-110,-9.5,-110,-9.5,-110,-9.5,-110,-9,-115,-9.5,-108,-9.5,-110
Mon Jan 1 2024,Indiana Pacers,122,Milwaukee Bucks,113,+7.5,-110,+8,-110,+8,-112,+7.5,-105,+8,-110,+8,-112,+8,-107,+8,-112,-7.5,-110,-8,-110,-8,-108,-7.5,-115,-8,-110,-8,-108,-8,-114,-8,-108
Mon Jan 1 2024,Charlotte Hornets,93,Denver Nuggets,111,+14.5,-110,+16.5,-110,+17,-110,+16.5,-110,+17,-110,+16.5,-115,+17,-109,+17,-110,-14.5,-110,-16.5,-110,-17,-110,-16.5,-110,-17,-110,-16.5,-105,-17,-112,-17,-110
Mon Jan 1 2024,Portland Trail Blazers,88,Phoenix Suns,109,+11.5,-110,+9.5,-110,+9,-110,+9.5,-110,+9.5,-105,+9.5,-105,+3,-121,+9,-110,-11.5,-110,-9.5,-110,-9,-110,-9.5,-110,-9.5,-115,-9.5,-115,-3,-112,-9,-110
Mon Jan 1 2024,Dallas Mavericks,90,Utah Jazz,127,-3.5,-114,-4.5,-110,-4.5,-110,-4.5,-110,-4.5,-110,-4.5,-108,-4.5,-113,-4.5,-110,+3.5,-106,+4.5,-110,+4.5,-110,+4.5,-110,+4.5,-110,+4.5,-112,+4.5,-108,+4.5,-110
Mon Jan 1 2024,Miami Heat,104,Los Angeles Clippers,121,+6.5,-110,+8,-110,+8,-110,+7.5,-105,+8,-110,+8,-108,+7.5,-109,+8,-110,-6.5,-110,-8,-110,-8,-110,-7.5,-115,-8,-110,-8,-112,-7.5,-112,-8,-110
Tue Jan 2 2024,Chicago Bulls,97,Philadelphia 76ers,110,+10.5,-110,+9.5,-110,+10,-110,+9.5,-110,+10.5,-110,+9.5,-110,+10,-114,+10,-110,-10.5,-110,-9.5,-110,-10,-110,-9.5,-110,-10.5,-110,-9.5,-110,-10,-107,-10,-110
Tue Jan 2 2024,San Antonio Spurs,98,Memphis Grizzlies,106,+12.5,-110,+11,-110,+11,-108,+11.5,-115,+11,-110,+11,-108,+11,-109,+11,-108,-12.5,-110,-11,-110,-11,-112,-11.5,-105,-11,-110,-11,-112,-11,-112,-11,-112
Tue Jan 2 2024,Brooklyn Nets,85,New Orleans Pelicans,112,+6.5,-110,+5.5,-110,+5.5,-112,+5.5,-110,+6,-110,+5.5,-108,+6,-113,+5.5,-112,-6.5,-110,-5.5,-110,-5.5,-108,-5.5,-110,-6,-110,-5.5,-112,-6,-108,-5.5,-108
Tue Jan 2 2024,Boston Celtics,123,Oklahoma City Thunder,127,-1.5,-110,-4,-110,-4,-114,-4.5,-110,-4,-110,-4,-112,-4.5,-115,-4,-114,+1.5,-110,+4,-110,+4,-106,+4.5,-110,+4,-110,+4,-108,+4.5,-115,+4,-106
Tue Jan 2 2024,Orlando Magic,115,Golden State Warriors,121,+4,-110,+3.5,-110,+3.5,-110,+3.5,-110,+3,-110,+3.5,-108,+3.5,-113,+3.5,-110,-4,-110,-3.5,-110,-3.5,-110,-3.5,-110,-3,-110,-3.5,-112,-3.5,-108,-3.5,-110
Tue Jan 2 2024,Charlotte Hornets,111,Sacramento Kings,104,+15.5,-110,+15.5,-110,+15,-110,+15.5,-115,+16,-110,+15,-105,+15,-112,+15,-110,-15.5,-110,-15.5,-110,-15,-110,-15.5,-105,-16,-110,-15,-115,-15,-109,-15,-110
Wed Jan 3 2024,Washington Wizards,101,Cleveland Cavaliers,140,+8.5,-110,+9,-110,+9,-110,+9.5,-115,+9.5,-110,+9,-110,+9.5,-115,+9,-110,-8.5,-110,-9,-110,-9,-110,-9.5,-105,-9.5,-110,-9,-110,-9.5,-115,-9,-110
Wed Jan 3 2024,Milwaukee Bucks,130,Indiana Pacers,142,-2.5,-110,-3.5,-110,-3.5,-106,-3.5,-110,-3.5,-110,-3.5,-108,-3.5,-115,-3.5,-106,+2.5,-110,+3.5,-110,+3.5,-114,+3.5,-110,+3.5,-110,+3.5,-112,+3.5,-115,+3.5,-114
Wed Jan 3 2024,Oklahoma City Thunder,138,Atlanta Hawks,141,-1,-110,+1,-110,+1,-110,+1.5,-115,-1,-110,+1,-112,+1,-109,+1,-110,+1,-110,-1,-110,-1,-110,-1.5,-105,+1,-110,-1,-108,-1,-112,-1,-110
Wed Jan 3 2024,Brooklyn Nets,101,Houston Rockets,112,+6.5,-110,+4,-110,+4,-110,+3.5,-105,+5.5,-105,+4,-110,+4,-107,+4,-110,-6.5,-110,-4,-110,-4,-110,-3.5,-115,-5.5,-115,-4,-110,-4,-114,-4,-110
Wed Jan 3 2024,Toronto Raptors,116,Memphis Grizzlies,111,+2,-110,+1,-110,+1.5,-112,+1.5,-115,+1,-110,+1,-112,+1.5,-109,+1.5,-112,-2,-110,-1,-110,-1.5,-108,-1.5,-105,-1,-110,-1,-108,-1.5,-112,-1.5,-108
Wed Jan 3 2024,New Orleans Pelicans,117,Minnesota Timberwolves,106,+5.5,-110,+6,-110,+6,-110,+5.5,-105,+6.5,even,+6,-110,+5.5,-110,+6,-110,-5.5,-110,-6,-110,-6,-110,-5.5,-115,-6.5,-120,-6,-110,-5.5,-110,-6,-110
Wed Jan 3 2024,Portland Trail Blazers,97,Dallas Mavericks,126,+10.5,-110,+11,-110,+11,-112,+11.5,-115,+11.5,-110,+10.5,-108,+11,-112,+11,-112,-10.5,-110,-11,-110,-11,-108,-11.5,-105,-11.5,-110,-10.5,-112,-11,-109,-11,-108
Wed Jan 3 2024,Chicago Bulls,100,New York Knicks,116,+7.5,-110,+8.5,-110,+8.5,-108,+8.5,-115,+9.5,-105,+8,-108,+9,-112,+8.5,-108,-7.5,-110,-8.5,-110,-8.5,-112,-8.5,-105,-9.5,-115,-8,-112,-9,-109,-8.5,-112
Wed Jan 3 2024,Los Angeles Clippers,131,Phoenix Suns,122,+1,-110,-4,-110,-4.5,-108,-4.5,-105,-3.5,-115,-4,-112,-4.5,-112,-4.5,-108,-1,-110,+4,-110,+4.5,-112,+4.5,-115,+3.5,-105,+4,-108,+4.5,-109,+4.5,-112
Wed Jan 3 2024,Detroit Pistons,148,Utah Jazz,154,+6.5,-110,+8.5,-110,+8.5,-110,+8.5,-110,+8.5,-110,+8.5,-110,+8.5,-114,+8.5,-110,-6.5,-112,-8.5,-110,-8.5,-110,-8.5,-110,-8.5,-110,-8.5,-110,-8.5,-107,-8.5,-110
Wed Jan 3 2024,Miami Heat,110,Los Angeles Lakers,96,+5,-110,+5,-110,+4.5,-108,+4.5,-105,+5.5,-110,+5,-108,+5,-112,+4.5,-108,-5,-110,-5,-110,-4.5,-112,-4.5,-115,-5.5,-110,-5,-112,-5,-109,-4.5,-112
Wed Jan 3 2024,Orlando Magic,135,Sacramento Kings,138,+3.5,-110,+5.5,-110,+5.5,-112,+5.5,-110,+5,-110,+5.5,-112,+5,-112,+5.5,-112,-3.5,-110,-5.5,-110,-5.5,-108,-5.5,-110,-5,-110,-5.5,-108,-5,-109,-5.5,-108
Thu Jan 4 2024,Milwaukee Bucks,125,San Antonio Spurs,121,-9.5,-114,-11,-110,-11,-108,-10.5,-115,-11.5,-110,-11,-110,-11,-108,-11,-108,+9.5,-106,+11,-110,+11,-112,+10.5,-105,+11.5,-110,+11,-110,+11,-113,+11,-112
Thu Jan 4 2024,Denver Nuggets,130,Golden State Warriors,127,-2.5,-110,-4,-110,-4,-112,-3.5,-115,-4.5,-115,-4,-110,-4,-109,-4,-112,+2.5,-110,+4,-110,+4,-108,+3.5,-105,+4.5,-105,+4,-110,+4,-112,+4,-108
Fri Jan 5 2024,Utah Jazz,97,Boston Celtics,126,+14,-110,+14,-110,+14,-110,+14.5,-115,+14,-110,+14,-112,+14,-113,+14,-110,-14,-110,-14,-110,-14,-110,-14.5,-105,-14,-110,-14,-108,-14,-108,-14,-110
Fri Jan 5 2024,Atlanta Hawks,116,Indiana Pacers,150,+4.5,-110,+3,-110,+2.5,-108,+2.5,-105,+3.5,-110,+2.5,-108,+3.5,-114,+2.5,-108,-4.5,-110,-3,-110,-2.5,-112,-2.5,-115,-3.5,-110,-2.5,-112,-3.5,-107,-2.5,-112
Fri Jan 5 2024,Oklahoma City Thunder,115,Brooklyn Nets,124,-4.5,-112,-5,-110,-4.5,-112,-4.5,-115,-5.5,-110,-5,-108,-5.5,-107,-4.5,-112,+4.5,-108,+5,-110,+4.5,-108,+4.5,-105,+5.5,-110,+5,-112,+5.5,-114,+4.5,-108
Fri Jan 5 2024,Washington Wizards,90,Cleveland Cavaliers,114,+10.5,-110,+10,-110,+10.5,-110,+10.5,-115,+10.5,-110,+10.5,-115,+10,-109,+10.5,-110,-10.5,-110,-10,-110,-10.5,-110,-10.5,-105,-10.5,-110,-10.5,-105,-10,-112,-10.5,-110
Fri Jan 5 2024,New York Knicks,128,Philadelphia 76ers,92,+5.5,-106,+5.5,-110,+6,-110,+5.5,-110,+6,-110,+5.5,-108,+6,-114,+6,-110,-5.5,-114,-5.5,-110,-6,-110,-5.5,-110,-6,-110,-5.5,-112,-6,-107,-6,-110
Fri Jan 5 2024,Charlotte Hornets,91,Chicago Bulls,104,+7,-108,+8.5,-110,+8.5,-112,+8.5,-110,+8.5,-110,+8.5,-110,+8.5,-110,+8.5,-112,-7,-112,-8.5,-110,-8.5,-108,-8.5,-110,-8.5,-110,-8.5,-110,-8.5,-110,-8.5,-108
Fri Jan 5 2024,Minnesota Timberwolves,122,Houston Rockets,95,-3,-108,-4,-110,-4,-115,-3.5,-115,-3.5,-110,-4,-112,-3.5,-115,-4,-115,+3,-112,+4,-110,+4,-105,+3.5,-105,+3.5,-110,+4,-108,+3.5,-115,+4,-105
Fri Jan 5 2024,Los Angeles Clippers,111,New Orleans Pelicans,95,+1,-112,-1,-105,-1,-108,-1.5,even,PK,-110,+1,-118,-1,-112,-1,-108,-1,-108,+1,-115,+1,-112,+1.5,-120,PK,-110,-1,-102,+1,-109,+1,-112
Fri Jan 5 2024,Portland Trail Blazers,103,Dallas Mavericks,139,+11,-110,+7,-110,+7,-106,+7.5,-115,+10.5,-110,+7,-110,+7,-107,+7,-106,-11,-110,-7,-110,-7,-114,-7.5,-105,-10.5,-110,-7,-110,-7,-113,-7,-114
Fri Jan 5 2024,Orlando Magic,122,Denver Nuggets,120,+11,-110,+10,-110,+10,-106,+10.5,-115,N/A,+10,-110,+9,-115,+10,-106,-11,-110,-10,-110,-10,-114,-10.5,-105,N/A,-10,-110,-9,-115,-10,-114,,
Fri Jan 5 2024,Miami Heat,97,Phoenix Suns,113,+4,-112,+2.5,-110,+2.5,-108,+2.5,-110,N/A,+2.5,-110,+2.5,-109,+2.5,-108,-4,-108,-2.5,-110,-2.5,-112,-2.5,-110,N/A,-2.5,-110,-2.5,-112,-2.5,-112,,
Fri Jan 5 2024,Detroit Pistons,109,Golden State Warriors,113,+10,-110,+10.5,-110,+11,-112,+10.5,-115,+9.5,-110,+10.5,-112,+10.5,-109,+11,-112,-10,-110,-10.5,-110,-11,-108,-10.5,-105,-9.5,-110,-10.5,-108,-10.5,-112,-11,-108
Fri Jan 5 2024,Memphis Grizzlies,127,Los Angeles Lakers,113,+5,-106,+4.5,-110,+4.5,-112,+4.5,-110,+4.5,-110,+4,-112,+4,-114,+4.5,-112,-5,-114,-4.5,-110,-4.5,-108,-4.5,-110,-4.5,-110,-4,-108,-4,-117,-4.5,-108
Fri Jan 5 2024,Toronto Raptors,130,Sacramento Kings,135,+5.5,-112,+4.5,-110,+4.5,-110,+5.5,-115,+5,-110,+4.5,-110,+5,-120,+4.5,-110,-5.5,-108,-4.5,-110,-4.5,-110,-5.5,-105,-5,-110,-4.5,-110,-5,-114,-4.5,-110
Sat Jan 6 2024,Boston Celtics,118,Indiana Pacers,101,N/A,-7,-110,-7,-114,-7.5,-110,-7,-110,-7,-115,-7,-108,-6.5,-115,-7,-114,N/A,+7,-110,+7,-106,+7.5,-110,+7,-110,+7,-105,+7,-113,+6.5,-105
Sat Jan 6 2024,New York Knicks,121,Washington Wizards,105,N/A,-9.5,-110,-9.5,-110,-9.5,-105,-9,-110,-9.5,-110,-9,-118,-9.5,-110,-9.5,-110,N/A,+9.5,-110,+9.5,-110,+9.5,-115,+9,-110,+9.5,-110,+9,-113,+9.5,-110
Sat Jan 6 2024,Utah Jazz,120,Philadelphia 76ers,109,N/A,+6,-110,+6.5,-110,+6.5,-115,+6,-110,+6,-110,+6,-118,+5.5,-105,+6.5,-110,N/A,-6,-110,-6.5,-110,-6.5,-105,-6,-110,-6,-110,-6,-113,-5.5,-115
Sat Jan 6 2024,Milwaukee Bucks,108,Houston Rockets,112,N/A,-7,-110,-7,-114,-7.5,-105,-7,-105,-7,-112,-7,-110,-7.5,-110,-7,-114,N/A,+7,-110,+7,-106,+7.5,-115,+7,-115,+7,-108,+7,-110,+7.5,-110
Sun Jan 7 2024,San Antonio Spurs,115,Cleveland Cavaliers,117,+10,-110,+10.5,-110,+10.5,-106,+10.5,-110,+10.5,-110,+10.5,-110,+11,-113,+10.5,-106,-10,-110,-10.5,-110,-10.5,-114,-10.5,-110,-10.5,-110,-10.5,-110,-11,-108,-10.5,-114
Sun Jan 7 2024,Portland Trail Blazers,134,Brooklyn Nets,127,+7,-110,+9,-110,+9,-108,+9.5,-105,+9,-110,+9.5,-108,+10,-115,+9,-108,-7,-110,-9,-110,-9,-112,-9.5,-115,-9,-110,-9.5,-112,-10,-118,-9,-112
Sun Jan 7 2024,Atlanta Hawks,110,Orlando Magic,117,-1,-108,-2.5,-110,-2.5,-110,-2.5,-110,-2,-110,-2.5,-110,-2,-112,-2.5,-110,+1,-112,+2.5,-110,+2.5,-110,+2.5,-110,+2,-110,+2.5,-110,+2,-109,+2.5,-110
Sun Jan 7 2024,New Orleans Pelicans,133,Sacramento Kings,100,+3.5,-110,+4.5,-110,+4.5,-110,+4.5,-110,+3.5,-110,+4.5,-110,+4.5,-108,+4.5,-110,-3.5,-110,-4.5,-110,-4.5,-110,-4.5,-110,-3.5,-110,-4.5,-110,-4.5,-113,-4.5,-110
Sun Jan 7 2024,Minnesota Timberwolves,108,Dallas Mavericks,115,-2.5,-110,-2,-110,-2,-110,-2.5,-105,-2,-110,-2.5,-108,-2,-113,-2,-110,+2.5,-110,+2,-110,+2,-110,+2.5,-115,+2,-110,+2.5,-112,+2,-108,+2,-110
Sun Jan 7 2024,Detroit Pistons,114,Denver Nuggets,131,+17,-110,+15.5,-110,+16,-114,+15.5,-110,+15.5,-110,+15.5,-110,+16,-108,+16,-114,-17,-110,-15.5,-110,-16,-106,-15.5,-110,-15.5,-110,-15.5,-110,-16,-113,-16,-106
Sun Jan 7 2024,Memphis Grizzlies,121,Phoenix Suns,115,+3,-110,+8.5,-110,+8,-110,+8.5,-115,+8.5,-110,+8,-108,+8,-110,+8,-110,-3,-110,-8.5,-110,-8,-110,-8.5,-105,-8.5,-110,-8,-112,-8,-110,-8,-110
Sun Jan 7 2024,Toronto Raptors,133,Golden State Warriors,118,+2,-106,+2,-110,+2.5,-112,+2.5,-110,+2,-110,+2,-108,-5,-117,+2.5,-112,-2,-114,-2,-110,-2.5,-108,-2.5,-110,-2,-110,-2,-112,+5,-117,-2.5,-108
Sun Jan 7 2024,Los Angeles Clippers,103,Los Angeles Lakers,106,-2,-110,-5,-105,-5,-108,-4.5,-110,-5,-110,-4.5,-110,-5,-112,-5,-108,+2,-110,+5,-115,+5,-112,+4.5,-110,+5,-110,+4.5,-110,+5,-109,+5,-112
Mon Jan 8 2024,Chicago Bulls,119,Charlotte Hornets,112,-6.5,-108,-6.5,-115,-7,-106,-6.5,-115,-6.5,-115,-6.5,-115,-7,-108,-7,-106,+6.5,-112,+6.5,-105,+7,-114,+6.5,-105,+6.5,-105,+6.5,-105,+7,-113,+7,-114
Mon Jan 8 2024,Boston Celtics,131,Indiana Pacers,133,-3.5,-106,-3,-115,-3.5,-108,-3.5,-110,-3.5,-115,-3.5,-110,-3,-112,-3.5,-108,+3.5,-114,+3,-105,+3.5,-112,+3.5,-110,+3.5,-105,+3.5,-110,+3,-109,+3.5,-112
Mon Jan 8 2024,Oklahoma City Thunder,136,Washington Wizards,128,-11.5,-110,-11,-110,-11,-114,-11.5,-105,-11,-115,-11,-110,-10.5,-113,-11,-114,+11.5,-110,+11,-110,+11,-106,+11.5,-115,+11,-105,+11,-110,+10.5,-108,+11,-106
Mon Jan 8 2024,Houston Rockets,113,Miami Heat,120,+4.5,-110,+4,-110,+4,-106,+4.5,-115,+4,-110,+4,-108,+4,-108,+4,-106,-4.5,-110,-4,-110,-4,-114,-4.5,-105,-4,-110,-4,-112,-4,-113,-4,-114
Mon Jan 8 2024,Utah Jazz,132,Milwaukee Bucks,116,+12,-108,+8,-110,+8,-108,+8.5,-115,+8,-105,+8,-105,+8,-108,+8,-108,-12,-112,-8,-110,-8,-112,-8.5,-105,-8,-115,-8,-115,-8,-113,-8,-112
Mon Jan 8 2024,Phoenix Suns,111,Los Angeles Clippers,138,+6.5,-110,+5.5,-115,+5,-108,+4.5,even,+5.5,-105,+5.5,-112,+5,-107,+5,-108,-6.5,-110,-5.5,-105,-5,-112,-4.5,-120,-5.5,-115,-5.5,-108,-5,-114,-5,-112
Tue Jan 9 2024,Sacramento Kings,131,Detroit Pistons,110,-10,-110,-11,-110,-11,-110,-10.5,-115,-11,-115,-11,-112,-10.5,-114,-11,-110,+10,-110,+11,-110,+11,-110,+10.5,-105,+11,-105,+11,-108,+10.5,-107,+11,-110
Tue Jan 9 2024,Minnesota Timberwolves,113,Orlando Magic,92,-3,-110,-5.5,-110,-5.5,-110,-5.5,-110,-5.5,-110,-5.5,-110,-5,-114,-5.5,-110,+3,-110,+5.5,-110,+5.5,-110,+5.5,-110,+5.5,-110,+5.5,-110,+5,-107,+5.5,-110
Tue Jan 9 2024,Portland Trail Blazers,84,New York Knicks,112,+11.5,-110,+13,-110,+13,-110,+12.5,-105,+13,-110,+12,-108,+12.5,-115,+13,-110,-11.5,-110,-13,-110,-13,-110,-12.5,-115,-13,-110,-12,-112,-12.5,-115,-13,-110
Tue Jan 9 2024,Memphis Grizzlies,120,Dallas Mavericks,103,+4.5,-110,+9.5,-110,+9.5,-108,+9.5,-110,+8.5,-110,+8,-110,+9.5,-109,+9.5,-108,-4.5,-110,-9.5,-110,-9.5,-112,-9.5,-110,-8.5,-110,-8,-110,-9.5,-112,-9.5,-112
Tue Jan 9 2024,Toronto Raptors,131,Los Angeles Lakers,132,+5,-110,+5,-115,+4.5,-106,+4.5,-105,+5,-110,+5,-110,+4.5,-112,+4.5,-106,-5,-110,-5,-105,-4.5,-114,-4.5,-115,-5,-110,-5,-110,-4.5,-109,-4.5,-114
Wed Jan 10 2024,Minnesota Timberwolves,120,Boston Celtics,127,+6,-108,+10.5,-110,+10.5,-108,+10.5,-110,+8,-110,+10.5,-112,+10.5,-109,+10.5,-108,-6,-112,-10.5,-110,-10.5,-112,-10.5,-110,-8,-110,-10.5,-108,-10.5,-112,-10.5,-112
Wed Jan 10 2024,Sacramento Kings,123,Charlotte Hornets,98,-6,-114,-8.5,-110,-9,-108,-8.5,-115,-7.5,-110,-9,-105,-8,-112,-9,-108,+6,-106,+8.5,-110,+9,-112,+8.5,-105,+7.5,-110,+9,-115,+8,-109,+9,-112
Wed Jan 10 2024,San Antonio Spurs,130,Detroit Pistons,108,-3.5,-110,-3,-110,-3,-110,-2.5,-115,-2.5,-115,-3,-108,-3.5,-117,-3,-110,+3.5,-110,+3,-110,+3,-110,+2.5,-105,+2.5,-105,+3,-112,+3.5,-114,+3,-110
Wed Jan 10 2024,Washington Wizards,104,Indiana Pacers,112,+7.5,-110,+8,-105,+8,-106,+8.5,-115,+7.5,-105,+8,-108,+8.5,-112,+8,-106,-7.5,-110,-8,-115,-8,-114,-8.5,-105,-7.5,-115,-8,-112,-8.5,-109,-8,-114
Wed Jan 10 2024,Philadelphia 76ers,132,Atlanta Hawks,139,+2,-108,+1,-110,+1,-108,+1.5,-120,+1.5,-110,+1,-110,+1,-110,+1,-108,-2,-112,-1,-110,-1,-112,-1.5,even,-1.5,-110,-1,-110,-1,-110,-1,-112
Wed Jan 10 2024,Oklahoma City Thunder,128,Miami Heat,120,-3,-108,-4.5,-110,-4.5,-110,-4.5,-110,-4.5,-110,-4.5,-110,-4.5,-109,-4.5,-110,+3,-112,+4.5,-110,+4.5,-110,+4.5,-110,+4.5,-110,+4.5,-110,+4.5,-112,+4.5,-110
Wed Jan 10 2024,Houston Rockets,119,Chicago Bulls,124,+2.5,-110,+4,-110,+4,-110,+3.5,-105,+3.5,-110,+4,-112,+4,-110,+4,-110,-2.5,-110,-4,-110,-4,-110,-3.5,-115,-3.5,-110,-4,-108,-4,-110,-4,-110
Wed Jan 10 2024,New Orleans Pelicans,141,Golden State Warriors,105,+1,-110,-2.5,-110,-2.5,-110,-2.5,-115,-1.5,-110,-2.5,-115,-2.5,-113,-2.5,-110,-1,-110,+2.5,-110,+2.5,-110,+2.5,-105,+1.5,-110,+2.5,-105,+2.5,-108,+2.5,-110
Wed Jan 10 2024,Denver Nuggets,111,Utah Jazz,124,-7,-110,-6.5,-115,-6.5,-114,-6.5,-115,-6.5,-115,-7,-105,-6.5,-114,-6.5,-114,+7,-110,+6.5,-105,+6.5,-108,+6.5,-105,+6.5,-105,+7,-115,+6.5,-107,+6.5,-108
Wed Jan 10 2024,Toronto Raptors,120,Los Angeles Clippers,126,+10.5,-112,+11.5,-110,+11.5,-108,+9.5,-110,+11.5,-105,+11.5,-110,+11.5,-120,+11.5,-108,-10.5,-108,-11.5,-110,-11.5,-112,-9.5,-110,-11.5,-115,-11.5,-110,-11.5,-112,-11.5,-112
Thu Jan 11 2024,Brooklyn Nets,102,Cleveland Cavaliers,111,+2,-110,+3.5,-115,+3,-108,+3.5,-110,+3,-110,+3.5,-112,+3.5,-113,+3,-108,-2,-110,-3.5,-105,-3,-112,-3.5,-110,-3,-110,-3.5,-108,-3.5,-108,-3,-112
Thu Jan 11 2024,Boston Celtics,102,Milwaukee Bucks,135,+6,-112,+2.5,-115,+2.5,-114,+2.5,-115,+2.5,-105,+2,-110,+2.5,-118,+2.5,-114,-6,-108,-2.5,-105,-2.5,-106,-2.5,-105,-2.5,-115,-2,-110,-2.5,-113,-2.5,-106
Thu Jan 11 2024,Portland Trail Blazers,77,Oklahoma City Thunder,139,+13.5,-110,+13.5,-105,+13.5,-108,+13.5,-105,+13.5,-105,+13.5,-110,+14,-112,+13.5,-108,-13.5,-110,-13.5,-115,-13.5,-112,-13.5,-115,-13.5,-115,-13.5,-110,-14,-109,-13.5,-112
Thu Jan 11 2024,New York Knicks,124,Dallas Mavericks,128,-3.5,-108,-5,-105,-5,-110,-4.5,-115,-5,-115,-4.5,-115,-5,-109,-5,-110,+3.5,-112,+5,-115,+5,-110,+4.5,-105,+5,-105,+4.5,-105,+5,-112,+5,-110
Thu Jan 11 2024,Phoenix Suns,127,Los Angeles Lakers,109,+2,-110,-1.5,-105,-1,-108,-1.5,-110,-1.5,-115,-1,-115,-1.5,-112,-1,-108,-2,-110,+1.5,-115,+1,-112,+1.5,-110,+1.5,-105,+1,-105,+1.5,-109,+1,-112
Fri Jan 12 2024,Indiana Pacers,126,Atlanta Hawks,108,+5,-110,+6,-110,+6,-110,+5.5,-105,+5.5,-110,+6,-110,+5.5,-113,+6,-110,-5,-110,-6,-110,-6,-110,-5.5,-115,-5.5,-110,-6,-110,-5.5,-108,-6,-110
Fri Jan 12 2024,Houston Rockets,112,Detroit Pistons,110,-8.5,-110,-8.5,-115,-9,-106,-8.5,-110,-7,-110,-9,-108,-9,-109,-9,-106,+8.5,-110,+8.5,-105,+9,-114,+8.5,-110,+7,-110,+9,-112,+9,-112,+9,-114
Fri Jan 12 2024,Sacramento Kings,93,Philadelphia 76ers,112,-1,-110,+1,-115,-1,-110,-1.5,even,+1,-110,PK,-118,+1,-109,-1,-110,+1,-110,-1,-105,+1,-110,+1.5,-120,-1,-110,PK,-102,-1,-112,+1,-110
Fri Jan 12 2024,Golden State Warriors,140,Chicago Bulls,131,+3,-110,+2.5,-110,+3,-112,+2.5,-105,+3,-110,+3,-112,+2.5,-110,+3,-112,-3,-110,-2.5,-110,-3,-108,-2.5,-115,-3,-110,-3,-108,-2.5,-113,-3,-108
Fri Jan 12 2024,Los Angeles Clippers,128,Memphis Grizzlies,119,-7.5,-110,-8.5,-110,-8.5,-114,-8.5,-110,-8,-110,-8.5,-108,-8.5,-113,-8.5,-114,+7.5,-112,+8.5,-110,+8.5,-106,+8.5,-110,+8,-110,+8.5,-112,+8.5,-108,+8.5,-106
Fri Jan 12 2024,Orlando Magic,96,Miami Heat,99,+3,-110,+1.5,-110,+1.5,-108,+1.5,-110,+3,-110,+1.5,-110,+2,-112,+1.5,-108,-3,-110,-1.5,-110,-1.5,-112,-1.5,-110,-3,-110,-1.5,-110,-2,-109,-1.5,-112
Fri Jan 12 2024,Portland Trail Blazers,93,Minnesota Timberwolves,116,+13.5,-110,+16,-110,+16,-112,+15.5,-105,+15.5,-110,+16,-110,+16.5,-113,+16,-112,-13.5,-110,-16,-110,-16,-108,-15.5,-115,-15.5,-110,-16,-110,-16.5,-108,-16,-108
Fri Jan 12 2024,Charlotte Hornets,99,San Antonio Spurs,135,+1,-110,+2.5,-110,+3,-114,+2.5,-105,+3,-110,+3,-115,+2,-110,+3,-114,-1,-110,-2.5,-110,-3,-106,-2.5,-115,-3,-110,-3,-105,-2,-113,-3,-106
Fri Jan 12 2024,Toronto Raptors,113,Utah Jazz,145,+2.5,-110,+1.5,-105,+1,-108,+2.5,-105,+3,-110,+1.5,-108,+1.5,-110,+1,-108,-2.5,-110,-1.5,-115,-1,-112,-2.5,-115,-3,-110,-1.5,-112,-1.5,-110,-1,-112
Fri Jan 12 2024,New Orleans Pelicans,113,Denver Nuggets,125,+6,-110,+5.5,-110,+5.5,-108,+5.5,-105,+8.5,-105,+5.5,-102,+5.5,-108,+5.5,-108,-6,-110,-5.5,-110,-5.5,-112,-5.5,-115,-8.5,-115,-5.5,-118,-5.5,-113,-5.5,-112
Sat Jan 13 2024,Houston Rockets,113,Boston Celtics,145,+14,-110,+14.5,-110,+15,-112,+14.5,-110,+14.5,-110,+15,-115,+15,-113,+15,-112,-14,-110,-14.5,-110,-15,-108,-14.5,-110,-14.5,-110,-15,-105,-15,-108,-15,-108
Sat Jan 13 2024,Washington Wizards,127,Atlanta Hawks,99,+8.5,-110,+8,-105,+8,-110,+7.5,-105,+8,even,+8,-108,+7.5,-110,+8,-110,-8.5,-110,-8,-115,-8,-110,-7.5,-115,-8,-120,-8,-112,-7.5,-110,-8,-110
Sat Jan 13 2024,New York Knicks,106,Memphis Grizzlies,94,-8,-112,-11,-110,-11,-108,-10.5,-115,-11,-110,-11,-110,-10,-114,-11,-108,+8,-108,+11,-110,+11,-112,+10.5,-105,+11,-110,+11,-110,+10,-117,+11,-112
Sat Jan 13 2024,Golden State Warriors,118,Milwaukee Bucks,129,+10,-108,+13.5,-110,+14,-112,+13.5,-110,+14,-110,+13.5,-108,+13.5,-109,+14,-112,-10,-112,-13.5,-110,-14,-108,-13.5,-110,-14,-110,-13.5,-112,-13.5,-112,-14,-108
Sat Jan 13 2024,Orlando Magic,100,Oklahoma City Thunder,112,+11,-110,+11.5,-110,+11.5,-110,+11.5,-105,+11,-110,+11.5,-108,+11.5,-114,+11.5,-110,-11,-110,-11.5,-110,-11.5,-110,-11.5,-115,-11,-110,-11.5,-112,-11.5,-120,-11.5,-110
Sat Jan 13 2024,New Orleans Pelicans,118,Dallas Mavericks,108,-1,-108,+5.5,-110,+6,-110,+5.5,-110,+6,-110,+5.5,-105,+6,-110,+6,-110,+1,-112,-5.5,-110,-6,-110,-5.5,-110,-6,-110,-5.5,-115,-6,-110,-6,-110
Sat Jan 13 2024,Chicago Bulls,122,San Antonio Spurs,116,-4,-110,-6.5,-110,-7,-108,-6.5,-110,-6.5,-115,-6.5,-112,-6.5,-108,-7,-108,+4,-110,+6.5,-110,+7,-112,+6.5,-110,+6.5,-105,+6.5,-108,+6.5,-113,+7,-112
Sat Jan 13 2024,Los Angeles Lakers,125,Utah Jazz,132,-1,-110,+2.5,-110,+2.5,-110,+2.5,-110,+3,-110,+3,-112,+2.5,-110,+2.5,-110,+1,-110,-2.5,-110,-2.5,-110,-2.5,-110,-3,-110,-3,-108,-2.5,-110,-2.5,-110
Sun Jan 14 2024,Indiana Pacers,109,Denver Nuggets,117,+10.5,-108,+10.5,-110,+10.5,-112,+10.5,-110,+10.5,-110,+10.5,-112,+10.5,-113,+10.5,-112,-10.5,-112,-10.5,-110,-10.5,-108,-10.5,-110,-10.5,-110,-10.5,-108,-10.5,-108,-10.5,-108
Sun Jan 14 2024,Charlotte Hornets,87,Miami Heat,104,+8,-110,+8.5,-110,+8.5,-110,+8.5,-105,+8.5,-110,+8.5,-110,+9,-109,+8.5,-110,-8,-110,-8.5,-110,-8.5,-110,-8.5,-115,-8.5,-110,-8.5,-110,-9,-112,-8.5,-110
Sun Jan 14 2024,Sacramento Kings,142,Milwaukee Bucks,143,+5.5,-110,+4,-110,+4,-110,+3.5,-105,+4,-105,+4,-110,+4,-109,+4,-110,-5.5,-110,-4,-110,-4,-110,-3.5,-115,-4,-115,-4,-110,-4,-112,-4,-110
Sun Jan 14 2024,Los Angeles Clippers,105,Minnesota Timberwolves,109,+1.5,-110,+1,-115,+1,-110,-1.5,-115,+1,-110,-1,-108,+1,-112,+1,-110,-1.5,-110,-1,-105,-1,-110,+1.5,-105,-1,-110,+1,-112,-1,-109,-1,-110
Sun Jan 14 2024,Phoenix Suns,127,Portland Trail Blazers,116,-9.5,-110,-14,-110,-14.5,-108,-10.5,-115,-14,-115,-14,-115,-14.5,-108,-14.5,-108,+9.5,-110,+14,-110,+14.5,-114,+10.5,-105,+14,-105,+14,-105,+14.5,-113,+14.5,-114
Mon Jan 15 2024,Houston Rockets,115,Philadelphia 76ers,124,+7.5,-110,+8.5,-110,+8.5,-110,+8.5,-115,+7.5,-110,+8.5,-112,+8,-108,+8.5,-110,-7.5,-110,-8.5,-110,-8.5,-110,-8.5,-105,-7.5,-110,-8.5,-108,-8,-113,-8.5,-110
Mon Jan 15 2024,New Orleans Pelicans,120,Dallas Mavericks,125,+1,-110,-4.5,-115,-4.5,-114,-4.5,-115,-4.5,-110,-4.5,-115,-4.5,-110,-4.5,-114,-1,-110,+4.5,-105,+4.5,-106,+4.5,-105,+4.5,-110,+4.5,-105,+4.5,-110,+4.5,-106
Mon Jan 15 2024,Orlando Magic,98,New York Knicks,94,+7.5,-110,+5.5,-110,+5.5,-106,+5.5,-110,+6.5,-110,+5.5,-105,+5.5,-108,+5.5,-106,-7.5,-110,-5.5,-110,-5.5,-114,-5.5,-110,-6.5,-110,-5.5,-115,-5.5,-113,-5.5,-114
Mon Jan 15 2024,Detroit Pistons,129,Washington Wizards,117,+4,-110,+6,-110,+6,-110,+5.5,-105,+5,-110,+5.5,-108,+6,-117,+6,-110,-4,-110,-6,-110,-6,-110,-5.5,-115,-5,-110,-5.5,-112,-6,-114,-6,-110
Mon Jan 15 2024,San Antonio Spurs,99,Atlanta Hawks,109,+9,-110,+8.5,-110,+8.5,-110,+8.5,-105,+8,-110,+8.5,-108,+8,-110,+8.5,-110,-9,-110,-8.5,-110,-8.5,-110,-8.5,-115,-8,-110,-8.5,-112,-8,-110,-8.5,-110
Mon Jan 15 2024,Golden State Warriors,107,Memphis Grizzlies,116,-8,-110,-7.5,-110,-7.5,-110,-7.5,-105,-7.5,-110,-7.5,-115,-8,-110,-7.5,-110,+8,-110,+7.5,-110,+7.5,-112,+7.5,-115,+7.5,-110,+7.5,-105,+8,-110,+7.5,-112
Mon Jan 15 2024,Chicago Bulls,91,Cleveland Cavaliers,109,+4.5,-110,+4,-105,+4.5,-110,-2.5,+185,+4.5,-110,+4,-105,+4,-112,+4.5,-110,-4.5,-110,-4,-115,-4.5,-110,+2.5,-225,-4.5,-110,-4,-115,-4,-109,-4.5,-110
Mon Jan 15 2024,Miami Heat,96,Brooklyn Nets,95,+1.5,-110,-1,-110,-1,-108,-1.5,-105,-1,-105,+1,-115,-1,-107,-1,-108,-1.5,-110,+1,-110,+1,-112,+1.5,-115,+1,-115,-1,-105,+1,-114,+1,-112
Mon Jan 15 2024,Boston Celtics,105,Toronto Raptors,96,-7,-110,-6.5,-115,-6.5,-114,-6.5,-110,-6.5,-115,-6.5,-112,-6.5,-108,-6.5,-114,+7,-110,+6.5,-105,+6.5,-106,+6.5,-110,+6.5,-105,+6.5,-108,+6.5,-113,+6.5,-106
Mon Jan 15 2024,Indiana Pacers,105,Utah Jazz,132,+7,-110,+7,-110,+7.5,-118,+7.5,-115,+7,-110,+7,-110,+7.5,-110,+7.5,-118,-7,-110,-7,-110,-7.5,-110,-7.5,-105,-7,-110,-7,-110,-7.5,-110,-7.5,-110
Mon Jan 15 2024,Oklahoma City Thunder,105,Los Angeles Lakers,112,-2,-110,-2.5,-110,-3,-110,-2.5,-110,-3,-110,-2.5,-115,-2.5,-113,-3,-110,+2,-110,+2.5,-110,+3,-110,+2.5,-110,+3,-110,+2.5,-105,+2.5,-108,+3,-110
Tue Jan 16 2024,Denver Nuggets,121,Philadelphia 76ers,126,+1,-110,+1.5,-110,+1.5,-108,+2.5,-115,+1.5,-110,+2,-115,+2,-110,+1.5,-108,-1,-110,-1.5,-110,-1.5,-112,-2.5,-105,-1.5,-110,-2,-105,-2,-110,-1.5,-112
Tue Jan 16 2024,Sacramento Kings,117,Phoenix Suns,119,+4,-110,+4,-110,+4.5,-110,+4.5,-110,+4.5,-110,+4.5,-110,+4.5,-113,+4.5,-110,-4,-110,-4,-110,-4.5,-110,-4.5,-110,-4.5,-110,-4.5,-110,-4.5,-108,-4.5,-110
Tue Jan 16 2024,Oklahoma City Thunder,117,Los Angeles Clippers,128,+5,-108,+6,-110,+6,-114,+5.5,-105,+5.5,-105,+6,-108,+6.5,-110,+6,-114,-5,-112,-6,-110,-6,-106,-5.5,-115,-5.5,-115,-6,-112,-6.5,-110,-6,-106
Wed Jan 17 2024,Minnesota Timberwolves,124,Detroit Pistons,117,-13.5,-114,-12.5,-110,-12.5,-110,-12.5,-110,-12.5,-105,-12.5,-108,-12.5,-110,-12.5,-110,+13.5,-106,+12.5,-110,+12.5,-110,+12.5,-110,+12.5,-115,+12.5,-112,+12.5,-110,+12.5,-110
Wed Jan 17 2024,Orlando Magic,104,Atlanta Hawks,106,+3,-110,+4,-110,+4.5,-112,+4.5,-110,+4,-110,+4.5,-108,+4,-112,+4.5,-112,-3,-110,-4,-110,-4.5,-108,-4.5,-110,-4,-110,-4.5,-112,-4,-112,-4.5,-108
Wed Jan 17 2024,San Antonio Spurs,98,Boston Celtics,117,+17.5,-110,+14.5,-110,+14.5,-108,+14.5,-105,+14.5,-110,+14.5,-108,+14,-109,+14.5,-108,-17.5,-110,-14.5,-110,-14.5,-112,-14.5,-115,-14.5,-110,-14.5,-112,-14,-112,-14.5,-112
Wed Jan 17 2024,Milwaukee Bucks,95,Cleveland Cavaliers,135,-4.5,-106,+2,-110,+2,-118,+1.5,-105,+2,-110,+2,-110,+1.5,-112,+2,-118,+4.5,-114,-2,-110,-2,-104,-1.5,-115,-2,-110,-2,-110,-1.5,-112,-2,-104
Wed Jan 17 2024,Houston Rockets,94,New York Knicks,109,+4.5,-108,+7.5,-110,+7.5,-112,+7.5,-110,+7.5,-105,+7.5,-110,+7,-112,+7.5,-112,-4.5,-112,-7.5,-110,-7.5,-108,-7.5,-110,-7.5,-115,-7.5,-110,-7,-109,-7.5,-108
Wed Jan 17 2024,Miami Heat,97,Toronto Raptors,121,-2,-106,-3,-110,-3,-108,-2.5,-115,-3,-115,-3,-110,-3,-110,-3,-108,+2,-114,+3,-110,+3,-112,+2.5,-105,+3,-105,+3,-110,+3,-110,+3,-112
Wed Jan 17 2024,Charlotte Hornets,112,New Orleans Pelicans,132,+12.5,-110,+12,-110,+12,-112,+12.5,-115,+12,-110,+12,-110,+11.5,-115,+12,-112,-12.5,-110,-12,-110,-12,-108,-12.5,-105,-12,-110,-12,-110,-11.5,-115,-12,-108
Wed Jan 17 2024,Dallas Mavericks,110,Los Angeles Lakers,127,+3,-106,+3,-105,+3,-108,+3.5,-115,+2.5,-110,+3,-108,+3,-114,+3,-108,-3,-114,-3,-115,-3,-112,-3.5,-105,-2.5,-110,-3,-112,-3,-107,-3,-112
Wed Jan 17 2024,Brooklyn Nets,103,Portland Trail Blazers,105,-4.5,-110,-5.5,-110,-5,-110,-5.5,-110,-5.5,-110,-5.5,-108,-5,-108,-5,-110,+4.5,-110,+5.5,-110,+5,-110,+5.5,-110,+5.5,-110,+5.5,-112,+5,-112,+5,-110
Thu Jan 18 2024,Washington Wizards,109,New York Knicks,113,+9,-108,+12,-110,+12,-112,+11.5,-105,+11.5,-110,+12,-108,+12,-113,+12,-112,-9,-112,-12,-110,-12,-108,-11.5,-115,-11.5,-110,-12,-112,-12,-108,-12,-108
Thu Jan 18 2024,Chicago Bulls,116,Toronto Raptors,110,-1.5,-114,-2,-110,-2,-108,-2.5,-105,-2,-110,-2,-112,-2,-110,-2,-108,+1.5,-106,+2,-110,+2,-112,+2.5,-115,+2,-110,+2,-108,+2,-113,+2,-112
Thu Jan 18 2024,Oklahoma City Thunder,134,Utah Jazz,129,-3.5,-110,-3,-110,-3,-112,-3.5,-110,-3,-110,-3,-110,-3,-114,-3,-112,+3.5,-110,+3,-110,+3,-108,+3.5,-110,+3,-110,+3,-110,+3,-107,+3,-108
Thu Jan 18 2024,Memphis Grizzlies,103,Minnesota Timberwolves,118,+11.5,-110,+12.5,-110,+12.5,-110,+12.5,-115,+12.5,-110,+12,-105,+12,-108,+12.5,-110,-11.5,-110,-12.5,-110,-12.5,-110,-12.5,-105,-12.5,-110,-12,-115,-12,-113,-12.5,-110
Thu Jan 18 2024,Indiana Pacers,126,Sacramento Kings,121,+8.5,-106,+8,-110,+8.5,-110,+8.5,-115,+8,-110,+8.5,-110,+8.5,-108,+8.5,-110,-8.5,-114,-8,-110,-8.5,-110,-8.5,-105,-8,-110,-8.5,-110,-8.5,-113,-8.5,-110
Fri Jan 19 2024,San Antonio Spurs,120,Charlotte Hornets,124,+4,-106,+4.5,-110,+5,-110,+4.5,-105,+5,-105,+5,-110,+4.5,-112,+4.5,-110,+5,-110,-4,-114,-4.5,-110,-5,-110,-4.5,-115,-5,-115,-5,-110,-4.5,-109
Fri Jan 19 2024,Philadelphia 76ers,124,Orlando Magic,109,-4,-110,-5,-110,-5,-114,-5.5,-110,-6,-110,-5,-115,-5,-114,-5.5,-105,-5,-114,+4,-110,+5,-110,+5,-106,+5.5,-110,+6,-110,+5,-105,+5,-107
Fri Jan 19 2024,Denver Nuggets,102,Boston Celtics,100,+4.5,-110,+7,-110,+7,-110,+7.5,-110,+7,-110,+7,-105,+7.5,-112,+4.5,even,+7,-110,-4.5,-110,-7,-110,-7,-110,-7.5,-110,-7,-110,-7,-115,-7.5,-109
Fri Jan 19 2024,Atlanta Hawks,109,Miami Heat,108,+5.5,-110,+7,-110,+7,-110,+6.5,-105,+7,-105,+6.5,-105,+7,-107,+7.5,-110,+7,-110,-5.5,-110,-7,-110,-7,-110,-6.5,-115,-7,-115,-6.5,-115,-7,-114
Fri Jan 19 2024,Phoenix Suns,123,New Orleans Pelicans,109,+2,-112,+2.5,-110,+2.5,-110,+2.5,-115,+2.5,-110,+2.5,-110,+2.5,-112,+1.5,-105,+2.5,-110,-2,-108,-2.5,-110,-2.5,-110,-2.5,-105,-2.5,-110,-2.5,-110,-2.5,-109
Fri Jan 19 2024,Indiana Pacers,115,Portland Trail Blazers,118,-2,-110,-8,-110,-8.5,-106,-7.5,-115,-8,-110,-8,-110,-8.5,-114,-7.5,-115,-8.5,-106,+2,-110,+8,-110,+8.5,-114,+7.5,-105,+8,-110,+8,-110,+8.5,-107
Fri Jan 19 2024,Brooklyn Nets,130,Los Angeles Lakers,112,+6.5,-106,+7,-110,+7,-108,+6.5,-105,+7.5,-105,+7,-110,+7.5,-108,+7.5,-110,+7,-108,-6.5,-114,-7,-110,-7,-112,-6.5,-115,-7.5,-115,-7,-110,-7.5,-113
Sat Jan 20 2024,Milwaukee Bucks,141,Detroit Pistons,135,-12,-110,-13.5,-105,-13,-114,-19.5,+190,-13.5,-110,-13.5,-105,-13.5,-112,-13.5,-105,-13,-114,+12,-110,+13.5,-115,+13,-106,+19.5,-250,+13.5,-110,+13.5,-115,+13.5,-109
Sat Jan 20 2024,Philadelphia 76ers,97,Charlotte Hornets,89,-10,-110,-12,-110,-12,-112,-11.5,-115,-12,-110,-12,-108,-12,-112,-5.5,-115,-12,-112,+10,-110,+12,-110,+12,-108,+11.5,-105,+12,-110,+12,-112,+12,-109
Sat Jan 20 2024,San Antonio Spurs,131,Washington Wizards,127,+2,-110,+2,-110,+2,-108,+2.5,-115,+2,-110,+2,-108,+2,-108,+2.5,-105,+2,-108,-2,-110,-2,-110,-2,-112,-2.5,-105,-2,-110,-2,-112,-2,-113
Sat Jan 20 2024,Cleveland Cavaliers,116,Atlanta Hawks,95,-1,-108,-2,-110,-2,-110,-1.5,-115,-2,-110,-2,-108,-2.5,-112,-2.5,-110,-2,-110,+1,-112,+2,-110,+2,-110,+1.5,-105,+2,-110,+2,-112,+2.5,-109
Sat Jan 20 2024,Toronto Raptors,100,New York Knicks,126,+8,-110,+7.5,-110,+7.5,-110,+7.5,-110,+7.5,-110,+7.5,-105,+7.5,-112,+7.5,-110,+7.5,-110,-8,-110,-7.5,-110,-7.5,-110,-7.5,-110,-7.5,-110,-7.5,-112,-7.5,-109
Sat Jan 20 2024,Memphis Grizzlies,96,Chicago Bulls,125,+7,-110,+7.5,-110,+7.5,-108,+7.5,-110,+8,-110,+7.5,-108,+22,-118,+7.5,-105,+7.5,-108,-7,-110,-7.5,-110,-7.5,-112,-7.5,-110,-8,-110,-7.5,-112,-22,-115
Sat Jan 20 2024,Utah Jazz,126,Houston Rockets,127,+3,-110,+2,-110,+2,-110,+2.5,-115,+2,-110,+2,-110,+2.5,-113,+1.5,-110,+2,-110,-3,-110,-2,-110,-2,-110,-2.5,-105,-2,-110,-2,-110,-2.5,-108
Sat Jan 20 2024,Oklahoma City Thunder,102,Minnesota Timberwolves,97,+2.5,-110,+3,-110,+3,-108,+2.5,-105,+3.5,-110,+3,-112,+3,-112,+3.5,-115,+3,-108,-2.5,-110,-3,-110,-3,-112,-2.5,-115,-3.5,-110,-3,-108,-3,-109
Sun Jan 21 2024,Brooklyn Nets,114,Los Angeles Clippers,125,+9.5,-110,+10,-110,+10.5,-114,+10.5,-115,+11,-110,+10,-110,+10.5,-114,+9.5,even,+10.5,-114,-9.5,-110,-10,-110,-10.5,-106,-10.5,-105,-11,-110,-10,-110,-10.5,-107
Sun Jan 21 2024,Miami Heat,87,Orlando Magic,105,-1,-110,+1,-115,+1,-110,+1.5,-115,-1,-110,+1,-110,-1,-110,+1.5,-115,+1,-110,+1,-110,-1,-105,-1,-110,-1.5,-105,+1,-110,-1,-110,+1,-110
Sun Jan 21 2024,Denver Nuggets,113,Washington Wizards,104,-13,-110,-12.5,-110,-12.5,-110,-12.5,-110,-13.5,-110,-12.5,-112,-12,-114,-12.5,-110,-12.5,-110,+13,-110,+12.5,-110,+12.5,-110,+12.5,-110,+13.5,-110,+12.5,-108,+12,-107
Sun Jan 21 2024,Boston Celtics,116,Houston Rockets,107,-9,-110,-11.5,-115,-11.5,-110,-11.5,-110,-12,-110,-11,-112,-12,-108,-11.5,-110,-11.5,-110,+9,-110,+11.5,-105,+11.5,-110,+11.5,-110,+12,-110,+11,-108,+12,-113
Sun Jan 21 2024,Indiana Pacers,110,Phoenix Suns,117,+4,-110,+7,-110,+7,-110,+6.5,-105,+6,-110,+7,-108,+7,-108,+6.5,-105,+7,-110,-4,-110,-7,-110,-7,-110,-6.5,-115,-6,-110,-7,-112,-7,-113
Sun Jan 21 2024,Portland Trail Blazers,110,Los Angeles Lakers,134,+10,-110,+11.5,-110,+11.5,-110,+11.5,-105,+12,-110,+11.5,-105,+11.5,-109,+11.5,-110,+11.5,-110,-10,-110,-11.5,-110,-11.5,-110,-11.5,-115,-12,-110,-11.5,-115,-11.5,-112
Mon Jan 22 2024,Milwaukee Bucks,122,Detroit Pistons,113,-12,-110,-12,-110,-12,-110,-12.5,-105,-12,-110,-12.5,-108,-12.5,-110,-12.5,-105,-12,-110,+12,-110,+12,-110,+12,-110,+12.5,-115,+12,-110,+12.5,-112,+12.5,-110
Mon Jan 22 2024,Cleveland Cavaliers,126,Orlando Magic,99,+2,-110,-2,-110,-2.5,-112,-2.5,-110,-2,-115,-2.5,-105,-2,-110,-1.5,-115,-2.5,-112,-2,-110,+2,-110,+2.5,-108,+2.5,-110,+2,-105,+2.5,-115,+2,-110
Mon Jan 22 2024,San Antonio Spurs,123,Philadelphia 76ers,133,+14,-110,+13.5,-110,+13.5,-110,+13.5,-110,+14,-105,+13.5,-115,+13.5,-108,+13.5,-110,+13.5,-110,-14,-110,-13.5,-110,-13.5,-110,-13.5,-110,-14,-115,-13.5,-105,-13.5,-113
Mon Jan 22 2024,Memphis Grizzlies,108,Toronto Raptors,100,+6.5,-110,+7,-115,+7,-110,+6.5,-110,+7.5,-110,+6.5,-110,+7,-113,+7.5,-105,+7,-110,-6.5,-110,-7,-105,-7,-108,-6.5,-110,-7.5,-110,-6.5,-110,-7,-108
Mon Jan 22 2024,Charlotte Hornets,128,Minnesota Timberwolves,125,+15.5,-110,+14,-110,+14,-112,+13.5,-105,+14,-110,+14,-112,+14,-113,+13.5,-105,+14,-112,-15.5,-110,-14,-110,-14,-108,-13.5,-115,-14,-110,-14,-108,-14,-108
Mon Jan 22 2024,Boston Celtics,119,Dallas Mavericks,110,-3.5,-110,-2.5,-110,-2.5,-112,-2.5,-110,-2.5,-110,-2.5,-112,-2.5,-114,-2.5,-110,-2.5,-112,+3.5,-110,+2.5,-110,+2.5,-108,+2.5,-110,+2.5,-110,+2.5,-108,+2.5,-107
Mon Jan 22 2024,Chicago Bulls,113,Phoenix Suns,115,+6,-110,+5,-110,+5,-106,+5.5,-115,+5.5,-110,+5,-105,+5,-110,+5.5,-110,+5,-106,-6,-110,-5,-110,-5,-114,-5.5,-105,-5.5,-110,-5,-115,-5,-110
Mon Jan 22 2024,Atlanta Hawks,107,Sacramento Kings,122,+8,-110,+8.5,-110,+8.5,-110,+8.5,-105,+9,-115,+8.5,-108,+8.5,-113,+8.5,-110,+8.5,-110,-8,-110,-8.5,-110,-8.5,-110,-8.5,-115,-9,-105,-8.5,-112,-8.5,-108
Tue Jan 23 2024,Denver Nuggets,114,Indiana Pacers,109,-3,-110,-5,-110,-5,-110,-5.5,-105,-5,-115,-5,-112,-5,-112,-4.5,-110,-5,-110,+3,-110,+5,-110,+5,-110,+5.5,-115,+5,-105,+5,-108,+5,-109
Tue Jan 23 2024,New York Knicks,108,Brooklyn Nets,103,-3.5,-110,-3.5,-110,-3.5,-112,-3.5,-110,-4,-105,-3.5,-110,-4,-109,-3.5,-110,-3.5,-112,+3.5,-110,+3.5,-110,+3.5,-108,+3.5,-110,+4,-115,+3.5,-110,+4,-112
Tue Jan 23 2024,Utah Jazz,124,New Orleans Pelicans,153,+7,-110,+6.5,-110,+6.5,-108,+6.5,-105,+7,-110,+7,-115,+6.5,-107,+6.5,-105,+6.5,-108,-7,-110,-6.5,-110,-6.5,-112,-6.5,-115,-7,-110,-7,-105,-6.5,-114
Tue Jan 23 2024,Portland Trail Blazers,109,Oklahoma City Thunder,111,+14.5,-110,+13.5,-110,+13.5,-108,+13.5,-105,+14,-105,+13.5,-105,+13.5,-112,+13.5,-110,+13.5,-108,-14.5,-110,-13.5,-110,-13.5,-112,-13.5,-115,-14,-115,-13.5,-115,-13.5,-109
Tue Jan 23 2024,Los Angeles Lakers,116,Los Angeles Clippers,127,+6.5,-110,+9.5,-110,+9.5,-106,+9.5,-105,+9.5,-110,+9.5,-105,+9.5,-110,+9.5,-105,+9.5,-106,-6.5,-110,-9.5,-110,-9.5,-114,-9.5,-115,-9.5,-110,-9.5,-115,-9.5,-110
Wed Jan 24 2024,Charlotte Hornets,106,Detroit Pistons,113,+3,-110,+3,-110,+2.5,-110,+2.5,-105,+3,-110,+2.5,-108,+2.5,-110,+2.5,-110,+2.5,-110,-3,-110,-3,-110,-2.5,-110,-2.5,-115,-3,-110,-2.5,-112,-2.5,-110
Wed Jan 24 2024,Minnesota Timberwolves,118,Washington Wizards,107,-11,-110,-10.5,-105,-10.5,-112,-10.5,-105,-11,-110,-10.5,-105,-10,-114,-10.5,-105,-10.5,-112,+11,-110,+10.5,-115,+10.5,-108,+10.5,-115,+11,-110,+10.5,-118,+10,-107
Wed Jan 24 2024,Memphis Grizzlies,105,Miami Heat,96,+10,-110,+11.5,-110,+11.5,-110,+11.5,-105,+9.5,-110,+11.5,-110,+11,-108,+11.5,-110,+11.5,-110,-10,-110,-11.5,-110,-11.5,-110,-11.5,-115,-9.5,-110,-11.5,-110,-11,-113
Wed Jan 24 2024,Portland Trail Blazers,137,Houston Rockets,131,+10,-110,+9.5,-110,+10,-110,+9.5,-105,+10,-110,+10,-115,+10,-113,+10.5,-110,+10,-110,-10,-110,-9.5,-110,-10,-110,-9.5,-115,-10,-110,-10,-105,-10,-108
Wed Jan 24 2024,Cleveland Cavaliers,116,Milwaukee Bucks,126,+6.5,-110,+6.5,-110,+6.5,-108,+6.5,-110,+6.5,-110,+7,-112,+7,-109,+6.5,-110,+6.5,-108,-6.5,-110,-6.5,-110,-6.5,-112,-6.5,-110,-6.5,-110,-7,-108,-7,-112
Wed Jan 24 2024,Phoenix Suns,132,Dallas Mavericks,109,-1,-112,-2.5,-110,-2,-114,-2.5,-110,-2.5,-110,-2.5,-112,-2.5,-109,-3.5,-105,-2,-114,+1,-108,+2.5,-110,+2,-106,+2.5,-110,+2.5,-110,+2.5,-108,+2.5,-112
Wed Jan 24 2024,Oklahoma City Thunder,140,San Antonio Spurs,114,-8,-110,-9,-110,-9,-108,-8.5,-115,-7,-110,-9,-108,-8.5,-120,-8.5,-115,-9,-108,+8,-110,+9,-110,+9,-112,+8.5,-105,+7,-110,+9,-112,+8.5,-112
Wed Jan 24 2024,Atlanta Hawks,112,Golden State Warriors,134,+7.5,-110,+6,-110,+6.5,-106,+6.5,-110,+6.5,-110,+6.5,-110,+6,-108,+6.5,-115,+6.5,-106,-7.5,-110,-6,-110,-6.5,-114,-6.5,-110,-6.5,-110,-6.5,-110,-6,-113
Thu Jan 25 2024,Philadelphia 76ers,122,Indiana Pacers,134,-4.5,-112,-4,-115,-4,-110,-4.5,-105,-5.5,-110,-4.5,-105,-4,-110,-3.5,-115,-4,-110,+4.5,-108,+4,-105,+4,-110,+4.5,-115,+5.5,-110,+4.5,-115,+4,-110
Thu Jan 25 2024,Utah Jazz,123,Washington Wizards,108,-7,-108,-7,-115,-7,-112,-7.5,-105,-7.5,-105,-7,-110,-7.5,-110,-7.5,-110,-7,-112,+7,-112,+7,-105,+7,-108,+7.5,-115,+7.5,-115,+7,-110,+7.5,-110
Thu Jan 25 2024,Minnesota Timberwolves,96,Brooklyn Nets,94,-4.5,-108,-4,-105,-4,-110,-3.5,-115,-4,-115,-4,-110,-3.5,-114,-3.5,-110,-4,-110,+4.5,-114,+4,-115,+4,-110,+3.5,-105,+4,-105,+4,-110,+3.5,-107
Thu Jan 25 2024,Boston Celtics,143,Miami Heat,110,-5.5,-114,-8.5,-105,-8.5,-110,-8.5,-110,-8,-115,-8.5,-112,-8,-109,-8.5,-105,-8.5,-110,+5.5,-106,+8.5,-115,+8.5,-110,+8.5,-110,+8,-105,+8.5,-108,+8,-112
Thu Jan 25 2024,Denver Nuggets,84,New York Knicks,122,-2.5,-110,-2.5,-110,-2.5,-110,-2.5,-110,-2.5,-110,-2.5,-115,-3,-112,-2.5,-110,-2.5,-110,+2.5,-110,+2.5,-110,+2.5,-110,+2.5,-110,+2.5,-110,+2.5,-105,+3,-109
Thu Jan 25 2024,Sacramento Kings,134,Golden State Warriors,133,-1.5,-112,-1,-110,-1,-108,-1.5,-105,-1,-110,-1,-112,-2,-110,-0.5,-115,-1,-108,+1.5,-108,+1,-110,+1,-112,+1.5,-115,+1,-110,+1,-108,+2,-110
Thu Jan 25 2024,Chicago Bulls,132,Los Angeles Lakers,141,+5.5,-112,+6,-110,+6,-114,+5.5,-105,+6,-110,+6,-112,+5.5,-112,+5.5,-105,+6,-114,-5.5,-108,-6,-110,-6,-106,-5.5,-115,-6,-110,-6,-108,-5.5,-109
Fri Jan 26 2024,Dallas Mavericks,148,Atlanta Hawks,143,-1,-110,+2,-105,+2,-106,+2.5,-110,+1.5,even,+2,-102,+1.5,-113,+2.5,-110,+2,-106,+1,-110,-2,-115,-2,-114,-2.5,-110,-1.5,-120,-2,-118,-1.5,-118
Fri Jan 26 2024,Houston Rockets,138,Charlotte Hornets,104,-5,-110,-5,-110,-5,-108,-5.5,-105,-5,-105,-5,-108,-5,-109,-4.5,-115,-5,-108,+5,-110,+5,-110,+5,-112,+5.5,-115,+5,-115,+5,-112,+5,-112
Fri Jan 26 2024,Phoenix Suns,131,Indiana Pacers,133,-5,-110,-5,-110,-5,-108,-4.5,-115,-5,-115,-5,-110,-5,-112,-4.5,-110,-5,-108,+5,-110,+5,-110,+5,-112,+4.5,-105,+5,-105,+5,-110,+5,-109
Fri Jan 26 2024,Los Angeles Clippers,127,Toronto Raptors,107,-7.5,-110,-8,-110,-8,-112,-7.5,-110,-8.5,-110,-8,-110,-8,-110,-8.5,-105,-8,-112,+7.5,-110,+8,-110,+8,-108,+7.5,-110,+8.5,-110,+8,-110,+8,-110
Fri Jan 26 2024,Orlando Magic,106,Memphis Grizzlies,107,-5,-110,-6,-115,-6,-110,-5.5,-115,-6.5,-110,-6,-110,-6.5,-110,-6.5,-110,-6,-110,+5,-110,+6,-105,+6,-110,+5.5,-105,+6.5,-110,+6,-110,+6.5,-110
Fri Jan 26 2024,Cleveland Cavaliers,112,Milwaukee Bucks,100,+6,-110,+5.5,-110,+5,-106,+5.5,-110,+5.5,-110,+5.5,-110,+5.5,-112,+5.5,-105,+5,-106,-6,-110,-5.5,-110,-5,-114,-5.5,-110,-5.5,-110,-5.5,-110,-5.5,-109
Fri Jan 26 2024,Oklahoma City Thunder,107,New Orleans Pelicans,83,+2,-110,-1,-110,-1.5,-114,-1.5,-105,-2,-115,-1,-115,-2,-114,-1.5,-105,-1.5,-114,-2,-110,+1,-110,+1.5,-114,+1.5,-115,+2,-105,+1,-105,+2,-117
Fri Jan 26 2024,Portland Trail Blazers,100,San Antonio Spurs,116,+2,-110,+5,-110,+5,-110,+4.5,-105,+3.5,-105,+5,-110,+4.5,-108,+4.5,-105,+5,-110,-2,-110,-5,-110,-5,-110,-4.5,-115,-3.5,-115,-5,-110,-4.5,-112
Sat Jan 27 2024,Washington Wizards,118,Detroit Pistons,104,+2,-110,+3.5,-110,+3.5,-112,+13.5,-500,+3.5,-105,+3.5,-108,+3.5,-113,+3.5,-110,+3.5,-112,-2,-110,-3.5,-110,-3.5,-108,-13.5,+375,-3.5,-115,-3.5,-112,-3.5,-108
Sat Jan 27 2024,Miami Heat,109,New York Knicks,125,+5,-110,+4.5,-105,+5,-108,+4.5,-105,+4.5,-110,+4.5,-108,+4.5,-112,+4.5,-110,+5,-108,-5,-110,-4.5,-115,-5,-112,-4.5,-115,-4.5,-110,-4.5,-112,-4.5,-109
Sat Jan 27 2024,Philadelphia 76ers,105,Denver Nuggets,111,+5,-110,+13,-110,+13,-110,+13.5,-115,+5.5,-110,+12.5,-110,+13,-109,+12.5,-115,+13,-110,-5,-110,-13,-110,-13,-110,-13.5,-105,-5.5,-110,-12.5,-110,-13,-112
Sat Jan 27 2024,Houston Rockets,104,Brooklyn Nets,106,+3.5,-110,+4,-110,+4,-108,+4.5,-115,+4.5,-115,+4,-112,+4,-112,+4.5,-115,+4,-108,-3.5,-110,-4,-110,-4,-112,-4.5,-105,-4.5,-105,-4,-108,-4,-109
Sat Jan 27 2024,Los Angeles Clippers,115,Boston Celtics,96,+6,-106,+7,-110,+7,-112,+6.5,-105,+7,-110,+7,-110,+6.5,-112,+6.5,-105,+7,-112,-6,-114,-7,-110,-7,-108,-6.5,-115,-7,-110,-7,-110,-6.5,-109
Sat Jan 27 2024,Utah Jazz,134,Charlotte Hornets,122,-8,-110,-10,-110,-10,-108,-9.5,-115,-10.5,-105,-10,-112,-10,-112,-10.5,-110,-10,-108,+8,-110,+10,-110,+10,-112,+9.5,-105,+10.5,-115,+10,-108,+10,-109
Sat Jan 27 2024,New Orleans Pelicans,117,Milwaukee Bucks,141,+6.5,-110,+3.5,-110,+3.5,-110,+3.5,-110,+4.5,-110,+4,-115,+3.5,-110,+3.5,-115,+3.5,-110,-6.5,-110,-3.5,-110,-3.5,-110,-3.5,-110,-4.5,-110,-4,-105,-3.5,-110
Sat Jan 27 2024,Los Angeles Lakers,145,Golden State Warriors,144,+1.5,-110,+1.5,-110,+1.5,-108,+2.5,-115,+1,-110,+1.5,-108,+1,-109,+1.5,-110,+1.5,-108,-1.5,-110,-1.5,-110,-1.5,-112,-2.5,-105,-1,-110,-1.5,-112,-1,-112
Sat Jan 27 2024,Minnesota Timberwolves,112,San Antonio Spurs,113,-11,-110,-10.5,-110,-10.5,-112,-10.5,-110,-11,-115,-10.5,-110,-10.5,-113,-10.5,-110,-10.5,-112,+11,-110,+10.5,-110,+10.5,-108,+10.5,-110,+11,-105,+10.5,-110,+10.5,-108
Sat Jan 27 2024,Sacramento Kings,120,Dallas Mavericks,115,+1.5,-110,-4,-115,-4,-114,-2.5,-115,-3,-110,-4,-110,-4,-114,-4.5,-105,-4,-114,-1.5,-110,+4,-105,+4,-106,+2.5,-105,+3,-110,+4,-110,+4,-107
Sun Jan 28 2024,Oklahoma City Thunder,104,Detroit Pistons,120,-13,-110,-12,-110,-12.5,-110,-13.5,-105,-12.5,-110,-12.5,-105,-12.5,-110,-12.5,-105,-12.5,-110,+13,-110,+12,-110,+12.5,-110,+13.5,-115,+12.5,-110,+12.5,-115,+12.5,-110
Sun Jan 28 2024,Memphis Grizzlies,110,Indiana Pacers,116,+9,-110,+7.5,-110,+7,-110,+7.5,-115,+9,-110,+7.5,-115,+7.5,-108,+7.5,-115,+7,-110,-9,-110,-7.5,-110,-7,-110,-7.5,-105,-9,-110,-7.5,-105,-7.5,-113
Sun Jan 28 2024,Toronto Raptors,125,Atlanta Hawks,126,+6.5,-110,+7,-110,+6.5,-108,+6.5,-110,+6.5,-110,+6.5,-110,+6,-112,+6.5,-110,+6.5,-108,-6.5,-110,-7,-110,-6.5,-112,-6.5,-110,-6.5,-110,-6.5,-110,-6,-109
Sun Jan 28 2024,Phoenix Suns,98,Orlando Magic,113,-1.5,-110,-1.5,-110,-2,-110,-1.5,-110,-1.5,-110,-1.5,-112,-1.5,-110,+0.5,-115,-2,-110,+1.5,-110,+1.5,-110,+2,-110,+1.5,-110,+1.5,-110,+1.5,-108,+1.5,-110
Sun Jan 28 2024,Chicago Bulls,104,Portland Trail Blazers,96,-5.5,-110,-5.5,-110,-5.5,-112,-5.5,-110,-5.5,-110,-6,-105,-5.5,-113,-5.5,-110,-5.5,-112,+5.5,-110,+5.5,-110,+5.5,-108,+5.5,-110,+5.5,-110,+6,-115,+5.5,-108
Mon Jan 29 2024,New York Knicks,113,Charlotte Hornets,92,-7,-114,-9,-110,-9,-110,-9.5,-105,-8,-110,-9,-112,-9,-110,-9.5,-105,-9,-110,+7,-106,+9,-110,+9,-110,+9.5,-115,+8,-110,+9,-108,+9,-110
Mon Jan 29 2024,Los Angeles Clippers,108,Cleveland Cavaliers,118,-3.5,-110,-1.5,-110,-1.5,-112,-1.5,-110,-2.5,-110,-1.5,-112,-1.5,-112,-1.5,-110,-1.5,-112,+3.5,-110,+1.5,-110,+1.5,-108,+1.5,-110,+2.5,-110,+1.5,-108,+1.5,-109
Mon Jan 29 2024,New Orleans Pelicans,112,Boston Celtics,118,+7.5,-110,+8,-110,+8,-112,+8.5,-115,+8,-110,+8,-112,+8,-112,+7.5,-105,+8,-112,-7.5,-110,-8,-110,-8,-108,-8.5,-105,-8,-110,-8,-108,-8,-109
Mon Jan 29 2024,Utah Jazz,114,Brooklyn Nets,147,+1,-110,-1,-110,-1,-108,-1.5,-105,+1,-110,-1,-105,-1,-109,+0.5,-115,-1,-108,-1,-110,+1,-110,+1,-112,+1.5,-115,-1,-110,+1,-115,+1,-112
Mon Jan 29 2024,Phoenix Suns,118,Miami Heat,105,+3,-110,+2.5,-110,+2.5,-114,+2.5,-115,+3.5,-110,+2,-108,+2.5,-109,+1.5,-105,+2.5,-114,-3,-110,-2.5,-110,-2.5,-106,-2.5,-105,-3.5,-110,-2,-112,-2.5,-112
Mon Jan 29 2024,Los Angeles Lakers,119,Houston Rockets,135,-1,-108,-1,-110,-1,-110,-1.5,-110,-1,-110,-1,-115,-1,-107,-1.5,-105,-1,-110,+1,-112,+1,-110,+1,-110,+1.5,-110,+1,-110,+1,-105,+1,-114
Mon Jan 29 2024,Sacramento Kings,103,Memphis Grizzlies,94,-8,-110,-11,-110,-11,-112,-11.5,-105,-8,-110,-11,-108,-11,-115,-10.5,-110,-11,-112,+8,-110,+11,-110,+11,-108,+11.5,-115,+8,-110,+11,-112,+11,-115
Mon Jan 29 2024,Minnesota Timberwolves,107,Oklahoma City Thunder,101,+2.5,-110,+2.5,-110,+2.5,-108,+2.5,-110,+2.5,-110,+2.5,-112,+2.5,-110,+2.5,-105,+2.5,-108,-2.5,-110,-2.5,-110,-2.5,-112,-2.5,-110,-2.5,-110,-2.5,-108,-2.5,-110
Mon Jan 29 2024,Washington Wizards,118,San Antonio Spurs,113,+4,-110,+3.5,-110,+3.5,-110,+3.5,-110,+3.5,-110,+3.5,-112,+4,-112,+3.5,-110,+3.5,-110,-4,-110,-3.5,-110,-3.5,-110,-3.5,-110,-3.5,-110,-3.5,-108,-4,-109
Mon Jan 29 2024,Orlando Magic,129,Dallas Mavericks,131,+5,-110,+4,-115,+3.5,-108,+3.5,-110,+4,-110,+4,-118,+4.5,-112,+3.5,-105,+3.5,-108,-5,-110,-4,-105,-3.5,-112,-3.5,-110,-4,-110,-4,-102,-4.5,-109
Mon Jan 29 2024,Milwaukee Bucks,107,Denver Nuggets,113,+4.5,-112,+4,-110,+4,-110,+3.5,-105,+4,-110,+4,-110,+4,-112,+4.5,-115,+4,-110,-4.5,-108,-4,-110,-4,-110,-3.5,-115,-4,-110,-4,-110,-4,-109
Mon Jan 29 2024,Philadelphia 76ers,104,Portland Trail Blazers,130,-8,-110,-5.5,-110,-5.5,-108,-5.5,-110,-5,-115,-5,-115,-5,-108,-5.5,-115,-5.5,-108,+8,-110,+5.5,-110,+5.5,-112,+5.5,-110,+5,-105,+5,-105,+5,-113
Tue Jan 30 2024,Los Angeles Lakers,122,Atlanta Hawks,138,+4,-110,+5.5,-110,+5.5,-110,+5.5,-110,+5.5,-105,+6,-115,+6,-110,+5.5,-110,+5.5,-110,-4,-110,-5.5,-110,-5.5,-110,-5.5,-110,-5.5,-115,-6,-105,-6,-110
Tue Jan 30 2024,Indiana Pacers,124,Boston Celtics,129,+6,-110,+8,-110,+8.5,-112,+7.5,-105,+8,-110,+8,-110,+8,-109,+7.5,-105,+8.5,-112,-6,-110,-8,-110,-8.5,-108,-7.5,-115,-8,-110,-8,-110,-8,-112
Tue Jan 30 2024,Utah Jazz,103,New York Knicks,118,+4.5,-110,+2.5,-110,+3,-112,+3.5,-115,+3,-105,+3,-115,+3,-113,+2.5,-105,+3,-112,-4.5,-110,-2.5,-110,-3,-108,-3.5,-105,-3,-115,-3,-105,-3,-108
Tue Jan 30 2024,Toronto Raptors,118,Chicago Bulls,107,+5,-106,+7,-110,+7,-114,+6.5,-110,+7,-105,+7,-110,+7,-112,+6.5,-105,+7,-114,-5,-114,-7,-110,-7,-106,-6.5,-110,-7,-115,-7,-110,-7,-109
Tue Jan 30 2024,Philadelphia 76ers,107,Golden State Warriors,119,+4.5,-110,+2,-110,+2.5,-110,+2.5,-115,+2.5,-105,+2,-105,+1.5,-112,+1.5,-110,+2.5,-110,-4.5,-110,-2,-110,-2.5,-110,-2.5,-105,-2.5,-115,-2,-115,-1.5,-109
Wed Jan 31 2024,Chicago Bulls,117,Charlotte Hornets,110,-2.5,-110,-6,-110,-6,-110,-5.5,-115,-6,-115,-6,-112,-6,-108,-5.5,-110,-6,-110,+2.5,-110,+6,-110,+6,-110,+5.5,-105,+6,-105,+6,-108,+6,-115
Wed Jan 31 2024,Detroit Pistons,121,Cleveland Cavaliers,128,+12,-110,+13.5,-110,+13.5,-108,+13.5,-110,+13.5,-110,+13.5,-108,+14,-109,+13.5,-110,+13.5,-108,-12,-110,-13.5,-110,-13.5,-112,-13.5,-110,-13.5,-110,-13.5,-112,-14,-112
Wed Jan 31 2024,Los Angeles Clippers,125,Washington Wizards,109,-12,-110,-11,-110,-10.5,-110,-10.5,-105,-10,-105,-9.5,-120,-10.5,-113,-9.5,-115,-10.5,-110,+12,-110,+11,-110,+10.5,-110,+10.5,-115,+10,-115,+9.5,even,+10.5,-110
Wed Jan 31 2024,Sacramento Kings,106,Miami Heat,115,+1,-112,+2.5,-115,+2.5,-110,+2.5,-115,+2,-105,+2,-108,+1.5,-107,+2.5,-110,+2.5,-110,-1,-108,-2.5,-105,-2.5,-110,-2.5,-105,-2,-115,-2,-112,-1.5,-114
Wed Jan 31 2024,New Orleans Pelicans,110,Houston Rockets,99,-2.5,-110,+1.5,-115,+1,-112,+1.5,-115,+1.5,-110,+1.5,-115,+1,-108,+0.5,-105,+1,-112,+2.5,-110,-1.5,-105,-1,-108,-1.5,-105,-1.5,-110,-1.5,-105,-1,-113
Wed Jan 31 2024,Dallas Mavericks,87,Minnesota Timberwolves,121,+13.5,-110,+13,-110,+13,-108,+13.5,-115,+13,-110,+13,-108,+12.5,-108,+12.5,-105,+13,-108,-13.5,-110,-13,-110,-13,-112,-13.5,-105,-13,-110,-13,-112,-12.5,-113
Wed Jan 31 2024,Denver Nuggets,100,Oklahoma City Thunder,105,+2,-110,+6,-110,+6,-110,+5.5,-105,+5.5,-105,+6,-112,+6,-112,+6.5,-115,+6,-110,-2,-110,-6,-110,-6,-110,-5.5,-115,-5.5,-115,-6,-108,-6,-109
Wed Jan 31 2024,Orlando Magic,108,San Antonio Spurs,98,-5,-110,-6,-115,-6.5,-110,-6.5,-105,-6.5,-110,-6,-118,-6,-110,-6.5,-105,-6.5,-110,+5,-110,+6,-105,+6.5,-110,+6.5,-115,+6.5,-110,+6,-102,+6,-110
Wed Jan 31 2024,Phoenix Suns,136,Brooklyn Nets,120,-3.5,-110,-3.5,-110,-3.5,-114,-3.5,-110,-4,-110,-3.5,-112,-4,-108,-3.5,-110,-3.5,-114,+3.5,-110,+3.5,-110,+3.5,-106,+3.5,-110,+4,-110,+3.5,-108,+4,-113
Wed Jan 31 2024,Milwaukee Bucks,116,Portland Trail Blazers,119,-9.5,-110,-10.5,-110,-10.5,-110,-10.5,-110,-10.5,-110,-10.5,-110,-10.5,-109,-10.5,-110,-10.5,-110,+9.5,-110,+10.5,-110,+10.5,-110,+10.5,-110,+10.5,-110,+10.5,-110,+10.5,-112
Thu Feb 1 2024,Los Angeles Lakers,114,Boston Celtics,105,+9.5,-110,+15,-105,+15.5,-112,+14.5,-105,+16,-115,+15.5,-108,+15,-110,+15.5,-110,+15.5,-112,-9.5,-110,-15,-115,-15.5,-108,-14.5,-115,-16,-105,-15.5,-112,-15,-110
Thu Feb 1 2024,Indiana Pacers,105,New York Knicks,109,+4.5,-110,+2,-110,+2,-112,+1.5,-110,+1.5,-110,+2,-112,+2,-112,+1.5,-105,+2,-112,-4.5,-110,-2,-110,-2,-108,-1.5,-110,-1.5,-110,-2,-108,-2,-109
Thu Feb 1 2024,Cleveland Cavaliers,108,Memphis Grizzlies,101,-5.5,-110,-8.5,-110,-8.5,-112,-8.5,-110,-8.5,-115,-8.5,-112,-9,-107,-9.5,-110,-8.5,-112,+5.5,-110,+8.5,-110,+8.5,-108,+8.5,-110,+8.5,-105,+8.5,-108,+9,-114
Thu Feb 1 2024,Philadelphia 76ers,127,Utah Jazz,124,+4.5,-110,+5,-115,+5,-110,+4.5,-105,+5.5,-105,+4.5,-108,+4.5,-110,+4.5,-110,+5,-110,-4.5,-110,-5,-105,-5,-110,-4.5,-115,-5.5,-115,-4.5,-112,-4.5,-110
Fri Feb 2 2024,Los Angeles Clippers,136,Detroit Pistons,125,N/A,-12,-110,-12,-110,-11.5,-115,-11.5,-110,-12,-105,-12,-114,-12,-110,-12,-110,N/A,+12,-110,+12,-110,+11.5,-105,+11.5,-110,+12,-115,+12,-107,+12,-110
Fri Feb 2 2024,Miami Heat,110,Washington Wizards,102,N/A,-7.5,-110,-7.5,-112,-7.5,-110,-8.5,-110,-7.5,-112,-8,-114,-7.5,-110,-7.5,-112,N/A,+7.5,-110,+7.5,-110,+7.5,-110,+8.5,-110,+7.5,-108,+8,-107,+7.5,-110
Fri Feb 2 2024,Phoenix Suns,120,Atlanta Hawks,129,N/A,-3,-110,-3.5,-110,-3.5,-105,-3.5,-105,-3,-112,-3.5,-109,-3.5,-110,-3.5,-110,N/A,+3,-110,+3.5,-110,+3.5,-115,+3.5,-115,+3,-108,+3.5,-112,+3.5,-110
Fri Feb 2 2024,Sacramento Kings,133,Indiana Pacers,122,N/A,-4,-110,-3.5,-110,-3.5,-115,-4,-110,-4,-108,-4,-112,-4,-110,-3.5,-110,N/A,+4,-110,+3.5,-110,+3.5,-105,+4,-110,+4,-112,+4,-109,+4,-110
Fri Feb 2 2024,Toronto Raptors,106,Houston Rockets,135,N/A,+4.5,-110,+4.5,-108,+4.5,-105,+4.5,-110,+4,-105,+4.5,-113,+4,-105,+4.5,-108,N/A,-4.5,-110,-4.5,-112,-4.5,-115,-4.5,-110,-4,-115,-4.5,-108,-4,-115
Fri Feb 2 2024,Golden State Warriors,121,Memphis Grizzlies,101,N/A,-7.5,-110,-7.5,-110,-7.5,-110,-8,-110,-7.5,-112,-8.5,-107,-7.5,-110,-7.5,-110,N/A,+7.5,-110,+7.5,-110,+7.5,-110,+8,-110,+7.5,-108,+8.5,-114,+7.5,-110
Fri Feb 2 2024,Orlando Magic,108,Minnesota Timberwolves,106,N/A,+7,-110,+6,-108,+6.5,-105,+6,-110,+6.5,-105,+6.5,-113,+6.5,-110,+6,-108,N/A,-7,-110,-6,-112,-6.5,-115,-6,-110,-6.5,-115,-6.5,-108,-6.5,-110
Fri Feb 2 2024,Charlotte Hornets,106,Oklahoma City Thunder,126,N/A,+15.5,-110,+15.5,-110,+15.5,-110,+15,-110,+15.5,-112,+15.5,-108,+15.5,-110,+15.5,-110,N/A,-15.5,-110,-15.5,-110,-15.5,-110,-15,-110,-15.5,-108,-15.5,-112,-15.5,-110
Fri Feb 2 2024,New Orleans Pelicans,114,San Antonio Spurs,113,N/A,-8,-110,-8,-110,-8.5,-105,-8,-110,-8.5,-108,-8.5,-107,-8.5,-110,-8,-110,N/A,+8,-110,+8,-110,+8.5,-115,+8,-110,+8.5,-112,+8.5,-114,+8.5,-110
Fri Feb 2 2024,Portland Trail Blazers,108,Denver Nuggets,120,N/A,+14.5,-110,+12.5,-110,+13.5,-110,+13,-110,+14.5,-112,+12.5,-113,+12.5,-110,+12.5,-110,N/A,-14.5,-110,-12.5,-110,-13.5,-110,-13,-110,-14.5,-108,-12.5,-108,-12.5,-110
Sat Feb 3 2024,Brooklyn Nets,136,Philadelphia 76ers,121,N/A,+1,-110,+1,-108,+1.5,-120,+3.5,-105,+1.5,-112,+2,-110,+0.5,-105,+1,-108,N/A,-1,-110,-1,-112,-1.5,even,-3.5,-115,-1.5,-108,-2,-110,-0.5,-115
Sat Feb 3 2024,Golden State Warriors,134,Atlanta Hawks,141,N/A,+2,-110,+2,-110,+2.5,-110,+2.5,-110,+2.5,-112,+1.5,-112,+2.5,-110,+2,-110,N/A,-2,-110,-2,-110,-2.5,-110,-2.5,-110,-2.5,-108,-1.5,-109,-2.5,-110
Sat Feb 3 2024,Sacramento Kings,123,Chicago Bulls,115,N/A,+1,-110,+1,-110,+1.5,-120,+2,-110,+1,-112,+1,-113,+1.5,-105,+1,-110,N/A,-1,-110,-1,-110,-1.5,even,-2,-110,-1,-108,-1,-108,-1.5,-115
Sat Feb 3 2024,Milwaukee Bucks,129,Dallas Mavericks,117,N/A,-4,-110,-4,-110,-3.5,-115,-4.5,-110,-3.5,-115,-4,-108,-4.5,-105,-4,-110,N/A,+4,-110,+4,-110,+3.5,-105,+4.5,-110,+3.5,-105,+4,-113,+4.5,-115
Sat Feb 3 2024,Los Angeles Lakers,113,New York Knicks,105,N/A,+2,-110,+2,-106,+2.5,-110,+4.5,-110,+2,-105,+2.5,-112,+1.5,-105,+2,-106,N/A,-2,-110,-2,-114,-2.5,-110,-4.5,-110,-2,-115,-2.5,-109,-1.5,-115
Sat Feb 3 2024,Cleveland Cavaliers,117,San Antonio Spurs,101,N/A,-10,-110,-10.5,-106,-9.5,-115,-10.5,-110,-10,-115,-10,-107,-10.5,-110,-10.5,-106,N/A,+10,-110,+10.5,-114,+9.5,-105,+10.5,-110,+10,-105,+10,-114,+10.5,-110
Sun Feb 4 2024,Orlando Magic,111,Detroit Pistons,99,-7,-110,-6.5,-110,-6.5,-110,-6.5,-110,-6.5,-110,-7,-102,-6.5,-113,-6.5,-110,-6.5,-110,+7,-110,+6.5,-110,+6.5,-110,+6.5,-110,+6.5,-110,+7,-118,+6.5,-108
Sun Feb 4 2024,Phoenix Suns,140,Washington Wizards,112,-8,-110,-10.5,-110,-11,-112,-11.5,-105,-11,-110,-11,-112,-10.5,-110,-11.5,-110,-11,-112,+8,-110,+10.5,-110,+11,-108,+11.5,-115,+11,-110,+11,-108,+10.5,-110
Sun Feb 4 2024,Memphis Grizzlies,91,Boston Celtics,131,+14,-110,+19.5,-110,+19.5,-112,+19.5,-110,+18,-110,+19.5,-105,+19.5,-108,+18.5,-105,+19.5,-112,-14,-110,-19.5,-110,-19.5,-108,-19.5,-110,-18,-110,-19.5,-115,-19.5,-113
Sun Feb 4 2024,Indiana Pacers,115,Charlotte Hornets,99,-6,-112,-11.5,-110,-11.5,-108,-11.5,-110,-9.5,-110,-11.5,-112,-11.5,-108,-11.5,-110,-11.5,-108,+6,-108,+11.5,-110,+11.5,-112,+11.5,-110,+9.5,-110,+11.5,-108,+11.5,-113
Sun Feb 4 2024,Los Angeles Clippers,103,Miami Heat,95,+1.5,-110,-5,-110,-5.5,-108,-5.5,-110,-4,-110,-5,-115,-5.5,-117,-4.5,-115,-5.5,-108,-1.5,-110,+5,-110,+5.5,-112,+5.5,-110,+4,-110,+5,-105,+5.5,-114
Sun Feb 4 2024,Houston Rockets,90,Minnesota Timberwolves,111,+7,-110,+8,-110,+7.5,-108,+7.5,-110,+8,-105,+7.5,-105,+8,-113,+8,-110,+7.5,-108,-7,-110,-8,-110,-7.5,-112,-7.5,-110,-8,-115,-7.5,-115,-8,-108
Sun Feb 4 2024,Toronto Raptors,127,Oklahoma City Thunder,135,+12,-110,+8.5,-110,+8.5,-110,+8.5,-110,+8.5,-110,+8.5,-115,+8.5,-112,+8.5,-110,+8.5,-110,-12,-110,-8.5,-110,-8.5,-110,-8.5,-110,-8.5,-110,-8.5,-105,-8.5,-109
Sun Feb 4 2024,Milwaukee Bucks,108,Utah Jazz,123,-2.5,-110,+2.5,-115,+2,-106,+3.5,-105,+2.5,-110,+2.5,-110,+2,-110,+2.5,-110,+2,-106,+2.5,-110,-2.5,-105,-2,-114,-3.5,-115,-2.5,-110,-2.5,-110,-2,-110
Sun Feb 4 2024,Portland Trail Blazers,103,Denver Nuggets,112,+13,-110,+15,-110,+15,-108,+14.5,-115,+15,-110,+15,-108,+15.5,-113,+15.5,-115,+15,-108,-13,-110,-15,-110,-15,-112,-14.5,-105,-15,-110,-15,-112,-15.5,-108
Mon Feb 5 2024,Los Angeles Lakers,124,Charlotte Hornets,118,-8,-110,-13,-110,-13.5,-108,-13.5,-110,-13,-110,-13,-115,-13,-109,-13.5,-110,-13.5,-108,+8,-110,+13,-110,+13.5,-112,+13.5,-110,+13,-110,+13,-105,+13,-112
Mon Feb 5 2024,Sacramento Kings,110,Cleveland Cavaliers,136,+4.5,-110,+5,-115,+4.5,-108,+4.5,-110,+5,-110,+4.5,-110,+4.5,-110,+5,-110,+4.5,-108,-4.5,-110,-5,-105,-4.5,-112,-4.5,-110,-5,-110,-4.5,-110,-4.5,-110
Mon Feb 5 2024,Dallas Mavericks,118,Philadelphia 76ers,102,-1.5,-110,-2.5,-105,-2,-108,-2.5,-105,-2,-110,-3,even,-3,-108,-3.5,-110,-2,-108,+1.5,-110,+2.5,-115,+2,-112,+2.5,-115,+2,-110,+3,-120,+3,-113
Mon Feb 5 2024,Los Angeles Clippers,149,Atlanta Hawks,144,-3.5,-108,-4,-110,-4,-112,-3.5,-115,-4,-110,-4,-105,-4.5,-107,-4.5,-105,-4,-112,+3.5,-112,+4,-110,+4,-108,+3.5,-105,+4,-110,+4,-115,+4.5,-114
Mon Feb 5 2024,Golden State Warriors,109,Brooklyn Nets,98,+1.5,-110,-1,-105,-1,-108,-1.5,even,PK,-120,-1,-108,-1.5,-108,+1.5,-110,-1,-108,-1.5,-110,+1,-115,+1,-112,+1.5,-120,PK,even,+1,-112,+1.5,-113
Mon Feb 5 2024,Toronto Raptors,100,New Orleans Pelicans,138,+9.5,-110,+10.5,-110,+10.5,-114,+11.5,-110,+10.5,-105,+10.5,-108,+11,-112,+10.5,-105,+10.5,-114,-9.5,-110,-10.5,-110,-10.5,-114,-11.5,-110,-10.5,-115,-10.5,-112,-11,-108
Tue Feb 6 2024,Houston Rockets,129,Indiana Pacers,132,+6,-110,+8,-110,+8,-110,+7.5,-105,+8,-110,+8,-108,+8,-113,+8.5,-110,+8,-110,-6,-110,-8,-110,-8,-110,-7.5,-115,-8,-110,-8,-112,-8,-107
Tue Feb 6 2024,Dallas Mavericks,119,Brooklyn Nets,107,-1,-112,-3,-110,-2.5,-114,-2.5,-115,-3.5,-115,-2.5,-115,-3,-121,-2.5,-115,-2.5,-114,+1,-108,+3,-110,+2.5,-106,+2.5,-105,+3.5,-105,+2.5,-105,+3,-110
Tue Feb 6 2024,Orlando Magic,95,Miami Heat,121,+4,-110,+3.5,-110,+3.5,-112,+3.5,-115,+3,-105,+3.5,-112,+3,-114,+3.5,-115,+3.5,-112,-4,-110,-3.5,-110,-3.5,-108,-3.5,-105,-3,-115,-3.5,-108,-3,-107
Tue Feb 6 2024,Memphis Grizzlies,113,New York Knicks,123,+14,-110,+13.5,-110,+13.5,-110,+13.5,-115,+13.5,-105,+13.5,-108,+13,-108,+13.5,-110,+13.5,-110,-14,-110,-13.5,-110,-13.5,-110,-13.5,-105,-13.5,-115,-13.5,-112,-13,-113
Tue Feb 6 2024,Minnesota Timberwolves,123,Chicago Bulls,129,-5,-110,-5,-110,-4.5,-112,-4.5,-115,-5.5,-105,-4.5,-115,-5,-110,-4.5,-115,-4.5,-112,+5,-110,+5,-110,+4.5,-108,+4.5,-105,+5.5,-115,+4.5,-105,+5,-110
Tue Feb 6 2024,Oklahoma City Thunder,117,Utah Jazz,124,-1,-112,-3,-110,-3,-112,-2.5,-115,-3,-110,-3,-110,-3,-115,-3.5,-110,-3,-112,+1,-108,+3,-110,+3,-108,+2.5,-105,+3,-110,+3,-110,+3,-106
Tue Feb 6 2024,Milwaukee Bucks,106,Phoenix Suns,114,+2.5,-110,+5.5,-110,+6,-114,+5.5,-105,+6,-110,+5.5,-108,+6,-113,+5.5,-110,+6,-114,-2.5,-110,-5.5,-110,-6,-106,-5.5,-115,-6,-110,-5.5,-112,-6,-108
Wed Feb 7 2024,Toronto Raptors,123,Charlotte Hornets,117,-6,-108,-7,-110,-7,-110,-7.5,-105,-7,-110,-7,-112,-7,-107,-7.5,-105,-7,-110,+6,-112,+7,-110,+7,-110,+7.5,-115,+7,-110,+7,-108,+7,-114
Wed Feb 7 2024,Cleveland Cavaliers,114,Washington Wizards,106,-10,-110,-11.5,-110,-11.5,-112,-11.5,-110,-11.5,-115,-11.5,-112,-11.5,-108,-11.5,-110,-11.5,-112,+10,-110,+11.5,-110,+11.5,-108,+11.5,-110,+11.5,-105,+11.5,-108,+11.5,-113
Wed Feb 7 2024,Atlanta Hawks,117,Boston Celtics,125,+11.5,-110,+12,-110,+11.5,-106,+11.5,-105,+12,-110,+12,-112,+12,-110,+11.5,-110,+11.5,-106,-11.5,-110,-12,-110,-11.5,-114,-11.5,-115,-12,-110,-12,-108,-12,-110
Wed Feb 7 2024,San Antonio Spurs,104,Miami Heat,116,+8,-110,+8,-110,+8,-110,+7.5,-105,+8,-110,+8,-110,+7.5,-112,+7.5,-105,+8,-110,-8,-110,-8,-110,-8,-110,-7.5,-115,-8,-110,-8,-110,-7.5,-109
Wed Feb 7 2024,Golden State Warriors,127,Philadelphia 76ers,104,-1.5,-110,-3,-110,-3,-112,-3.5,-105,-2.5,-110,-3,-108,-4,-108,-3.5,-105,-3,-112,+1.5,-110,+3,-110,+3,-108,+3.5,-115,+2.5,-110,+3,-112,+4,-113
Wed Feb 7 2024,New Orleans Pelicans,117,Los Angeles Clippers,106,+5.5,-106,+5.5,-110,+5.5,-112,+5.5,-115,+5.5,-110,+5,-108,+5.5,-108,+6.5,-110,+5.5,-112,-5.5,-114,-5.5,-110,-5.5,-108,-5.5,-105,-5.5,-110,-5,-112,-5.5,-113
Wed Feb 7 2024,Detroit Pistons,133,Sacramento Kings,120,+12,-110,+13,-110,+13.5,-114,+13.5,-115,+13,-105,+13.5,-115,+13,-109,+13.5,-115,+13.5,-114,-12,-110,-13,-110,-13.5,-108,-13.5,-105,-13,-115,-13.5,-105,-13,-112
Thu Feb 8 2024,Golden State Warriors,131,Indiana Pacers,109,+5.5,-110,+6,-110,+6,-114,+5.5,-110,+6.5,-110,+5.5,-108,+6.5,-114,+6.5,-110,+6,-114,-5.5,-110,-6,-110,-6,-106,-5.5,-110,-6.5,-110,-5.5,-112,-6.5,-107
Thu Feb 8 2024,San Antonio Spurs,111,Orlando Magic,127,+10.5,-110,+10.5,-110,+10,-110,+10.5,-110,+10.5,-110,+10.5,-112,+10,-109,+10.5,-110,+10,-110,-10.5,-110,-10.5,-110,-10,-110,-10.5,-110,-10.5,-110,-10.5,-108,-10,-112
Thu Feb 8 2024,Cleveland Cavaliers,118,Brooklyn Nets,95,-5,-110,-8,-110,-8,-106,-7.5,-115,-6,-110,-7.5,-115,-7.5,-109,-7.5,-110,-8,-106,+5,-110,+8,-110,+8,-114,+7.5,-105,+6,-110,+7.5,-105,+7.5,-112
Thu Feb 8 2024,Dallas Mavericks,122,New York Knicks,108,-1,-112,-6,-110,-5.5,-114,-6.5,-105,-4.5,-110,-6,-112,-6.5,-118,-5.5,-120,-5.5,-114,+1,-108,+6,-110,+5.5,-106,+6.5,-115,+4.5,-110,+6,-108,+6.5,-115
Thu Feb 8 2024,Chicago Bulls,118,Memphis Grizzlies,110,-5,-110,-5.5,-110,-5.5,-112,-5.5,-115,-5.5,-110,-5.5,-112,-5.5,-113,-5.5,-115,-5.5,-112,+5,-110,+5.5,-110,+5.5,-108,+5.5,-105,+5.5,-110,+5.5,-108,+5.5,-108
Thu Feb 8 2024,Minnesota Timberwolves,129,Milwaukee Bucks,105,+1,-112,-2,-110,-2,-110,-2.5,-105,+1,-110,-2,-112,-2.5,-108,-2.5,-110,-2,-110,-1,-108,+2,-110,+2,-110,+2.5,-115,-1,-110,+2,-108,+2.5,-113
Thu Feb 8 2024,Utah Jazz,115,Phoenix Suns,129,+7.5,-110,+5,-110,+5,-110,+5.5,-115,+6.5,-110,+5,-108,+5.5,-113,+5.5,-105,+5,-110,-7.5,-110,-5,-110,-5,-110,-5.5,-105,-6.5,-110,-5,-112,-5.5,-108
Thu Feb 8 2024,Denver Nuggets,114,Los Angeles Lakers,106,-2,-110,-3,-110,-3,-110,-2.5,-115,-3.5,-110,-3,-110,-3,-112,-3.5,-105,-3,-110,+2,-110,+3,-110,+3,-110,+2.5,-105,+3.5,-110,+3,-110,+3,-109
Thu Feb 8 2024,Detroit Pistons,128,Portland Trail Blazers,122,+3.5,-110,+4.5,-110,+4.5,-108,+4.5,-110,+6,-110,+4.5,-112,+4.5,-113,+4.5,-115,+4.5,-108,-3.5,-110,-4.5,-110,-4.5,-112,-4.5,-110,-6,-110,-4.5,-108,-4.5,-121
Fri Feb 9 2024,Atlanta Hawks,127,Philadelphia 76ers,121,-4,-110,-3.5,-105,-3.5,-108,-3.5,-105,-4,even,-3.5,-108,-3.5,-109,-3.5,-110,-3.5,-108,+4,-110,+3.5,-115,+3.5,-112,+3.5,-115,+4,-120,+3.5,-112,+3.5,-112
Fri Feb 9 2024,Washington Wizards,129,Boston Celtics,133,+18,-114,+18,-110,+18,-110,+18.5,-110,+19,-105,+18,-105,+19,-112,+18.5,-115,+18,-110,-18,-106,-18,-110,-18,-110,-18.5,-110,-19,-115,-18,-115,-19,-109
Fri Feb 9 2024,Houston Rockets,104,Toronto Raptors,107,+2.5,-112,+2.5,-110,+2.5,-110,+2.5,-110,+2.5,-110,+2.5,-108,+2.5,-110,+2.5,-110,+2.5,-110,-2.5,-108,-2.5,-110,-2.5,-112,-2.5,-110,-2.5,-110,-2.5,-112,-2.5,-110
Fri Feb 9 2024,Charlotte Hornets,84,Milwaukee Bucks,120,+14.5,-110,+16,-110,+16,-110,+15.5,-110,+17,-110,+16,-108,+16,-110,+16.5,-110,+16,-110,-14.5,-110,-16,-110,-16,-110,-15.5,-120,-17,-110,-16,-112,-16,-110
Fri Feb 9 2024,Denver Nuggets,106,Sacramento Kings,135,+1,-110,+3.5,-110,+3,-108,+3.5,-115,+3.5,-110,+3,-108,+3,-110,+2.5,-110,+3,-108,-1,-110,-3.5,-110,-3,-112,-3.5,-105,-3.5,-110,-3,-112,-3,-110
Fri Feb 9 2024,New Orleans Pelicans,122,Los Angeles Lakers,139,+1,-110,-2.5,-110,-2,-110,-2.5,-105,-2.5,-115,-2.5,-110,-3.5,-109,-2.5,-120,-2,-110,-1,-110,+2.5,-110,+2,-110,+2.5,-115,+2.5,-105,+2.5,-110,+3.5,-112
Sat Feb 10 2024,Oklahoma City Thunder,111,Dallas Mavericks,146,-2,-110,-1,-110,-1.5,-112,-1.5,-105,-2,-110,-1,-110,-1.5,-112,-1.5,-110,-1.5,-112,+2,-110,+1,-110,+1.5,-108,+1.5,-115,+2,-110,+1,-110,+1.5,-109
Sat Feb 10 2024,Detroit Pistons,106,Los Angeles Clippers,112,+15.5,-110,+17,-110,+17,-110,+17.5,-115,+16,-110,+17,-115,+16.5,-109,+16.5,-105,+17,-110,-15.5,-110,-17,-110,-17,-110,-17.5,-105,-16,-110,-17,-105,-16.5,-112
Sat Feb 10 2024,San Antonio Spurs,103,Brooklyn Nets,123,+6,-112,+6,-110,+6,-110,+5.5,-105,+5.5,-110,+6,-110,+6,-114,+6.5,-110,+6,-110,-6,-108,-6,-110,-6,-110,-5.5,-115,-5.5,-110,-6,-110,-6,-107
Sat Feb 10 2024,Memphis Grizzlies,106,Charlotte Hornets,115,-3.5,-112,-5.5,-110,-5,-110,-5.5,-110,-5.5,-110,-5.5,-110,-5,-107,-5.5,-105,-5,-110,+3.5,-108,+5.5,-110,+5,-110,+5.5,-110,+5.5,-110,+5.5,-110,+5,-114
Sat Feb 10 2024,Chicago Bulls,108,Orlando Magic,114,+5,-110,+5,-110,+5,-108,+4.5,-105,+5.5,-110,+5,-108,+5,-113,+5.5,-115,+5,-108,-5,-110,-5,-110,-5,-112,-4.5,-115,-5.5,-110,-5,-112,-5,-108
Sat Feb 10 2024,Philadelphia 76ers,119,Washington Wizards,113,-3,-110,-5.5,-110,-5.5,-110,-5.5,-110,-5.5,-110,-5.5,-112,-5.5,-110,-5.5,-110,-5.5,-110,+3,-112,+5.5,-110,+5.5,-110,+5.5,-110,+5.5,-110,+5.5,-108,+5.5,-110
Sat Feb 10 2024,Houston Rockets,113,Atlanta Hawks,122,+4.5,-110,+7,-110,+7.5,-110,+7.5,-110,+7.5,-110,+7,-108,+7,-112,+7.5,-110,+7.5,-110,-4.5,-110,-7,-110,-7.5,-110,-7.5,-110,-7.5,-110,-7,-112,-7,-109
Sat Feb 10 2024,Indiana Pacers,125,New York Knicks,111,-4.5,-112,-3,-110,-3,-108,-2.5,-115,-3,-110,-2.5,-112,-3,-114,-3.5,-105,-3,-108,+4.5,-108,+3,-110,+3,-112,+2.5,-105,+3,-110,+2.5,-108,+3,-107
Sat Feb 10 2024,Cleveland Cavaliers,119,Toronto Raptors,95,-8,-110,-8.5,-110,-9,-108,-8.5,-110,-8.5,-110,-8.5,-115,-8.5,-112,-8.5,-110,-9,-108,+8,-110,+8.5,-110,+9,-112,+8.5,-110,+8.5,-110,+8.5,-105,+8.5,-108
Sat Feb 10 2024,Phoenix Suns,112,Golden State Warriors,113,+1,-110,-1.5,-110,-1.5,-108,-1.5,-105,-1.5,-110,-1.5,-110,-1.5,-112,-0.5,-115,-1.5,-108,-1,-110,+1.5,-110,+1.5,-112,+1.5,-115,+1.5,-110,+1.5,-110,+1.5,-108
Sat Feb 10 2024,New Orleans Pelicans,93,Portland Trail Blazers,84,-7,-110,-8.5,-110,-8.5,-110,-8.5,-110,-8.5,-110,-8.5,-112,-8,-108,-8.5,-105,-8.5,-110,+7,-110,+8.5,-110,+8.5,-110,+8.5,-110,+8.5,-110,+8.5,-108,+8,-113
Sun Feb 11 2024,Boston Celtics,110,Miami Heat,106,-5,-110,-8,-110,-8,-108,-11.5,+140,-5.5,-110,-8,-110,-5,-118,-7.5,-115,-8,-108,+5,-110,+8,-110,+8,-112,+11.5,-165,+5.5,-110,+8,-110,+5,-115
Sun Feb 11 2024,Sacramento Kings,113,Oklahoma City Thunder,127,+3.5,-112,+3,-110,+3,-108,+3.5,-115,+3,-110,+3.5,-112,+3,-107,+3.5,-115,+3,-108,-3.5,-108,-3,-110,-3,-112,-3.5,-105,-3,-110,-3.5,-108,-3,-114
Mon Feb 12 2024,Indiana Pacers,102,Charlotte Hornets,111,-13,-106,-10,-110,-10,-108,-10.5,-105,-10.5,-110,-10,-112,-10,-110,-9.5,-120,-10,-108,+13,-114,+10,-110,+10,-112,+10.5,-115,+10.5,-110,+10,-108,+10,-110
Mon Feb 12 2024,Philadelphia 76ers,123,Cleveland Cavaliers,121,+8,-108,+11,-110,+11.5,-110,+11.5,-115,+10,-110,+11,-108,+11,-108,+11.5,-110,+11.5,-110,-8,-112,-11,-110,-11.5,-110,-11.5,-105,-10,-110,-11,-112,-11,-113
Mon Feb 12 2024,Chicago Bulls,136,Atlanta Hawks,126,+4,-108,+5,-110,+5,-110,+5.5,-115,+4,-110,+5,-110,+4.5,-108,+4.5,even,+5,-110,-4,-112,-5,-110,-5,-110,-5.5,-105,-4,-110,-5,-110,-4.5,-113
Mon Feb 12 2024,San Antonio Spurs,122,Toronto Raptors,99,+9.5,-112,+6,-110,+6,-108,+6.5,-115,+5.5,-110,+6,-115,+5.5,-113,+5.5,-105,+6,-108,-9.5,-108,-6,-110,-6,-112,-6.5,-105,-5.5,-110,-6,-105,-5.5,-118
Mon Feb 12 2024,New York Knicks,103,Houston Rockets,105,-6,-110,+1,-115,+1,-118,-1.5,even,-4.5,-110,+1,-115,+1,-115,-0.5,-110,+1,-118,+6,-110,-1,-105,-1,-104,+1.5,-120,+4.5,-110,-1,-105,-1,-106
Mon Feb 12 2024,New Orleans Pelicans,96,Memphis Grizzlies,87,-9,-110,-9.5,-110,-9.5,-112,-9.5,-110,-9,-110,-9.5,-115,-9.5,-112,-9.5,-110,-9.5,-112,+9,-110,+9.5,-110,+9.5,-108,+9.5,-110,+9,-110,+9.5,-105,+9.5,-109
Mon Feb 12 2024,Denver Nuggets,95,Milwaukee Bucks,112,-2,-110,+1,-110,+1,-108,+1.5,-110,-1.5,-110,+1,-110,+1,-113,-0.5,-105,+1,-108,+2,-110,-1,-110,-1,-112,-1.5,-110,+1.5,-110,-1,-110,-1,-108
Mon Feb 12 2024,Washington Wizards,104,Dallas Mavericks,112,+14,-110,+12,-110,+12,-114,+11.5,-105,+13.5,-110,+12,-115,+11.5,-113,+12.5,-110,+12,-114,-14,-110,-12,-110,-12,-106,-11.5,-115,-13.5,-110,-12,-105,-11.5,-108
Mon Feb 12 2024,Golden State Warriors,129,Utah Jazz,107,+1,-110,-1,-105,-1,-110,-1.5,even,PK,-110,-1,-108,-1,-108,+0.5,-115,-1,-110,-1,-110,+1,-115,+1,-110,+1.5,-120,PK,-110,+1,-112,+1,-113
Mon Feb 12 2024,Minnesota Timberwolves,121,Los Angeles Clippers,100,+3.5,-108,+5,-110,+5,-106,+4.5,-105,+5.5,-110,+5,-108,+4.5,-115,+4.5,-105,+5,-106,-3.5,-112,-5,-110,-5,-114,-4.5,-115,-5.5,-110,-5,-112,-4.5,-115
Tue Feb 13 2024,Boston Celtics,118,Brooklyn Nets,110,-9.5,-112,-7.5,-115,-8,-108,-7.5,-115,-8.5,-110,-8,-108,-8,-108,-8.5,-110,-8,-108,+9.5,-108,+7.5,-105,+8,-112,+7.5,-105,+8.5,-110,+8,-112,+8,-113
Tue Feb 13 2024,Oklahoma City Thunder,127,Orlando Magic,113,-2.5,-110,-2.5,-110,-2.5,-110,-2.5,-110,-2.5,-110,-3,-108,-3,-110,-2.5,-115,-2.5,-110,+2.5,-110,+2.5,-110,+2.5,-110,+2.5,-110,+2.5,-110,+3,-112,+3,-110
Tue Feb 13 2024,Miami Heat,123,Milwaukee Bucks,97,+6,-110,+7,-105,+7.5,-110,+7.5,-115,+8.5,-110,+7,-105,+7.5,-110,+7.5,-110,+7.5,-110,-6,-110,-7,-115,-7.5,-110,-7.5,-105,-8.5,-110,-7,-112,-7.5,-110
Tue Feb 13 2024,Sacramento Kings,125,Phoenix Suns,130,+4,-110,+4.5,-110,+4.5,-110,+4.5,-110,+5,-110,+4.5,-110,+4.5,-109,+4.5,-115,+4.5,-110,-4,-110,-4.5,-110,-4.5,-110,-4.5,-110,-5,-110,-4.5,-110,-4.5,-112
Tue Feb 13 2024,Minnesota Timberwolves,121,Portland Trail Blazers,109,-9,-110,-8.5,-110,-8.5,-110,-8.5,-110,-8.5,-110,-8.5,-105,-8.5,-113,-9.5,-115,-8.5,-110,+9,-110,+8.5,-110,+8.5,-110,+8.5,-110,+8.5,-110,+8.5,-115,+8.5,-108
Tue Feb 13 2024,Detroit Pistons,111,Los Angeles Lakers,125,+11.5,-110,+11.5,-110,+11.5,-106,+11.5,-105,+11,-110,+11.5,-110,+11.5,-113,+11.5,-110,+11.5,-106,-11.5,-110,-11.5,-110,-11.5,-114,-11.5,-115,-11,-110,-11.5,-110,-11.5,-108
Wed Feb 14 2024,Atlanta Hawks,99,Charlotte Hornets,122,-5.5,-110,-7,-110,-7,-108,-7.5,-105,-7,-110,-7.5,-102,-7,-107,-6.5,-115,-7,-108,+5.5,-110,+7,-110,+7,-112,+7.5,-115,+7,-110,+7.5,-118,+7,-114
Wed Feb 14 2024,New York Knicks,100,Orlando Magic,118,+1,-112,+4,-110,+3.5,-108,+3.5,-110,+3.5,-110,+3,-105,+3.5,-112,+3.5,-110,+3.5,-108,-1,-108,-4,-110,-3.5,-112,-3.5,-110,-3.5,-110,-3,-115,-3.5,-109
Wed Feb 14 2024,Miami Heat,109,Philadelphia 76ers,104,+5,-106,+3,-110,+2.5,-108,+2.5,-110,+4.5,-115,+2.5,-108,+3,-109,+2.5,-105,+2.5,-108,-5,-114,-3,-110,-2.5,-112,-2.5,-110,-4.5,-105,-2.5,-112,-3,-112
Wed Feb 14 2024,Brooklyn Nets,86,Boston Celtics,136,+13,-110,+11.5,-110,+11.5,-106,+12.5,-125,+13,-105,+12,-112,+11.5,-114,+11.5,-110,+11.5,-106,-13,-110,-11.5,-110,-11.5,-114,-12.5,+105,-13,-115,-12,-108,-11.5,-107
Wed Feb 14 2024,Chicago Bulls,105,Cleveland Cavaliers,108,+9,-114,+9.5,-110,+9.5,-112,+9.5,-110,+9,-110,+9,-102,+9.5,-113,+9.5,-105,+9.5,-112,-9,-106,-9.5,-110,-9.5,-108,-9.5,-110,-9,-110,-9,-118,-9.5,-108
Wed Feb 14 2024,Indiana Pacers,127,Toronto Raptors,125,-2.5,-108,-3,-110,-2.5,-112,-2.5,-115,-4,-110,-2.5,-115,-2.5,-114,-2.5,-115,-2.5,-112,+2.5,-112,+3,-110,+2.5,-108,+2.5,-105,+4,-110,+2.5,-105,+2.5,-107
Wed Feb 14 2024,Houston Rockets,113,Memphis Grizzlies,121,-3.5,-112,-2.5,-110,-2.5,-106,-2.5,-105,-3,-110,-2,-115,-2.5,-114,-1.5,-115,-2.5,-106,+3.5,-108,+2.5,-110,+2.5,-114,+2.5,-115,+3,-110,+2,-105,+2.5,-107
Wed Feb 14 2024,Washington Wizards,126,New Orleans Pelicans,133,+13.5,-110,+14.5,-110,+14.5,-110,+14.5,-110,+12.5,-110,+14.5,-112,+14.5,-112,+14.5,-115,+14.5,-110,-13.5,-110,-14.5,-110,-14.5,-110,-14.5,-110,-12.5,-110,-14.5,-108,-14.5,-109
Wed Feb 14 2024,San Antonio Spurs,93,Dallas Mavericks,116,+12,-110,+11.5,-110,+11.5,-110,+11.5,-115,+11,-110,+11,-108,+11.5,-113,+11,-105,+11.5,-110,-12,-110,-11.5,-110,-11.5,-110,-11.5,-105,-11,-110,-11,-112,-11.5,-108
Wed Feb 14 2024,Sacramento Kings,102,Denver Nuggets,98,+5.5,-110,+5.5,-110,+5.5,-108,+5.5,-115,+6,-110,+5.5,-118,+5.5,-112,+5.5,-110,+5.5,-108,-5.5,-110,-5.5,-110,-5.5,-112,-5.5,-105,-6,-110,-5.5,-102,-5.5,-109
Wed Feb 14 2024,Detroit Pistons,100,Phoenix Suns,116,+14,-110,+13,-110,+13,-108,+13.5,-115,+13,-110,+13,-102,+13,-113,+13.5,-110,+13,-108,-14,-110,-13,-110,-13,-112,-13.5,-105,-13,-110,-13,-118,-13,-108
Wed Feb 14 2024,Los Angeles Lakers,138,Utah Jazz,122,+3.5,-110,+5.5,-110,+6,-112,+4.5,-105,+5.5,-110,+5,-108,+5.5,-114,+5,-105,+6,-112,-3.5,-110,-5.5,-110,-6,-108,-4.5,-115,-5.5,-110,-5,-112,-5.5,-107
Wed Feb 14 2024,Los Angeles Clippers,130,Golden State Warriors,125,-1.5,-110,+3.5,-110,+3.5,-110,+3.5,-110,+3,-110,+3,-108,+4,-109,+3,-105,+3.5,-110,+1.5,-110,-3.5,-110,-3.5,-110,-3.5,-110,-3,-110,-3,-112,-4,-112
Thu Feb 15 2024,Milwaukee Bucks,110,Memphis Grizzlies,113,-10,-114,-14,-110,-14,-112,-14.5,-105,-14.5,-110,-14,-110,-14,-112,-14.5,-105,-14,-112,+10,-106,+14,-110,+14,-108,+14.5,-115,+14.5,-110,+14,-110,+14,-109
Thu Feb 15 2024,Golden State Warriors,140,Utah Jazz,137,+1,-112,-2.5,-110,-2.5,-114,-2.5,-110,-2.5,-110,-2.5,-112,-2.5,-114,-1.5,-115,-2.5,-114,-1,-108,+2.5,-110,+2.5,-106,+2.5,-110,+2.5,-110,+2.5,-108,+2.5,-107
Thu Feb 15 2024,Minnesota Timberwolves,128,Portland Trail Blazers,91,-9,-110,-9.5,-115,-9.5,-114,-9.5,-115,-9.5,-120,-9.5,-115,-9.5,-108,-9.5,-115,-9.5,-114,+9,-110,+9.5,-105,+9.5,-106,+9.5,-105,+9.5,even,+9.5,-105,+9.5,-113
Thu Feb 22 2024,Orlando Magic,116,Cleveland Cavaliers,109,+7.5,-110,+5,-110,+5,-106,+5.5,-115,+6.5,-110,+5,-105,+5.5,-109,+5.5,-115,+5,-106,-7.5,-110,-5,-110,-5,-114,-5.5,-105,-6.5,-110,-5,-115,-5.5,-112
Thu Feb 22 2024,Detroit Pistons,115,Indiana Pacers,129,+11,-110,+12,-110,+12,-108,+11.5,-105,+11.5,-110,+12,-110,+11.5,-114,+11.5,-105,+12,-108,-11,-110,-12,-110,-12,-112,-11.5,-115,-11.5,-110,-12,-110,-11.5,-107
Thu Feb 22 2024,New York Knicks,110,Philadelphia 76ers,96,+1.5,-112,+1.5,-105,+1.5,-106,+1.5,-110,+1,-110,+1,-110,+1,-118,+0.5,-105,+1.5,-106,-1.5,-108,-1.5,-115,-1.5,-114,-1.5,-110,-1,-110,-1,-110,-1,-113
Thu Feb 22 2024,Brooklyn Nets,93,Toronto Raptors,121,+2,-110,+1,-110,+1.5,-112,+1.5,-115,+2,-110,+1,-108,+1.5,-114,+1.5,-115,+1.5,-112,-2,-110,-1,-110,-1.5,-108,-1.5,-105,-2,-110,-1,-112,-1.5,-107
Thu Feb 22 2024,Phoenix Suns,113,Dallas Mavericks,123,+2,-110,+2,-110,+2.5,-114,+2.5,-115,+2.5,-110,+2.5,-110,+2.5,-113,+1.5,-105,+2.5,-114,-2,-110,-2,-110,-2.5,-106,-2.5,-105,-2.5,-110,-2.5,-110,-2.5,-108
Thu Feb 22 2024,Boston Celtics,129,Chicago Bulls,112,-7,-110,-8.5,-110,-8.5,-110,-8.5,-105,-8,-110,-8.5,-105,-8.5,-108,-8.5,-110,-8.5,-110,+7,-110,+8.5,-110,+8.5,-110,+8.5,-115,+8,-110,+8.5,-115,+8.5,-113
Thu Feb 22 2024,Houston Rockets,105,New Orleans Pelicans,127,+7,-110,+6.5,-110,+6.5,-110,+6.5,-110,+7,-110,+6.5,-110,+6.5,-110,+6.5,-105,+6.5,-110,-7,-110,-6.5,-110,-6.5,-110,-6.5,-110,-7,-110,-6.5,-110,-6.5,-110
Thu Feb 22 2024,Los Angeles Clippers,107,Oklahoma City Thunder,129,+2.5,-112,+1.5,-110,+1.5,-110,+1.5,-110,+2,-110,+1.5,-110,+1,-117,+1.5,-110,+1.5,-110,-2.5,-108,-1.5,-110,-1.5,-110,-1.5,-110,-2,-110,-1.5,-110,-1,-114
Thu Feb 22 2024,Washington Wizards,110,Denver Nuggets,130,+16.5,-110,+15.5,-110,+15.5,-115,+15.5,-110,+15,-110,+15.5,-108,+15,-109,+15.5,-110,+15.5,-115,-16.5,-110,-15.5,-110,-15.5,-113,-15.5,-110,-15,-110,-15.5,-112,-15,-114
Thu Feb 22 2024,Charlotte Hornets,115,Utah Jazz,107,+8.5,-110,+9.5,-110,+9.5,-110,+9.5,-110,+10,-110,+9.5,-105,+9.5,-110,+9.5,even,+9.5,-110,-8.5,-110,-9.5,-110,-9.5,-110,-9.5,-110,-10,-110,-9.5,-115,-9.5,-110
Thu Feb 22 2024,Los Angeles Lakers,110,Golden State Warriors,128,+3,-108,+6,-110,+6,-106,+6.5,-115,+6,-110,+5.5,-105,+6,-108,+6.5,-115,+6,-106,-3,-112,-6,-110,-6,-114,-6.5,-105,-6,-110,-5.5,-115,-6,-113
Thu Feb 22 2024,San Antonio Spurs,122,Sacramento Kings,127,+12,-108,+10.5,-110,+10.5,-110,+10.5,-110,+9,-110,+10.5,-108,+11,-118,+10.5,-105,+10.5,-110,-12,-112,-10.5,-110,-10.5,-110,-10.5,-110,-9,-110,-10.5,-112,-11,-113
Fri Feb 23 2024,Toronto Raptors,123,Atlanta Hawks,121,+6.5,-110,+7.5,-110,+7.5,-112,+7.5,-115,+7.5,-105,+7,-105,+8,-112,+7.5,-105,+7.5,-112,-6.5,-110,-7.5,-110,-7.5,-108,-7.5,-105,-7.5,-115,-7,-115,-8,-109
Fri Feb 23 2024,Cleveland Cavaliers,97,Philadelphia 76ers,104,-4.5,-106,-2,-110,-2,-114,-1.5,-115,-2.5,-110,-2,-110,-2,-109,-1.5,-115,-2,-114,+4.5,-114,+2,-110,+2,-106,+1.5,-105,+2.5,-110,+2,-110,+2,-112
Fri Feb 23 2024,Phoenix Suns,110,Houston Rockets,114,-3.5,-110,-2.5,-110,-3,-114,-2.5,-115,-3,-110,-2.5,-118,-2.5,-112,-2.5,-115,-3,-114,+3.5,-110,+2.5,-110,+3,-106,+2.5,-105,+3,-110,+2.5,-102,+2.5,-109
Fri Feb 23 2024,Los Angeles Clippers,101,Memphis Grizzlies,95,-10,-108,-9,-110,-9.5,-108,-9.5,-105,-9,-110,-9,-110,-8.5,-115,-8.5,-115,-9.5,-108,+10,-112,+9,-110,+9.5,-112,+9.5,-115,+9,-110,+9,-110,+8.5,-115
Fri Feb 23 2024,Miami Heat,106,New Orleans Pelicans,95,+3,-112,+2,-110,+2,-106,+2.5,-115,+2.5,-110,+2,-105,+2.5,-114,+1.5,-105,+2,-106,-3,-108,-2,-110,-2,-114,-2.5,-105,-2.5,-110,-2,-115,-2.5,-107
Fri Feb 23 2024,Washington Wizards,106,Oklahoma City Thunder,147,+15,-110,+16,-110,+16,-108,+15.5,-105,+16,-110,+16,-108,+16.5,-113,+15.5,-105,+16,-108,-15,-110,-16,-110,-16,-112,-15.5,-115,-16,-110,-16,-112,-16.5,-108
Fri Feb 23 2024,Charlotte Hornets,84,Golden State Warriors,97,+14,-110,+12.5,-110,+12.5,-108,+12.5,-110,+12,-110,+12.5,-108,+12.5,-118,+12.5,-110,+12.5,-108,-14,-110,-12.5,-110,-12.5,-112,-12.5,-110,-12,-110,-12.5,-112,-12.5,-113
Fri Feb 23 2024,Milwaukee Bucks,112,Minnesota Timberwolves,107,+4.5,-108,+4.5,-115,+4.5,-112,+4.5,-110,+3.5,-110,+4,even,+4,-110,+4.5,-115,+4.5,-112,-4.5,-112,-4.5,-105,-4.5,-108,-4.5,-110,-3.5,-110,-4,-120,-4,-110
Fri Feb 23 2024,Denver Nuggets,127,Portland Trail Blazers,112,-9.5,-110,-8.5,-110,-8.5,-110,-8.5,-105,-8.5,-110,-8,-110,-8.5,-110,-8.5,-110,-8.5,-110,+9.5,-110,+8.5,-110,+8.5,-110,+8.5,-115,+8.5,-110,+8,-110,+8.5,-110
Fri Feb 23 2024,San Antonio Spurs,118,Los Angeles Lakers,123,+8.5,-110,+11,-110,+11,-110,+10.5,-105,+11,-110,+11,-112,+11,-112,+10.5,-105,+11,-110,-8.5,-110,-11,-110,-11,-110,-10.5,-115,-11,-110,-11,-108,-11,-109
Sat Feb 24 2024,Orlando Magic,112,Detroit Pistons,109,-7,-110,-8.5,-110,-8,-112,-8.5,-105,-8.5,-110,-8.5,-108,-8,-113,-8.5,-110,-8,-112,+7,-110,+8.5,-110,+8,-108,+8.5,-115,+8.5,-110,+8.5,-112,+8,-107
Sat Feb 24 2024,Boston Celtics,116,New York Knicks,102,-6,-108,-6,-110,-6,-112,-6.5,-105,-6,-115,-6,-110,-6,-108,-6.5,-105,-6,-112,+6,-112,+6,-110,+6,-108,+6.5,-115,+6,-105,+6,-110,+6,-113
Sat Feb 24 2024,Brooklyn Nets,86,Minnesota Timberwolves,101,+8.5,-106,+7.5,-105,+8,-106,+7.5,-105,+8,-105,+7.5,-102,+8,-112,+8.5,-115,+8,-106,-8.5,-114,-7.5,-115,-8,-114,-7.5,-115,-8,-115,-7.5,-118,-8,-109
Sun Feb 25 2024,Milwaukee Bucks,119,Philadelphia 76ers,98,-4.5,-108,-4.5,-115,-4.5,-114,+1.5,-250,-4.5,-110,-4.5,-115,-4.5,-109,-4.5,-120,-4.5,-114,+4.5,-112,+4.5,-105,+4.5,-106,-1.5,+195,+4.5,-110,+4.5,-105,+4.5,-112
Sun Feb 25 2024,Los Angeles Lakers,113,Phoenix Suns,123,+4,-114,+3.5,-115,+3.5,-114,+3.5,-115,+4,-110,+3.5,-112,+3.5,-108,+3.5,-115,+3.5,-114,-4,-106,-3.5,-105,-3.5,-106,-3.5,-105,-4,-110,-3.5,-108,-3.5,-113
Sun Feb 25 2024,Dallas Mavericks,111,Indiana Pacers,133,+1.5,-110,-2,-115,-2,-110,-2.5,-105,-1,-110,-2,-108,-2,-110,-1.5,-115,-2,-110,-1.5,-110,+2,-105,+2,-110,+2.5,-115,+1,-110,+2,-112,+2,-110
Sun Feb 25 2024,Cleveland Cavaliers,114,Washington Wizards,105,-10.5,-110,-13.5,-110,-13.5,-112,-13.5,-110,-12.5,-110,-13.5,-112,-13.5,-110,-13.5,-115,-13.5,-112,+10.5,-110,+13.5,-110,+13.5,-108,+13.5,-110,+12.5,-110,+13.5,-108,+13.5,-110
Sun Feb 25 2024,Orlando Magic,92,Atlanta Hawks,109,+2,-110,+2,-110,+2,-112,+1.5,-105,-1,-110,+2,-110,+1.5,-107,+1.5,-105,+2,-112,-2,-110,-2,-110,-2,-108,-1.5,-115,+1,-110,-2,-110,-1.5,-114
Sun Feb 25 2024,Denver Nuggets,119,Golden State Warriors,103,-1.5,-110,+1.5,-110,+1.5,-110,+1.5,-110,+1.5,-110,+2,-118,+1.5,-109,+0.5,-110,+1.5,-110,+1.5,-110,-1.5,-110,-1.5,-110,-1.5,-110,-1.5,-110,-2,-102,-1.5,-112
Sun Feb 25 2024,Oklahoma City Thunder,123,Houston Rockets,110,-4.5,-108,-6.5,-115,-6.5,-108,-6.5,-115,-6.5,-110,-6.5,-112,-6.5,-109,-6.5,-105,-6.5,-108,+4.5,-112,+6.5,-105,+6.5,-112,+6.5,-105,+6.5,-110,+6.5,-108,+6.5,-112
Sun Feb 25 2024,Chicago Bulls,114,New Orleans Pelicans,106,+2.5,-108,+5,-110,+5,-110,+5.5,-115,+4,-110,+5,-108,+5.5,-112,+4.5,-105,+5,-110,-2.5,-112,-5,-110,-5,-110,-5.5,-105,-4,-110,-5,-112,-5.5,-109
Sun Feb 25 2024,San Antonio Spurs,109,Utah Jazz,128,+8,-110,+7,-115,+6.5,-108,+6.5,-105,+6.5,-110,+7,-115,+7,-112,+7.5,-110,+6.5,-108,-8,-110,-7,-105,-6.5,-112,-6.5,-115,-6.5,-110,-7,-105,-7,-109
Sun Feb 25 2024,Charlotte Hornets,93,Portland Trail Blazers,80,+2.5,-110,+3.5,-110,+3.5,-106,+3.5,-105,+3,-110,+3.5,-108,+3.5,-113,+3.5,-105,+3.5,-106,-2.5,-110,-3.5,-110,-3.5,-114,-3.5,-115,-3,-110,-3.5,-112,-3.5,-108
Sun Feb 25 2024,Sacramento Kings,123,Los Angeles Clippers,107,+6.5,-110,+4.5,-110,+4,-108,+4.5,-115,+4.5,-105,+4,-108,+4,-110,+4.5,-115,+4,-108,-6.5,-110,-4.5,-110,-4,-112,-4.5,-105,-4.5,-115,-4,-112,-4,-110
Mon Feb 26 2024,Toronto Raptors,130,Indiana Pacers,122,+7,-110,+5.5,-110,+5.5,-106,+6.5,-110,+5.5,-105,+5.5,-108,+5.5,-107,+5.5,-115,+5.5,-106,-7,-110,-5.5,-110,-5.5,-114,-6.5,-110,-5.5,-115,-5.5,-112,-5.5,-114
Mon Feb 26 2024,Detroit Pistons,111,New York Knicks,113,+12,-110,+11,-110,+11,-110,+11.5,-115,+11,-110,+11,-108,+11,-110,+11.5,-105,+11,-110,-12,-110,-11,-110,-11,-110,-11.5,-105,-11,-110,-11,-112,-11,-110
Mon Feb 26 2024,Brooklyn Nets,111,Memphis Grizzlies,86,-1,-110,-2,-115,-2.5,-110,-2.5,-110,-3,-110,-2,-115,-2.5,-109,-2.5,-110,-2.5,-110,+1,-110,+2,-105,+2.5,-110,+2.5,-110,+3,-110,+2,-105,+2.5,-112
Mon Feb 26 2024,Miami Heat,121,Sacramento Kings,110,+8,-112,+7.5,-115,+7.5,-108,+7.5,-110,+7.5,-110,+7.5,-110,+7,-107,+7.5,-110,+7.5,-108,-8,-108,-7.5,-105,-7.5,-112,-7.5,-110,-7.5,-110,-7.5,-110,-7,-114
Tue Feb 27 2024,Dallas Mavericks,119,Cleveland Cavaliers,121,+4,-110,+4,-110,+4,-112,+3.5,-105,+4.5,-105,+4,-108,+4,-108,+3.5,-105,+4,-112,-4,-110,-4,-110,-4,-108,-3.5,-115,-4.5,-115,-4,-112,-4,-113
Tue Feb 27 2024,Brooklyn Nets,81,Orlando Magic,108,+7,-110,+6.5,-110,+6.5,-110,+6.5,-110,+9.5,-110,+6.5,-110,+7,-115,+6.5,-115,+6.5,-110,-7,-110,-6.5,-110,-6.5,-110,-6.5,-110,-9.5,-110,-6.5,-110,-7,-115
Tue Feb 27 2024,Golden State Warriors,123,Washington Wizards,112,-10,-110,-10.5,-110,-10.5,-112,-10.5,-110,-11,-110,-10.5,-112,-9,-118,-10.5,-115,-10.5,-112,+10,-110,+10.5,-110,+10.5,-108,+10.5,-110,+11,-110,+10.5,-108,+9,-113
Tue Feb 27 2024,Utah Jazz,97,Atlanta Hawks,124,+3,-110,+2,-110,+1.5,-108,+2.5,-115,+1.5,-110,+1.5,-108,+2,-110,+1.5,-110,+1.5,-108,-3,-110,-2,-110,-1.5,-112,-2.5,-105,-1.5,-110,-1.5,-112,-2,-110
Tue Feb 27 2024,Philadelphia 76ers,99,Boston Celtics,117,+12.5,-110,+11.5,-110,+11.5,-110,+11.5,-110,+12,-110,+11.5,-108,+11.5,-112,+11.5,-110,+11.5,-110,-12.5,-110,-11.5,-110,-11.5,-110,-11.5,-110,-12,-110,-11.5,-112,-11.5,-109
Tue Feb 27 2024,New Orleans Pelicans,115,New York Knicks,92,+1,-110,-6.5,-110,-6.5,-108,-6.5,-110,-2.5,-110,-6.5,-112,-6.5,-107,-6.5,-110,-6.5,-108,-1,-110,+6.5,-110,+6.5,-112,+6.5,-110,+2.5,-110,+6.5,-108,+6.5,-113
Tue Feb 27 2024,Detroit Pistons,105,Chicago Bulls,95,+13,-110,+10,-110,+9.5,-108,+10.5,-115,+11,-110,+10.5,-112,+10,-113,+10.5,-115,+9.5,-108,-13,-110,-10,-110,-9.5,-112,-10.5,-105,-11,-110,-10.5,-108,-10,-108
Tue Feb 27 2024,Charlotte Hornets,85,Milwaukee Bucks,123,+14,-110,+13.5,-110,+14,-112,+14.5,-115,+14.5,-110,+14,-112,+14,-109,+13.5,-110,+14,-112,-14,-110,-13.5,-110,-14,-108,-14.5,-105,-14.5,-110,-14,-108,-14,-112
Tue Feb 27 2024,San Antonio Spurs,105,Minnesota Timberwolves,114,+15,-110,+13,-110,+13,-112,+13.5,-115,+13,-110,+13,-112,+12.5,-112,+13.5,-115,+13,-112,-15,-110,-13,-110,-13,-108,-13.5,-105,-13,-110,-13,-108,-12.5,-109
Tue Feb 27 2024,Houston Rockets,95,Oklahoma City Thunder,112,+10.5,-110,+10,-110,+10,-112,+9.5,-105,+10,-105,+10,-112,+10,-110,+10.5,-115,+10,-112,-10.5,-110,-10,-110,-10,-108,-9.5,-115,-10,-115,-10,-108,-10,-110
Tue Feb 27 2024,Miami Heat,106,Portland Trail Blazers,96,-5.5,-112,-7,-105,-7,-106,-6.5,-115,-6.5,-110,-6.5,-115,-7,-108,-6.5,-115,-7,-106,+5.5,-108,+7,-115,+7,-114,+6.5,-105,+6.5,-110,+6.5,-105,+7,-113
Wed Feb 28 2024,New Orleans Pelicans,114,Indiana Pacers,123,+3.5,-110,+4,-110,+4,-108,+4.5,-115,+4,-105,+4,-108,+6,-118,+3.5,-105,+4,-108,-3.5,-110,-4,-110,-4,-112,-4.5,-105,-4,-115,-4,-112,-6,-115
Wed Feb 28 2024,Dallas Mavericks,136,Toronto Raptors,125,-2,-110,-3.5,-110,-4,-110,-3.5,-110,-3.5,-115,-3.5,-112,-3.5,-108,-3.5,-115,-4,-110,+2,-110,+3.5,-110,+4,-110,+3.5,-110,+3.5,-105,+3.5,-108,+3.5,-113
Wed Feb 28 2024,Cleveland Cavaliers,123,Chicago Bulls,132,-4,-106,-5.5,-110,-5.5,-112,-5.5,-110,-5.5,-115,-5.5,-115,-5.5,-115,-5.5,-115,-5.5,-112,+4,-114,+5.5,-110,+5.5,-108,+5.5,-110,+5.5,-105,+5.5,-105,+5.5,-115
Wed Feb 28 2024,Memphis Grizzlies,101,Minnesota Timberwolves,110,+12.5,-110,+13.5,-110,+13.5,-108,+13.5,-105,+12.5,-105,+13.5,-102,+14,-112,+13.5,-105,+13.5,-108,-12.5,-110,-13.5,-110,-13.5,-112,-13.5,-115,-12.5,-115,-13.5,-118,-14,-109
Wed Feb 28 2024,Sacramento Kings,96,Denver Nuggets,117,+6.5,-110,+9.5,-115,+9.5,-112,+9.5,-115,+7,-105,+9,-102,+9,-110,+9.5,even,+9.5,-112,-6.5,-110,-9.5,-105,-9.5,-108,-9.5,-105,-7,-115,-9,-118,-9,-110
Wed Feb 28 2024,Los Angeles Lakers,116,Los Angeles Clippers,112,+3.5,-110,+1.5,-115,+1.5,-110,+1.5,-110,+3,-105,+1.5,-112,+1.5,-110,+1.5,-110,+1.5,-110,-3.5,-110,-1.5,-105,-1.5,-110,-1.5,-110,-3,-115,-1.5,-108,-1.5,-110
Thu Feb 29 2024,Milwaukee Bucks,111,Charlotte Hornets,99,-10.5,-110,-11.5,-115,-11.5,-112,-11.5,-115,-11.5,-115,-11.5,-112,-11.5,-108,-11.5,-115,-11.5,-112,+10.5,-110,+11.5,-105,+11.5,-108,+11.5,-105,+11.5,-105,+11.5,-108,+11.5,-113
Thu Feb 29 2024,Utah Jazz,107,Orlando Magic,115,+5.5,-110,+7,-110,+7.5,-114,+6.5,-105,+7,-110,+6.5,-105,+7.5,-115,+6.5,-105,+7.5,-114,-5.5,-110,-7,-110,-7.5,-106,-6.5,-115,-7,-110,-6.5,-115,-7.5,-115
Thu Feb 29 2024,Atlanta Hawks,97,Brooklyn Nets,124,+2,-110,+1,-110,+1.5,-112,+1.5,-115,+1,-110,+1,-112,+1.5,-112,-0.5,-105,+1.5,-112,-2,-110,-1,-110,-1.5,-108,-1.5,-105,-1,-110,-1,-108,-1.5,-109
Thu Feb 29 2024,Golden State Warriors,110,New York Knicks,99,-2,-110,-3.5,-110,-3.5,-110,-3.5,-110,-4,-110,-3.5,-112,-3.5,-110,-3.5,-110,-3.5,-110,+2,-110,+3.5,-110,+3.5,-110,+3.5,-110,+4,-110,+3.5,-108,+3.5,-110
Thu Feb 29 2024,Oklahoma City Thunder,118,San Antonio Spurs,132,-11.5,-110,-11,-110,-11,-110,-11.5,-105,-11,-110,-11,-112,-11,-109,-10.5,-115,-11,-110,+11.5,-110,+11,-110,+11,-110,+11.5,-115,+11,-110,+11,-108,+11,-112
Thu Feb 29 2024,Houston Rockets,105,Phoenix Suns,110,+9,-110,+8.5,-105,+8.5,-106,+8.5,-105,+8.5,-110,+8.5,-105,+8.5,-108,+8.5,-110,+8.5,-106,-9,-110,-8.5,-115,-8.5,-114,-8.5,-115,-8.5,-110,-8.5,-115,-8.5,-112
Thu Feb 29 2024,Miami Heat,97,Denver Nuggets,103,+6,-110,+6.5,-110,+6.5,-112,+6.5,-110,+6.5,-110,+6.5,-112,+6,-109,+6.5,-115,+6.5,-112,-6,-110,-6.5,-110,-6.5,-108,-6.5,-110,-6.5,-110,-6.5,-108,-6,-112
Thu Feb 29 2024,Washington Wizards,131,Los Angeles Lakers,134,+10.5,-110,+10.5,-110,+11,-112,+10.5,-110,+10,-110,+10.5,-110,+10,-112,+10.5,-110,+11,-112,-10.5,-110,-10.5,-110,-11,-108,-10.5,-110,-10,-110,-10.5,-110,-10,-109
Fri Mar 1 2024,Cleveland Cavaliers,110,Detroit Pistons,100,-10,-108,-7,-110,-7,-108,-7.5,-105,-6.5,-115,-7,-108,-7,-120,-6.5,-110,-7,-108,+10,-112,+7,-110,+7,-112,+7.5,-115,+6.5,-105,+7,-112,+7,-112
Fri Mar 1 2024,Charlotte Hornets,114,Philadelphia 76ers,121,+11.5,-110,+12,-110,+12,-112,+11.5,-105,+12,-110,+12,-112,+12.5,-112,+11.5,-105,+12,-112,-11.5,-110,-12,-110,-12,-108,-11.5,-115,-12,-110,-12,-108,-12.5,-109
Fri Mar 1 2024,Dallas Mavericks,110,Boston Celtics,138,+8.5,-112,+9,-110,+8.5,-108,+8.5,-105,+9,-110,+8.5,-110,+9,-113,+8.5,-110,+8.5,-108,-8.5,-108,-9,-110,-8.5,-112,-8.5,-115,-9,-110,-8.5,-110,-9,-108
Fri Mar 1 2024,Golden State Warriors,120,Toronto Raptors,105,-2.5,-114,-2.5,-110,-3,-106,-2.5,-110,-3,-110,-2.5,-115,-3,-108,-3.5,-105,-3,-106,+2.5,-106,+2.5,-110,+3,-114,+2.5,-110,+3,-110,+2.5,-105,+3,-113
Fri Mar 1 2024,Portland Trail Blazers,122,Memphis Grizzlies,92,+4.5,-110,+1,-110,+1,-112,+1.5,-120,+1,-110,+1,-112,+1,-107,-0.5,-105,+1,-112,-4.5,-110,-1,-110,-1,-108,-1.5,even,-1,-110,-1,-108,-1,-114
Fri Mar 1 2024,Sacramento Kings,124,Minnesota Timberwolves,120,+7.5,-110,+8,-110,+8.5,-112,+7.5,-105,+8,-110,+8,-108,+8.5,-110,+8.5,-105,+8.5,-112,-7.5,-110,-8,-110,-8.5,-108,-7.5,-115,-8,-110,-8,-112,-8.5,-110
Fri Mar 1 2024,Indiana Pacers,102,New Orleans Pelicans,129,+4.5,-110,+5.5,-110,+5,-108,+5.5,-115,+5.5,-105,+5.5,-112,+5,-108,+5.5,-110,+5,-108,-4.5,-110,-5.5,-110,-5,-112,-5.5,-105,-5.5,-115,-5.5,-108,-5,-113
Fri Mar 1 2024,Milwaukee Bucks,113,Chicago Bulls,97,-4,-110,-3.5,-110,-4,-106,-3.5,-115,-4,-110,-3.5,-112,-3.5,-113,-3.5,-115,-4,-106,+4,-110,+3.5,-110,+4,-114,+3.5,-105,+4,-110,+3.5,-108,+3.5,-108
Fri Mar 1 2024,Washington Wizards,115,Los Angeles Clippers,140,+14.5,-110,+15.5,-110,+16,-110,+15.5,-110,+15.5,-110,+15.5,-108,+16,-113,+16.5,-110,+16,-110,-14.5,-110,-15.5,-110,-16,-110,-15.5,-110,-15.5,-110,-15.5,-112,-16,-108
Sat Mar 2 2024,Atlanta Hawks,102,Brooklyn Nets,114,+2,-108,-1,-110,-1,-110,-1.5,even,PK,-110,-1,-110,-1,-108,+0.5,-115,-1,-110,-2,-114,+1,-110,+1,-110,+1.5,-120,PK,-110,+1,-110,+1,-113
Sat Mar 2 2024,Utah Jazz,120,Miami Heat,126,+7,-110,+9.5,-110,+9,-110,+8.5,-105,+7.5,-110,+9,-110,+9,-113,+9.5,-110,+9,-110,-7,-110,-9.5,-110,-9,-110,-8.5,-115,-7.5,-110,-9,-110,-9,-108
Sat Mar 2 2024,Portland Trail Blazers,107,Memphis Grizzlies,100,+1.5,-110,+2,-105,+2.5,-112,+2.5,-115,+2,-110,+2.5,-112,+2,-118,+2.5,-110,+2.5,-112,-1.5,-110,-2,-115,-2.5,-108,-2.5,-105,-2,-110,-2.5,-108,-2,-113
Sat Mar 2 2024,Denver Nuggets,124,Los Angeles Lakers,114,+1,-110,-1,-105,-1,-112,-1.5,-105,+1,-110,-1,-108,-1,-112,+0.5,-110,-1,-112,-1,-110,+1,-115,+1,-108,+1.5,-115,-1,-110,+1,-112,+1,-109
Sat Mar 2 2024,Houston Rockets,118,Phoenix Suns,109,+9.5,-110,+9,-110,+9,-108,+9.5,-115,+9.5,-110,+9,-110,+8.5,-108,+8.5,-110,+9,-108,-9.5,-110,-9,-110,-9,-112,-9.5,-105,-9.5,-110,-9,-110,-8.5,-113
Sun Mar 3 2024,Philadelphia 76ers,120,Dallas Mavericks,116,+8.5,-110,+7.5,-110,+7.5,-110,+7.5,-110,+7.5,-110,+7.5,-110,+7.5,-110,+7.5,-115,+7.5,-110,-8.5,-110,-7.5,-110,-7.5,-110,-7.5,-110,-7.5,-110,-7.5,-110,-7.5,-110
Sun Mar 3 2024,Golden State Warriors,88,Boston Celtics,140,+9.5,-110,+8,-110,+8,-110,+7.5,-105,+11,-110,+8,-108,+8,-115,+8.5,-115,+8,-110,-9.5,-110,-8,-110,-8,-110,-7.5,-115,-11,-110,-8,-112,-8,-115
Sun Mar 3 2024,Los Angeles Clippers,89,Minnesota Timberwolves,88,-1.5,-108,+2.5,-110,+2.5,-112,+2.5,-105,+2,-110,+2.5,-105,+2.5,-110,+2.5,-105,+2.5,-112,+1.5,-112,-2.5,-110,-2.5,-108,-2.5,-115,-2,-110,-2.5,-115,-2.5,-110
Sun Mar 3 2024,Detroit Pistons,91,Orlando Magic,113,+11,-110,+11,-110,+11,-110,+10.5,-105,+11,-110,+11,-112,+11,-110,+10.5,-110,+11,-110,-11,-110,-11,-110,-11,-110,-10.5,-115,-11,-110,-11,-108,-11,-110
Sun Mar 3 2024,Charlotte Hornets,106,Toronto Raptors,111,+9,-110,+7,-110,+7,-110,+7.5,-110,+7,-110,+7,-105,+7,-109,+7.5,-110,+7,-110,-9,-110,-7,-110,-7,-110,-7.5,-110,-7,-110,-7,-115,-7,-112
Sun Mar 3 2024,New York Knicks,107,Cleveland Cavaliers,98,+4.5,-110,+4,-110,+4,-108,+4.5,-115,+4,-110,+4.5,-115,+4.5,-112,+4.5,-110,+4,-108,-4.5,-110,-4,-110,-4,-112,-4.5,-105,-4,-110,-4.5,-105,-4.5,-109
Sun Mar 3 2024,Indiana Pacers,105,San Antonio Spurs,117,-6.5,-106,-6.5,-110,-6.5,-110,-6.5,-110,-7,-105,-6.5,-112,-6.5,-112,-6.5,-110,-6.5,-110,+6.5,-114,+6.5,-110,+6.5,-110,+6.5,-110,+7,-115,+6.5,-108,+6.5,-109
Sun Mar 3 2024,Oklahoma City Thunder,118,Phoenix Suns,110,-1,-108,-4.5,-110,-4.5,-110,-4.5,-110,-4.5,-115,-4.5,-110,-4.5,-110,-4.5,-110,-4.5,-110,+1,-112,+4.5,-110,+4.5,-110,+4.5,-110,+4.5,-105,+4.5,-110,+4.5,-110
Mon Mar 4 2024,Memphis Grizzlies,106,Brooklyn Nets,102,+9,-110,+9.5,-110,+9.5,-110,+9.5,-105,+10,-105,+9.5,-105,+9.5,-109,+9.5,-105,+9.5,-110,-9,-110,-9.5,-110,-9.5,-110,-9.5,-115,-10,-115,-9.5,-115,-9.5,-112
Mon Mar 4 2024,Los Angeles Clippers,106,Milwaukee Bucks,113,+5.5,-112,-2.5,-115,-3,-110,-3.5,-105,-3,-115,-3,-110,-2.5,-112,-2.5,-115,-3,-110,-5.5,-108,+2.5,-105,+3,-110,+3.5,-115,+3,-105,+3,-110,+2.5,-109
Mon Mar 4 2024,Portland Trail Blazers,114,Minnesota Timberwolves,119,+13.5,-110,+15,-110,+15,-108,+14.5,-105,+15.5,-105,+15.5,-112,+16,-112,+15.5,-115,+15,-108,-13.5,-110,-15,-110,-15,-112,-14.5,-115,-15.5,-115,-15.5,-108,-16,-109
Mon Mar 4 2024,Washington Wizards,115,Utah Jazz,127,+10,-110,+5,-105,+5,-114,+5.5,-115,+5,-105,+5,-108,+5.5,-114,+4.5,-105,+5,-114,-10,-110,-5,-115,-5,-106,-5.5,-105,-5,-115,-5,-112,-5.5,-107
Mon Mar 4 2024,Chicago Bulls,113,Sacramento Kings,109,+7.5,-110,+6.5,-110,+6.5,-110,+6.5,-115,+6.5,-110,+6,-108,+6.5,-117,+6.5,-110,+6.5,-110,-7.5,-110,-6.5,-110,-6.5,-110,-6.5,-105,-6.5,-110,-6,-112,-6.5,-114
Mon Mar 4 2024,Oklahoma City Thunder,104,Los Angeles Lakers,116,-1,-108,-1,-105,-1,-110,-1.5,even,-1,-110,-1,-110,-1,-109,+0.5,-115,-1,-110,+1,-112,+1,-115,+1,-110,+1.5,-120,+1,-110,+1,-110,+1,-112
Tue Mar 5 2024,Orlando Magic,101,Charlotte Hornets,89,-8.5,-110,-8.5,-105,-8.5,-112,-8.5,-110,-8,-115,-8.5,-108,-8.5,-112,-8.5,-110,-8.5,-112,+8.5,-110,+8.5,-115,+8.5,-108,+8.5,-110,+8,-105,+8.5,-112,+8.5,-109
Tue Mar 5 2024,Philadelphia 76ers,107,Brooklyn Nets,112,-1,-110,+1,-110,+1,-112,+1.5,-120,PK,-110,-1,-102,-1,-112,-0.5,-110,+1,-112,+1,-110,-1,-110,-1,-108,-1.5,even,PK,-110,+1,-118,+1,-109
Tue Mar 5 2024,Boston Celtics,104,Cleveland Cavaliers,105,-5,-112,-8.5,-110,-8.5,-108,-8.5,-115,-8.5,-110,-7.5,-112,-9,-110,-8.5,-115,-8.5,-108,+5,-108,+8.5,-110,+8.5,-112,+8.5,-105,+8.5,-110,+7.5,-108,+9,-110
Tue Mar 5 2024,Detroit Pistons,110,Miami Heat,118,+11.5,-110,+10.5,-110,+11,-110,+11.5,-115,+11.5,-110,+11,-108,+11,-108,+11.5,-115,+11,-110,-11.5,-110,-10.5,-110,-11,-110,-11.5,-105,-11.5,-110,-11,-112,-11,-113
Tue Mar 5 2024,Atlanta Hawks,116,New York Knicks,100,+5,-110,+1.5,-110,+1,-108,+1.5,-110,+1.5,-105,+1.5,-108,+1,-113,+1.5,-110,+1,-108,-5,-110,-1.5,-110,-1,-112,-1.5,-110,-1.5,-115,-1.5,-112,-1,-108
Tue Mar 5 2024,New Orleans Pelicans,139,Toronto Raptors,98,-8,-108,-9,-110,-9,-108,-9.5,-110,-9.5,-110,-9.5,-108,-9.5,-110,-9.5,-110,-9,-108,+8,-112,+9,-110,+9,-112,+9.5,-110,+9.5,-110,+9.5,-112,+9.5,-110
Tue Mar 5 2024,San Antonio Spurs,101,Houston Rockets,114,+6.5,-110,+7,-110,+7,-110,+7.5,-115,+6.5,-110,+7,-112,+6.5,-108,+6.5,even,+7,-110,-6.5,-110,-7,-110,-7,-110,-7.5,-105,-6.5,-110,-7,-108,-6.5,-113
Tue Mar 5 2024,Indiana Pacers,137,Dallas Mavericks,120,+4,-110,+5.5,-105,+5.5,-110,+5.5,-110,+5.5,-110,+5.5,-108,+5.5,-110,+5.5,-115,+5.5,-110,-4,-110,-5.5,-115,-5.5,-110,-5.5,-110,-5.5,-110,-5.5,-112,-5.5,-110
Tue Mar 5 2024,Phoenix Suns,117,Denver Nuggets,107,+8.5,-112,+8.5,-110,+9,-112,+8.5,-110,+9,-115,+8.5,-112,+8.5,-113,+8.5,-110,+9,-112,-8.5,-108,-8.5,-110,-9,-108,-8.5,-110,-9,-105,-8.5,-108,-8.5,-108
Wed Mar 6 2024,Orlando Magic,119,Washington Wizards,109,-7,-108,-7,-110,-6.5,-112,-6.5,-115,-8,-110,-7,-105,-7.5,-108,-6.5,-115,-6.5,-112,+7,-112,+7,-110,+6.5,-108,+6.5,-105,+8,-110,+7,-115,+7.5,-113
Wed Mar 6 2024,Cleveland Cavaliers,101,Atlanta Hawks,112,-1,-110,+3,-110,+3,-108,+2.5,-105,+3,-105,+3,-110,+2.5,-109,+3.5,-115,+3,-108,+1,-110,-3,-110,-3,-112,-2.5,-115,-3,-115,-3,-110,-2.5,-112
Wed Mar 6 2024,Los Angeles Clippers,122,Houston Rockets,116,-6,-108,-6.5,-110,-6.5,-112,-6.5,-110,-7,-110,-6.5,-110,-6.5,-114,-6.5,-110,-6.5,-112,+6,-112,+6.5,-110,+6.5,-108,+6.5,-110,+7,-110,+6.5,-110,+6.5,-107
Wed Mar 6 2024,Memphis Grizzlies,115,Philadelphia 76ers,109,+5.5,-106,+4,-110,+4,-106,+3.5,-105,+4,-110,+4,-108,+4,-112,+4.5,-115,+4,-106,-5.5,-114,-4,-110,-4,-110,-3.5,-115,-4,-110,-4,-112,-4,-109
Wed Mar 6 2024,Chicago Bulls,119,Utah Jazz,117,+3.5,-114,-4,-105,-4,-110,-3.5,-115,-3.5,-110,-4,-108,-4,-108,-4.5,-105,-4,-110,-3.5,-108,+4,-115,+4,-110,+3.5,-105,+3.5,-110,+4,-112,+4,-113
Wed Mar 6 2024,Milwaukee Bucks,90,Golden State Warriors,125,+2,-108,+2.5,-105,+2.5,-108,+3.5,-115,+2.5,-105,+2.5,-105,+2.5,-113,+2.5,-105,+2.5,-108,-2,-112,-2.5,-115,-2.5,-112,-3.5,-105,-2.5,-115,-2.5,-115,-2.5,-118
Wed Mar 6 2024,Oklahoma City Thunder,128,Portland Trail Blazers,120,-11.5,-110,-13,-110,-13,-108,-13.5,-105,-13,-110,-13,-118,-13,-113,-13.5,-115,-13,-108,+11.5,-110,+13,-110,+13,-112,+13.5,-115,+13,-110,+13,-102,+13,-108
Wed Mar 6 2024,Sacramento Kings,130,Los Angeles Lakers,120,+2.5,-110,+3,-110,+3,-110,+2.5,-105,+3,-105,+3,-112,+2.5,-110,+3.5,-115,+3,-110,-2.5,-110,-3,-110,-3,-110,-2.5,-115,-3,-115,-3,-108,-2.5,-110
Thu Mar 7 2024,Brooklyn Nets,112,Detroit Pistons,118,-2.5,-112,-2.5,-105,-2.5,-110,-2.5,-105,-1.5,-115,-2,-115,-2.5,-110,-2.5,-110,-2.5,-110,+2.5,-108,+2.5,-115,+2.5,-110,+2.5,-115,+1.5,-105,+2,-105,+2.5,-110
Thu Mar 7 2024,Minnesota Timberwolves,113,Indiana Pacers,111,-2,-110,+1.5,-110,+1.5,-110,+1.5,-115,+1,-105,+1,-110,+1.5,-115,+0.5,-105,+1.5,-110,+2,-110,-1.5,-110,-1.5,-110,-1.5,-105,-1,-115,-1,-110,-1.5,-115
Thu Mar 7 2024,Miami Heat,108,Dallas Mavericks,114,+4.5,-110,+4.5,-110,+4.5,-112,+4.5,-105,+5,-110,+4.5,even,+2.5,-114,+4.5,-110,+4.5,-112,-4.5,-110,-4.5,-110,-4.5,-108,-4.5,-115,-5,-110,-4.5,-120,-2.5,-120
Thu Mar 7 2024,Toronto Raptors,113,Phoenix Suns,120,+10.5,-110,+10.5,-110,+10.5,-108,+10.5,-110,+11,-110,+10.5,-108,+10,-108,+10.5,-110,+10.5,-108,-10.5,-110,-10.5,-110,-10.5,-112,-10.5,-110,-11,-110,-10.5,-112,-10,-113
Thu Mar 7 2024,Boston Celtics,109,Denver Nuggets,115,-1,-112,-2,-115,-2,-108,-1.5,-115,-2,-110,-2,-108,-2.5,-108,-1.5,-115,-2,-108,+1,-108,+2,-105,+2,-112,+1.5,-105,+2,-110,+2,-112,+2.5,-113
Thu Mar 7 2024,Chicago Bulls,125,Golden State Warriors,122,+7,-110,+8.5,-110,+8.5,-108,+8.5,-110,+8.5,-110,+8.5,-108,+8.5,-110,+8.5,-105,+8.5,-108,-7,-110,-8.5,-110,-8.5,-112,-8.5,-110,-8.5,-110,-8.5,-112,-8.5,-110
Thu Mar 7 2024,San Antonio Spurs,129,Sacramento Kings,131,+9,-108,+12,-110,+12,-112,+12.5,-115,+11.5,-110,+12.5,-115,+12,-115,+11.5,-110,+12,-112,-9,-112,-12,-110,-12,-108,-12.5,-105,-11.5,-110,-12.5,-105,-12,-115
Fri Mar 8 2024,New Orleans Pelicans,103,Philadelphia 76ers,95,-3.5,-110,-8,-110,-8,-108,-7.5,-115,-8,-115,-7.5,-112,-8,-107,-7.5,-115,-8,-108,+3.5,-110,+8,-110,+8,-112,+7.5,-105,+8,-105,+7.5,-108,+8,-114
Fri Mar 8 2024,Charlotte Hornets,100,Washington Wizards,112,+2.5,-110,+3,-110,+2.5,-110,+3.5,-115,+3,-110,+2.5,-108,+2,-110,+2.5,-105,+2.5,-110,-2.5,-110,-3,-110,-2.5,-110,-3.5,-105,-3,-110,-2.5,-112,-2,-110
Fri Mar 8 2024,Minnesota Timberwolves,104,Cleveland Cavaliers,113,+1,-110,+1,-115,+1,-112,-10.5,+350,+1,-110,+1,-112,+1,-110,+1.5,-115,+1,-112,-1,-110,-1,-105,-1,-108,+10.5,-450,-1,-110,-1,-108,-1,-110
Fri Mar 8 2024,Orlando Magic,74,New York Knicks,98,+1.5,-110,+3,-110,+3,-110,+2.5,-105,+3,-110,+2.5,-110,+3,-113,+2.5,-110,+3,-110,-1.5,-110,-3,-110,-3,-110,-2.5,-115,-3,-110,-2.5,-110,-3,-108
Fri Mar 8 2024,Atlanta Hawks,99,Memphis Grizzlies,92,-0.5,-110,-3,-115,-3.5,-108,-3.5,-105,-3,-110,-3.5,-110,-3,-107,-3,-115,-3.5,-108,+0.5,-110,+3,-105,+3.5,-112,+3.5,-115,+3,-110,+3.5,-110,+3,-114
Fri Mar 8 2024,Miami Heat,100,Oklahoma City Thunder,107,+8,-110,+8.5,-110,+8.5,-106,+8.5,-110,+8.5,-110,+8.5,-105,+8.5,-107,+9,-110,+8.5,-106,-8,-110,-8.5,-110,-8.5,-114,-8.5,-110,-8.5,-110,-8.5,-115,-8.5,-114
Fri Mar 8 2024,Milwaukee Bucks,122,Los Angeles Lakers,123,+1,-110,-4,-115,-4,-112,-4.5,-105,-4.5,-115,-4,-110,-4,-114,-3.5,-110,-4,-112,-1,-110,+4,-105,+4,-108,+4.5,-115,+4.5,-105,+4,-110,+4,-107
Fri Mar 8 2024,Houston Rockets,123,Portland Trail Blazers,107,-4.5,-114,-6.5,-115,-6.5,-108,-6.5,-110,-6.5,-110,-6.5,-112,-6.5,-110,-5.5,-115,-6.5,-108,+4.5,-106,+6.5,-105,+6.5,-112,+6.5,-110,+6.5,-110,+6.5,-108,+6.5,-110
Sat Mar 9 2024,Chicago Bulls,102,Los Angeles Clippers,112,+9,-106,+8,-110,+8,-110,+8.5,-115,+7,-110,+8,-110,+8.5,-112,+8.5,-110,+8,-110,-9,-114,-8,-110,-8,-110,-8.5,-105,-7,-110,-8,-110,-8.5,-109
Sat Mar 9 2024,Brooklyn Nets,99,Charlotte Hornets,110,-5.5,-110,-6,-110,-6.5,-108,-6.5,-105,-6.5,-110,-6,-110,-6,-114,-6.5,-105,-6.5,-108,+5.5,-110,+6,-110,+6.5,-112,+6.5,-115,+6.5,-110,+6,-110,+6,-107
Sat Mar 9 2024,Dallas Mavericks,142,Detroit Pistons,124,-9,-110,-9,-110,-9,-110,-8.5,-110,-9,-110,-9,-108,-8.5,-109,-9.5,-105,-9,-110,+9,-110,+9,-110,+9,-110,+8.5,-110,+9,-110,+9,-112,+8.5,-112
Sat Mar 9 2024,San Antonio Spurs,126,Golden State Warriors,113,+9.5,-110,+12.5,-110,+12.5,-114,+11.5,-115,+12.5,-105,+12.5,-112,+12,-110,+12.5,-110,+12.5,-114,-9.5,-110,-12.5,-110,-12.5,-106,-11.5,-105,-12.5,-115,-12.5,-108,-12,-110
Sat Mar 9 2024,Boston Celtics,117,Phoenix Suns,107,-6,-110,-5.5,-110,-5.5,-114,-5.5,-110,-5.5,-115,-5,-120,-5.5,-113,-5.5,-115,-5.5,-114,+6,-110,+5.5,-110,+5.5,-106,+5.5,-110,+5.5,-105,+5,even,+5.5,-118
Sat Mar 9 2024,Utah Jazz,121,Denver Nuggets,142,+12,-110,+12.5,-110,+12.5,-108,+12.5,-110,+12.5,-110,+12.5,-112,+12.5,-112,+11.5,-110,+12.5,-108,-12,-110,-12.5,-110,-12.5,-112,-12.5,-110,-12.5,-110,-12.5,-108,-12.5,-109
Sat Mar 9 2024,Toronto Raptors,118,Portland Trail Blazers,128,-1.5,-110,-2.5,-105,-2,-110,-2.5,-105,-2.5,-110,-2.5,-110,-2.5,-110,-2.5,-110,-2,-110,+1.5,-110,+2.5,-115,+2,-110,+2.5,-115,+2.5,-110,+2.5,-110,+2.5,-110
Sun Mar 10 2024,Milwaukee Bucks,124,Los Angeles Clippers,117,+1,-110,-6.5,-110,-6.5,-110,-6.5,-110,-5.5,-110,-6.5,-110,-6.5,-109,-6.5,-105,-6.5,-110,-1,-110,+6.5,-110,+6.5,-110,+6.5,-110,+5.5,-110,+6.5,-110,+6.5,-112
Sun Mar 10 2024,New Orleans Pelicans,116,Atlanta Hawks,103,-5.5,-110,-6.5,-110,-7,-108,-6.5,-110,-6.5,-110,-6.5,-112,-6.5,-109,-6.5,-110,-7,-108,+5.5,-110,+6.5,-110,+7,-112,+6.5,-110,+6.5,-110,+6.5,-108,+6.5,-112
Sun Mar 10 2024,Washington Wizards,110,Miami Heat,108,+10,-110,+11.5,-110,+11.5,-106,+11.5,-110,+11.5,-110,+11.5,-108,+11.5,-117,+11.5,-110,+11.5,-106,-10,-110,-11.5,-110,-11.5,-114,-11.5,-110,-11.5,-110,-11.5,-112,-11.5,-114
Sun Mar 10 2024,Indiana Pacers,111,Orlando Magic,97,+1.5,-108,-1,-110,-1,-110,+1.5,-125,+2,-110,PK,-112,+1,-115,+0.5,-110,-1,-110,-1.5,-112,+1,-110,+1,-110,-1.5,+105,-2,-110,PK,-108,-1,-105
Sun Mar 10 2024,Houston Rockets,112,Sacramento Kings,104,+6.5,-110,+6.5,-110,+7,-112,+6.5,-105,+6.5,-110,+6.5,-105,+7,-108,+6.5,-110,+7,-112,-6.5,-110,-6.5,-110,-7,-108,-6.5,-115,-6.5,-110,-6.5,-115,-7,-113
Sun Mar 10 2024,Brooklyn Nets,120,Cleveland Cavaliers,101,+7.5,-110,+7,-110,+6.5,-106,+6.5,-110,+7,-110,+6.5,-112,+7,-110,+6.5,-110,+6.5,-106,-7.5,-110,-7,-110,-6.5,-114,-6.5,-110,-7,-110,-6.5,-108,-7,-110
Sun Mar 10 2024,Philadelphia 76ers,79,New York Knicks,73,+7,-112,+7,-110,+7,-106,+6.5,-105,+7,-110,+7,-108,+7,-108,+6.5,-110,+7,-106,-7,-108,-7,-110,-7,-114,-6.5,-115,-7,-110,-7,-112,-7,-113
Sun Mar 10 2024,Memphis Grizzlies,93,Oklahoma City Thunder,124,+15,-110,+15,-110,+15,-108,+14.5,-105,+15,-110,+15,-110,+15,-110,+15.5,-115,+15,-108,-15,-110,-15,-110,-15,-112,-14.5,-115,-15,-110,-15,-110,-15,-110
Sun Mar 10 2024,Minnesota Timberwolves,109,Los Angeles Lakers,120,-1,-110,+4.5,-105,+5,-110,+4.5,-105,+4.5,-105,+4.5,-108,+5,-114,+4.5,-110,+5,-110,+1,-110,-4.5,-115,-5,-110,-4.5,-115,-4.5,-115,-4.5,-112,-5,-107
Mon Mar 11 2024,Charlotte Hornets,97,Detroit Pistons,114,+4,-110,+5,-115,+5,-110,+3.5,-110,+4,-110,+5,-112,+5,-121,+4.5,-105,+5,-110,-4,-110,-5,-105,-5,-110,-3.5,-110,-4,-110,-5,-108,-5,-109
Mon Mar 11 2024,Phoenix Suns,117,Cleveland Cavaliers,111,-1,-110,-7,-105,-7,-114,-5.5,-110,-6.5,-110,-7,-108,-6.5,-114,-7.5,-105,-7,-114,+1,-110,+7,-115,+7,-106,+5.5,-110,+6.5,-110,+7,-112,+6.5,-107
Mon Mar 11 2024,Dallas Mavericks,127,Chicago Bulls,92,-4,-108,-3.5,-110,-3.5,-112,-4.5,-110,-4,-115,-4,-102,-3.5,-108,-3.5,-110,-3.5,-112,+4,-112,+3.5,-110,+3.5,-108,+4.5,-110,+4,-105,+4,-118,+3.5,-113
Mon Mar 11 2024,Golden State Warriors,112,San Antonio Spurs,102,-6,-110,-5,-115,-5,-110,-5.5,-105,-5,-115,-5,-108,-5,-112,-5.5,-105,-5,-110,+6,-110,+5,-105,+5,-110,+5.5,-115,+5,-105,+5,-112,+5,-109
Mon Mar 11 2024,Toronto Raptors,119,Denver Nuggets,125,+13.5,-110,+17.5,-110,+17.5,-108,+13.5,-110,+17.5,-105,+17,-105,+17,-112,+16.5,-105,+17.5,-108,-13.5,-110,-17.5,-110,-17.5,-112,-13.5,-110,-17.5,-115,-17,-115,-17,-109
Mon Mar 11 2024,Boston Celtics,121,Portland Trail Blazers,99,-13.5,-110,-11,-110,-11.5,-108,-11.5,-110,-11.5,-110,-11,-115,-11.5,-109,-11.5,-110,-11.5,-108,+13.5,-110,+11,-110,+11.5,-112,+11.5,-110,+11.5,-110,+11,-105,+11.5,-112
Tue Mar 12 2024,Philadelphia 76ers,79,New York Knicks,106,+4.5,-112,+5.5,-110,+6,-108,+5.5,-105,+6,-110,+6,-112,+6,-113,+5.5,-105,+6,-108,-4.5,-110,-5.5,-110,-6,-112,-5.5,-115,-6,-110,-6,-108,-6,-108
Tue Mar 12 2024,Washington Wizards,97,Memphis Grizzlies,109,+3,-110,-2.5,-110,-2.5,-108,-1.5,-115,-2.5,-110,-2,-105,-2.5,-114,-1.5,-115,-2.5,-108,-3,-110,+2.5,-110,+2.5,-112,+1.5,-105,+2.5,-110,+2,-115,+2.5,-107
Tue Mar 12 2024,Indiana Pacers,121,Oklahoma City Thunder,111,+6,-108,+5.5,-110,+5.5,-110,+5.5,-110,+5.5,-105,+5.5,-108,+5.5,-109,+5.5,even,+5.5,-110,-6,-112,-5.5,-110,-5.5,-110,-5.5,-110,-5.5,-115,-5.5,-112,-5.5,-112
Tue Mar 12 2024,Houston Rockets,103,San Antonio Spurs,101,-3.5,-110,-3,-110,-3,-108,-2.5,-115,-3,-105,-3,-108,-3.5,-107,-3.5,-105,-3,-108,+3.5,-110,+3,-110,+3,-112,+2.5,-105,+3,-115,+3,-112,+3.5,-114
Tue Mar 12 2024,Boston Celtics,123,Utah Jazz,107,-6.5,-110,-6.5,-110,-6.5,-112,-6.5,-110,-6.5,-115,-6,-118,-6,-109,-6.5,-115,-6.5,-112,+6.5,-110,+6.5,-110,+6.5,-108,+6.5,-110,+6.5,-105,+6,-102,+6,-112
Tue Mar 12 2024,Minnesota Timberwolves,118,Los Angeles Clippers,100,+6.5,-110,+5.5,-110,+5.5,-106,+5.5,-110,+7,-110,+5.5,-105,+6,-113,+5.5,-105,+5.5,-106,-6.5,-110,-5.5,-110,-5.5,-114,-5.5,-110,-7,-110,-5.5,-115,-6,-108
Tue Mar 12 2024,Milwaukee Bucks,94,Sacramento Kings,129,+1,-110,+1.5,-110,+1.5,-108,+1.5,-105,+1,-110,+2,-112,+2,-112,-0.5,-105,+1.5,-108,-1,-110,-1.5,-110,-1.5,-112,-1.5,-115,-1,-110,-2,-108,-2,-109
Wed Mar 13 2024,Toronto Raptors,104,Detroit Pistons,113,+1.5,-110,+3.5,-110,+3.5,-108,+3.5,-110,+3.5,-110,+3.5,-108,+3.5,-110,+3.5,-110,+3.5,-108,-1.5,-110,-3.5,-110,-3.5,-112,-3.5,-110,-3.5,-110,-3.5,-112,-3.5,-110
Wed Mar 13 2024,Brooklyn Nets,106,Orlando Magic,114,+7,-110,+6,-110,+6,-110,+6.5,-115,+7,-105,+6.5,-112,+6,-114,+6.5,-115,+6,-110,-7,-110,-6,-110,-6,-110,-6.5,-105,-7,-115,-6.5,-108,-6,-107
Wed Mar 13 2024,Chicago Bulls,132,Indiana Pacers,129,+3.5,-112,+5,-115,+5,-108,+4.5,-105,+4,-110,+5,-108,+5,-112,+5.5,-115,+5,-108,-3.5,-108,-5,-105,-5,-112,-4.5,-115,-4,-110,-5,-112,-5,-109
Wed Mar 13 2024,Denver Nuggets,100,Miami Heat,88,-2.5,-110,-3.5,-110,-3.5,-112,-3.5,-110,-4,-110,-3.5,-115,-3.5,-110,-3.5,-110,-3.5,-112,+2.5,-110,+3.5,-110,+3.5,-108,+3.5,-110,+4,-110,+3.5,-105,+3.5,-110
Wed Mar 13 2024,Charlotte Hornets,110,Memphis Grizzlies,98,-1.5,-112,-2,-115,-2.5,-108,-2.5,-110,-1.5,-110,-2,-115,-2.5,-109,-2.5,-110,-2.5,-108,+1.5,-108,+2,-105,+2.5,-112,+2.5,-110,+1.5,-110,+2,-105,+2.5,-112
Wed Mar 13 2024,Cleveland Cavaliers,116,New Orleans Pelicans,95,+7.5,-110,+5.5,-105,+6,-108,+5.5,-105,+6,-110,+5.5,-110,+5.5,-113,+6.5,-115,+6,-108,-7.5,-110,-5.5,-115,-6,-112,-5.5,-115,-6,-110,-5.5,-110,-5.5,-108
Wed Mar 13 2024,Golden State Warriors,99,Dallas Mavericks,109,+8.5,-110,+8.5,-115,+8.5,-108,+8.5,-110,+7,-110,+8.5,-108,+8.5,-110,+8.5,-110,+8.5,-108,-8.5,-110,-8.5,-105,-8.5,-112,-8.5,-110,-7,-110,-8.5,-112,-8.5,-110
Wed Mar 13 2024,Atlanta Hawks,102,Portland Trail Blazers,106,-1.5,-110,-4.5,-105,-4,-114,-4.5,-110,-4.5,-115,-4.5,-108,-4,-112,-4.5,-105,-4,-114,+1.5,-110,+4.5,-115,+4,-106,+4.5,-110,+4.5,-105,+4.5,-112,+4,-108
Wed Mar 13 2024,Los Angeles Lakers,107,Sacramento Kings,120,+2.5,-114,-2,-110,-2.5,-106,-2.5,-105,-2,-115,-2,-115,-2,-113,-2.5,-110,-2.5,-106,-2.5,-106,+2,-110,+2.5,-114,+2.5,-115,+2,-105,+2,-105,+2,-108
Thu Mar 14 2024,Phoenix Suns,112,Boston Celtics,127,+4.5,-106,+5.5,-110,+5.5,-108,+5.5,-105,+5.5,-110,+5.5,-102,+6,-109,+5.5,-115,+5.5,-108,-4.5,-114,-5.5,-110,-5.5,-112,-5.5,-115,-5.5,-110,-5.5,-118,-6,-112
Thu Mar 14 2024,Los Angeles Clippers,126,Chicago Bulls,111,-4.5,-114,-6.5,-110,-6,-114,-6.5,-105,-6.5,-110,-6,-108,-5.5,-112,-6.5,-110,-6,-114,+4.5,-106,+6.5,-110,+6,-106,+6.5,-115,+6.5,-110,+6,-112,+5.5,-109
Thu Mar 14 2024,Washington Wizards,119,Houston Rockets,135,+8.5,-110,+8.5,-110,+8.5,-110,+8.5,-105,+8.5,-110,+8.5,-105,+8.5,-108,+8.5,-105,+8.5,-110,-8.5,-110,-8.5,-110,-8.5,-110,-8.5,-115,-8.5,-110,-8.5,-115,-8.5,-113
Thu Mar 14 2024,Philadelphia 76ers,105,Milwaukee Bucks,114,+9.5,-110,+7,-110,+7,-108,+6.5,-110,+7,-110,+7,-110,+7,-109,+6.5,-110,+7,-108,-9.5,-110,-7,-110,-7,-112,-6.5,-110,-7,-110,-7,-110,-7,-112
Thu Mar 14 2024,Dallas Mavericks,119,Oklahoma City Thunder,126,+6.5,-110,+9.5,-105,+9.5,-106,+9.5,-110,+9.5,-110,+9.5,-108,+9.5,-110,+10.5,-115,+9.5,-106,-6.5,-110,-9.5,-115,-9.5,-114,-9.5,-110,-9.5,-110,-9.5,-112,-9.5,-110
Thu Mar 14 2024,New York Knicks,105,Portland Trail Blazers,93,-7.5,-110,-12.5,-110,-12,-112,-11.5,-115,-12.5,-110,-12,-110,-12,-109,-12.5,-115,-12,-112,+7.5,-110,+12.5,-110,+12,-108,+11.5,-105,+12.5,-110,+12,-110,+12,-112
Fri Mar 15 2024,Phoenix Suns,107,Charlotte Hornets,96,-9.5,-110,-10.5,-110,-10.5,-108,-10.5,-110,-10,-110,-10.5,-110,-10.5,-108,-10.5,-110,-10.5,-108,+9.5,-110,+10.5,-110,+10.5,-112,+10.5,-110,+10,-110,+10.5,-110,+10.5,-113
Fri Mar 15 2024,Miami Heat,108,Detroit Pistons,95,+5.5,-110,-8,-110,-7.5,-112,-7.5,-115,-8.5,-110,-7.5,-112,-7.5,-114,-8.5,-115,-7.5,-112,-5.5,-110,+8,-110,+7.5,-108,+7.5,-105,+8.5,-110,+7.5,-108,+7.5,-107
Fri Mar 15 2024,Orlando Magic,113,Toronto Raptors,103,-5.5,-108,-8,-110,-8,-108,-7.5,-115,-8.5,-110,-7.5,-115,-8,-112,-8.5,-110,-8,-108,+5.5,-112,+8,-110,+8,-112,+7.5,-105,+8.5,-110,+7.5,-105,+8,-109
Fri Mar 15 2024,Los Angeles Clippers,104,New Orleans Pelicans,112,+5,-110,+7,-110,+7,-112,+6.5,-105,+7,-110,+7,-112,+7,-114,+6.5,-110,+7,-112,-5,-110,-7,-110,-7,-108,-6.5,-115,-7,-110,-7,-108,-7,-107
Fri Mar 15 2024,Denver Nuggets,117,San Antonio Spurs,106,-10.5,-110,-10.5,-110,-10.5,-106,-10.5,-110,-10.5,-105,-10.5,-108,-10.5,-112,-10.5,-105,-10.5,-106,+10.5,-110,+10.5,-110,+10.5,-114,+10.5,-110,+10.5,-115,+10.5,-112,+10.5,-109
Fri Mar 15 2024,Atlanta Hawks,122,Utah Jazz,124,+4,-110,-1.5,-110,-1,-110,-1.5,-105,-1.5,-105,-1,-110,-1.5,-110,-0.5,-115,-1,-110,-4,-110,+1.5,-110,+1,-110,+1.5,-115,+1.5,-115,+1,-110,+1.5,-110
Sat Mar 16 2024,Cleveland Cavaliers,103,Houston Rockets,117,-6,-110,-5,-105,-5,-106,-4.5,-115,-4,-115,-5,-108,-4.5,-110,-4.5,-115,-5,-106,+6,-110,+5,-115,+5,-114,+4.5,-105,+4,-105,+5,-112,+4.5,-110
Sat Mar 16 2024,Brooklyn Nets,100,Indiana Pacers,121,+7,-108,+8,-110,+8.5,-112,+7.5,-105,+9,-110,+8,-110,+8.5,-113,+8.5,-110,+8.5,-112,-7,-112,-8,-110,-8.5,-108,-7.5,-115,-9,-110,-8,-110,-8.5,-108
Sat Mar 16 2024,Portland Trail Blazers,107,New Orleans Pelicans,126,+15,-110,+13,-115,+13,-112,+13.5,-115,+13,-110,+12.5,-108,+13,-112,+12.5,-110,+13,-112,-15,-110,-13,-105,-13,-108,-13.5,-105,-13,-110,-12.5,-112,-13,-109
Sat Mar 16 2024,Charlotte Hornets,98,Philadelphia 76ers,109,+9.5,-108,+10.5,-110,+10.5,-110,+10.5,-110,+10.5,-110,+10,-105,+10,-110,+10.5,-105,+10.5,-110,-9.5,-112,-10.5,-110,-10.5,-110,-10.5,-110,-10.5,-110,-10,-115,-10,-110
Sat Mar 16 2024,Washington Wizards,98,Chicago Bulls,127,+10.5,-108,+9.5,-110,+9.5,-110,+9.5,-110,+9.5,-110,+9.5,-105,+9.5,-112,+9.5,-115,+9.5,-110,-10.5,-112,-9.5,-110,-9.5,-110,-9.5,-110,-9.5,-110,-9.5,-115,-9.5,-108
Sat Mar 16 2024,Oklahoma City Thunder,118,Memphis Grizzlies,112,-9,-112,-10.5,-110,-10.5,-110,-10.5,-110,-10.5,-110,-10.5,-108,-10.5,-109,-10.5,-115,-10.5,-110,+9,-108,+10.5,-110,+10.5,-110,+10.5,-110,+10.5,-110,+10.5,-112,+10.5,-112
Sat Mar 16 2024,Golden State Warriors,128,Los Angeles Lakers,121,+3,-110,+1.5,-105,+1.5,-106,+1.5,-105,+1.5,-110,+1.5,-110,+2,-114,+1.5,-115,+1.5,-106,-3,-112,-1.5,-115,-1.5,-114,-1.5,-115,-1.5,-110,-1.5,-110,-2,-107
Sat Mar 16 2024,Minnesota Timberwolves,119,Utah Jazz,100,-8,-110,-7.5,-110,-7.5,-106,-7.5,-110,-7.5,-105,-7.5,-108,-7.5,-113,-7.5,-105,-7.5,-106,+8,-110,+7.5,-110,+7.5,-114,+7.5,-110,+7.5,-115,+7.5,-112,+7.5,-108
Sat Mar 16 2024,New York Knicks,98,Sacramento Kings,91,+2.5,-110,+3,-110,+3,-110,+3.5,-115,+3,-110,+3,-110,+3.5,-114,+3.5,-115,+3,-110,-2.5,-110,-3,-110,-3,-110,-3.5,-105,-3,-110,-3,-110,-3.5,-107
Sun Mar 17 2024,Phoenix Suns,129,Milwaukee Bucks,140,+4,-110,-2.5,-110,-2.5,-114,-2.5,-115,-2.5,-115,-2.5,-110,-2.5,-108,-2.5,-115,-2.5,-114,-4,-110,+2.5,-110,+2.5,-106,+2.5,-105,+2.5,-105,+2.5,-110,+2.5,-113
Sun Mar 17 2024,Miami Heat,104,Detroit Pistons,101,-8,-108,-5,-110,-5.5,-108,-5.5,-105,-5.5,-110,-5.5,-105,-5,-110,-5.5,-110,-5.5,-108,+8,-112,+5,-110,+5.5,-112,+5.5,-115,+5.5,-110,+5.5,-115,+5,-110
Sun Mar 17 2024,Denver Nuggets,105,Dallas Mavericks,107,-2.5,-108,-1,-110,-1,-108,+1.5,-120,-3,-115,-1,-110,-1.5,-110,-3.5,+115,-1,-108,+2.5,-112,+1,-110,+1,-112,-1.5,even,+3,-105,+1,-110,+1.5,-110
Sun Mar 17 2024,Toronto Raptors,96,Orlando Magic,111,+11.5,-112,+11,-110,+11,-110,+13.5,-115,+11,-110,+11,-108,+11.5,-114,+11.5,-115,+11,-110,-11.5,-108,-11,-110,-11,-110,-13.5,-105,-11,-110,-11,-112,-11.5,-107
Sun Mar 17 2024,Boston Celtics,130,Washington Wizards,104,-17,-110,-14.5,-110,-14.5,-110,-14.5,-110,-13,-110,-14.5,-112,-14.5,-112,-14.5,-115,-14.5,-110,+17,-110,+14.5,-110,+14.5,-110,+14.5,-110,+13,-110,+14.5,-108,+14.5,-109
Sun Mar 17 2024,Brooklyn Nets,115,San Antonio Spurs,122,-1,-108,+2,-110,+2,-110,+1.5,-105,+1.5,-110,+2,-110,+2,-112,+1.5,-110,+2,-110,+1,-112,-2,-110,-2,-110,-1.5,-115,-1.5,-110,-2,-110,-2,-109
Sun Mar 17 2024,Atlanta Hawks,110,Los Angeles Clippers,93,+10,-108,+9.5,-110,+9.5,-110,+9.5,-115,+9.5,-105,+9.5,-110,+9.5,-110,+9.5,-110,+9.5,-110,-10,-112,-9.5,-110,-9.5,-110,-9.5,-105,-9.5,-115,-9.5,-110,-9.5,-110
Mon Mar 18 2024,Cleveland Cavaliers,108,Indiana Pacers,103,N/A,+7,-110,+6.5,-110,+7.5,-115,+6.5,-105,+7,-110,+6.5,-112,+6.5,-110,+6.5,-110,N/A,-7,-110,-6.5,-110,-7.5,-105,-6.5,-115,-7,-110,-6.5,-109,-6.5,-110
Mon Mar 18 2024,Detroit Pistons,94,Boston Celtics,119,N/A,+14.5,-110,+15,-112,+15.5,-115,+15.5,-115,+15,-110,+15.5,-112,+15.5,-115,+15,-112,N/A,-14.5,-110,-15,-108,-15.5,-105,-15.5,-105,-15,-110,-15.5,-109,-15.5,-105
Mon Mar 18 2024,Miami Heat,91,Philadelphia 76ers,98,N/A,+3,-110,+3,-110,+3.5,-115,+2.5,-105,+3,-110,+2.5,-107,+3.5,-115,+3,-110,N/A,-3,-110,-3,-112,-3.5,-105,-2.5,-115,-3,-110,-2.5,-114,-3.5,-105
Mon Mar 18 2024,Portland Trail Blazers,107,Chicago Bulls,110,N/A,+8.5,-110,+8.5,-112,+8.5,-110,+8.5,-110,+8.5,-112,+8,-110,+8.5,-110,+8.5,-112,N/A,-8.5,-110,-8.5,-108,-8.5,-110,-8.5,-110,-8.5,-108,-8,-110,-8.5,-110
Mon Mar 18 2024,Minnesota Timberwolves,114,Utah Jazz,104,N/A,-4,-115,-4,-112,-4.5,-105,-4.5,-110,-4,-112,-4.5,-113,-4.5,-105,-4,-112,N/A,+4,-105,+4,-108,+4.5,-115,+4.5,-110,+4,-108,+4.5,-108,+4.5,-115
Mon Mar 18 2024,New York Knicks,119,Golden State Warriors,112,N/A,+6.5,-110,+7,-112,+6.5,-105,+6.5,-115,+6.5,-112,+7,-112,+6.5,-115,+7,-112,N/A,-6.5,-110,-7,-108,-6.5,-115,-6.5,-105,-6.5,-108,-7,-109,-6.5,-105
Mon Mar 18 2024,Memphis Grizzlies,111,Sacramento Kings,121,N/A,+12,-110,+11.5,-110,+11.5,-105,+11.5,-105,+11.5,-108,+11.5,-109,+11.5,-105,+11.5,-110,N/A,-12,-110,-11.5,-110,-11.5,-115,-11.5,-115,-11.5,-112,-11.5,-112,-11.5,-115
Mon Mar 18 2024,Atlanta Hawks,105,Los Angeles Lakers,136,N/A,+9,-110,+9,-110,+8.5,-105,+9.5,-115,+9,-110,+9,-108,+9.5,-115,+9,-110,N/A,-9,-110,-9,-110,-8.5,-115,-9.5,-105,-9,-110,-9,-113,-9.5,-105
Tue Mar 19 2024,Charlotte Hornets,92,Orlando Magic,112,+12.5,-110,+13,-110,+13,-110,+12.5,-110,+13,-110,+13,-113,+13.5,-110,+13,-110,-12.5,-110,-13,-110,-13,-110,-12.5,-110,-13,-110,-13,-108,-13.5,-110,-13,-110
Tue Mar 19 2024,Houston Rockets,137,Washington Wizards,114,-4.5,-110,-10,-110,-10.5,-108,-9.5,-115,-10,-112,-10,-112,-11.5,-110,-10.5,-108,+4.5,-110,+10,-110,+10.5,-112,+9.5,-105,+10,-108,+10,-109,+11.5,-110,+10.5,-112
Tue Mar 19 2024,New Orleans Pelicans,104,Brooklyn Nets,91,-6,-110,-7,-110,-7,-110,-7.5,-105,-7,-110,-7,-112,-6.5,-115,-7,-110,+6,-110,+7,-110,+7,-110,+7.5,-115,+7,-110,+7,-112,+6.5,-105,+7,-110
Tue Mar 19 2024,Dallas Mavericks,113,San Antonio Spurs,107,-8,-110,-9,-110,-9,-110,-8.5,-115,-9,-110,-8.5,-112,-9.5,-105,-9,-110,+8,-110,+9,-110,+9,-110,+8.5,-105,+9,-110,+8.5,-109,+9.5,-115,+9,-110
Tue Mar 19 2024,Denver Nuggets,115,Minnesota Timberwolves,112,-1.5,-110,-7.5,-110,-8,-110,-7.5,-110,-7.5,-112,-8,-107,-7.5,-110,-8,-110,+1.5,-110,+7.5,-110,+8,-110,+7.5,-110,+7.5,-108,+8,-114,+7.5,-110,+8,-110
Wed Mar 20 2024,Miami Heat,107,Cleveland Cavaliers,104,+2.5,-110,+2.5,-105,+3,-110,+2.5,-110,+3,-110,+3,-110,+2.5,-105,+3,-110,-2.5,-110,-2.5,-115,-3,-110,-2.5,-110,-3,-110,-3,-110,-2.5,-115,-3,-110
Wed Mar 20 2024,Indiana Pacers,122,Detroit Pistons,103,-8.5,-108,-11,-110,-11,-108,-9.5,-110,-11,-110,-11,-109,-11.5,-110,-11,-108,+8.5,-112,+11,-110,+11,-112,+9.5,-110,+11,-110,+11,-112,+11.5,-110,+11,-112
Wed Mar 20 2024,Milwaukee Bucks,119,Boston Celtics,122,+5.5,-110,+10.5,-110,+10.5,-112,+8.5,-105,+10.5,-102,+11,-114,+10.5,-110,+10.5,-112,-5.5,-110,-10.5,-110,-10.5,-108,-8.5,-115,-10.5,-118,-11,-107,-10.5,-110,-10.5,-108
Wed Mar 20 2024,Sacramento Kings,123,Toronto Raptors,89,-7.5,-114,-11,-110,-11.5,-108,-10.5,-110,-11,-110,-11,-112,-10.5,-110,-11.5,-108,+7.5,-106,+11,-110,+11.5,-112,+10.5,-110,+11,-110,+11,-109,+10.5,-110,+11.5,-112
Wed Mar 20 2024,Utah Jazz,107,Oklahoma City Thunder,119,+13,-110,+15.5,-110,+16,-110,+16.5,-115,+15.5,-108,+15.5,-110,+15.5,-105,+16,-110,-13,-110,-15.5,-110,-16,-110,-16.5,-105,-15.5,-112,-15.5,-110,-15.5,-115,-16,-110
Wed Mar 20 2024,Memphis Grizzlies,116,Golden State Warriors,137,+10.5,-110,+11,-110,+11.5,-114,+11.5,-115,+11.5,-115,+11,-109,+11.5,-115,+11.5,-114,-10.5,-110,-11,-110,-11.5,-106,-11.5,-105,-11.5,-105,-11,-112,-11.5,-105,-11.5,-106
Wed Mar 20 2024,Philadelphia 76ers,102,Phoenix Suns,115,+8.5,-110,+9.5,-110,+9.5,-110,+9.5,-115,+9,-108,+9,-108,+9.5,-105,+9.5,-110,-8.5,-110,-9.5,-110,-9.5,-112,-9.5,-105,-9,-112,-9,-113,-9.5,-115,-9.5,-112
Wed Mar 20 2024,Los Angeles Clippers,116,Portland Trail Blazers,103,-11.5,-110,-11.5,-110,-12,-112,-11.5,-115,-12,-110,-11.5,-110,-12.5,-110,-12,-112,+11.5,-110,+11.5,-110,+12,-108,+11.5,-105,+12,-110,+11.5,-110,+12.5,-110,+12,-108
Thu Mar 21 2024,New Orleans Pelicans,106,Orlando Magic,121,N/A,-3,-110,-3,-106,-2.5,-115,-2.5,-115,-3,-108,-2.5,-112,-2.5,-115,-3,-106,N/A,+3,-110,+3,-114,+2.5,-105,+2.5,-105,+3,-112,+2.5,-108,+2.5,-105
Thu Mar 21 2024,Sacramento Kings,102,Washington Wizards,109,N/A,-11,-110,-11,-110,-10.5,-115,-11.5,-110,-11,-112,-11,-112,-11.5,-110,-11,-110,N/A,+11,-110,+11,-110,+10.5,-105,+11.5,-110,+11,-108,+11,-109,+11.5,-110
Thu Mar 21 2024,Chicago Bulls,117,Houston Rockets,127,+3,-110,+3.5,-110,+3.5,-110,+3.5,-110,+3.5,-115,+3.5,-112,+4,-114,+3.5,-110,+3.5,-110,-3,-110,-3.5,-110,-3.5,-110,-3.5,-110,-3.5,-105,-3.5,-108,-4,-107
Thu Mar 21 2024,Brooklyn Nets,108,Milwaukee Bucks,115,N/A,+10.5,-110,+10.5,-108,+10.5,-110,+10.5,-110,+10.5,-108,+10.5,-113,+10.5,-110,+10.5,-108,N/A,-10.5,-110,-10.5,-112,-10.5,-110,-10.5,-110,-10.5,-112,-10.5,-108,-10.5,-110
Thu Mar 21 2024,Utah Jazz,97,Dallas Mavericks,113,N/A,+14,-105,+14,-106,+14.5,-110,+14.5,-110,+14.5,-112,+14.5,-112,+14.5,-110,+14,-106,N/A,-14,-115,-14,-114,-14.5,-110,-14.5,-110,-14.5,-108,-14.5,-109,-14.5,-110
Thu Mar 21 2024,New York Knicks,100,Denver Nuggets,113,N/A,+8.5,-110,+8.5,-110,+8.5,-110,+9.5,-110,+8.5,-108,+8.5,-107,+9.5,-110,+8.5,-110,N/A,-8.5,-110,-8.5,-110,-8.5,-110,-9.5,-110,-8.5,-112,-8.5,-113,-9.5,-110
Thu Mar 21 2024,Atlanta Hawks,115,Phoenix Suns,128,N/A,+9,-110,+9.5,-110,+9.5,-115,+9.5,-115,+9,-110,+9.5,-113,+9.5,-115,+9.5,-110,N/A,-9,-110,-9.5,-110,-9.5,-105,-9.5,-105,-9,-110,-9.5,-108,-9.5,-105
Fri Mar 22 2024,Boston Celtics,129,Detroit Pistons,102,-14,-108,-13.5,-110,-13.5,-110,-13.5,-110,-13.5,-112,-14,-108,-13.5,-115,-13.5,-110,+14,-112,+13.5,-110,+13.5,-110,+13.5,-110,+13.5,-108,+14,-113,+13.5,-105,+13.5,-110
Fri Mar 22 2024,Oklahoma City Thunder,123,Toronto Raptors,103,-14.5,-106,-16.5,-110,-16.5,-112,-16.5,-110,-16.5,-110,-16.5,-110,-16.5,-110,-16.5,-112,+14.5,-114,+16.5,-110,+16.5,-108,+16.5,-110,+16.5,-110,+16.5,-110,+16.5,-110,+16.5,-108
Fri Mar 22 2024,New Orleans Pelicans,111,Miami Heat,88,+1,-108,+3,-115,+3,-112,+2.5,-105,+3,-112,+3,-110,+2.5,-110,+3,-112,-1,-112,-3,-105,-3,-108,-2.5,-115,-3,-108,-3,-110,-2.5,-110,-3,-108
Fri Mar 22 2024,Cleveland Cavaliers,91,Minnesota Timberwolves,104,+4.5,-110,+7.5,-110,+7.5,-110,+7.5,-110,+7.5,-112,+7,-109,+7.5,-110,+7.5,-110,-4.5,-110,-7.5,-110,-7.5,-110,-7.5,-110,-7.5,-108,-7,-112,-7.5,-110,-7.5,-110
Fri Mar 22 2024,Memphis Grizzlies,99,San Antonio Spurs,97,+4.5,-108,+6.5,-110,+6.5,-108,+6.5,-105,+6.5,-105,+7,-108,+6.5,-105,+6.5,-108,-4.5,-112,-6.5,-110,-6.5,-112,-6.5,-115,-6.5,-115,-7,-113,-6.5,-115,-6.5,-112
Fri Mar 22 2024,Indiana Pacers,123,Golden State Warriors,111,+3.5,-106,+4.5,-105,+4.5,-108,+4.5,-105,+4.5,-105,+4.5,-109,+4.5,-110,+4.5,-108,-3.5,-114,-4.5,-115,-4.5,-112,-4.5,-115,-4.5,-115,-4.5,-112,-4.5,-110,-4.5,-112
Fri Mar 22 2024,Los Angeles Clippers,125,Portland Trail Blazers,117,-13,-110,-14.5,-110,-14.5,-110,-13.5,-115,-14.5,-108,-14.5,-110,-14.5,-110,-14.5,-110,+13,-110,+14.5,-110,+14.5,-110,+13.5,-105,+14.5,-112,+14.5,-110,+14.5,-110,+14.5,-110
Fri Mar 22 2024,Philadelphia 76ers,94,Los Angeles Lakers,101,+8.5,-110,+7.5,-110,+7.5,-108,+7.5,-110,+7.5,-112,+7.5,-110,+7.5,-105,+7.5,-108,-8.5,-110,-7.5,-110,-7.5,-112,-7.5,-110,-7.5,-108,-7.5,-110,-7.5,-115,-7.5,-112
Sat Mar 23 2024,Brooklyn Nets,93,New York Knicks,105,+7,-110,+7.5,-115,+7.5,-112,+7.5,-115,+7.5,-112,+7.5,-109,+7.5,-115,+7.5,-112,-7,-110,-7.5,-105,-7.5,-110,-7.5,-105,-7.5,-108,-7.5,-112,-7.5,-105,-7.5,-110
Sat Mar 23 2024,Sacramento Kings,109,Orlando Magic,107,+3,-110,+2.5,-105,+3,-110,+2.5,-110,+3,-112,+3,-115,+2.5,-105,+3,-110,-3,-110,-2.5,-115,-3,-110,-2.5,-110,-3,-108,-3,-115,-2.5,-115,-3,-110
Sat Mar 23 2024,Charlotte Hornets,91,Atlanta Hawks,132,+9.5,-110,+7.5,-115,+7.5,-110,+8.5,-115,+7.5,-112,+8,-112,+7.5,-105,+7.5,-110,-9.5,-110,-7.5,-105,-7.5,-110,-8.5,-105,-7.5,-108,-8,-112,-7.5,-115,-7.5,-110
Sat Mar 23 2024,Boston Celtics,124,Chicago Bulls,113,-8,-112,-5,-115,-5,-112,-4.5,-115,-5,-112,-6,-112,-4.5,-115,-5,-112,+8,-108,+5,-105,+5,-108,+4.5,-105,+5,-108,+6,-109,+4.5,-105,+5,-108
Sat Mar 23 2024,Utah Jazz,119,Houston Rockets,147,+7,-110,+10.5,-110,+10.5,-110,+11.5,-115,+10,-108,+10,-107,+9.5,even,+10.5,-110,-7,-110,-10.5,-110,-10.5,-110,-11.5,-105,-10,-112,-10,-114,-9.5,-120,-10.5,-110
Sat Mar 23 2024,Phoenix Suns,131,San Antonio Spurs,106,-9,-110,-10,-110,-10,-114,-10.5,-105,-10,-108,-10.5,-110,-10.5,-105,-10,-114,+9,-110,+10,-110,+10,-106,+10.5,-115,+10,-112,+10.5,-110,+10.5,-115,+10,-106
Sat Mar 23 2024,Toronto Raptors,109,Washington Wizards,112,+5.5,-110,+6,-110,+6,-110,+5.5,-105,+6,-108,+6,-112,+5.5,even,+6,-110,-5.5,-110,-6,-110,-6,-110,-5.5,-115,-6,-112,-6,-109,-5.5,-120,-6,-110
Sat Mar 23 2024,Denver Nuggets,114,Portland Trail Blazers,111,-14,-112,-10.5,-110,-10.5,-114,-10.5,-110,-10.5,-110,-10,-114,-10.5,-110,-10.5,-114,+14,-108,+10.5,-110,+10.5,-106,+10.5,-110,+10.5,-110,+10,-107,+10.5,-110,+10.5,-106
Sun Mar 24 2024,New Orleans Pelicans,114,Detroit Pistons,101,-11,-110,-15,-110,-15,-110,-11.5,-115,-15,-108,-14.5,-112,-15.5,-105,-15,-110,+11,-110,+15,-110,+15,-110,+11.5,-105,+15,-112,+14.5,-109,+15.5,-115,+15,-110
Sun Mar 24 2024,Philadelphia 76ers,121,Los Angeles Clippers,107,+10,-110,+9,-110,+9,-106,+9.5,-105,+9,-108,+9.5,-114,+8.5,-105,+9,-106,-10,-110,-9,-110,-9,-114,-9.5,-115,-9,-112,-9.5,-107,-8.5,-115,-9,-114
Sun Mar 24 2024,Cleveland Cavaliers,84,Miami Heat,121,+4.5,-110,+3.5,-110,+3.5,-112,+3.5,-110,+3.5,-115,+3.5,-110,+3.5,-110,+3.5,-112,-4.5,-110,-3.5,-110,-3.5,-108,-3.5,-110,-3.5,-105,-3.5,-110,-3.5,-110,-3.5,-108
Sun Mar 24 2024,Oklahoma City Thunder,93,Milwaukee Bucks,118,+2,-110,+2.5,-110,+2.5,-110,+2.5,-110,+2.5,-115,+2.5,-107,+1.5,-105,+2.5,-110,-2,-110,-2.5,-110,-2.5,-110,-2.5,-110,-2.5,-105,-2.5,-114,-1.5,-115,-2.5,-110
Sun Mar 24 2024,Golden State Warriors,110,Minnesota Timberwolves,114,+4.5,-110,+2,-110,+2.5,-110,+2.5,-115,+2,-105,+2.5,-109,+1.5,-110,+2.5,-110,-4.5,-110,-2,-110,-2.5,-110,-2.5,-105,-2,-115,-2.5,-112,-1.5,-110,-2.5,-110
Sun Mar 24 2024,Indiana Pacers,145,Los Angeles Lakers,150,-4,-110,+2.5,-105,+2.5,-110,+2.5,-110,+2.5,-110,+2.5,-110,+1.5,-105,+2.5,-110,+4,-110,-2.5,-115,-2.5,-110,-2.5,-110,-2.5,-110,-2.5,-110,-1.5,-115,-2.5,-110
Mon Mar 25 2024,Charlotte Hornets,92,Cleveland Cavaliers,115,+11.5,-110,+11,-110,+10.5,-110,+11.5,-115,+11.5,-115,+11,-108,+11.5,-112,+11.5,-115,+10.5,-110,-11.5,-110,-11,-110,-10.5,-110,-11.5,-105,-11.5,-105,-11,-112,-11.5,-109
Mon Mar 25 2024,Boston Celtics,118,Atlanta Hawks,120,-11,-110,-10.5,-110,-10.5,-110,-11.5,-105,-10.5,-110,-10.5,-110,-10.5,-113,-10.5,-110,-10.5,-110,+11,-110,+10.5,-110,+10.5,-110,+11.5,-115,+10.5,-110,+10.5,-110,+10.5,-108
Mon Mar 25 2024,Detroit Pistons,99,New York Knicks,124,+17,-110,+17,-110,+17,-110,+16.5,-105,+16.5,-110,+17,-110,+17,-109,+16.5,-110,+17,-110,-17,-110,-17,-110,-17,-110,-16.5,-115,-16.5,-110,-17,-110,-17,-112
Mon Mar 25 2024,Brooklyn Nets,96,Toronto Raptors,88,-5.5,-110,-6.5,-110,-6.5,-110,-6.5,-110,-6.5,-110,-6.5,-108,-6.5,-108,-6.5,-110,-6.5,-110,+5.5,-110,+6.5,-110,+6.5,-110,+6.5,-110,+6.5,-110,+6.5,-112,+6.5,-113
Mon Mar 25 2024,Washington Wizards,107,Chicago Bulls,105,+9.5,-110,+13,-110,+13.5,-112,+12.5,-105,+12.5,-105,+13,-108,+13,-110,+12.5,-105,+13.5,-112,-9.5,-110,-13,-110,-13.5,-108,-12.5,-115,-12.5,-115,-13,-112,-13,-110
Mon Mar 25 2024,Portland Trail Blazers,92,Houston Rockets,110,+10.5,-110,+14.5,-110,+14.5,-108,+14.5,-110,+14.5,-105,+14.5,-108,+14,-114,+14.5,-105,+14.5,-108,-10.5,-110,-14.5,-110,-14.5,-112,-14.5,-110,-14.5,-115,-14.5,-112,-14,-117
Mon Mar 25 2024,Phoenix Suns,102,San Antonio Spurs,104,-10.5,-110,-12,-110,-12,-110,-11.5,-115,-12.5,-120,-12,-108,-12,-109,-11.5,-120,-12,-110,+10.5,-110,+12,-110,+12,-110,+11.5,-105,+12.5,-120,+12,-112,+12,-112
Mon Mar 25 2024,Memphis Grizzlies,103,Denver Nuggets,128,+17.5,-110,+12.5,-110,+12.5,-108,+12.5,-110,+12.5,-105,+12.5,-108,+12.5,-113,+12.5,-105,+12.5,-108,-17.5,-110,-12.5,-110,-12.5,-112,-12.5,-110,-12.5,-115,-12.5,-112,-12.5,-118
Mon Mar 25 2024,Dallas Mavericks,115,Utah Jazz,105,-7.5,-110,-8,-110,-8,-112,-7.5,-115,-8.5,-105,-8,-102,-7.5,-108,-8.5,-115,-8,-112,+7.5,-110,+8,-110,+8,-108,+7.5,-105,+8.5,-115,+8,-118,+7.5,-113
Mon Mar 25 2024,Philadelphia 76ers,96,Sacramento Kings,108,+9,-110,+7.5,-110,+7.5,-112,+7.5,-105,+7.5,-105,+7.5,-110,+7.5,-112,+7.5,-105,+7.5,-112,-9,-110,-7.5,-110,-7.5,-108,-7.5,-115,-7.5,-115,-7.5,-110,-7.5,-109
Mon Mar 25 2024,Indiana Pacers,133,Los Angeles Clippers,116,+6.5,-108,+6,-110,+6,-110,+6.5,-115,+6.5,-115,+6.5,-110,+6,-107,+6.5,-115,+6,-110,-6.5,-112,-6,-110,-6,-110,-6.5,-105,-6.5,-105,-6.5,-110,-6,-114
Tue Mar 26 2024,Golden State Warriors,113,Miami Heat,92,-1.5,-108,-5,-110,-4.5,-110,-4.5,-115,-4.5,-110,-4.5,-118,-5,-115,-5.5,-115,-4.5,-110,+1.5,-112,+5,-110,+4.5,-110,+4.5,-105,+4.5,-110,+4.5,-102,+5,-115
Tue Mar 26 2024,Los Angeles Lakers,128,Milwaukee Bucks,124,+5.5,-112,+9.5,-110,+9.5,-108,+15.5,-225,+9.5,-110,+9.5,-110,+9.5,-113,+9.5,-110,+9.5,-108,-5.5,-108,-9.5,-110,-9.5,-112,-15.5,+185,-9.5,-110,-9.5,-110,-9.5,-108
Tue Mar 26 2024,Oklahoma City Thunder,119,New Orleans Pelicans,112,-1,-108,-1,-110,-1,-112,-1.5,-105,-1.5,-105,-1,-110,-1,-110,-0.5,-115,-1,-112,+1,-112,+1,-110,+1,-108,+1.5,-115,+1.5,-115,+1,-110,+1,-110
Tue Mar 26 2024,Dallas Mavericks,132,Sacramento Kings,96,+2,-110,+1,-110,+1,-110,+1.5,-115,+0.5,-105,+1,-112,+1,-112,+1,-110,+1,-110,-2,-110,-1,-110,-1,-110,-1.5,-105,-0.5,-115,-1,-108,-1,-109
Wed Mar 27 2024,Cleveland Cavaliers,111,Charlotte Hornets,118,-9.5,-106,-9.5,-110,-9.5,-112,-9.5,-110,-9.5,-110,-9.5,-112,-9.5,-114,-9.5,-110,-9.5,-112,+9.5,-114,+9.5,-110,+9.5,-108,+9.5,-110,+9.5,-110,+9.5,-108,+9.5,-107
Wed Mar 27 2024,Golden State Warriors,101,Orlando Magic,93,+4,-110,+4,-105,+4,-110,+4.5,-115,+3.5,-105,+4,-110,+4,-109,+4.5,-115,+4,-110,-4,-110,-4,-115,-4,-110,-4.5,-105,-3.5,-115,-4,-110,-4,-112
Wed Mar 27 2024,Brooklyn Nets,122,Washington Wizards,119,-2.5,-110,-4,-110,-4,-108,-3.5,-115,-3.5,-120,-4,-108,-3.5,-109,-3.5,-115,-4,-108,+2.5,-110,+4,-110,+4,-112,+3.5,-105,+3.5,even,+4,-112,+3.5,-112
Wed Mar 27 2024,Portland Trail Blazers,106,Atlanta Hawks,120,+12.5,-110,+12,-110,+12,-110,+11.5,-105,+11.5,-110,+11.5,even,+12,-112,+11.5,-105,+12,-110,-12.5,-110,-12,-110,-12,-110,-11.5,-115,-11.5,-110,-11.5,-120,-12,-109
Wed Mar 27 2024,Los Angeles Clippers,108,Philadelphia 76ers,107,-5.5,-110,-7,-110,-6.5,-112,-6.5,-115,-6.5,-110,-7,-108,-6.5,-107,-6.5,-110,-6.5,-112,+5.5,-110,+7,-110,+6.5,-108,+6.5,-105,+6.5,-110,+7,-112,+6.5,-114
Wed Mar 27 2024,New York Knicks,145,Toronto Raptors,101,-9,-110,-14,-110,-14,-110,-13.5,-115,-13.5,-115,-14,-108,-13.5,-112,-13.5,-115,-14,-110,+9,-110,+14,-110,+14,-110,+13.5,-105,+13.5,-105,+14,-112,+13.5,-109
Wed Mar 27 2024,Indiana Pacers,99,Chicago Bulls,125,-2.5,-110,-3.5,-110,-3,-112,-3.5,-110,-3.5,-110,-3.5,-108,-2.5,-114,-3.5,-110,-3,-112,+2.5,-110,+3.5,-110,+3,-108,+3.5,-110,+3.5,-110,+3.5,-112,+2.5,-107
Wed Mar 27 2024,Los Angeles Lakers,136,Memphis Grizzlies,124,-5,-110,-4.5,-110,-4.5,-113,-4.5,-110,-3.5,-115,-4.5,-108,-5,-115,-4.5,-115,-4.5,-113,+5,-110,+4.5,-110,+4.5,-115,+4.5,-110,+3.5,-105,+4.5,-112,+5,-114
Wed Mar 27 2024,Detroit Pistons,91,Minnesota Timberwolves,106,+17,-110,+16.5,-110,+16.5,-108,+16.5,-110,+15.5,-115,+16.5,-112,+16.5,-112,+15.5,-115,+16.5,-108,-17,-110,-16.5,-110,-16.5,-114,-16.5,-110,-15.5,-105,-16.5,-108,-16.5,-109
Wed Mar 27 2024,Houston Rockets,132,Oklahoma City Thunder,126,+6.5,-106,+4.5,-110,+5,-112,+4.5,-110,+5.5,-110,+4.5,-108,+5,-109,+5.5,-110,+5,-112,-6.5,-114,-4.5,-110,-5,-108,-4.5,-110,-5.5,-110,-4.5,-112,-5,-112
Wed Mar 27 2024,San Antonio Spurs,118,Utah Jazz,111,-1,-110,+4,-110,+4,-114,+4.5,-115,+4.5,-115,+4,-112,+4,-108,+4.5,-115,+4,-114,+1,-110,-4,-110,-4,-106,-4.5,-105,-4.5,-105,-4,-108,-4,-113
Wed Mar 27 2024,Phoenix Suns,104,Denver Nuggets,97,+5,-110,+5.5,-115,+5.5,-114,+5.5,-115,+6.5,-115,+5.5,-112,+6,-114,+6.5,-115,+5.5,-114,-5,-110,-5.5,-105,-5.5,-106,-5.5,-105,-6.5,-105,-5.5,-108,-6,-107
Thu Mar 28 2024,Boston Celtics,122,Atlanta Hawks,123,-12.5,-110,-16,-110,-16,-108,-15.5,-110,-15.5,-110,-15.5,-110,-15.5,-113,-15.5,-110,-16,-108,+12.5,-110,+16,-110,+16,-112,+15.5,-110,+15.5,-110,+15.5,-110,+15.5,-108
Thu Mar 28 2024,Milwaukee Bucks,100,New Orleans Pelicans,107,-1.5,-110,-2,-110,-2,-112,-2.5,-110,-2.5,-105,-2.5,-105,-2.5,-108,-1.5,-115,-2,-112,+1.5,-110,+2,-110,+2,-108,+2.5,-110,+2.5,-115,+2.5,-115,+2.5,-113
Fri Mar 29 2024,Golden State Warriors,115,Charlotte Hornets,97,+11.5,-112,-12.5,-105,-12,-110,-12.5,-105,-12.5,-110,-12,-112,-12,-112,-12.5,-110,-12,-110,-11.5,-108,+12.5,-115,+12,-110,+12.5,-115,+12.5,-110,+12,-108,+12,-109
Fri Mar 29 2024,Los Angeles Lakers,90,Indiana Pacers,109,+2,-110,+3.5,-110,+3.5,-112,+3.5,-110,+3.5,-120,+3.5,-112,+3.5,-114,+3.5,-115,+3.5,-112,-2,-110,-3.5,-110,-3.5,-108,-3.5,-110,-3.5,even,-3.5,-108,-3.5,-107
Fri Mar 29 2024,Los Angeles Clippers,100,Orlando Magic,97,+1,-112,-1.5,-110,-1.5,-112,-1.5,-110,-1.5,-115,-1.5,-112,-1.5,-117,-1.5,-115,-1.5,-112,-1,-108,+1.5,-110,+1.5,-108,+1.5,-110,+1.5,-105,+1.5,-108,+1.5,-114
Fri Mar 29 2024,Detroit Pistons,96,Washington Wizards,87,+2.5,-110,+3,-110,+3.5,-112,+3.5,-115,+3.5,-115,+3.5,-112,+3.5,-109,+3.5,-115,+3.5,-112,-2.5,-110,-3,-110,-3.5,-108,-3.5,-105,-3.5,-105,-3.5,-108,-3.5,-112
Fri Mar 29 2024,Chicago Bulls,108,Brooklyn Nets,125,-3.5,-110,-3,-110,-3,-108,-3.5,-105,-3.5,-105,-3,-110,-3.5,-106,-3.5,-105,-3,-108,+3.5,-110,+3,-110,+3,-112,+3.5,-115,+3.5,-115,+3,-110,+3.5,-115
Fri Mar 29 2024,Philadelphia 76ers,114,Cleveland Cavaliers,117,+7.5,-110,+7,-115,+7,-110,+6.5,-110,+7.5,-110,+6.5,-105,+7,-114,+7.5,-110,+7,-110,-7.5,-110,-7,-105,-7,-110,-6.5,-110,-7.5,-110,-6.5,-115,-7,-107
Fri Mar 29 2024,Portland Trail Blazers,82,Miami Heat,142,+15.5,-110,+14,-110,+14,-110,+14.5,-110,+13.5,-105,+14.5,-112,+14.5,-113,+13.5,-105,+14,-110,-15.5,-110,-14,-110,-14,-110,-14.5,-110,-13.5,-115,-14.5,-108,-14.5,-108
Fri Mar 29 2024,Phoenix Suns,103,Oklahoma City Thunder,128,+3.5,-110,-2,-110,-2.5,-110,-1.5,-115,-1.5,-110,-2,-108,-2.5,-108,-1.5,-110,-2.5,-110,-3.5,-110,+2,-110,+2.5,-110,+1.5,-105,+1.5,-110,+2,-112,+2.5,-113
Fri Mar 29 2024,New York Knicks,126,San Antonio Spurs,130,-10,-110,-8.5,-110,-8.5,-112,-8.5,-105,-8.5,-105,-8,-112,-8,-118,-8.5,-105,-8.5,-112,+10,-110,+8.5,-110,+8.5,-110,+8.5,-115,+8.5,-115,+8,-108,+8,-113
Fri Mar 29 2024,Minnesota Timberwolves,111,Denver Nuggets,98,+6,-110,+3,-115,+3,-106,+2.5,-105,+3.5,-115,+3,-112,+3,-112,+2.5,-105,+3,-106,-6,-110,-3,-105,-3,-114,-2.5,-115,-3.5,-105,-3,-108,-3,-109
Fri Mar 29 2024,Houston Rockets,101,Utah Jazz,100,-4,-112,-8.5,-110,-8.5,-108,-8.5,-105,-8.5,-115,-8,-112,-8.5,-109,-8.5,-115,-8.5,-108,+4,-108,+8.5,-110,+8.5,-112,+8.5,-115,+8.5,-105,+8,-108,+8.5,-112
Fri Mar 29 2024,Dallas Mavericks,107,Sacramento Kings,103,-1,-108,-1,-110,-1,-110,-1.5,-105,-1.5,even,-1.5,-108,-1,-107,-0.5,-115,-1,-110,+1,-112,+1,-110,+1,-110,+1.5,-115,+1.5,-120,+1.5,-112,+1,-114
Sat Mar 30 2024,Boston Celtics,104,New Orleans Pelicans,92,-4.5,-110,-6,-110,-6,-114,-6.5,-105,-5.5,-120,-6,-108,-6,-113,-5.5,-120,-6,-114,+4.5,-110,+6,-110,+6,-106,+6.5,-115,+5.5,even,+6,-112,+6,-107
Sat Mar 30 2024,Memphis Grizzlies,88,Orlando Magic,118,+12,-108,+13,-110,+13,-112,+12.5,-105,+13.5,-110,+13,-112,+13,-109,+13.5,-110,+13,-112,-12,-112,-13,-110,-13,-108,-12.5,-115,-13.5,-110,-13,-108,-13,-112
Sat Mar 30 2024,Milwaukee Bucks,122,Atlanta Hawks,113,-5,-112,-5,-110,-4.5,-114,-4.5,-115,-4.5,-115,-4.5,-115,-5,-108,-4.5,-120,-4.5,-114,+5,-108,+5,-110,+4.5,-106,+4.5,-105,+4.5,-105,+4.5,-105,+5,-113
Sun Mar 31 2024,Cleveland Cavaliers,101,Denver Nuggets,130,+7,-110,+4.5,-110,+4.5,-112,+4.5,-110,+4.5,-115,+4.5,-108,+4.5,-118,+4.5,-105,+4.5,-112,-7,-110,-4.5,-110,-4.5,-108,-4.5,-110,-4.5,-105,-4.5,-112,-4.5,-113
Sun Mar 31 2024,Los Angeles Lakers,116,Brooklyn Nets,104,-6.5,-110,-6.5,-110,-6.5,-112,-6.5,-110,-6.5,-105,-6.5,-112,-6.5,-110,-6.5,-110,-6.5,-112,+6.5,-110,+6.5,-110,+6.5,-110,+6.5,-110,+6.5,-115,+6.5,-108,+6.5,-110
Sun Mar 31 2024,Los Angeles Clippers,130,Charlotte Hornets,118,-16,-110,-14,-110,-14,-108,-14.5,-105,-14.5,-110,-14,-108,-14,-112,-14.5,-110,-14,-108,+16,-110,+14,-110,+14,-112,+14.5,-115,+14.5,-110,+14,-112,+14,-109
Sun Mar 31 2024,Philadelphia 76ers,135,Toronto Raptors,120,-11.5,-112,-9,-110,-9,-112,-8.5,-115,-9.5,-105,-9,-112,-9,-110,-9.5,-110,-9,-112,+11.5,-110,+9,-110,+9,-108,+8.5,-105,+9.5,-115,+9,-108,+9,-110
Sun Mar 31 2024,Miami Heat,119,Washington Wizards,107,-11.5,-110,-12,-110,-12,-110,-12.5,-105,-12.5,even,-12,-108,-11,-113,-11.5,-120,-12,-110,+11.5,-110,+12,-110,+12,-110,+12.5,-115,+12.5,-120,+12,-112,+11,-108
Sun Mar 31 2024,Dallas Mavericks,125,Houston Rockets,107,-1.5,-110,-3.5,-115,-4,-110,-3.5,-115,-3.5,-110,-4,-110,-3.5,-112,-3.5,-110,-4,-110,+1.5,-110,+3.5,-105,+4,-110,+3.5,-105,+3.5,-110,+4,-110,+3.5,-120
Sun Mar 31 2024,Chicago Bulls,109,Minnesota Timberwolves,101,+8,-110,+8.5,-110,+9,-112,+8.5,-110,+8.5,-110,+8.5,-108,+8.5,-112,+8.5,-110,+9,-112,-8,-110,-8.5,-110,-9,-108,-8.5,-110,-8.5,-110,-8.5,-112,-8.5,-120
Sun Mar 31 2024,Oklahoma City Thunder,113,New York Knicks,112,-1,-110,-1.5,-115,-2,-110,-2.5,-110,-1.5,-110,-2,-110,-2.5,-110,-1.5,-110,-2,-110,+1,-110,+1.5,-105,+2,-110,+2.5,-110,+1.5,-110,+2,-110,+2.5,-110
Sun Mar 31 2024,Golden State Warriors,117,San Antonio Spurs,113,-9,-110,-10.5,-110,-10.5,-110,-10.5,-110,-10.5,-110,-10.5,-110,-11,-108,-10.5,-110,-10.5,-110,+9,-110,+10.5,-110,+10.5,-110,+10.5,-110,+10.5,-110,+10.5,-110,+11,-113
Sun Mar 31 2024,Utah Jazz,106,Sacramento Kings,127,+11.5,-110,+13,-110,+13,-112,+12.5,-105,+12.5,-105,+13,-112,+12.5,-110,+12.5,-105,+13,-112,-11.5,-110,-13,-110,-13,-108,-12.5,-115,-12.5,-115,-13,-108,-12.5,-110
Mon Apr 1 2024,Boston Celtics,118,Charlotte Hornets,104,-17,-110,-18,-110,-18.5,-106,-18.5,-110,-18.5,-105,-18.5,-108,-18,-113,-18.5,-105,-18.5,-106,+17,-110,+18,-110,+18.5,-114,+18.5,-110,+18.5,-115,+18.5,-112,+18,-108
Mon Apr 1 2024,Memphis Grizzlies,110,Detroit Pistons,108,+1,-110,+3,-110,+3,-112,+3.5,-115,+2.5,-115,+2.5,-108,+3,-113,+1.5,-105,+3,-112,-1,-110,-3,-110,-3,-108,-3.5,-105,-2.5,-105,-2.5,-112,-3,-108
Mon Apr 1 2024,Brooklyn Nets,111,Indiana Pacers,133,+9.5,-110,+12.5,-110,+12.5,-112,+12.5,-105,+12.5,-105,+12.5,-108,+12.5,-113,+12.5,-105,+12.5,-112,-9.5,-110,-12.5,-110,-12.5,-108,-12.5,-115,-12.5,-115,-12.5,-112,-12.5,-107
Mon Apr 1 2024,Portland Trail Blazers,103,Orlando Magic,104,+15,-110,+17,-110,+17,-108,+16.5,-110,+17.5,-115,+17,-108,+17.5,-109,+17.5,-115,+17,-108,-15,-110,-17,-110,-17,-112,-16.5,-110,-17.5,-105,-17,-112,-17.5,-112
Mon Apr 1 2024,Atlanta Hawks,113,Chicago Bulls,101,+2.5,-112,+1.5,-110,+2,-108,+2.5,-115,+2.5,-115,+2,-110,+2,-108,+1.5,-105,+2,-108,-2.5,-108,-1.5,-110,-2,-112,-2.5,-105,-2.5,-105,-2,-110,-2,-113
Mon Apr 1 2024,Phoenix Suns,124,New Orleans Pelicans,111,+1,-112,+1,-110,+1,-108,-1.5,even,+0.5,-105,+1.5,-110,+1.5,-113,+0.5,-105,+1,-108,-1,-108,-1,-110,-1,-112,+1.5,-120,-0.5,-115,-1.5,-110,-1.5,-118
Tue Apr 2 2024,Los Angeles Lakers,128,Toronto Raptors,111,-13,-108,-13.5,-110,-13.5,-112,-13.5,-105,-13.5,-105,-13.5,-108,-13.5,-115,-13.5,-105,-13.5,-112,+13,-112,+13.5,-110,+13.5,-108,+13.5,-115,+13.5,-115,+13.5,-112,+13.5,-115
Tue Apr 2 2024,Milwaukee Bucks,113,Washington Wizards,117,-14,-110,-13,-110,-13,-112,-12.5,-115,-12.5,-115,-13,-108,-12.5,-115,-12.5,-115,-13,-112,+14,-110,+13,-110,+13,-108,+12.5,-105,+12.5,-105,+13,-112,+12.5,-115
Tue Apr 2 2024,New York Knicks,99,Miami Heat,109,+3,-110,+2.5,-110,+2.5,-110,+2.5,-110,+2.5,-105,+2.5,-112,+2.5,-109,+2.5,-105,+2.5,-110,-3,-110,-2.5,-110,-2.5,-110,-2.5,-110,-2.5,-115,-2.5,-108,-2.5,-112
Tue Apr 2 2024,Oklahoma City Thunder,105,Philadelphia 76ers,109,-5,-112,+2.5,-110,+3,-112,+2.5,-105,+2.5,even,+3,-110,+3,-118,+3.5,-115,+3,-112,+5,-108,-2.5,-110,-3,-108,-2.5,-115,-2.5,-120,-3,-110,-3,-113
Tue Apr 2 2024,Houston Rockets,106,Minnesota Timberwolves,113,+8,-110,+7.5,-110,+7.5,-110,+7.5,-115,+7.5,-110,+7.5,-115,+7.5,-112,+7.5,-110,+7.5,-110,-8,-110,-7.5,-110,-7.5,-110,-7.5,-105,-7.5,-110,-7.5,-105,-7.5,-109
Tue Apr 2 2024,San Antonio Spurs,105,Denver Nuggets,110,+16.5,-108,+15,-110,+15.5,-110,+15.5,-115,+15.5,-110,+15.5,-112,+15.5,-109,+15.5,-110,+15.5,-110,-16.5,-112,-15,-110,-15.5,-110,-15.5,-105,-15.5,-110,-15.5,-108,-15.5,-112
Tue Apr 2 2024,Cleveland Cavaliers,129,Utah Jazz,113,-11,-110,-9.5,-110,-9.5,-114,-9.5,-110,-9.5,-115,-9.5,-112,-9.5,-110,-9.5,-115,-9.5,-114,+11,-110,+9.5,-110,+9.5,-106,+9.5,-110,+9.5,-105,+9.5,-108,+9.5,-110
Tue Apr 2 2024,Dallas Mavericks,100,Golden State Warriors,104,+1.5,-110,-1.5,-110,-1,-110,-1.5,+105,+0.5,-105,+1,-115,-1,-110,-0.5,-105,-1,-110,-1.5,-110,+1.5,-110,+1,-110,+1.5,-125,-0.5,-115,-1,-105,+1,-110
Tue Apr 2 2024,Los Angeles Clippers,95,Sacramento Kings,109,-1.5,-110,+3,-110,+2.5,-110,+3.5,-115,+2.5,-105,+3,-112,+3,-113,+2.5,-105,+2.5,-110,+1.5,-110,-3,-110,-2.5,-110,-3.5,-105,-2.5,-115,-3,-108,-3,-107
Wed Apr 3 2024,Portland Trail Blazers,89,Charlotte Hornets,86,+1,-112,+1.5,-110,+1.5,-108,+1.5,-110,+1.5,-110,+1.5,-110,+1.5,-112,+1.5,-110,+1.5,-108,-1,-108,-1.5,-110,-1.5,-112,-1.5,-110,-1.5,-110,-1.5,-110,-1.5,-120
Wed Apr 3 2024,Los Angeles Lakers,125,Washington Wizards,120,-12.5,-110,-13,-110,-13,-110,-12.5,-115,-12.5,-120,-13,-108,-13,-109,-12.5,-115,-13,-110,+12.5,-110,+13,-110,+13,-110,+12.5,-105,+12.5,even,+13,-112,+13,-112
Wed Apr 3 2024,Detroit Pistons,113,Atlanta Hawks,121,+13,-110,+12.5,-110,+12.5,-110,+12.5,-115,+12.5,-120,+11.5,-105,+12,-113,+11.5,even,+12.5,-110,-13,-110,-12.5,-110,-12.5,-110,-12.5,-105,-12.5,even,-11.5,-115,-12,-108
Wed Apr 3 2024,Oklahoma City Thunder,100,Boston Celtics,135,+8.5,-110,+12,-110,+12,-106,+12.5,-115,+12.5,-110,+12,-108,+12.5,-117,+12.5,-110,+12,-106,-8.5,-110,-12,-110,-12,-114,-12.5,-105,-12.5,-110,-12,-112,-12.5,-113
Wed Apr 3 2024,Indiana Pacers,111,Brooklyn Nets,115,-7,-110,-7,-110,-7,-108,-6.5,-115,-6.5,-115,-7,-110,-7,-108,-6.5,-115,-7,-108,+7,-110,+7,-110,+7,-112,+6.5,-105,+6.5,-105,+7,-110,+7,-113
Wed Apr 3 2024,Memphis Grizzlies,111,Milwaukee Bucks,101,+13.5,-112,+12.5,-110,+12.5,-110,+12.5,-115,+12.5,-115,+12.5,-112,+12,-107,+12.5,-115,+12.5,-110,-13.5,-108,-12.5,-110,-12.5,-110,-12.5,-105,-12.5,-105,-12.5,-108,-12,-114
Wed Apr 3 2024,Toronto Raptors,85,Minnesota Timberwolves,133,+16,-110,+18,-110,+18,-110,+15.5,-105,+17.5,-110,+18,-112,+17.5,-110,+17.5,-110,+18,-110,-16,-110,-18,-110,-18,-110,-15.5,-115,-17.5,-110,-18,-108,-17.5,-110
Wed Apr 3 2024,Orlando Magic,117,New Orleans Pelicans,108,+4,-110,+4.5,-110,+4.5,-108,+4.5,-110,+4.5,even,+4.5,-108,+4,-109,+4.5,even,+4.5,-108,-4,-110,-4.5,-110,-4.5,-112,-4.5,-110,-4.5,-120,-4.5,-112,-4,-112
Wed Apr 3 2024,Cleveland Cavaliers,101,Phoenix Suns,122,+6,-110,+6,-110,+6,-110,+5.5,-105,+6.5,-105,+6,-108,+6,-110,+6.5,-105,+6,-110,-6,-110,-6,-110,-6,-110,-5.5,-115,-6.5,-115,-6,-112,-6,-110
Thu Apr 4 2024,Atlanta Hawks,95,Dallas Mavericks,109,+10.5,-114,+12,-110,+12,-110,+11.5,-105,+11.5,-105,+11.5,-108,+12,-113,+11.5,-110,+12,-110,-10.5,-108,-12,-110,-12,-110,-11.5,-115,-11.5,-115,-11.5,-112,-12,-108
Thu Apr 4 2024,Philadelphia 76ers,109,Miami Heat,105,+2.5,-108,+2.5,-110,+2.5,-106,+2.5,-105,+2.5,even,+3,-112,+3,-109,+2.5,even,+2.5,-106,-2.5,-112,-2.5,-110,-2.5,-114,-2.5,-115,-2.5,-120,-3,-108,-3,-112
Thu Apr 4 2024,Sacramento Kings,109,New York Knicks,120,+3.5,-110,+4,-110,+4,-110,+3.5,-105,+3.5,-115,+4,-115,+4,-113,+3.5,-115,+4,-110,-3.5,-110,-4,-110,-4,-110,-3.5,-115,-3.5,-105,-4,-105,-4,-108
Thu Apr 4 2024,Golden State Warriors,133,Houston Rockets,110,-3.5,-110,-3,-115,-3,-114,-3.5,-110,-3.5,-110,-3.5,-108,-3,-120,-3.5,-110,-3,-114,+3.5,-110,+3,-105,+3,-106,+3.5,-110,+3.5,-110,+3.5,-112,+3,-112
Thu Apr 4 2024,Denver Nuggets,100,Los Angeles Clippers,102,-1.5,-112,-3,-110,-3.5,-108,-3.5,-110,-3.5,-110,-3.5,-108,-3,-115,-3.5,-110,-3.5,-108,+1.5,-108,+3,-110,+3.5,-112,+3.5,-110,+3.5,-110,+3.5,-112,+3,-106
Fri Apr 5 2024,Orlando Magic,115,Charlotte Hornets,124,-12.5,-110,-12.5,-110,-12.5,-110,-12.5,-105,-12.5,-110,-12,-112,-12.5,-115,-12.5,-110,-12.5,-110,+12.5,-110,+12.5,-110,+12.5,-110,+12.5,-115,+12.5,-110,+12,-108,+12.5,-115
Fri Apr 5 2024,Oklahoma City Thunder,112,Indiana Pacers,126,+4,-110,+6.5,-115,+6.5,-112,+6.5,-110,+6.5,-115,+6.5,-112,+6,-112,+6.5,-115,+6.5,-112,-4,-110,-6.5,-105,-6.5,-108,-6.5,-110,-6.5,-105,-6.5,-108,-6,-109
Fri Apr 5 2024,Portland Trail Blazers,108,Washington Wizards,102,+2.5,-110,+2.5,-110,+3,-110,+2.5,-110,+2.5,-105,+3,-115,+2.5,-110,+2.5,-105,+3,-110,-2.5,-110,-2.5,-110,-3,-110,-2.5,-110,-2.5,-115,-3,-105,-2.5,-110
Fri Apr 5 2024,Sacramento Kings,100,Boston Celtics,101,+8.5,-106,+9,-110,+9.5,-114,+8.5,-105,+9.5,-115,+9,-108,+9.5,-112,+9.5,-115,+9.5,-114,-8.5,-114,-9,-110,-9.5,-106,-8.5,-115,-9.5,-105,-9,-112,-9.5,-109
Fri Apr 5 2024,New York Knicks,100,Chicago Bulls,108,+1,-112,-1.5,-110,-1.5,-112,-1.5,-110,-1.5,-110,-1.5,-110,-1.5,-114,-1.5,-110,-1.5,-112,-1,-108,+1.5,-110,+1.5,-108,+1.5,-110,+1.5,-110,+1.5,-110,+1.5,-117
Fri Apr 5 2024,Miami Heat,119,Houston Rockets,104,+1,-112,-3,-115,-3,-112,-3.5,-110,-3.5,-115,-3.5,-108,-3.5,-108,-3.5,-115,-3,-112,-1,-108,+3,-105,+3,-108,+3.5,-110,+3.5,-105,+3.5,-112,+3.5,-113
Fri Apr 5 2024,Detroit Pistons,90,Memphis Grizzlies,108,-1,-110,-1,-105,-1,-108,-1.5,even,-1.5,-110,-1,-105,+1,-110,-1.5,-110,-1,-108,+1,-110,+1,-115,+1,-112,+1.5,-120,+1.5,-110,+1,-115,-1,-110
Fri Apr 5 2024,Toronto Raptors,117,Milwaukee Bucks,111,+17,-110,+14.5,-110,+14,-110,+14.5,-105,+14.5,-110,+14.5,-112,+14,-108,+14.5,-110,+14,-110,-17,-110,-14.5,-110,-14,-110,-14.5,-115,-14.5,-110,-14.5,-108,-14,-113
Fri Apr 5 2024,San Antonio Spurs,111,New Orleans Pelicans,109,+10.5,-110,+11.5,-110,+11,-112,+11.5,-110,+11.5,-115,+11.5,-112,+11,-110,+11.5,even,+11,-112,-10.5,-110,-11.5,-110,-11,-108,-11.5,-110,-11.5,-105,-11.5,-108,-11,-110
Fri Apr 5 2024,Golden State Warriors,106,Dallas Mavericks,108,+5,-110,+1,-120,-1,-110,+1.5,-130,-1.5,-105,-1,-105,-1,-106,-0.5,-110,-1,-110,-5,-110,-1,even,+1,-110,-1.5,+105,+1.5,-115,+1,-115,+1,-115
Fri Apr 5 2024,Minnesota Timberwolves,87,Phoenix Suns,97,+3,-110,+4.5,-105,+4.5,-106,+4.5,-105,+4.5,-110,+5,-112,+4.5,-113,+4.5,-110,+4.5,-106,-3,-110,-4.5,-115,-4.5,-114,-4.5,-115,-4.5,-110,-5,-108,-4.5,-108
Fri Apr 5 2024,Utah Jazz,102,Los Angeles Clippers,131,+13.5,-110,+12.5,-110,+12.5,-108,+12.5,-110,+12.5,-105,+12.5,-108,+12.5,-112,+12.5,-105,+12.5,-108,-13.5,-110,-12.5,-110,-12.5,-112,-12.5,-110,-12.5,-115,-12.5,-112,-12.5,-109
Sat Apr 6 2024,Cleveland Cavaliers,97,Los Angeles Lakers,116,+4.5,-110,+5,-110,+5,-114,+4.5,-110,+4.5,-105,+4.5,-108,+5,-114,+5.5,-115,+5,-114,-4.5,-110,-5,-110,-5,-106,-4.5,-110,-4.5,-115,-4.5,-112,-5,-107
Sat Apr 6 2024,Detroit Pistons,103,Brooklyn Nets,113,+9.5,-110,+10.5,-110,+10,-106,+10.5,-115,+10.5,-115,+10.5,-115,+10.5,-110,+10.5,-115,+10,-106,-9.5,-110,-10.5,-110,-10,-114,-10.5,-105,-10.5,-105,-10.5,-105,-10.5,-110
Sat Apr 6 2024,Philadelphia 76ers,116,Memphis Grizzlies,96,-12,-110,-15,-110,-14.5,-112,-14.5,-115,-15.5,-110,-14.5,-112,-14.5,-113,-15.5,-110,-14.5,-112,+12,-110,+15,-110,+14.5,-108,+14.5,-105,+15.5,-110,+14.5,-108,+14.5,-108
Sat Apr 6 2024,Atlanta Hawks,110,Denver Nuggets,142,+12,-110,+10.5,-110,+10.5,-110,+10.5,-110,+10.5,-105,+10.5,-108,+11,-113,+11.5,-105,+10.5,-110,-12,-110,-10.5,-110,-10.5,-110,-10.5,-110,-10.5,-115,-10.5,-112,-11,-108
Sun Apr 7 2024,Houston Rockets,136,Dallas Mavericks,147,+5.5,-110,+9,-110,+9,-108,+8.5,-105,+9.5,-115,+9,-108,+9,-113,+9.5,-115,+9,-108,-5.5,-110,-9,-110,-9,-112,-8.5,-115,-9.5,-105,-9,-112,-9,-108
Sun Apr 7 2024,Cleveland Cavaliers,118,Los Angeles Clippers,120,+4.5,-110,+4,-105,+4,-110,+4.5,-110,+4.5,-115,+4,-110,+4,-112,+4.5,-115,+4,-110,-4.5,-110,-4,-115,-4,-110,-4.5,-110,-4.5,-105,-4,-110,-4,-109
Sun Apr 7 2024,Miami Heat,115,Indiana Pacers,117,+1,-110,+3,-115,+3,-108,+2.5,-105,+2.5,-105,+3,-112,+3,-114,+2.5,-105,+3,-108,-1,-110,-3,-105,-3,-112,-2.5,-115,-2.5,-115,-3,-108,-3,-106
Sun Apr 7 2024,Portland Trail Blazers,107,Boston Celtics,124,+17.5,-112,+17,-110,+17,-108,+17.5,-115,+16.5,-115,+16.5,-108,+16.5,-108,+16.5,-115,+17,-108,-17.5,-108,-17,-110,-17,-112,-17.5,-105,-16.5,-105,-16.5,-112,-16.5,-113
Sun Apr 7 2024,Oklahoma City Thunder,121,Charlotte Hornets,118,-9,-110,-7.5,-110,-7.5,-110,+2.5,-450,-7.5,-110,-7.5,-110,-7.5,-109,-7.5,-110,-7.5,-110,+9,-110,+7.5,-110,+7.5,-110,-2.5,+333,+7.5,-110,+7.5,-110,+7.5,-112
Sun Apr 7 2024,Chicago Bulls,98,Orlando Magic,113,+8,-110,+7,-110,+7,-108,+7.5,-110,+6.5,-105,+7.5,-112,+7.5,-112,+6.5,-105,+7,-108,-8,-110,-7,-110,-7,-112,-7.5,-110,-6.5,-115,-7.5,-108,-7.5,-109
Sun Apr 7 2024,New Orleans Pelicans,113,Phoenix Suns,105,+5.5,-110,+6,-110,+5.5,-106,+5.5,-105,+5.5,-110,+5.5,-108,+5.5,-108,+5.5,-110,+5.5,-106,-5.5,-110,-6,-110,-5.5,-114,-5.5,-115,-5.5,-110,-5.5,-112,-5.5,-113
Sun Apr 7 2024,Washington Wizards,122,Toronto Raptors,130,+4.5,-110,+5,-105,+5,-108,+4.5,-105,+4.5,-110,+5,-110,+5.5,-112,+4.5,-110,+5,-108,-4.5,-110,-5,-115,-5,-112,-4.5,-115,-4.5,-110,-5,-110,-5.5,-108
Sun Apr 7 2024,New York Knicks,122,Milwaukee Bucks,109,+1,-112,+4,-105,+4.5,-112,+5.5,-135,+4.5,-110,+4,-108,+4,-113,+4.5,-110,+4.5,-112,-1,-108,-4,-115,-4.5,-108,-5.5,+110,-4.5,-110,-4,-112,-4,-108
Sun Apr 7 2024,Philadelphia 76ers,133,San Antonio Spurs,126,-9,-110,-3,-110,-3.5,-112,-3.5,-105,-3.5,-115,-4,-105,-3.5,-109,-3.5,-115,-3.5,-112,+9,-110,+3,-110,+3.5,-108,+3.5,-115,+3.5,-105,+4,-115,+3.5,-112
Sun Apr 7 2024,Sacramento Kings,107,Brooklyn Nets,77,-6.5,-110,-10.5,-110,-11,-110,-10.5,-110,-10.5,-105,-10.5,-110,-10.5,-110,-10.5,-115,-11,-110,+6.5,-110,+10.5,-110,+11,-110,+10.5,-110,+10.5,-115,+10.5,-110,+10.5,-110
Sun Apr 7 2024,Utah Jazz,110,Golden State Warriors,118,+12.5,-110,+13,-110,+13,-110,+12.5,-105,+12.5,-105,+13,-110,+12.5,-118,+12.5,-105,+13,-110,-12.5,-110,-13,-110,-13,-110,-12.5,-115,-12.5,-115,-13,-110,-12.5,-113
Sun Apr 7 2024,Minnesota Timberwolves,127,Los Angeles Lakers,117,+4,-110,-2,-110,-2,-110,-2.5,-110,-2.5,-105,-2,-110,-2,-112,-1.5,-110,-2,-110,-4,-110,+2,-110,+2,-110,+2.5,-110,+2.5,-115,+2,-110,+2,-109
Tue Apr 9 2024,Dallas Mavericks,130,Charlotte Hornets,104,-9.5,-110,-12.5,-110,-12.5,-115,-12.5,-110,-12.5,even,-12.5,-112,-13,-109,-12.5,-105,-12.5,-115,+9.5,-110,+12.5,-110,+12.5,-113,+12.5,-110,+12.5,-120,+12.5,-108,+13,-112
Tue Apr 9 2024,Detroit Pistons,102,Philadelphia 76ers,120,+15,-110,+15.5,-110,+15.5,-114,+14.5,-105,+15.5,-115,+15.5,-112,+15,-109,+15.5,-115,+15.5,-114,-15,-110,-15.5,-110,-15.5,-106,-14.5,-115,-15.5,-105,-15.5,-108,-15,-112
Tue Apr 9 2024,Indiana Pacers,140,Toronto Raptors,123,-7.5,-110,-14,-115,-14,-110,-14.5,-105,-14.5,-105,-14,-112,-14,-110,-14.5,-105,-14,-110,+7.5,-110,+14,-105,+14,-110,+14.5,-115,+14.5,-115,+14,-108,+14,-110
Tue Apr 9 2024,Miami Heat,117,Atlanta Hawks,111,-2.5,-110,-3.5,-110,-3.5,-108,-3.5,-110,-3.5,-115,-3.5,-112,-3.5,-109,-3.5,-115,-3.5,-108,+2.5,-110,+3.5,-110,+3.5,-112,+3.5,-110,+3.5,-105,+3.5,-108,+3.5,-112
Tue Apr 9 2024,Boston Celtics,91,Milwaukee Bucks,104,+1,-110,+3.5,-110,+3.5,-110,+3.5,-105,+3.5,-105,+3.5,-110,+3.5,-110,+3.5,-105,+3.5,-110,-1,-110,-3.5,-110,-3.5,-110,-3.5,-115,-3.5,-115,-3.5,-110,-3.5,-110
Tue Apr 9 2024,New York Knicks,128,Chicago Bulls,117,-1,-110,-5,-105,-5,-112,-4.5,-115,-5.5,-105,-5,-110,-5,-114,-4.5,-115,-5,-112,+1,-110,+5,-115,+5,-108,+4.5,-105,+5.5,-115,+5,-110,+5,-117
Tue Apr 9 2024,Orlando Magic,106,Houston Rockets,118,-1.5,-112,-2.5,-110,-2.5,-114,-2.5,-110,-2.5,-115,-2.5,-110,-3,-110,-2.5,-115,-2.5,-114,+1.5,-108,+2.5,-110,+2.5,-106,+2.5,-110,+2.5,-105,+2.5,-110,+3,-110
Tue Apr 9 2024,San Antonio Spurs,102,Memphis Grizzlies,87,-2.5,-108,-6,-110,-5.5,-110,-5.5,-115,-6.5,even,-5.5,-112,-6,-108,-5.5,-120,-5.5,-110,+2.5,-112,+6,-110,+5.5,-110,+5.5,-105,+6.5,-120,+5.5,-108,+6,-113
Tue Apr 9 2024,Washington Wizards,121,Minnesota Timberwolves,130,+16.5,-112,+18.5,-110,+18,-110,+18.5,-115,+18.5,-115,+18,-108,+18.5,-112,+18.5,-115,+18,-110,-16.5,-108,-18.5,-110,-18,-110,-18.5,-105,-18.5,-105,-18,-112,-18.5,-109
Tue Apr 9 2024,Sacramento Kings,105,Oklahoma City Thunder,112,+2.5,-110,+5.5,-115,+5.5,-110,+5.5,-115,+5.5,-110,+5.5,-118,+5.5,-113,+5.5,-110,+5.5,-110,-2.5,-110,-5.5,-105,-5.5,-110,-5.5,-105,-5.5,-110,-5.5,-102,-5.5,-108
Tue Apr 9 2024,Denver Nuggets,111,Utah Jazz,95,-13.5,-110,-15.5,-110,-15.5,-110,-15.5,-110,-15.5,-110,-15.5,-110,-15.5,-110,-15.5,-110,-15.5,-110,+13.5,-110,+15.5,-110,+15.5,-110,+15.5,-110,+15.5,-110,+15.5,-110,+15.5,-110
Tue Apr 9 2024,Golden State Warriors,134,Los Angeles Lakers,120,+2.5,-112,-2,-110,-2,-110,-2.5,-105,-1.5,-110,-2,-110,-2,-113,-1.5,-115,-2,-110,-2.5,-108,+2,-110,+2,-110,+2.5,-115,+1.5,-110,+2,-110,+2,-108
Tue Apr 9 2024,Los Angeles Clippers,105,Phoenix Suns,92,+2.5,-110,+9.5,-110,+9.5,-112,+10.5,-125,+9.5,-110,+9.5,-112,+9,-108,+9.5,-110,+9.5,-112,-2.5,-110,-9.5,-110,-9.5,-108,-10.5,+105,-9.5,-110,-9.5,-108,-9,-113
Tue Apr 9 2024,New Orleans Pelicans,110,Portland Trail Blazers,100,-10,-108,-14,-110,-14,-110,-13.5,-115,-14.5,-105,-14,-112,-14,-112,-14.5,-105,-14,-110,+10,-112,+14,-110,+14,-110,+13.5,-105,+14.5,-115,+14,-108,+14,-109
Wed Apr 10 2024,Memphis Grizzlies,98,Cleveland Cavaliers,110,+17,-110,+19.5,-110,+18.5,+102,+19.5,-110,+19.5,-105,+19,-108,+15,-120,+19.5,-115,+18.5,+102,-17,-110,-19.5,-110,-18.5,-124,-19.5,-110,-19.5,-115,-19,-112,-15,-114
Wed Apr 10 2024,Charlotte Hornets,115,Atlanta Hawks,114,+12.5,-108,+8.5,-110,+8.5,-108,+8.5,-110,+8.5,-110,+8.5,-110,+10,-118,+8.5,-110,+8.5,-108,-12.5,-112,-8.5,-110,-8.5,-112,-8.5,-110,-8.5,-110,-8.5,-110,-10,-115
Wed Apr 10 2024,Toronto Raptors,102,Brooklyn Nets,106,+10.5,-110,+12,-110,+12,-110,+9.5,-105,+11.5,-105,+12,-112,+12,-108,+11.5,-105,+12,-110,-10.5,-110,-12,-110,-12,-110,-9.5,-115,-11.5,-115,-12,-108,-12,-113
Wed Apr 10 2024,Dallas Mavericks,111,Miami Heat,92,-1,-110,-2.5,-110,-3,-110,-2.5,-115,-2.5,-105,-2.5,-112,-17.5,-117,-1.5,-115,-3,-110,+1,-110,+2.5,-110,+3,-110,+2.5,-105,+2.5,-115,+2.5,-108,+17.5,-117
Wed Apr 10 2024,Orlando Magic,99,Milwaukee Bucks,117,+1,-108,-1.5,-115,-2,-110,-1.5,-115,-1.5,-110,-1.5,-112,-1.5,-113,-2.5,-110,-2,-110,-1,-112,+1.5,-105,+2,-110,+1.5,-105,+1.5,-110,+1.5,-108,+1.5,-108
Wed Apr 10 2024,San Antonio Spurs,89,Oklahoma City Thunder,127,+15,-110,+17,-110,+17,-110,+17.5,-115,+17.5,-115,+17,-110,+23,-120,+17.5,-110,+17,-110,-15,-110,-17,-110,-17,-110,-17.5,-105,-17.5,-105,-17,-110,-23,-118
Wed Apr 10 2024,Minnesota Timberwolves,107,Denver Nuggets,116,+6,-110,+7,-105,+7.5,-110,+7.5,-110,+7.5,-115,+7.5,-115,+7.5,-114,+7.5,-115,+7.5,-110,-6,-110,-7,-115,-7.5,-110,-7.5,-110,-7.5,-105,-7.5,-105,-7.5,-107
Wed Apr 10 2024,Phoenix Suns,124,Los Angeles Clippers,108,-2.5,-108,-12,-110,-12,-110,-12.5,-105,-11.5,-110,-11.5,-112,-11.5,-109,-11.5,-110,-12,-110,+2.5,-112,+12,-110,+12,-110,+12.5,-115,+11.5,-110,+11.5,-108,+11.5,-112
Thu Apr 11 2024,Chicago Bulls,127,Detroit Pistons,105,-9.5,-110,-11,-110,-11,-112,-10.5,-115,-9.5,-115,-11,-108,-11,-109,-11.5,-110,-11,-112,+9.5,-110,+11,-110,+11,-108,+10.5,-105,+9.5,-105,+11,-112,+11,-112
Thu Apr 11 2024,New York Knicks,118,Boston Celtics,109,+1,-110,+3,-110,+3.5,-112,+2.5,-105,-2.5,-110,+3.5,-112,+3,-107,+2.5,-105,+3.5,-112,-1,-110,-3,-110,-3.5,-108,-2.5,-115,+2.5,-110,-3.5,-108,-3,-114
Thu Apr 11 2024,Houston Rockets,121,Utah Jazz,124,-5,-112,-11,-110,-11.5,-108,-10.5,-115,-10.5,-105,-11,-110,-11,-113,-10.5,-115,-11.5,-108,+5,-108,+11,-110,+11.5,-112,+10.5,-105,+10.5,-115,+11,-110,+11,-108
Thu Apr 11 2024,Golden State Warriors,100,Portland Trail Blazers,92,-14,-112,-13,-110,-13.5,-112,-13.5,-105,-14.5,-105,-13,-112,-13,-112,-13.5,-110,-13.5,-112,+14,-108,+13,-110,+13.5,-108,+13.5,-115,+14.5,-115,+13,-108,+13,-109
Thu Apr 11 2024,New Orleans Pelicans,135,Sacramento Kings,123,+1.5,-112,+1.5,-110,+1.5,-108,+1.5,-110,+1.5,-120,+1.5,-110,+1.5,-112,+1.5,-115,+1.5,-108,-1.5,-108,-1.5,-110,-1.5,-112,-1.5,-110,-1.5,even,-1.5,-110,-1.5,-109
Fri Apr 12 2024,Orlando Magic,113,Philadelphia 76ers,125,+6.5,-112,+6.5,-115,+6.5,-112,+6.5,-110,+6.5,-112,+6.5,-120,+6.5,-115,+6.5,-112,-6.5,-108,-6.5,-105,-6.5,-108,-6.5,-110,-6.5,-108,-6.5,-112,-6.5,-105,-6.5,-108
Fri Apr 12 2024,Chicago Bulls,129,Washington Wizards,127,-4,-110,+1.5,-110,+1.5,-108,+1.5,-110,+1.5,-108,+1.5,-112,-0.5,-105,+1.5,-108,+4,-110,-1.5,-110,-1.5,-112,-1.5,-110,-1.5,-112,-1.5,-109,+0.5,-115,-1.5,-112
Fri Apr 12 2024,Charlotte Hornets,98,Boston Celtics,131,+11.5,-112,+7.5,-115,+7.5,-108,+7.5,-110,+7.5,-115,+7,-112,+7.5,-105,+7.5,-108,-11.5,-108,-7.5,-105,-7.5,-112,-7.5,-110,-7.5,-105,-7,-109,-7.5,-115,-7.5,-112
Fri Apr 12 2024,Indiana Pacers,120,Cleveland Cavaliers,129,+3,-110,+2.5,-105,+3,-112,+2.5,-105,+2.5,-108,+3,-113,+3.5,-115,+3,-112,-3,-110,-2.5,-115,-3,-108,-2.5,-115,-2.5,-112,-3,-108,-3.5,-105,-3,-108
Fri Apr 12 2024,Brooklyn Nets,107,New York Knicks,111,+10.5,-110,+11.5,-115,+11.5,-112,+11.5,-110,+11.5,-110,+11.5,-110,+11.5,-110,+11.5,-112,-10.5,-110,-11.5,-105,-11.5,-108,-11.5,-110,-11.5,-110,-11.5,-110,-11.5,-110,-11.5,-108
Fri Apr 12 2024,Los Angeles Lakers,123,Memphis Grizzlies,120,-12.5,-110,-15.5,-110,-16,-110,-15.5,-115,-15.5,-110,-15.5,-109,-16.5,-105,-16,-110,+12.5,-110,+15.5,-110,+16,-110,+15.5,-105,+15.5,-110,+15.5,-112,+16.5,-115,+16,-110
Fri Apr 12 2024,Toronto Raptors,103,Miami Heat,125,+15,-110,+14,-110,+14,-110,+14.5,-105,+14,-110,+14,-109,+13.5,-105,+14,-110,-15,-110,-14,-110,-14,-110,-14.5,-115,-14,-110,-14,-112,-13.5,-115,-14,-110
Fri Apr 12 2024,Atlanta Hawks,106,Minnesota Timberwolves,109,+10.5,-112,+12,-110,+12.5,-110,+12.5,-115,+12,-112,+12,-109,+12.5,-110,+12.5,-110,-10.5,-108,-12,-110,-12.5,-110,-12.5,-105,-12,-108,-12,-112,-12.5,-110,-12.5,-110
Fri Apr 12 2024,Milwaukee Bucks,107,Oklahoma City Thunder,125,+8,-110,+14,-110,+14,-108,+13.5,-105,+14,-110,+14.5,-109,+14.5,-110,+14,-108,-8,-110,-14,-110,-14,-112,-13.5,-115,-14,-110,-14.5,-112,-14.5,-110,-14,-112
Fri Apr 12 2024,Denver Nuggets,120,San Antonio Spurs,121,-11,-110,-11.5,-110,-11.5,-108,-11.5,-110,-12,-112,-11.5,-110,-11.5,-110,-11.5,-108,+11,-110,+11.5,-110,+11.5,-112,+11.5,-110,+12,-108,+11.5,-110,+11.5,-110,+11.5,-112
Fri Apr 12 2024,Detroit Pistons,107,Dallas Mavericks,89,+15.5,-110,+11,-105,+11,-110,+11.5,-110,+11,-108,+11.5,-113,+13.5,-160,+11,-110,-15.5,-110,-11,-115,-11,-110,-11.5,-110,-11,-112,-11.5,-108,-13.5,+125,-11,-110
Fri Apr 12 2024,New Orleans Pelicans,114,Golden State Warriors,109,+3,-110,+4.5,-115,+4,-110,+4.5,-115,+4.5,-112,+4,-110,+3.5,-105,+4,-110,-3,-110,-4.5,-105,-4,-110,-4.5,-105,-4.5,-108,-4,-110,-3.5,-115,-4,-110
Fri Apr 12 2024,Houston Rockets,116,Portland Trail Blazers,107,-3.5,-112,-6,-115,-6,-110,-6.5,-110,-6.5,-108,-6,-113,-6.5,-110,-6,-110,+3.5,-108,+6,-105,+6,-110,+6.5,-110,+6.5,-112,+6,-108,+6.5,-110,+6,-110
Fri Apr 12 2024,Utah Jazz,110,Los Angeles Clippers,109,+14.5,-110,+16,-110,+15.5,-108,+15.5,-110,+16,-112,+16,-110,+15.5,-110,+15.5,-108,-14.5,-110,-16,-110,-15.5,-112,-15.5,-110,-16,-108,-16,-110,-15.5,-110,-15.5,-112
Fri Apr 12 2024,Phoenix Suns,108,Sacramento Kings,107,-2.5,-110,-4.5,-110,-4.5,-112,-4.5,-110,-4.5,-110,-4.5,-109,-4.5,-105,-4.5,-112,+2.5,-110,+4.5,-110,+4.5,-108,+4.5,-110,+4.5,-110,+4.5,-112,+4.5,-115,+4.5,-108
Sun Apr 14 2024,Washington Wizards,122,Boston Celtics,132,+10,-110,+10,-110,+10,-108,+9.5,-105,+10,-108,+10,-108,+9.5,-105,+10,-108,-10,-110,-10,-110,-10,-112,-9.5,-115,-10,-112,-10,-113,-9.5,-115,-10,-112
Sun Apr 14 2024,Charlotte Hornets,120,Cleveland Cavaliers,110,+17.5,-110,+14,-110,+14.5,-110,+14.5,-115,+14.5,-112,+14,-109,+14.5,-110,+14.5,-110,-17.5,-110,-14,-110,-14.5,-110,-14.5,-105,-14.5,-108,-14,-112,-14.5,-110,-14.5,-110
Sun Apr 14 2024,Atlanta Hawks,115,Indiana Pacers,157,+11,-110,+13.5,-110,+14,-110,+13.5,-110,+14,-112,+14.5,-113,+13.5,-110,+14,-110,-11,-110,-13.5,-110,-14,-110,-13.5,-110,-14,-108,-14.5,-108,-13.5,-110,-14,-110
Sun Apr 14 2024,Toronto Raptors,103,Miami Heat,118,+16,-110,+16,-110,+16.5,-110,+15.5,-115,+16,-108,+16.5,-109,+15.5,-110,+16.5,-110,-16,-110,-16,-110,-16.5,-110,-15.5,-105,-16,-112,-16.5,-112,-15.5,-110,-16.5,-110
Sun Apr 14 2024,Chicago Bulls,119,New York Knicks,120,+16,-110,+13.5,-110,+13.5,-110,+12.5,-105,+13,-110,+13.5,-109,+14.5,-110,+13.5,-110,-16,-110,-13.5,-110,-13.5,-110,-12.5,-115,-13,-110,-13.5,-112,-14.5,-110,-13.5,-110
Sun Apr 14 2024,Milwaukee Bucks,88,Orlando Magic,113,+4.5,-106,+6,-110,+6,-110,+5.5,-105,+6,-108,+5.5,-107,+5.5,even,+6,-110,-4.5,-114,-6,-110,-6,-110,-5.5,-115,-6,-112,-5.5,-113,-5.5,-120,-6,-110
Sun Apr 14 2024,Brooklyn Nets,86,Philadelphia 76ers,107,+14.5,-110,+13,-110,+13,-110,+12.5,-105,+12.5,-110,+12.5,-108,+13.5,-115,+13,-110,-14.5,-110,-13,-110,-13,-110,-12.5,-115,-12.5,-110,-12.5,-113,-13.5,-105,-13,-110
Sun Apr 14 2024,Utah Jazz,116,Golden State Warriors,123,+6.5,-110,+11,-110,+11,-110,+10.5,-115,+11,-112,+10.5,-113,+11.5,-115,+11,-110,-6.5,-110,-11,-110,-11,-110,-10.5,-105,-11,-108,-10.5,-110,-11.5,-105,-11,-110
Sun Apr 14 2024,Houston Rockets,116,Los Angeles Clippers,105,-1,-110,-4,-110,-4,-112,-4.5,-105,-4,-112,-5,-108,-3.5,-120,-4,-112,+1,-110,+4,-110,+4,-108,+4.5,-115,+4,-108,+5,-115,+3.5,even,+4,-108
Sun Apr 14 2024,Denver Nuggets,126,Memphis Grizzlies,111,-15,-110,-13.5,-115,-14,-110,-14.5,-105,-13.5,-112,-14,-109,-13.5,-110,-14,-110,+15,-110,+13.5,-105,+14,-110,+14.5,-115,+13.5,-108,+14,-112,+13.5,-110,+14,-110
Sun Apr 14 2024,Phoenix Suns,125,Minnesota Timberwolves,106,+3.5,-108,+2.5,-115,+2,-106,+2.5,-110,+2.5,-108,+2.5,-114,+1.5,-105,+2,-106,-3.5,-112,-2.5,-105,-2,-114,-2.5,-110,-2.5,-112,-2.5,-107,-1.5,-115,-2,-114
Sun Apr 14 2024,Los Angeles Lakers,124,New Orleans Pelicans,108,+3,-110,+1.5,-110,+2,-112,+1.5,-110,+1.5,-110,+1.5,-109,-0.5,-105,+2,-112,-3,-110,-1.5,-110,-2,-108,-1.5,-110,-1.5,-110,-1.5,-112,+0.5,-115,-2,-108
Sun Apr 14 2024,Dallas Mavericks,86,Oklahoma City Thunder,135,+16.5,-110,+19.5,-105,+19.5,-108,+19.5,-110,+19.5,-110,+20,-112,+19.5,-110,+19.5,-108,-16.5,-110,-19.5,-115,-19.5,-112,-19.5,-110,-19.5,-110,-20,-109,-19.5,-110,-19.5,-112
Sun Apr 14 2024,Portland Trail Blazers,82,Sacramento Kings,121,+16.5,-110,+17,-110,+17.5,-110,+17.5,-115,+17.5,-110,+17.5,-110,+16.5,-105,+17.5,-110,-16.5,-110,-17,-110,-17.5,-110,-17.5,-105,-17.5,-110,-17.5,-110,-16.5,-115,-17.5,-110
Sun Apr 14 2024,Detroit Pistons,95,San Antonio Spurs,123,+11,-110,+4.5,-105,+4.5,-110,+4.5,-105,+5,-112,+4.5,-110,+5.5,-115,+4.5,-110,-11,-110,-4.5,-115,-4.5,-110,-4.5,-115,-5,-108,-4.5,-110,-5.5,-105,-4.5,-110
Tue Apr 16 2024,Los Angeles Lakers,110,New Orleans Pelicans,106,N/A,+1,-110,+1,-112,+1.5,-115,+1,-115,+1,-108,+1,-117,+1.5,-110,+1.5,-115,N/A,-1,-110,-1,-108,-1.5,-105,-1,-105,-1,-112,-1,-114,-1.5,-110
Tue Apr 16 2024,Golden State Warriors,94,Sacramento Kings,118,N/A,-3,-110,-3,-114,-2.5,-110,-3,-120,-2.5,-112,-3.5,-106,-3.5,-105,-2.5,-110,N/A,+3,-110,+3,-106,+2.5,-110,+3,even,+2.5,-108,+3.5,-115,+3.5,-115
Wed Apr 17 2024,Miami Heat,104,Philadelphia 76ers,105,+5,-110,+5.5,-110,+6,-112,+5.5,-110,+5.5,-108,+5.5,-108,+5.5,-110,+6,-112,-5,-110,-5.5,-110,-6,-108,-5.5,-110,-5.5,-112,-5.5,-113,-5.5,-110,-6,-108
Wed Apr 17 2024,Atlanta Hawks,116,Chicago Bulls,131,+3,-108,+3,-110,+3,-110,+3.5,-115,+3,-105,+3,-114,+3.5,-115,+3,-110,-3,-112,-3,-110,-3,-110,-3.5,-105,-3,-115,-3,-117,-3.5,-105,-3,-110
Fri Apr 19 2024,Chicago Bulls,91,Miami Heat,112,+2.5,-112,+2.5,-110,+2,-108,+2.5,-110,+2,-110,+2.5,-113,+1.5,-105,+2,-108,-2.5,-108,-2.5,-110,-2,-112,-2.5,-110,-2,-110,-2.5,-108,-1.5,-115,-2,-112
Fri Apr 19 2024,Sacramento Kings,98,New Orleans Pelicans,105,+4,-106,+1.5,-110,+1.5,-110,+1.5,-110,+1.5,-110,+1,-108,+1.5,-110,+1.5,-110,-4,-114,-1.5,-110,-1.5,-110,-1.5,-110,-1.5,-110,-1,-113,-1.5,-110,-1.5,-110
Sat Apr 20 2024,Orlando Magic,83,Cleveland Cavaliers,97,+4.5,-110,+5.5,-110,+5.5,-108,+16.5,-500,+5,-110,+5,-113,+5.5,-110,+5.5,-108,-4.5,-110,-5.5,-110,-5.5,-112,-16.5,+375,-5,-110,-5,-118,-5.5,-110,-5.5,-112
Sat Apr 20 2024,Phoenix Suns,95,Minnesota Timberwolves,120,+2,-112,+2.5,-115,+2.5,-110,+13.5,-550,+1.5,-110,+2.5,-110,+2.5,-110,+2.5,-110,-2,-108,-2.5,-105,-2.5,-110,-13.5,+400,-1.5,-110,-2.5,-110,-2.5,-110,-2.5,-110
Sat Apr 20 2024,Philadelphia 76ers,104,New York Knicks,111,+3,-110,+4.5,-110,+4.5,-108,+4.5,-110,+4.5,-112,+4.5,-110,+4.5,-110,+4.5,-108,-3,-110,-4.5,-110,-4.5,-112,-4.5,-110,-4.5,-108,-4.5,-110,-4.5,-110,-4.5,-112
Sat Apr 20 2024,Los Angeles Lakers,103,Denver Nuggets,114,+7.5,-110,+6.5,-110,+6.5,-108,+6.5,-110,+6.5,-110,+6.5,-113,+6.5,-105,+6.5,-108,-7.5,-110,-6.5,-110,-6.5,-112,-6.5,-110,-6.5,-110,-6.5,-108,-6.5,-115,-6.5,-112
Sun Apr 21 2024,Miami Heat,94,Boston Celtics,114,+13.5,-110,+14.5,-110,+14.5,-112,+14.5,-115,+14.5,-110,+15,-112,+14.5,-110,+14.5,-112,-13.5,-110,-14.5,-110,-14.5,-108,-14.5,-105,-14.5,-110,-15,-109,-14.5,-110,-14.5,-108
Sun Apr 21 2024,Dallas Mavericks,97,Los Angeles Clippers,109,+2,-110,-3.5,-110,-3.5,-108,-3.5,-110,-3,-110,-3.5,-112,-3.5,-110,-3.5,-108,-2,-110,+3.5,-110,+3.5,-112,+3.5,-110,+3,-110,+3.5,-109,+3.5,-110,+3.5,-112
Sun Apr 21 2024,Indiana Pacers,94,Milwaukee Bucks,109,+3.5,-114,-1.5,-110,-1.5,-108,-1.5,-105,-1,-112,-1,-112,-0.5,-115,-1.5,-108,-3.5,-106,+1.5,-110,+1.5,-112,+1.5,-115,+1,-108,+1,-109,+0.5,-105,+1.5,-112
Sun Apr 21 2024,New Orleans Pelicans,92,Oklahoma City Thunder,94,+7.5,-110,+9,-110,+9.5,-112,+8.5,-110,+9,-110,+9,-112,+9.5,-115,+9.5,-112,-7.5,-110,-9,-110,-9.5,-108,-8.5,-110,-9,-110,-9,-109,-9.5,-105,-9.5,-108
Mon Apr 22 2024,Orlando Magic,86,Cleveland Cavaliers,96,+5.5,-110,+5.5,-110,+5.5,-108,+5.5,-110,+5.5,-120,+5.5,-112,+6,-118,+5.5,-115,+5.5,-108,-5.5,-110,-5.5,-110,-5.5,-112,-5.5,-110,-5.5,even,-5.5,-108,-6,-113
Mon Apr 22 2024,Philadelphia 76ers,101,New York Knicks,104,+5.5,-110,+4.5,-115,+4.5,-112,+4.5,-110,+4.5,-115,+4.5,-110,+4.5,-118,+4.5,-110,+4.5,-112,-5.5,-110,-4.5,-105,-4.5,-108,-4.5,-110,-4.5,-105,-4.5,-110,-4.5,-113
Mon Apr 22 2024,Los Angeles Lakers,99,Denver Nuggets,101,+6.5,-108,+7,-115,+7,-106,+6.5,-105,+7.5,-115,+7,-110,+7,-114,+7.5,-115,+7,-106,-6.5,-112,-7,-105,-7,-114,-6.5,-115,-7.5,-105,-7,-110,-7,-117
Tue Apr 23 2024,Phoenix Suns,93,Minnesota Timberwolves,105,+4,-110,+3,-110,+3,-110,+3.5,-115,+3.5,-115,+3,-108,+3,-117,+3.5,-110,+3,-110,-4,-110,-3,-110,-3,-110,-3.5,-105,-3.5,-105,-3,-112,-3,-114
Tue Apr 23 2024,Indiana Pacers,125,Milwaukee Bucks,108,+2.5,-110,+1,-110,+1,-108,+1.5,-115,+0.5,-110,+1,-110,+1,-112,+0.5,-110,+1,-108,-2.5,-110,-1,-110,-1,-112,-1.5,-105,-0.5,-110,-1,-110,-1,-109
Tue Apr 23 2024,Dallas Mavericks,96,Los Angeles Clippers,93,+1,-110,+1,-110,+1,-110,+1.5,-115,+0.5,-105,+1,-110,+1,-115,-0.5,-105,+1,-110,-1,-110,-1,-110,-1,-110,-1.5,-105,-0.5,-115,-1,-110,-1,-115
Wed Apr 24 2024,Miami Heat,111,Boston Celtics,101,+15.5,-110,+14,-110,+10.5,-118,+14.5,-110,+14.5,-120,+14.5,-110,+14.5,-117,+13.5,-105,+10.5,-118,-15.5,-110,-14,-110,-10.5,-110,-14.5,-110,-14.5,even,-14.5,-110,-14.5,-114
Wed Apr 24 2024,New Orleans Pelicans,92,Oklahoma City Thunder,124,+8.5,-108,+7.5,-110,+7.5,-110,+7.5,-110,+7.5,-110,+7.5,-110,+7.5,-113,+7.5,-110,+7.5,-110,-8.5,-112,-7.5,-110,-7.5,-110,-7.5,-110,-7.5,-110,-7.5,-110,-7.5,-108
Thu Apr 25 2024,Cleveland Cavaliers,83,Orlando Magic,121,-2.5,-110,+3.5,-110,+3,-110,+3.5,-115,+2.5,-105,+3,-110,+3,-113,+2.5,-105,+3,-110,+2.5,-110,-3.5,-110,-3,-110,-3.5,-105,-2.5,-115,-3,-110,-3,-108
Thu Apr 25 2024,New York Knicks,114,Philadelphia 76ers,125,+2.5,-114,+5.5,-110,+5.5,-108,+5.5,-110,+6.5,-120,+5.5,-108,+5.5,-108,+5.5,even,+5.5,-108,-2.5,-106,-5.5,-110,-5.5,-112,-5.5,-110,-6.5,even,-5.5,-112,-5.5,-113
Thu Apr 25 2024,Denver Nuggets,112,Los Angeles Lakers,105,-1,-112,+1.5,-110,+1.5,-110,+1.5,-110,+1.5,-105,+1.5,-110,+1.5,-109,+1.5,-110,+1.5,-110,+1,-108,-1.5,-110,-1.5,-110,-1.5,-110,-1.5,-115,-1.5,-110,-1.5,-112
Fri Apr 26 2024,Milwaukee Bucks,118,Indiana Pacers,121,+5.5,-110,+6.5,-105,+6.5,-108,+6.5,-110,+6.5,-105,+6.5,-110,+6.5,-113,+6.5,-105,+6.5,-108,-5.5,-110,-6.5,-115,-6.5,-112,-6.5,-110,-6.5,-115,-6.5,-110,-6.5,-118
Fri Apr 26 2024,Los Angeles Clippers,90,Dallas Mavericks,101,+4.5,-110,+4.5,-105,+4.5,-108,+4.5,-110,+4.5,even,+4.5,-110,+4.5,-112,+4.5,-105,+4.5,-108,-4.5,-110,-4.5,-115,-4.5,-112,-4.5,-110,-4.5,-120,-4.5,-110,-4.5,-109
Fri Apr 26 2024,Minnesota Timberwolves,126,Phoenix Suns,109,+3,-110,+6,-110,+5.5,-114,+5.5,-105,+5.5,-110,+5.5,-110,+5.5,-114,+5.5,-110,+5.5,-114,-3,-110,-6,-110,-5.5,-106,-5.5,-115,-5.5,-110,-5.5,-110,-5.5,-117
Sat Apr 27 2024,Cleveland Cavaliers,89,Orlando Magic,112,N/A,+2.5,-110,+2.5,-108,+2.5,-105,+2.5,-105,+2.5,-110,+2.5,-112,+1.5,-110,+2.5,-108,N/A,-2.5,-110,-2.5,-112,-2.5,-115,-2.5,-115,-2.5,-110,-2.5,-109,-1.5,-110
Sat Apr 27 2024,Oklahoma City Thunder,106,New Orleans Pelicans,85,N/A,-1.5,-115,-2,-108,-12.5,+400,-1.5,-115,-1.5,-110,-2,-108,-1.5,-115,-2,-108,N/A,+1.5,-105,+2,-112,+12.5,-550,+1.5,-105,+1.5,-110,+2,-113,+1.5,-105
Sat Apr 27 2024,Boston Celtics,104,Miami Heat,84,N/A,-9.5,-115,-9.5,-114,-9.5,-110,-9.5,-115,-9.5,-110,-10.5,-107,-9.5,-110,-9.5,-114,N/A,+9.5,-105,+9.5,-106,+9.5,-110,+9.5,-105,+9.5,-110,+10.5,-114,+9.5,-110
Sat Apr 27 2024,Denver Nuggets,108,Los Angeles Lakers,119,N/A,-3.5,-110,-3.5,-110,-3.5,-110,-3.5,-105,-3.5,-110,-3.5,-109,-3.5,-105,-3.5,-110,N/A,+3.5,-110,+3.5,-110,+3.5,-110,+3.5,-115,+3.5,-110,+3.5,-112,+3.5,-115
Sun Apr 28 2024,New York Knicks,97,Philadelphia 76ers,92,N/A,+5,-110,+5,-112,+5.5,-115,+5.5,-110,+5.5,-112,+5.5,-110,+5.5,-110,+5,-112,N/A,-5,-110,-5,-108,-5.5,-105,-5.5,-110,-5.5,-108,-5.5,-110,-5.5,-110
Sun Apr 28 2024,Los Angeles Clippers,116,Dallas Mavericks,111,N/A,+7,-110,+7,-110,+6.5,-105,+7.5,-110,+7,-110,+7,-109,+7.5,-110,+7,-110,N/A,-7,-110,-7,-110,-6.5,-115,-7.5,-110,-7,-110,-7,-112,-7.5,-110
Sun Apr 28 2024,Milwaukee Bucks,113,Indiana Pacers,126,N/A,+10,-110,+10,-106,+9.5,-105,+10.5,-115,+10,-110,+10,-109,+9.5,even,+10,-106,N/A,-10,-110,-10,-114,-9.5,-115,-10.5,-105,-10,-110,-10,-112,-9.5,-120
Sun Apr 28 2024,Minnesota Timberwolves,122,Phoenix Suns,116,N/A,+1,-110,+1,-112,+1.5,-115,+1.5,-115,+1,-110,+1,-109,-0.5,-105,+1,-112,N/A,-1,-110,-1,-108,-1.5,-105,-1.5,-105,-1,-110,-1,-112,+0.5,-115
Mon Apr 29 2024,Boston Celtics,102,Miami Heat,88,N/A,-10.5,-110,-10.5,-110,-10.5,-110,-10.5,-105,-10.5,-110,-10.5,-108,-10.5,-105,-10.5,-110,N/A,+10.5,-110,+10.5,-110,+10.5,-110,+10.5,-115,+10.5,-110,+10.5,-113,+10.5,-115
Mon Apr 29 2024,Oklahoma City Thunder,97,New Orleans Pelicans,89,N/A,-5,-105,-5,-110,-4.5,-115,-4.5,-115,-5,-108,-4.5,-113,-4.5,-110,-5,-110,N/A,+5,-115,+5,-110,+4.5,-105,+4.5,-105,+5,-112,+4.5,-108,+4.5,-110
Mon Apr 29 2024,Los Angeles Lakers,106,Denver Nuggets,108,N/A,+6.5,-110,+6.5,-108,+6.5,-105,+6.5,-115,+6.5,-110,+6.5,-107,+6.5,-115,+6.5,-108,N/A,-6.5,-110,-6.5,-112,-6.5,-115,-6.5,-105,-6.5,-110,-6.5,-114,-6.5,-105
Tue Apr 30 2024,Philadelphia 76ers,112,New York Knicks,106,N/A,+4,-105,+4,-108,+4.5,-115,+4.5,-110,+4.5,-115,+4,-113,+4.5,-115,+4,-108,N/A,-4,-115,-4,-112,-4.5,-105,-4.5,-110,-4.5,-105,-4,-108,-4.5,-105
Tue Apr 30 2024,Orlando Magic,103,Cleveland Cavaliers,104,N/A,+4.5,-115,+4.5,-112,+4.5,-110,+4.5,-110,+4.5,-110,+4.5,-108,+4.5,-110,+4.5,-112,N/A,-4.5,-105,-4.5,-108,-4.5,-110,-4.5,-110,-4.5,-110,-4.5,-113,-4.5,-110
Tue Apr 30 2024,Indiana Pacers,92,Milwaukee Bucks,115,N/A,-5,-110,-5.5,-110,-4.5,-115,-5.5,-105,-5,-110,-5.5,-110,-5.5,-105,-5.5,-110,N/A,+5,-110,+5.5,-110,+4.5,-105,+5.5,-115,+5,-110,+5.5,-110,+5.5,-115
Wed May 1 2024,Miami Heat,84,Boston Celtics,118,N/A,+13.5,-110,+13.5,-108,+13.5,-110,+13.5,-110,+13.5,-110,+13.5,-108,+13.5,-110,+13.5,-108,N/A,-13.5,-110,-13.5,-112,-13.5,-120,-13.5,-110,-13.5,-110,-13.5,-113,-13.5,-110
Wed May 1 2024,Dallas Mavericks,123,Los Angeles Clippers,93,N/A,-2.5,-115,-3,-108,-2.5,-110,-2.5,-110,-3,-105,-3,-112,-2.5,-110,-3,-108,N/A,+2.5,-105,+3,-112,+2.5,-110,+2.5,-110,+3,-115,+3,-109,+2.5,-110
Thu May 2 2024,Milwaukee Bucks,98,Indiana Pacers,120,+9.5,-114,+6,-110,+6,-110,+5.5,-105,+5.5,even,+5.5,-110,+6,-114,+5.5,-105,+6,-110,-9.5,-106,-6,-110,-6,-110,-5.5,-115,-5.5,-120,-5.5,-110,-6,-107
Thu May 2 2024,New York Knicks,118,Philadelphia 76ers,115,+4.5,-112,+3,-115,+3,-114,+2.5,-105,+3.5,-115,+3,-110,+3,-110,+3.5,-110,+3,-114,-4.5,-108,-3,-105,-3,-106,-2.5,-115,-3.5,-105,-3,-110,-3,-110
Fri May 3 2024,Cleveland Cavaliers,96,Orlando Magic,103,+4,-112,+4.5,-110,+4.5,-110,+4.5,-110,+4.5,-115,+4.5,-112,+4.5,-114,+4.5,-115,+4.5,-110,-4,-108,-4.5,-110,-4.5,-110,-4.5,-110,-4.5,-105,-4.5,-108,-4.5,-117
Fri May 3 2024,Los Angeles Clippers,101,Dallas Mavericks,114,+8,-110,+8.5,-115,+8.5,-108,+8.5,-115,+8.5,-115,+8,-110,+8,-110,+7.5,-105,+8.5,-108,-8,-110,-8.5,-105,-8.5,-112,-8.5,-105,-8.5,-105,-8,-110,-8,-110
Sat May 4 2024,Minnesota Timberwolves,106,Denver Nuggets,99,+5,-110,+4,-110,+4.5,-112,+4.5,-115,+4.5,-105,+4.5,-115,+4.5,-114,+4.5,-105,+4.5,-112,-5,-110,-4,-110,-4.5,-108,-4.5,-105,-4.5,-115,-4.5,-105,-4.5,-107
Sun May 5 2024,Orlando Magic,94,Cleveland Cavaliers,106,+4.5,-110,+3,-105,+3.5,-122,+3.5,-115,+3.5,-120,+3,-110,+3,-117,+3.5,-115,+3.5,-122,-4.5,-110,-3,-115,-3.5,-106,-3.5,-105,-3.5,even,-3,-110,-3,-114
Mon May 6 2024,Indiana Pacers,117,New York Knicks,121,+6.5,-110,+6,-110,+6,-110,+5.5,-110,+5.5,-110,+6,-110,+6,-113,+5.5,even,+6,-110,-6.5,-110,-6,-110,-6,-110,-5.5,-110,-5.5,-110,-6,-110,-6,-107
Mon May 6 2024,Minnesota Timberwolves,106,Denver Nuggets,80,+6,-112,+7,-105,+7.5,-110,+7.5,-115,+7.5,-110,+7,-110,+7,-112,+7.5,-110,+7.5,-110,-6,-108,-7,-115,-7.5,-110,-7.5,-105,-7.5,-110,-7,-110,-7,-112
Tue May 7 2024,Cleveland Cavaliers,95,Boston Celtics,120,+11,-110,+12.5,-110,+12.5,-106,+13.5,-120,+12.5,-110,+12.5,-110,+12.5,-108,+12.5,-110,+12.5,-106,-11,-110,-12.5,-110,-12.5,-114,-13.5,-110,-12.5,-110,-12.5,-110,-12.5,-113
Tue May 7 2024,Dallas Mavericks,95,Oklahoma City Thunder,117,+3,-112,+4.5,-110,+4.5,-114,+4.5,-110,+3.5,-105,+4.5,-110,+4.5,-110,+3.5,-105,+4.5,-114,-3,-108,-4.5,-110,-4.5,-106,-4.5,-110,-3.5,-115,-4.5,-110,-4.5,-110
Wed May 8 2024,Indiana Pacers,121,New York Knicks,130,N/A,+4.5,-110,+4.5,-112,+4.5,-115,+4.5,-115,+4,-105,+4.5,-109,+4.5,-115,+4.5,-112,N/A,-4.5,-110,-4.5,-108,-4.5,-105,-4.5,-105,-4,-115,-4.5,-112,-4.5,-105
Thu May 9 2024,Cleveland Cavaliers,118,Boston Celtics,94,+13,-110,+13,-110,+13,-110,+12.5,-105,+12.5,-105,+13,-110,+13,-110,+12.5,-105,+13,-110,-13,-110,-13,-110,-13,-110,-12.5,-115,-12.5,-115,-13,-110,-13,-110
Thu May 9 2024,Dallas Mavericks,119,Oklahoma City Thunder,110,+4,-108,+5,-115,+4.5,-106,+4.5,-105,+5.5,-110,+5,-110,+5,-112,+5.5,-110,+4.5,-106,-4,-112,-5,-105,-4.5,-114,-4.5,-115,-5.5,-110,-5,-110,-5,-109
Fri May 10 2024,New York Knicks,106,Indiana Pacers,111,+4.5,-110,+7,-105,+7,-110,+7.5,-115,+7.5,-120,+7,-110,+7,-113,+7.5,-110,+7,-110,-4.5,-110,-7,-115,-7,-110,-7.5,-105,-7.5,even,-7,-110,-7,-118
Fri May 10 2024,Denver Nuggets,117,Minnesota Timberwolves,90,+4,-110,+3.5,-115,+3.5,-114,+3.5,-115,+3.5,-115,+3.5,-110,+3.5,-114,+3.5,-115,+3.5,-114,-4,-110,-3.5,-105,-3.5,-106,-3.5,-105,-3.5,-105,-3.5,-110,-3.5,-107
Sat May 11 2024,Oklahoma City Thunder,101,Dallas Mavericks,105,+2,-108,+1.5,-110,+1.5,-112,-9.5,+310,+1.5,-115,+2,-110,+1.5,-108,+0.5,-105,+1.5,-112,-2,-112,-1.5,-110,-1.5,-108,+9.5,-400,-1.5,-105,-2,-110,-1.5,-113
Sat May 11 2024,Boston Celtics,106,Cleveland Cavaliers,93,-6,-110,-7.5,-115,-7.5,-112,-7.5,-110,-7.5,-115,-7.5,-110,-7.5,-112,-7.5,-110,-7.5,-112,+6,-110,+7.5,-105,+7.5,-108,+7.5,-110,+7.5,-105,+7.5,-110,+7.5,-109
Sun May 12 2024,New York Knicks,89,Indiana Pacers,121,N/A,+6,-110,+6,-112,+4.5,+110,+5.5,even,+5.5,-110,+6,-113,+5.5,-105,+6,-112,N/A,-6,-110,-6,-108,-4.5,-135,-5.5,-120,-5.5,-110,-6,-108,-5.5,-115
Sun May 12 2024,Denver Nuggets,115,Minnesota Timberwolves,107,N/A,+4,-115,+3.5,-108,+3.5,-105,+3.5,-105,+4,-110,+4,-118,+3.5,-105,+3.5,-108,N/A,-4,-105,-3.5,-112,-3.5,-115,-3.5,-115,-4,-110,-4,-113,-3.5,-115
Mon May 13 2024,Boston Celtics,109,Cleveland Cavaliers,102,-8,-112,-11.5,-110,-12,-110,-11.5,-110,-11.5,-105,-11.5,-108,-11.5,-110,-11.5,-105,-12,-110,+8,-108,+11.5,-110,+12,-110,+11.5,-110,+11.5,-115,+11.5,-112,+11.5,-110
Mon May 13 2024,Oklahoma City Thunder,100,Dallas Mavericks,96,+2,-110,+1,-110,+1,-110,+1.5,-115,+1.5,-110,+1.5,-112,+1.5,-112,+1.5,-110,+1,-110,-2,-110,-1,-110,-1,-110,-1.5,-105,-1.5,-110,-1.5,-108,-1.5,-109
Tue May 14 2024,Indiana Pacers,91,New York Knicks,121,+2.5,-108,+1.5,-115,+1.5,-110,+2.5,-110,+1.5,-115,+1,-108,+1.5,-112,-0.5,-105,+1.5,-110,-2.5,-112,-1.5,-105,-1.5,-110,-2.5,-110,-1.5,-105,-1,-112,-1.5,-109
Tue May 14 2024,Minnesota Timberwolves,97,Denver Nuggets,112,+4.5,-110,+4.5,-110,+4.5,-122,+4.5,-110,+4.5,-115,+4.5,-110,+4.5,-112,+4.5,-115,+4.5,-122,-4.5,-110,-4.5,-110,-4.5,-106,-4.5,-110,-4.5,-105,-4.5,-110,-4.5,-109
Wed May 15 2024,Cleveland Cavaliers,98,Boston Celtics,113,+13.5,-108,+15.5,-110,+16,-110,+15.5,-105,+15.5,-110,+16,-110,+15.5,-108,+15.5,-110,+16,-110,-13.5,-112,-15.5,-110,-16,-110,-15.5,-115,-15.5,-110,-16,-110,-15.5,-113
Wed May 15 2024,Dallas Mavericks,104,Oklahoma City Thunder,92,+4.5,-106,+4.5,-110,+4.5,-106,+4.5,-105,+4.5,-115,+4.5,-110,+4.5,-110,+4.5,-115,+4.5,-106,-4.5,-114,-4.5,-110,-4.5,-114,-4.5,-115,-4.5,-105,-4.5,-110,-4.5,-110
Thu May 16 2024,Denver Nuggets,70,Minnesota Timberwolves,115,+3,-112,+2,-110,+2,-108,-4.5,+170,+2.5,-110,+2,-108,+2,-108,+1.5,-105,+2,-108,-3,-108,-2,-110,-2,-112,+4.5,-210,-2.5,-110,-2,-112,-2,-113
Fri May 17 2024,New York Knicks,103,Indiana Pacers,116,+5,-108,+4.5,-110,+4.5,-106,+4.5,-105,+5.5,-120,+5,-110,+5,-110,+5.5,-115,+4.5,-106,-5,-112,-4.5,-110,-4.5,-114,-4.5,-115,-5.5,even,-5,-110,-5,-110
Sat May 18 2024,Oklahoma City Thunder,116,Dallas Mavericks,117,+4,-112,+3.5,-105,+4,-110,+3.5,-110,+3.5,-110,+4,-115,+4,-110,+3.5,-110,+4,-110,-4,-108,-3.5,-115,-4,-110,-3.5,-110,-3.5,-110,-4,-105,-4,-110
Sun May 19 2024,Indiana Pacers,130,New York Knicks,109,N/A,+2.5,-110,+3,-114,+2.5,-105,+2.5,-105,+3,-110,+2.5,-106,+2.5,-105,+3,-114,N/A,-2.5,-110,-3,-106,-2.5,-115,-2.5,-115,-3,-110,-2.5,-115,-2.5,-115
Sun May 19 2024,Minnesota Timberwolves,98,Denver Nuggets,90,N/A,+4.5,-110,+4.5,-114,+4.5,-115,+4.5,-105,+4.5,-108,+4.5,-112,+4.5,-105,+4.5,-114,N/A,-4.5,-110,-4.5,-106,-4.5,-105,-4.5,-115,-4.5,-112,-4.5,-109,-4.5,-115
Tue May 21 2024,Indiana Pacers,128,Boston Celtics,133,+10,-110,+9.5,-110,+10,-112,+9.5,-105,+9.5,-105,+9.5,-105,+9.5,-112,+9.5,-105,+10,-112,-10,-110,-9.5,-110,-10,-108,-9.5,-115,-9.5,-115,-9.5,-115,-9.5,-109
Wed May 22 2024,Dallas Mavericks,108,Minnesota Timberwolves,105,+4,-108,+4.5,-110,+4.5,-110,+4.5,-110,+4.5,-110,+4.5,-110,+4.5,-109,+4.5,-110,+4.5,-110,-4,-112,-4.5,-110,-4.5,-110,-4.5,-110,-4.5,-110,-4.5,-110,-4.5,-112
Thu May 23 2024,Indiana Pacers,110,Boston Celtics,126,+10,-110,+9,-110,+9,-110,+8.5,-105,+8.5,even,+9,-110,+9,-117,+8.5,-105,+9,-110,-10,-110,-9,-110,-9,-110,-8.5,-115,-8.5,-120,-9,-110,-9,-114
Fri May 24 2024,Dallas Mavericks,109,Minnesota Timberwolves,108,+4.5,-110,+6,-110,+6,-108,+6.5,-115,+6.5,-120,+6,-108,+6,-107,+5.5,even,+6,-108,-4.5,-110,-6,-110,-6,-112,-6.5,-105,-6.5,even,-6,-112,-6,-113
Sat May 25 2024,Boston Celtics,114,Indiana Pacers,111,-6,-110,-7,-110,-7.5,-106,-7.5,-105,-7.5,-105,-7.5,-105,-7,-112,-7.5,-105,-7.5,-106,+6,-110,+7,-110,+7.5,-114,+7.5,-115,+7.5,-115,+7.5,-115,+7,-109
Sun May 26 2024,Minnesota Timberwolves,107,Dallas Mavericks,116,+3.5,-110,+1.5,-110,+1.5,-112,+1.5,-110,+1.5,-110,+1.5,-110,+1,-113,+1.5,-110,+1.5,-112,-3.5,-110,-1.5,-110,-1.5,-108,-1.5,-110,-1.5,-110,-1.5,-110,-1,-118
Mon May 27 2024,Boston Celtics,105,Indiana Pacers,102,-7.5,-110,-7.5,-110,-7.5,-108,-7.5,-110,-7.5,-110,-7.5,-110,-7.5,-109,-7.5,-110,-7.5,-108,+7.5,-110,+7.5,-110,+7.5,-112,+7.5,-110,+7.5,-110,+7.5,-110,+7.5,-112
Tue May 28 2024,Minnesota Timberwolves,105,Dallas Mavericks,100,+3.5,-110,+1.5,-110,+1.5,-110,+1.5,-110,+1.5,-115,+1.5,-110,+1.5,-109,+1.5,-115,+1.5,-110,-3.5,-110,-1.5,-110,-1.5,-110,-1.5,-110,-1.5,-105,-1.5,-110,-1.5,-112
Thu May 30 2024,Dallas Mavericks,124,Minnesota Timberwolves,103,+4,-106,+5,-115,+4.5,-108,+4.5,-110,+5.5,-120,+4.5,-108,+5,-112,+4.5,even,+4.5,-108,-4,-114,-5,-105,-4.5,-112,-4.5,-110,-5.5,even,-4.5,-112,-5,-109
