date,away_team,away_pt,home_team,home_pt,away_open,away_b365,away_fduel,away_bmgm,away_czr,away_dking,away_rivers,away_vinsider,home_open,home_b365,home_fduel,home_bmgm,home_czr,home_dking,home_rivers,home_vinsider
Tue Oct 24 2023,Los Angeles Lakers,107,Denver Nuggets,119,+190,+165,+160,+165,+152,+160,+165,+160,-230,-185,-190,-200,-180,-192,-200,-190
Tue Oct 24 2023,Phoenix Suns,108,Golden State Warriors,104,+102,+125,+126,+120,+126,+124,+112,+126,-120,-145,-148,-145,-150,-148,-139,-148
Wed Oct 25 2023,Houston Rockets,86,Orlando Magic,116,+126,+165,+154,+150,+158,+154,+148,+154,-148,-185,-184,-185,-190,-185,-177,-184
Wed Oct 25 2023,Boston Celtics,108,New York Knicks,104,-116,-170,-174,-160,-175,-175,-182,-174,-102,+150,+146,+135,+148,+145,+145,+146
Wed Oct 25 2023,Washington Wizards,120,Indiana Pacers,143,+295,+170,+176,+180,+162,+154,+133,+176,-370,-200,-210,-225,-195,-185,-167,-210
Wed Oct 25 2023,Atlanta Hawks,110,Charlotte Hornets,116,-120,-170,-180,-165,-190,-198,-182,-180,+102,+150,+152,+140,+158,+164,+145,+152
Wed Oct 25 2023,Detroit Pistons,102,Miami Heat,103,+520,+350,+350,+310,+335,+360,+290,+350,-720,-450,-450,-400,-440,-470,-385,-450
Wed Oct 25 2023,Minnesota Timberwolves,94,Toronto Raptors,97,even,-110,-104,-110,-105,-105,-117,-104,-118,-110,-112,-110,-115,-115,-103,-112
Wed Oct 25 2023,Cleveland Cavaliers,114,Brooklyn Nets,113,-116,-125,-122,-125,-135,-122,-125,-122,-102,+105,+104,+105,+115,+102,+105,+104
Wed Oct 25 2023,New Orleans Pelicans,111,Memphis Grizzlies,104,+104,-105,-104,-115,even,-102,-107,-104,-122,-115,-112,-105,-120,-118,-110,-112
Wed Oct 25 2023,Oklahoma City Thunder,124,Chicago Bulls,104,even,+120,+124,+115,+126,+114,+117,+124,-118,-140,-146,-140,-150,-135,-137,-146
Wed Oct 25 2023,Sacramento Kings,130,Utah Jazz,114,-112,-125,-124,-125,-130,-125,-122,-124,-104,+105,+106,+105,+110,+105,+104,+106
Wed Oct 25 2023,Dallas Mavericks,126,San Antonio Spurs,119,-230,-185,-180,-175,-195,-192,-186,-180,+190,+165,+152,+150,+162,+160,+155,+152
Wed Oct 25 2023,Portland Trail Blazers,111,Los Angeles Clippers,123,+350,+375,+330,+310,+360,+340,+285,+330,-450,-500,-420,-400,-480,-440,-400,-420
Thu Oct 26 2023,Philadelphia 76ers,117,Milwaukee Bucks,118,+158,+200,+200,+200,+196,+195,+180,+200,-188,-240,-245,-250,-240,-238,-220,-245
Thu Oct 26 2023,Phoenix Suns,95,Los Angeles Lakers,100,+108,+205,+194,+200,+205,+205,+180,+194,-126,-245,-235,-250,-250,-250,-220,-235
Fri Oct 27 2023,Denver Nuggets,108,Memphis Grizzlies,104,-186,-230,-230,-225,-235,-225,-230,-230,+156,+190,+190,+180,+192,+185,+180,+190
Fri Oct 27 2023,Detroit Pistons,111,Charlotte Hornets,99,+144,+160,+158,+145,+158,+150,+148,+158,-172,-180,-188,-175,-190,-180,-177,-188
Fri Oct 27 2023,New York Knicks,126,Atlanta Hawks,120,+108,-115,-118,-110,-120,-118,-195,-118,-126,-105,even,-110,even,-102,+155,even
Fri Oct 27 2023,Oklahoma City Thunder,108,Cleveland Cavaliers,105,+134,+120,+110,+110,+115,+114,+125,+110,-158,-140,-130,-130,-135,-135,-148,-130
Fri Oct 27 2023,Miami Heat,111,Boston Celtics,119,+250,+280,+320,+260,+278,+270,+275,+320,-310,-360,-405,-350,-355,-340,-345,-405
Fri Oct 27 2023,Toronto Raptors,103,Chicago Bulls,104,+110,+115,+114,+115,+118,+114,+114,+114,-130,-135,-134,-135,-140,-135,-136,-134
Fri Oct 27 2023,Houston Rockets,122,San Antonio Spurs,126,+104,+135,+132,+130,+140,+130,+120,+132,-122,-155,-156,-155,-165,-155,-148,-156
Fri Oct 27 2023,Brooklyn Nets,120,Dallas Mavericks,125,+205,+195,+198,+185,+210,+195,+190,+198,-250,-235,-240,-225,-260,-238,-230,-240
Fri Oct 27 2023,Los Angeles Clippers,118,Utah Jazz,120,-180,-170,-178,-175,-170,-175,-182,-178,+152,+150,+150,+145,+143,+145,+150,+150
Fri Oct 27 2023,Orlando Magic,102,Portland Trail Blazers,97,-138,-180,-172,-175,-180,-180,-175,-172,+118,+160,+144,+145,+152,+150,+143,+144
Fri Oct 27 2023,Golden State Warriors,122,Sacramento Kings,114,+102,+135,+130,+120,+140,+136,+123,+130,-120,-155,-154,-145,-165,-162,-152,-154
Sat Oct 28 2023,Chicago Bulls,102,Detroit Pistons,118,-142,-140,-134,-140,-140,-130,-134,-134,+120,+120,+114,+115,+118,+110,+112,+114
Sat Oct 28 2023,Memphis Grizzlies,106,Washington Wizards,113,-164,-110,-116,-110,-115,-112,-117,-116,+138,-110,-102,-110,-105,-108,-107,-102
Sat Oct 28 2023,New York Knicks,87,New Orleans Pelicans,96,+154,+135,+124,+125,+126,+130,+117,+124,-184,-155,-146,-150,-150,-155,-139,-146
Sat Oct 28 2023,Indiana Pacers,125,Cleveland Cavaliers,113,+144,-160,+126,-160,-165,-162,-180,+126,-172,+140,-148,+135,+140,+136,+150,-148
Sat Oct 28 2023,Philadelphia 76ers,114,Toronto Raptors,107,-148,-185,-180,-200,-205,-198,-182,-180,+126,+165,+152,+165,+170,+164,+145,+152
Sat Oct 28 2023,Miami Heat,90,Minnesota Timberwolves,106,+142,+265,+166,+240,+270,+270,+250,+166,-168,-330,-198,-300,-345,-340,-315,-198
Sat Oct 28 2023,Utah Jazz,104,Phoenix Suns,126,+194,+180,+180,+180,+180,+180,+185,+180,-235,-220,-215,-225,-220,-218,-225,-215
Sun Oct 29 2023,Denver Nuggets,128,Oklahoma City Thunder,95,-130,-160,-130,-165,-165,-166,-159,-130,+110,+140,+110,+140,+140,+140,+133,+110
Sun Oct 29 2023,Golden State Warriors,106,Houston Rockets,95,-180,-275,-180,-275,-278,-270,-275,-180,+152,+225,+152,+220,+222,+220,+220,+152
Sun Oct 29 2023,Atlanta Hawks,127,Milwaukee Bucks,110,+260,+205,+260,+200,+205,+200,+220,+260,-320,-245,-320,-250,-250,-245,-275,-320
Sun Oct 29 2023,Portland Trail Blazers,98,Philadelphia 76ers,126,+385,+325,+385,+310,+360,+340,+245,+385,-500,-425,-500,-400,-480,-440,-360,-500
Sun Oct 29 2023,San Antonio Spurs,83,Los Angeles Clippers,123,+295,+320,+295,+300,+310,+310,+335,+295,-370,-400,-370,-400,-400,-395,-455,-370
Sun Oct 29 2023,Los Angeles Lakers,127,Sacramento Kings,132,+118,+115,+118,+115,+118,+110,+114,+118,-142,-135,-142,-140,-140,-130,-136,-142
Mon Oct 30 2023,Chicago Bulls,112,Indiana Pacers,105,+130,+135,+130,+135,+135,+136,+130,+130,-154,-155,-154,-160,-160,-162,-157,-154
Mon Oct 30 2023,Boston Celtics,126,Washington Wizards,107,-500,-500,-500,-500,-480,-520,-480,-500,+385,+375,+385,+375,+360,+390,+340,+385
Mon Oct 30 2023,Brooklyn Nets,133,Charlotte Hornets,121,-102,-125,-120,-120,-125,-115,-129,-120,-116,+105,+102,even,+105,-105,+108,+102
Mon Oct 30 2023,Portland Trail Blazers,99,Toronto Raptors,91,+265,+350,+265,+350,+345,+320,+350,+265,-330,-450,-330,-450,-455,-410,-455,-330
Mon Oct 30 2023,Minnesota Timberwolves,113,Atlanta Hawks,127,-122,-135,-124,-130,-135,-135,-139,-124,+104,+115,+106,+105,+115,+114,+112,+106
Mon Oct 30 2023,Dallas Mavericks,125,Memphis Grizzlies,110,-136,even,-142,even,even,+105,-103,-142,+116,-120,+120,-120,-120,-125,-122,+120
Mon Oct 30 2023,Miami Heat,114,Milwaukee Bucks,122,+172,+240,+172,+275,+250,+240,+240,+172,-205,-300,-205,-350,-320,-298,-295,-205
Mon Oct 30 2023,Golden State Warriors,130,New Orleans Pelicans,102,+134,+120,+134,+115,+126,+120,+135,+134,-158,-140,-158,-140,-150,-142,-175,-158
Mon Oct 30 2023,Detroit Pistons,112,Oklahoma City Thunder,124,+184,+215,+184,+220,+210,+215,+190,+184,-220,-260,-220,-275,-260,-265,-245,-220
Mon Oct 30 2023,Utah Jazz,102,Denver Nuggets,110,+265,+320,+265,+280,+310,+285,+265,+265,-330,-400,-330,-350,-400,-360,-385,-330
Mon Oct 30 2023,Orlando Magic,103,Los Angeles Lakers,106,+122,+150,+122,+140,+148,+150,+135,+122,-144,-170,-144,-165,-175,-180,-159,-144
Tue Oct 31 2023,New York Knicks,109,Cleveland Cavaliers,91,-102,-130,-220,-130,-125,-125,-134,-220,-116,+110,+168,+110,+105,+105,+112,+168
Tue Oct 31 2023,San Antonio Spurs,115,Phoenix Suns,114,+260,+230,+245,+230,+228,+230,+240,+245,-320,-280,-300,-300,-285,-285,-295,-300
Tue Oct 31 2023,Orlando Magic,102,Los Angeles Clippers,118,+265,+215,+215,+200,+205,+205,+200,+215,-330,-260,-260,-250,-250,-250,-245,-260
Wed Nov 1 2023,Portland Trail Blazers,110,Detroit Pistons,101,+148,+135,+136,+125,+140,+136,+120,+136,-176,-155,-162,-150,-165,-162,-143,-162
Wed Nov 1 2023,Milwaukee Bucks,111,Toronto Raptors,130,-210,-175,-190,-175,-190,-185,-195,-190,+176,+155,+160,+145,+158,+154,+163,+160
Wed Nov 1 2023,Washington Wizards,121,Atlanta Hawks,130,+270,+350,+350,+310,+345,+330,+350,+350,-335,-450,-430,-400,-455,-425,-455,-430
Wed Nov 1 2023,Indiana Pacers,104,Boston Celtics,155,+460,+550,+590,+550,+550,+550,+550,+590,-620,-800,-850,-800,-800,-800,-770,-850
Wed Nov 1 2023,Brooklyn Nets,109,Miami Heat,105,+235,+220,+220,+220,+210,+220,+220,+220,-290,-270,-270,-275,-260,-270,-275,-270
Wed Nov 1 2023,Cleveland Cavaliers,95,New York Knicks,89,+210,+180,+188,+170,+185,+180,+190,+188,-255,-220,-225,-210,-225,-218,-230,-225
Wed Nov 1 2023,New Orleans Pelicans,110,Oklahoma City Thunder,106,+126,+140,+130,+135,+140,+136,+130,+130,-148,-160,-154,-160,-165,-162,-155,-154
Wed Nov 1 2023,Charlotte Hornets,119,Houston Rockets,128,+116,+130,+130,+120,+135,+124,+112,+130,-136,-150,-154,-145,-160,-148,-139,-154
Wed Nov 1 2023,Denver Nuggets,89,Minnesota Timberwolves,110,-120,-130,-134,-135,-140,-135,-132,-134,+102,+110,+114,+115,+118,+114,+110,+114
Wed Nov 1 2023,Chicago Bulls,105,Dallas Mavericks,114,+190,+135,+136,+125,+135,+136,+145,+136,-230,-155,-164,-155,-160,-162,-175,-164
Wed Nov 1 2023,Memphis Grizzlies,109,Utah Jazz,133,-102,+110,+110,+110,+122,+114,+105,+110,-116,-130,-130,-130,-145,-135,-130,-130
Wed Nov 1 2023,Sacramento Kings,101,Golden State Warriors,102,+240,+220,+210,+220,+222,+215,+225,+210,-295,-270,-255,-275,-278,-265,-278,-255
Wed Nov 1 2023,Los Angeles Clippers,125,Los Angeles Lakers,130,+114,+130,+118,+125,+126,+124,+130,+118,-134,-150,-138,-150,-150,-148,-157,-138
Thu Nov 2 2023,Toronto Raptors,99,Philadelphia 76ers,114,+300,+240,+240,+230,+240,+225,+280,+240,-375,-300,-295,-275,-305,-278,-360,-295
Thu Nov 2 2023,Detroit Pistons,116,New Orleans Pelicans,125,+275,+160,+162,+155,+158,+154,+163,+162,-340,-180,-194,-190,-190,-185,-195,-194
Thu Nov 2 2023,Orlando Magic,115,Utah Jazz,113,-100,-125,-120,-120,-130,-120,-113,-120,-118,+105,+102,even,+110,even,-113,+102
Thu Nov 2 2023,San Antonio Spurs,132,Phoenix Suns,121,+265,+375,+380,+375,+360,+370,+390,+380,-320,-500,-490,-500,-480,-485,-530,-490
Fri Nov 3 2023,Cleveland Cavaliers,116,Indiana Pacers,121,-146,-135,-144,-145,-150,-135,-130,-144,+124,+115,+122,+120,+126,+114,+105,+122
Fri Nov 3 2023,New York Knicks,105,Milwaukee Bucks,110,+220,+180,+188,+170,+185,+164,+190,+188,-270,-220,-225,-210,-225,-198,-235,-225
Fri Nov 3 2023,Brooklyn Nets,109,Chicago Bulls,107,+150,+150,+150,+140,+148,+124,+145,+150,-178,-170,-178,-165,-175,-148,-175,-178
Fri Nov 3 2023,Washington Wizards,114,Miami Heat,121,+360,+320,+320,+310,+320,+280,+245,+320,-460,-400,-405,-400,-420,-355,-305,-405
Fri Nov 3 2023,Golden State Warriors,141,Oklahoma City Thunder,139,-190,-240,-250,-250,-260,-245,-235,-250,+160,+200,+205,+195,+210,+200,+185,+205
Fri Nov 3 2023,Dallas Mavericks,114,Denver Nuggets,125,+220,+185,+190,+190,+185,+190,+165,+190,-270,-225,-230,-250,-225,-230,-215,-230
Fri Nov 3 2023,Memphis Grizzlies,113,Portland Trail Blazers,115,-120,-160,-166,-160,-160,-166,-159,-166,+102,+140,+140,+135,+135,+140,+128,+140
Sat Nov 4 2023,Phoenix Suns,100,Philadelphia 76ers,112,+146,+210,+215,+200,+215,+200,+200,+215,-174,-250,-260,-250,-267,-245,-245,-260
Sat Nov 4 2023,Charlotte Hornets,125,Indiana Pacers,124,+144,+170,+162,+165,+162,+164,+155,+162,-172,-200,-194,-200,-195,-198,-190,-194
Sat Nov 4 2023,Atlanta Hawks,123,New Orleans Pelicans,105,+126,+115,+114,+110,even,+102,+120,+114,-148,-135,-134,-135,-120,-122,-141,-134
Sat Nov 4 2023,Los Angeles Lakers,101,Orlando Magic,120,-158,-160,-162,-160,-165,-162,-155,-162,+134,+140,+136,+135,+140,+136,+128,+136
Sat Nov 4 2023,Boston Celtics,124,Brooklyn Nets,114,-405,-500,-480,-450,-480,-395,-530,-480,+320,+375,+370,+350,+360,+310,+390,+370
Sat Nov 4 2023,Sacramento Kings,89,Houston Rockets,107,-146,-135,-138,-140,-140,-135,-130,-138,+124,+115,+118,+115,+118,+114,+110,+118
Sat Nov 4 2023,Utah Jazz,95,Minnesota Timberwolves,123,+260,+250,+260,+260,+260,+260,+245,+260,-320,-310,-320,-350,-335,-325,-305,-320
Sat Nov 4 2023,Chicago Bulls,101,Denver Nuggets,123,+370,+320,+330,+310,+320,+300,+295,+330,-480,-400,-420,-400,-420,-380,-375,-420
Sun Nov 5 2023,Phoenix Suns,120,Detroit Pistons,106,-205,-160,-164,-165,-160,-162,-159,-164,+172,+140,+138,+135,+135,+136,+128,+138
Sun Nov 5 2023,Toronto Raptors,123,San Antonio Spurs,116,-138,-170,-164,-175,-160,-175,-175,-164,+118,+150,+138,+145,+135,+145,+145,+138
Sun Nov 5 2023,Golden State Warriors,104,Cleveland Cavaliers,115,+110,even,+102,+110,-110,even,-104,+102,-130,-120,-120,-135,-110,-120,-115,-120
Sun Nov 5 2023,Charlotte Hornets,118,Dallas Mavericks,124,+430,+450,+440,+450,+430,+440,+460,+440,-590,-600,-590,-650,-600,-600,-625,-590
Sun Nov 5 2023,Memphis Grizzlies,112,Portland Trail Blazers,100,-136,-160,-154,-160,-165,-148,-152,-154,+116,+140,+130,+135,+140,+124,+128,+130
Mon Nov 6 2023,Golden State Warriors,120,Detroit Pistons,109,-250,-425,-405,-400,-430,-355,-360,-405,+205,+325,+320,+310,+328,+280,+285,+320
Mon Nov 6 2023,San Antonio Spurs,111,Indiana Pacers,152,+225,+320,+300,+310,+300,+280,+300,+300,-275,-400,-375,-400,-385,-355,-385,-375
Mon Nov 6 2023,Dallas Mavericks,117,Orlando Magic,102,-116,-115,-112,-115,-110,-115,-113,-112,-102,-105,-104,-105,-110,-105,-106,-104
Mon Nov 6 2023,Washington Wizards,128,Philadelphia 76ers,146,+460,+450,+430,+425,+430,+390,+450,+430,-620,-600,-560,-600,-600,-520,-625,-560
Mon Nov 6 2023,Milwaukee Bucks,129,Brooklyn Nets,125,-215,-200,-180,-190,-190,-192,-182,-180,+180,+170,+152,+155,+158,+160,+145,+152
Mon Nov 6 2023,Los Angeles Lakers,107,Miami Heat,108,-100,+105,+108,+105,+105,even,even,+108,-118,-125,-126,-125,-125,-120,-118,-126
Mon Nov 6 2023,Los Angeles Clippers,97,New York Knicks,111,-118,even,-102,even,even,-105,even,-102,-100,-120,-116,-120,-120,-115,-122,-116
Mon Nov 6 2023,Utah Jazz,113,Chicago Bulls,130,+154,+160,+154,+145,+158,+142,+110,+154,-184,-180,-184,-175,-190,-170,-141,-184
Mon Nov 6 2023,Sacramento Kings,97,Houston Rockets,122,-100,-130,-126,-140,-130,-130,-129,-126,-118,+110,+108,+115,+110,+110,+102,+108
Mon Nov 6 2023,Boston Celtics,109,Minnesota Timberwolves,114,-168,-155,-158,-160,-170,-162,-159,-158,+142,+135,+134,+135,+143,+136,+135,+134
Mon Nov 6 2023,Atlanta Hawks,117,Oklahoma City Thunder,126,-118,-105,-100,-110,-105,-112,-107,-100,-100,-115,-118,-110,-115,-108,-112,-118
Mon Nov 6 2023,New Orleans Pelicans,116,Denver Nuggets,134,+215,+210,+210,+220,+196,+210,+210,+210,-260,-250,-255,-275,-240,-258,-265,-255
Wed Nov 8 2023,Washington Wizards,132,Charlotte Hornets,116,+152,+110,+110,+105,+110,+102,+115,+110,-180,-130,-130,-130,-130,-122,-137,-130
Wed Nov 8 2023,Utah Jazz,118,Indiana Pacers,134,+176,+180,+198,+185,+178,+185,+195,+198,-210,-220,-240,-225,-215,-225,-240,-240
Wed Nov 8 2023,Boston Celtics,103,Philadelphia 76ers,106,-116,-145,-136,-145,-150,-148,-143,-136,-102,+125,+116,+120,+126,+124,+120,+116
Wed Nov 8 2023,Los Angeles Clippers,93,Brooklyn Nets,100,-186,-220,-215,-225,-210,-218,-210,-215,+156,+180,+180,+180,+175,+180,+175,+180
Wed Nov 8 2023,San Antonio Spurs,105,New York Knicks,126,+360,+290,+310,+300,+285,+280,+320,+310,-460,-370,-390,-375,-365,-355,-400,-390
Wed Nov 8 2023,Phoenix Suns,116,Chicago Bulls,115,+108,-115,-116,-120,-110,-115,-115,-116,-126,-105,-102,even,-110,-105,-103,-102
Wed Nov 8 2023,Los Angeles Lakers,94,Houston Rockets,128,-200,-130,-126,-130,-125,-122,-132,-126,+168,+110,+108,+105,+105,+102,+110,+108
Wed Nov 8 2023,Miami Heat,108,Memphis Grizzlies,102,-100,-125,-132,-125,-125,-125,-121,-132,-118,+105,+112,+105,+105,+105,+102,+112
Wed Nov 8 2023,Detroit Pistons,118,Milwaukee Bucks,120,+590,+500,+480,+475,+500,+440,+540,+480,-850,-700,-650,-650,-700,-600,-770,-650
Wed Nov 8 2023,New Orleans Pelicans,101,Minnesota Timberwolves,122,+225,+325,+330,+310,+328,+280,+340,+330,-275,-425,-420,-400,-430,-355,-455,-420
Wed Nov 8 2023,Cleveland Cavaliers,120,Oklahoma City Thunder,128,-116,-135,-134,-140,-135,-130,-132,-134,-102,+115,+114,+115,+115,+110,+110,+114
Wed Nov 8 2023,Toronto Raptors,127,Dallas Mavericks,116,+215,+155,+142,+145,+152,+142,+150,+142,-260,-175,-168,-175,-180,-170,-180,-168
Wed Nov 8 2023,Golden State Warriors,105,Denver Nuggets,108,+180,+165,+152,+155,+143,+160,+155,+152,-215,-185,-180,-190,-170,-192,-186,-180
Wed Nov 8 2023,Portland Trail Blazers,118,Sacramento Kings,121,+280,+265,+275,+275,+250,+260,+265,+275,-350,-330,-340,-350,-320,-325,-335,-340
Thu Nov 9 2023,Milwaukee Bucks,124,Indiana Pacers,126,-180,-115,-112,-105,-115,-115,-114,-112,+152,-105,-104,-115,-105,-105,-105,-104
Thu Nov 9 2023,Atlanta Hawks,120,Orlando Magic,119,-130,-160,-154,-155,-160,-148,-165,-154,+110,+140,+130,+125,+135,+124,+135,+130
Fri Nov 10 2023,Philadelphia 76ers,114,Detroit Pistons,106,-330,-360,-375,-400,-400,-395,-375,-375,+265,+280,+300,+300,+310,+310,+290,+300
Fri Nov 10 2023,Charlotte Hornets,124,Washington Wizards,117,+118,+130,+136,+125,+126,+124,+120,+136,-138,-150,-162,-155,-150,-148,-141,-162
Fri Nov 10 2023,Brooklyn Nets,107,Boston Celtics,121,+450,+475,+530,+475,+500,+410,+375,+530,-600,-650,-750,-650,-700,-550,-530,-750
Fri Nov 10 2023,New Orleans Pelicans,101,Houston Rockets,104,-130,+130,+130,+125,+135,+124,+120,+130,+110,-150,-154,-150,-160,-148,-141,-154
Fri Nov 10 2023,Utah Jazz,127,Memphis Grizzlies,121,+190,+170,+160,+155,+170,+150,+165,+160,-230,-200,-190,-190,-205,-180,-200,-190
Fri Nov 10 2023,Minnesota Timberwolves,117,San Antonio Spurs,110,-260,-280,-290,-300,-335,-298,-315,-290,+215,+230,+235,+230,+260,+240,+255,+235
Fri Nov 10 2023,Los Angeles Clippers,126,Dallas Mavericks,144,+120,+105,-100,+105,-105,-102,+107,-100,-142,-125,-118,-125,-115,-118,-125,-118
Fri Nov 10 2023,Los Angeles Lakers,122,Phoenix Suns,119,+150,+115,+108,+110,+110,+110,+108,+108,-178,-135,-130,-135,-130,-130,-127,-130
Fri Nov 10 2023,Oklahoma City Thunder,98,Sacramento Kings,105,+102,-125,-130,-120,-125,-120,-122,-130,-120,+105,+110,even,+105,even,even,+110
Sat Nov 11 2023,Milwaukee Bucks,97,Orlando Magic,112,-148,-140,-138,-140,-140,-130,-132,-138,+126,+120,+118,+115,+118,+110,+110,+118
Sat Nov 11 2023,Toronto Raptors,94,Boston Celtics,117,+295,+310,+310,+300,+320,+275,+340,+310,-370,-390,-390,-375,-420,-345,-435,-390
Sat Nov 11 2023,Miami Heat,117,Atlanta Hawks,109,+148,+255,+250,+240,+250,+225,+245,+250,-176,-315,-310,-300,-320,-278,-305,-310
Sat Nov 11 2023,Cleveland Cavaliers,118,Golden State Warriors,110,+164,+155,+150,+150,+158,+150,+155,+150,-196,-175,-178,-185,-190,-180,-186,-178
Sun Nov 12 2023,Charlotte Hornets,107,New York Knicks,129,+330,+425,+420,+375,+400,+360,+430,+420,-420,-550,-560,-500,-550,-470,-590,-560
Sun Nov 12 2023,Washington Wizards,94,Brooklyn Nets,102,+230,+225,+220,+225,+222,+210,+235,+220,-280,-275,-270,-275,-278,-258,-286,-270
Sun Nov 12 2023,Memphis Grizzlies,105,Los Angeles Clippers,101,+285,+300,+275,+280,+285,+275,+285,+275,-355,-380,-340,-350,-365,-345,-360,-340
Sun Nov 12 2023,Indiana Pacers,126,Philadelphia 76ers,137,+280,+210,+215,+220,+205,+225,+215,+215,-350,-250,-260,-275,-250,-278,-265,-260
Sun Nov 12 2023,Detroit Pistons,108,Chicago Bulls,119,+260,+215,+205,+200,+210,+195,+215,+205,-320,-260,-250,-250,-260,-238,-275,-250
Sun Nov 12 2023,Denver Nuggets,104,Houston Rockets,107,-196,-200,-196,-200,-205,-205,-200,-196,+164,+170,+164,+165,+170,+170,+165,+164
Sun Nov 12 2023,Dallas Mavericks,136,New Orleans Pelicans,124,+112,-150,-164,-165,-165,-155,-157,-164,-132,+130,+138,+135,+140,+130,+128,+138
Sun Nov 12 2023,Miami Heat,118,San Antonio Spurs,113,-120,-125,-126,-130,-120,-115,-125,-126,+102,+105,+108,+105,even,-105,+107,+108
Sun Nov 12 2023,Oklahoma City Thunder,111,Phoenix Suns,99,+120,+140,+142,+145,+140,+140,+135,+142,-142,-160,-168,-175,-165,-166,-159,-168
Sun Nov 12 2023,Minnesota Timberwolves,116,Golden State Warriors,110,-104,+140,+132,+135,+140,+130,+148,+132,-112,-160,-156,-160,-165,-155,-177,-156
Sun Nov 12 2023,Portland Trail Blazers,110,Los Angeles Lakers,116,+420,+290,+300,+310,+300,+280,+255,+300,-560,-370,-375,-400,-385,-355,-335,-375
Mon Nov 13 2023,New York Knicks,98,Boston Celtics,114,N/A,+325,+340,+340,+335,+340,+370,+340,N/A,-425,-430,-450,-440,-440,-480,-430
Mon Nov 13 2023,Washington Wizards,107,Toronto Raptors,111,N/A,+280,+285,+280,+270,+275,+260,+285,N/A,-360,-355,-350,-345,-345,-345,-355
Mon Nov 13 2023,Chicago Bulls,109,Milwaukee Bucks,118,N/A,+325,+350,+350,+345,+330,+340,+350,N/A,-425,-430,-450,-455,-425,-435,-430
Mon Nov 13 2023,Cleveland Cavaliers,120,Sacramento Kings,132,N/A,-105,-102,-110,-105,-105,-104,-102,N/A,-115,-116,-110,-115,-115,-115,-116
Tue Nov 14 2023,Miami Heat,111,Charlotte Hornets,105,-158,-240,-255,-300,-250,-245,-1250,-255,+134,+200,+210,+230,+205,+200,+650,+210
Tue Nov 14 2023,Atlanta Hawks,126,Detroit Pistons,120,-174,-180,-190,-190,-178,-192,-182,-190,+146,+160,+160,+155,+150,+160,+145,+160
Tue Nov 14 2023,Indiana Pacers,132,Philadelphia 76ers,126,+190,+210,+210,+200,+205,+195,+205,+210,-230,-250,-255,-250,-250,-238,-250,-255
Tue Nov 14 2023,Orlando Magic,104,Brooklyn Nets,124,+110,+125,+120,+120,+122,+120,+120,+120,-130,-145,-142,-145,-145,-142,-150,-142
Tue Nov 14 2023,San Antonio Spurs,87,Oklahoma City Thunder,123,+315,+375,+370,+360,+360,+350,+370,+370,-400,-500,-480,-500,-480,-455,-480,-480
Tue Nov 14 2023,Dallas Mavericks,110,New Orleans Pelicans,131,-172,-155,-156,-160,-160,-148,-162,-156,+144,+135,+132,+135,+135,+124,+135,+132
Tue Nov 14 2023,Portland Trail Blazers,99,Utah Jazz,115,+220,+215,+220,+220,+210,+200,+205,+220,-270,-260,-270,-275,-260,-245,-265,-270
Tue Nov 14 2023,Los Angeles Clippers,108,Denver Nuggets,111,+190,+160,+152,+155,+148,+164,+163,+152,-230,-180,-180,-190,-175,-198,-195,-180
Tue Nov 14 2023,Minnesota Timberwolves,104,Golden State Warriors,101,+108,-150,-158,-160,-155,-148,-152,-158,-126,+130,+134,+135,+130,+124,+120,+134
Tue Nov 14 2023,Memphis Grizzlies,107,Los Angeles Lakers,134,+166,+200,+210,+200,+210,+195,+190,+210,-198,-240,-255,-250,-260,-238,-245,-255
Wed Nov 15 2023,Dallas Mavericks,130,Washington Wizards,117,-240,-160,-164,-165,-165,-166,-190,-164,+198,+140,+138,+135,+140,+140,+155,+138
Wed Nov 15 2023,New York Knicks,116,Atlanta Hawks,114,+104,-105,-100,even,-110,+102,+102,-100,-122,-115,-118,-120,-110,-122,-120,-118
Wed Nov 15 2023,Boston Celtics,117,Philadelphia 76ers,107,+102,-120,-124,-120,-130,-122,-114,-124,-120,even,+106,even,+110,+102,-108,+106
Wed Nov 15 2023,Milwaukee Bucks,128,Toronto Raptors,112,-152,-110,-118,-115,-120,-115,-130,-118,+128,-110,-100,-105,even,-105,+110,-100
Wed Nov 15 2023,Orlando Magic,96,Chicago Bulls,94,+118,+120,+112,+115,+115,+110,+108,+112,-138,-140,-132,-140,-135,-130,-127,-132
Wed Nov 15 2023,Minnesota Timberwolves,115,Phoenix Suns,133,+210,+160,+152,+145,+150,+140,+150,+152,-255,-180,-180,-175,-178,-162,-182,-180
Wed Nov 15 2023,Sacramento Kings,125,Los Angeles Lakers,110,+120,-105,-104,-105,-105,-108,-107,-104,-142,-115,-112,-115,-115,-112,-117,-112
Wed Nov 15 2023,Cleveland Cavaliers,109,Portland Trail Blazers,95,-460,-450,-430,-450,-440,-440,-500,-430,+360,+350,+340,+340,+335,+340,+375,+340
Thu Nov 16 2023,Brooklyn Nets,115,Miami Heat,122,+124,+140,+142,+135,+135,+130,+135,+142,-146,-160,-168,-160,-160,-155,-159,-168
Thu Nov 16 2023,Oklahoma City Thunder,128,Golden State Warriors,109,-130,-155,-164,-160,-155,-166,-155,-164,+110,+135,+138,+135,+130,+140,+130,+138
Fri Nov 17 2023,Milwaukee Bucks,130,Charlotte Hornets,99,-255,-350,-360,-350,-355,-355,-385,-360,+210,+275,+290,+260,+278,+280,+300,+290
Fri Nov 17 2023,New York Knicks,120,Washington Wizards,99,-290,-275,-280,-275,-305,-265,-265,-280,+235,+225,+230,+225,+240,+215,+205,+230
Fri Nov 17 2023,Philadelphia 76ers,126,Atlanta Hawks,116,-116,-125,-120,-120,-120,-120,-127,-120,-102,+105,+102,even,even,even,+102,+102
Fri Nov 17 2023,Detroit Pistons,100,Cleveland Cavaliers,108,+390,+310,+315,+310,+320,+310,+295,+315,-510,-390,-400,-400,-420,-395,-375,-400
Fri Nov 17 2023,Sacramento Kings,129,San Antonio Spurs,120,-260,-350,-360,-350,-355,-355,-360,-360,+215,+275,+290,+275,+278,+280,+285,+290
Fri Nov 17 2023,Boston Celtics,108,Toronto Raptors,105,-194,-390,-375,-400,-420,-395,-455,-375,+162,+310,+300,+310,+320,+310,+350,+300
Fri Nov 17 2023,Orlando Magic,103,Chicago Bulls,97,+110,+140,+142,+135,+140,+124,+145,+142,-130,-160,-168,-160,-165,-148,-175,-168
Fri Nov 17 2023,Denver Nuggets,110,New Orleans Pelicans,115,-162,-185,-180,-190,-190,-185,-205,-180,+136,+165,+152,+155,+158,+154,+170,+152
Fri Nov 17 2023,Los Angeles Lakers,107,Portland Trail Blazers,95,-320,-425,-450,-400,-430,-395,-420,-450,+250,+325,+350,+310,+328,+310,+330,+350
Fri Nov 17 2023,Phoenix Suns,131,Utah Jazz,128,-215,-200,-230,-200,-205,-205,-220,-230,+180,+170,+190,+165,+170,+170,+180,+190
Fri Nov 17 2023,Houston Rockets,100,Los Angeles Clippers,106,+205,+235,+235,+240,+240,+225,+235,+235,-250,-290,-290,-300,-305,-278,-286,-290
Sat Nov 18 2023,New York Knicks,122,Charlotte Hornets,108,-270,-250,-295,-250,-267,-230,-265,-295,+220,+210,+220,+200,+215,+190,+215,+220
Sat Nov 18 2023,Minnesota Timberwolves,121,New Orleans Pelicans,120,-215,-300,-300,-300,-305,-278,-295,-300,+180,+240,+240,+240,+240,+225,+240,+240
Sat Nov 18 2023,Miami Heat,97,Chicago Bulls,102,-146,-130,-132,-130,-125,-125,-132,-132,+124,+110,+112,+105,+105,+105,+110,+112
Sat Nov 18 2023,Dallas Mavericks,125,Milwaukee Bucks,132,+110,+110,+110,+105,+110,even,+102,+110,-130,-130,-130,-125,-130,-120,-122,-130
Sat Nov 18 2023,Memphis Grizzlies,120,San Antonio Spurs,108,-146,-150,-162,-155,-155,-148,-152,-162,+124,+130,+136,+125,+130,+124,+128,+136
Sat Nov 18 2023,Oklahoma City Thunder,130,Golden State Warriors,123,-132,+110,+114,+110,+110,+102,+114,+114,+112,-130,-134,-135,-130,-122,-141,-134
Sun Nov 19 2023,Philadelphia 76ers,121,Brooklyn Nets,99,-148,-165,-164,-165,-165,-175,-159,-164,+126,+145,+138,+140,+140,+145,+128,+138
Sun Nov 19 2023,Detroit Pistons,113,Toronto Raptors,142,+190,+325,+350,+340,+345,+310,+335,+350,-230,-425,-450,-450,-455,-395,-435,-450
Sun Nov 19 2023,Orlando Magic,128,Indiana Pacers,116,+144,+155,+156,+155,+158,+160,+150,+156,-174,-175,-186,-190,-190,-192,-182,-186
Sun Nov 19 2023,Denver Nuggets,109,Cleveland Cavaliers,121,-132,-185,-194,-190,-190,-175,-180,-194,+112,+165,+162,+155,+158,+145,+150,+162
Sun Nov 19 2023,Sacramento Kings,129,Dallas Mavericks,113,-102,+105,+102,+105,+105,+102,+102,+102,-116,-125,-120,-130,-125,-122,-120,-120
Sun Nov 19 2023,Boston Celtics,102,Memphis Grizzlies,100,-275,-650,-620,-650,-650,-675,-530,-620,+225,+475,+460,+475,+460,+490,+375,+460
Sun Nov 19 2023,Phoenix Suns,140,Utah Jazz,137,-194,-185,-230,-200,-205,-192,-205,-230,+162,+165,+176,+165,+170,+160,+163,+176
Sun Nov 19 2023,Oklahoma City Thunder,134,Portland Trail Blazers,91,-320,-270,-255,-275,-285,-258,-265,-255,+260,+220,+210,+225,+228,+210,+205,+210
Sun Nov 19 2023,Houston Rockets,104,Los Angeles Lakers,105,+210,+190,+194,+185,+196,+180,+188,+194,-255,-230,-235,-225,-240,-218,-230,-235
Mon Nov 20 2023,Boston Celtics,118,Charlotte Hornets,121,-460,-400,-335,-400,-355,-355,-375,-335,+360,+320,+275,+310,+278,+280,+295,+275
Mon Nov 20 2023,Denver Nuggets,107,Detroit Pistons,103,-350,-425,-460,-450,-440,-425,-435,-460,+280,+325,+360,+340,+335,+330,+340,+360
Mon Nov 20 2023,Milwaukee Bucks,142,Washington Wizards,129,-360,-450,-460,-400,-480,-395,-480,-460,+290,+350,+360,+310,+360,+310,+360,+360
Mon Nov 20 2023,Miami Heat,118,Chicago Bulls,100,-118,-120,-120,-115,-125,-112,-125,-120,-100,even,+102,-105,+105,-108,+105,+102
Mon Nov 20 2023,New York Knicks,100,Minnesota Timberwolves,117,+124,+120,+116,+120,+115,+114,+115,+116,-146,-140,-136,-145,-135,-135,-143,-136
Mon Nov 20 2023,Sacramento Kings,93,New Orleans Pelicans,129,-116,-125,-122,-130,-130,-125,-114,-122,-102,+105,+104,+105,+110,+105,-104,+104
Mon Nov 20 2023,Los Angeles Clippers,124,San Antonio Spurs,99,-270,-370,-390,-375,-355,-375,-360,-390,+220,+290,+310,+290,+278,+295,+275,+310
Mon Nov 20 2023,Houston Rockets,116,Golden State Warriors,121,+260,+230,+250,+220,+228,+225,+255,+250,-320,-280,-310,-275,-285,-278,-315,-310
Tue Nov 21 2023,Toronto Raptors,107,Orlando Magic,126,+102,+105,-100,even,+110,even,+104,even,-100,-120,-125,-118,-120,-130,-120,-124
Tue Nov 21 2023,Indiana Pacers,157,Atlanta Hawks,152,+150,+140,+138,+135,+135,+130,+130,+130,+138,-180,-160,-164,-160,-160,-155,-155
Tue Nov 21 2023,Cleveland Cavaliers,122,Philadelphia 76ers,119,+210,+265,+275,+260,+285,+260,+255,+240,+275,-255,-330,-340,-350,-365,-325,-315
Tue Nov 21 2023,Portland Trail Blazers,107,Phoenix Suns,120,+590,+500,+560,+550,+550,+550,+575,+500,+560,-850,-700,-800,-800,-800,-800,-835
Tue Nov 21 2023,Utah Jazz,99,Los Angeles Lakers,131,+300,+250,+260,+240,+240,+270,+240,+225,+260,-375,-310,-320,-300,-305,-340,-315
Wed Nov 22 2023,Washington Wizards,114,Charlotte Hornets,117,+164,+140,+132,+135,+148,+124,+145,+125,+132,-196,-160,-156,-160,-175,-148,-182
Wed Nov 22 2023,Denver Nuggets,119,Orlando Magic,124,-198,-160,-154,-160,-165,-148,-159,-155,-154,+166,+140,+130,+135,+140,+124,+128
Wed Nov 22 2023,Brooklyn Nets,145,Atlanta Hawks,147,+160,+135,+136,+135,+140,+130,+132,+120,+136,-190,-155,-162,-160,-165,-155,-157
Wed Nov 22 2023,Milwaukee Bucks,116,Boston Celtics,119,+160,+195,+200,+220,+205,+200,+195,+190,+200,-190,-235,-245,-275,-250,-245,-235
Wed Nov 22 2023,Miami Heat,129,Cleveland Cavaliers,96,-116,even,+102,even,+105,-105,-108,-110,+102,-104,-120,-120,-120,-125,-115,-109
Wed Nov 22 2023,Toronto Raptors,132,Indiana Pacers,131,+138,+120,+124,+115,+115,+114,+120,+120,+124,-164,-140,-146,-140,-135,-135,-148
Wed Nov 22 2023,Memphis Grizzlies,91,Houston Rockets,111,+156,+175,+172,+170,+178,+160,+175,+160,+172,-186,-210,-205,-210,-215,-192,-215
Wed Nov 22 2023,Philadelphia 76ers,99,Minnesota Timberwolves,112,+138,+230,+220,+220,+222,+195,+195,+200,+220,-164,-280,-270,-275,-278,-238,-245
Wed Nov 22 2023,Sacramento Kings,112,New Orleans Pelicans,117,-116,-120,-122,-120,-110,-115,-124,-115,-122,-102,even,+104,even,-110,-105,+105
Wed Nov 22 2023,Chicago Bulls,102,Oklahoma City Thunder,116,+240,+240,+265,+230,+240,+225,+255,+210,+265,-295,-300,-370,-300,-305,-278,-315
Wed Nov 22 2023,Los Angeles Clippers,109,San Antonio Spurs,102,-400,-350,-330,-350,-400,-325,-385,-300,-330,+315,+275,+265,+260,+310,+260,+300
Wed Nov 22 2023,Golden State Warriors,115,Phoenix Suns,123,+118,+125,+120,+120,+122,+114,+120,+125,+120,-138,-145,-142,-145,-145,-135,-141
Wed Nov 22 2023,Utah Jazz,105,Portland Trail Blazers,121,-198,-165,-158,-160,-178,-148,-155,-150,-158,+164,+145,+134,+135,+150,+124,+130
Wed Nov 22 2023,Dallas Mavericks,104,Los Angeles Lakers,101,-116,-110,-116,-105,-115,-135,-122,-110,-116,-102,-110,-102,-115,-105,+114,+102
Fri Nov 24 2023,Boston Celtics,96,Orlando Magic,113,-225,-220,-210,-190,-210,-205,-210,-220,-210,+188,+180,+176,+155,+175,+170,+175
Fri Nov 24 2023,Phoenix Suns,110,Memphis Grizzlies,89,-210,-160,-166,-160,-165,-166,-167,-170,-166,+176,+140,+140,+135,+140,+140,+140
Fri Nov 24 2023,Miami Heat,98,New York Knicks,100,+126,+170,+172,+165,+170,+164,+175,+160,+172,-148,-200,-205,-200,-205,-198,-215
Fri Nov 24 2023,Chicago Bulls,108,Toronto Raptors,121,+160,+170,+158,+155,+162,+160,+175,+155,+158,-190,-200,-188,-190,-195,-192,-215
Fri Nov 24 2023,Denver Nuggets,86,Houston Rockets,105,-130,-145,-146,-145,-145,-142,-148,-145,-146,+110,+125,+124,+120,+122,+120,+125
Fri Nov 24 2023,Detroit Pistons,113,Indiana Pacers,136,+310,+310,+340,+310,+320,+280,+250,+260,+340,-375,-390,-430,-400,-420,-355,-335
Fri Nov 24 2023,Washington Wizards,128,Milwaukee Bucks,131,+700,+575,+610,+700,+650,+525,+650,+500,+610,-1100,-850,-900,-1100,-1000,-750,-1000
Fri Nov 24 2023,Sacramento Kings,124,Minnesota Timberwolves,111,+144,+160,+160,+150,+158,+150,+150,+150,+160,-172,-180,-190,-185,-190,-180,-182
Fri Nov 24 2023,San Antonio Spurs,112,Golden State Warriors,118,+380,+375,+350,+350,+360,+330,+340,+325,+350,-490,-500,-450,-450,-480,-425,-435
Fri Nov 24 2023,New Orleans Pelicans,116,Los Angeles Clippers,106,+245,+170,+180,+170,+170,+170,+155,+170,+180,-300,-200,-215,-210,-205,-205,-195
Sat Nov 25 2023,Philadelphia 76ers,127,Oklahoma City Thunder,123,+102,-120,-118,-115,-120,-115,-113,-115,-118,-120,even,-102,-105,even,-105,-106
Sat Nov 25 2023,Miami Heat,97,Brooklyn Nets,112,+102,+235,+245,+230,+250,+225,+235,+225,+245,-118,-290,-300,-300,-320,-278,-286
Sat Nov 25 2023,Atlanta Hawks,136,Washington Wizards,108,-320,-425,-375,-375,-440,-325,-360,-325,-375,+260,+325,+300,+300,+335,+260,+285
Sat Nov 25 2023,Los Angeles Lakers,121,Cleveland Cavaliers,115,+164,+150,+142,+140,+140,+140,+155,+140,+142,-196,-170,-168,-165,-165,-166,-182
Sat Nov 25 2023,New Orleans Pelicans,100,Utah Jazz,105,-104,-150,-158,-150,-155,-135,-139,-135,-158,-112,+130,+130,+125,+130,+114,+118
Sat Nov 25 2023,Dallas Mavericks,88,Los Angeles Clippers,107,-102,+105,-102,+105,+105,-102,-107,-105,-102,-116,-125,-116,-125,-125,-118,-117
Sun Nov 26 2023,Portland Trail Blazers,102,Milwaukee Bucks,108,+520,+550,+610,+525,+500,+470,+575,+450,+610,-720,-800,-900,-750,-700,-650,-835
Sun Nov 26 2023,Atlanta Hawks,103,Boston Celtics,113,+240,+245,+240,+240,+240,+210,+240,+210,+240,-295,-305,-295,-300,-305,-258,-295
Sun Nov 26 2023,Minnesota Timberwolves,119,Memphis Grizzlies,97,+205,-250,-245,-250,-267,-245,-245,-250,-245,-250,+210,+200,+200,+215,+200,+195
Sun Nov 26 2023,Phoenix Suns,116,New York Knicks,113,+120,+185,+194,+200,+180,+215,+175,+180,+194,-142,-225,-240,-250,-220,-265,-210
Sun Nov 26 2023,Charlotte Hornets,117,Orlando Magic,130,N/A,+200,+205,+190,+196,+205,+200,+200,+205,N/A,-240,-245,-250,-240,-250,-250
Sun Nov 26 2023,Chicago Bulls,109,Brooklyn Nets,118,+126,+130,+126,+120,+130,+114,+125,+115,+126,-148,-150,-148,-145,-155,-135,-148
Sun Nov 26 2023,Toronto Raptors,102,Cleveland Cavaliers,105,+194,+135,+132,+125,+140,+124,+132,+130,+132,-235,-155,-156,-155,-165,-148,-157
Sun Nov 26 2023,San Antonio Spurs,120,Denver Nuggets,132,+560,+425,+400,+375,+430,+370,+325,+350,+400,-800,-550,-520,-500,-600,-485,-420
Mon Nov 27 2023,Washington Wizards,126,Detroit Pistons,107,+152,+115,+116,+115,+118,+110,+112,+110,+116,-180,-135,-136,-140,-140,-130,-132
Mon Nov 27 2023,Portland Trail Blazers,114,Indiana Pacers,110,+460,+500,+490,+475,+500,+440,+500,+400,+490,-620,-700,-670,-650,-700,-600,-715
Mon Nov 27 2023,Los Angeles Lakers,94,Philadelphia 76ers,138,+184,+195,+190,+185,+185,+170,+190,+170,+190,-220,-235,-230,-225,-225,-205,-230
Mon Nov 27 2023,New Orleans Pelicans,112,Utah Jazz,114,-180,-240,-260,-250,-260,-238,-230,-250,-260,+152,+200,+215,+200,+210,+195,+190
Mon Nov 27 2023,Denver Nuggets,113,Los Angeles Clippers,104,+124,+425,+430,+400,+400,+410,+375,+375,+430,-146,-550,-590,-550,-550,-550,-500
Tue Nov 28 2023,Chicago Bulls,97,Boston Celtics,124,+480,+525,+540,+550,+550,+575,+480,+425,+540,-650,-750,-770,-800,-800,-850,-670
Tue Nov 28 2023,Toronto Raptors,103,Brooklyn Nets,115,+112,+105,+106,even,+105,even,even,even,+106,-132,-125,-124,-120,-125,-120,-120
Tue Nov 28 2023,Atlanta Hawks,105,Cleveland Cavaliers,128,+194,+155,+152,+155,+158,+150,+150,+150,+152,-235,-175,-180,-190,-190,-180,-180
Tue Nov 28 2023,Milwaukee Bucks,131,Miami Heat,124,+102,-175,-184,-190,-180,-185,-175,-180,-184,-120,+155,+154,+155,+152,+154,+145
Tue Nov 28 2023,Charlotte Hornets,91,New York Knicks,115,+460,+450,+430,+425,+430,+390,+480,+375,+430,-620,-600,-590,-600,-600,-520,-670
Tue Nov 28 2023,Oklahoma City Thunder,103,Minnesota Timberwolves,106,+146,+130,+120,+125,+135,+120,+128,+120,+120,-174,-150,-142,-150,-160,-142,-159
Tue Nov 28 2023,Houston Rockets,115,Dallas Mavericks,121,+172,+150,+154,+145,+143,+145,+143,+140,+154,-205,-170,-184,-175,-170,-175,-177
Tue Nov 28 2023,Golden State Warriors,123,Sacramento Kings,124,+114,+110,+114,+105,+122,even,even,even,+114,-134,-130,-134,-130,-145,-120,-122
Wed Nov 29 2023,Los Angeles Lakers,133,Detroit Pistons,107,-300,-310,-300,-300,-345,-325,-315,-325,-300,+245,+250,+245,+240,+270,+260,+260
Wed Nov 29 2023,Washington Wizards,120,Orlando Magic,139,+385,+325,+360,+340,+345,+340,+325,+325,+360,-500,-425,-460,-450,-455,-440,-420
Wed Nov 29 2023,Phoenix Suns,105,Toronto Raptors,112,-122,-155,-166,-160,-165,-162,-155,-145,-166,+104,+135,+140,+135,+140,+136,+130
Wed Nov 29 2023,Utah Jazz,91,Memphis Grizzlies,105,+156,+140,+138,+145,+143,+140,+138,+135,+138,-186,-160,-164,-175,-170,-166,-165
Wed Nov 29 2023,Philadelphia 76ers,114,New Orleans Pelicans,124,-120,+115,+110,+115,+118,+120,+118,+105,+110,+102,-135,-130,-140,-140,-142,-139
Wed Nov 29 2023,Houston Rockets,124,Denver Nuggets,134,+162,+350,+350,+360,+360,+350,+370,+325,+350,-194,-450,-450,-500,-480,-455,-480
Wed Nov 29 2023,Los Angeles Clippers,131,Sacramento Kings,117,-100,-125,-116,-125,-125,-122,-122,-125,-116,-118,+105,-102,+105,+105,+102,even
Thu Nov 30 2023,Portland Trail Blazers,103,Cleveland Cavaliers,95,+480,+500,+460,+450,+460,+410,+480,+460,-650,-700,-620,-650,-650,-550,-670,-620
Thu Nov 30 2023,Charlotte Hornets,129,Brooklyn Nets,128,+310,+320,+300,+300,+320,+270,+340,+300,-390,-400,-375,-400,-420,-340,-435,-375
Thu Nov 30 2023,Indiana Pacers,132,Miami Heat,142,+110,+145,+138,+140,+143,+140,+138,+138,-130,-165,-164,-165,-170,-166,-165,-164
Thu Nov 30 2023,Detroit Pistons,112,New York Knicks,118,+660,+650,+700,+725,+700,+600,+500,+700,-1000,-1000,-1100,-1200,-1100,-900,-715,-1100
Thu Nov 30 2023,Milwaukee Bucks,113,Chicago Bulls,120,-330,-500,-560,-450,-480,-440,-560,-560,+265,+375,+420,+350,+360,+340,+420,+420
Thu Nov 30 2023,Utah Jazz,90,Minnesota Timberwolves,101,+385,+475,+440,+475,+460,+490,+475,+440,-500,-650,-590,-650,-650,-675,-670,-590
Thu Nov 30 2023,Los Angeles Lakers,110,Oklahoma City Thunder,133,+190,+170,+160,+155,+170,+150,+175,+160,-230,-200,-190,-190,-205,-180,-215,-190
Thu Nov 30 2023,Atlanta Hawks,137,San Antonio Spurs,135,-245,-250,-260,-250,-260,-245,-240,-260,+200,+210,+215,+200,+210,+200,+195,+215
Thu Nov 30 2023,Los Angeles Clippers,114,Golden State Warriors,120,+166,+110,+108,+105,+115,+102,+102,+108,-198,-130,-126,-125,-135,-122,-127,-126
Fri Dec 1 2023,Washington Wizards,125,Orlando Magic,130,+450,+350,+390,+350,+360,+340,+430,+390,-600,-450,-510,-450,-480,-440,-590,-510
Fri Dec 1 2023,Philadelphia 76ers,119,Boston Celtics,125,+265,+475,+540,+475,+500,+425,+460,+540,-330,-650,-770,-650,-700,-575,-625,-770
Fri Dec 1 2023,Memphis Grizzlies,108,Dallas Mavericks,94,+385,+190,+198,+185,+185,+190,+205,+198,-500,-230,-240,-225,-225,-230,-250,-240
Fri Dec 1 2023,New York Knicks,119,Toronto Raptors,106,+104,+105,+102,+105,+105,even,+104,+102,-122,-125,-120,-130,-125,-120,-122,-120
Fri Dec 1 2023,San Antonio Spurs,106,New Orleans Pelicans,121,+520,+550,+530,+550,+500,+525,+575,+530,-720,-800,-750,-800,-700,-750,-835,-750
Fri Dec 1 2023,Denver Nuggets,119,Phoenix Suns,111,+102,-110,-112,-110,-115,-115,-110,-112,-120,-110,-104,-110,-105,-105,-107,-104
Sat Dec 2 2023,Golden State Warriors,112,Los Angeles Clippers,113,+166,+175,+184,+170,+158,+160,+165,+184,-198,-210,-220,-210,-190,-192,-200,-220
Sat Dec 2 2023,Minnesota Timberwolves,123,Charlotte Hornets,117,-245,-210,-210,-225,-220,-218,-210,-210,+200,+175,+176,+180,+180,+180,+175,+176
Sat Dec 2 2023,Orlando Magic,101,Brooklyn Nets,129,+118,+120,+114,+115,+115,+110,+115,+114,-138,-140,-134,-140,-135,-130,-137,-134
Sat Dec 2 2023,Cleveland Cavaliers,110,Detroit Pistons,101,-335,-425,-390,-400,-420,-380,-400,-390,+270,+325,+310,+310,+320,+300,+310,+310
Sat Dec 2 2023,New Orleans Pelicans,118,Chicago Bulls,124,-180,-125,-118,-120,-110,-115,-117,-118,+152,+105,-100,even,-110,-105,-103,-100
Sat Dec 2 2023,Indiana Pacers,144,Miami Heat,129,+118,+165,+160,+150,+158,+145,+155,+160,-138,-185,-190,-185,-190,-175,-186,-190
Sat Dec 2 2023,Atlanta Hawks,121,Milwaukee Bucks,132,+235,+215,+215,+200,+205,+205,+200,+215,-290,-260,-260,-250,-250,-250,-245,-260
Sat Dec 2 2023,Oklahoma City Thunder,126,Dallas Mavericks,120,-134,-192,-220,-190,-195,-192,-186,-220,+114,+167,+180,+155,+162,+160,+155,+180
Sat Dec 2 2023,Memphis Grizzlies,109,Phoenix Suns,116,+350,+350,+380,+340,+360,+370,+370,+380,-450,-450,-490,-450,-480,-485,-480,-490
Sat Dec 2 2023,Portland Trail Blazers,113,Utah Jazz,118,+144,+105,+102,even,+105,-105,+104,+102,-172,-125,-120,-120,-125,-115,-122,-120
Sat Dec 2 2023,Denver Nuggets,117,Sacramento Kings,123,+116,+135,+130,+125,+140,+120,+135,+130,-136,-155,-154,-155,-165,-142,-165,-154
Sat Dec 2 2023,Houston Rockets,97,Los Angeles Lakers,107,+198,+167,+162,+165,+162,+160,+160,+162,-240,-192,-194,-200,-195,-192,-190,-194
Mon Dec 4 2023,Boston Celtics,112,Indiana Pacers,122,-200,-200,-198,-210,-215,-192,-182,-198,+168,+170,+166,+170,+178,+160,+145,+166
Mon Dec 4 2023,New Orleans Pelicans,127,Sacramento Kings,117,+194,+135,+132,+125,+140,+130,+128,+132,-235,-155,-170,-155,-165,-155,-155,-170
Tue Dec 5 2023,New York Knicks,122,Milwaukee Bucks,146,+215,+165,+154,+155,+158,+154,+170,+154,-260,-185,-184,-190,-190,-185,-205,-184
Tue Dec 5 2023,Phoenix Suns,103,Los Angeles Lakers,106,+108,+105,+108,+110,even,+110,+102,+108,-126,-125,-126,-135,-120,-130,-120,-126
Wed Dec 6 2023,Orlando Magic,111,Cleveland Cavaliers,121,+160,+145,+138,+150,+152,+154,+145,+138,-190,-165,-164,-185,-180,-185,-182,-164
Wed Dec 6 2023,Memphis Grizzlies,116,Detroit Pistons,102,-104,-130,-126,-125,-120,-122,-129,-126,-112,+110,+108,+105,even,+102,+108,+108
Wed Dec 6 2023,Philadelphia 76ers,131,Washington Wizards,126,-390,-500,-500,-500,-550,-470,-500,-500,+310,+375,+385,+375,+400,+360,+375,+385
Wed Dec 6 2023,Brooklyn Nets,114,Atlanta Hawks,113,+150,+140,+134,+135,+135,+130,+138,+134,-178,-160,-158,-165,-160,-155,-165,-158
Wed Dec 6 2023,San Antonio Spurs,94,Minnesota Timberwolves,102,+440,+475,+500,+475,+460,+440,+500,+500,-590,-650,-700,-650,-650,-600,-715,-700
Wed Dec 6 2023,Miami Heat,112,Toronto Raptors,103,+108,+145,+148,+140,+143,+130,+145,+148,-126,-165,-176,-165,-170,-155,-175,-176
Wed Dec 6 2023,Charlotte Hornets,100,Chicago Bulls,111,+166,+170,+168,+165,+175,+154,+175,+168,-198,-200,-200,-200,-210,-185,-210,-200
Wed Dec 6 2023,Oklahoma City Thunder,101,Houston Rockets,110,-112,-125,-126,-120,-125,-120,-132,-126,-104,+105,+108,even,+105,even,+112,+108
Wed Dec 6 2023,Utah Jazz,97,Dallas Mavericks,147,+300,+450,+460,+450,+430,+440,+430,+460,-375,-600,-620,-650,-600,-600,-590,-620
Wed Dec 6 2023,Portland Trail Blazers,106,Golden State Warriors,110,+390,+525,+530,+525,+550,+490,+575,+530,-510,-750,-750,-750,-800,-675,-835,-750
Wed Dec 6 2023,Denver Nuggets,102,Los Angeles Clippers,111,-100,+105,-102,-105,even,-105,-107,-102,-118,-125,-116,-115,-120,-115,-110,-116
Thu Dec 7 2023,Indiana Pacers,128,Milwaukee Bucks,119,+148,+170,+168,+165,+185,+170,+160,+168,-176,-200,-200,-200,-225,-205,-195,-200
Thu Dec 7 2023,New Orleans Pelicans,89,Los Angeles Lakers,133,+112,+105,+110,+105,+126,+110,+114,+110,-132,-125,-130,-130,-150,-130,-134,-130
Fri Dec 8 2023,Toronto Raptors,116,Charlotte Hornets,119,-138,-210,-215,-210,-235,-218,-215,-215,+118,+175,+180,+170,+192,+180,+165,+180
Fri Dec 8 2023,Detroit Pistons,91,Orlando Magic,123,+610,+400,+385,+375,+400,+360,+330,+385,-900,-525,-500,-500,-550,-470,-455,-500
Fri Dec 8 2023,Atlanta Hawks,114,Philadelphia 76ers,125,+215,+310,+295,+300,+270,+280,+260,+295,-260,-390,-370,-400,-345,-355,-345,-370
Fri Dec 8 2023,New York Knicks,123,Boston Celtics,133,+220,+250,+250,+240,+228,+235,+255,+250,-270,-310,-310,-300,-285,-290,-315,-310
Fri Dec 8 2023,Washington Wizards,97,Brooklyn Nets,124,+320,+320,+320,+310,+360,+350,+295,+320,-405,-400,-405,-400,-480,-455,-385,-405
Fri Dec 8 2023,Minnesota Timberwolves,127,Memphis Grizzlies,103,-260,-220,-215,-225,-250,-218,-220,-215,+215,+180,+180,+180,+205,+180,+175,+180
Fri Dec 8 2023,Cleveland Cavaliers,111,Miami Heat,99,-102,-125,-124,-125,-135,-122,-122,-124,-116,+105,+106,+105,+115,+102,even,+106
Fri Dec 8 2023,Golden State Warriors,136,Oklahoma City Thunder,138,+164,+130,+130,+125,+122,+124,+125,+130,-196,-150,-154,-150,-145,-148,-150,-154
Fri Dec 8 2023,Chicago Bulls,121,San Antonio Spurs,112,-116,-130,-126,-130,-135,-122,-139,-126,-102,+110,+108,+105,+115,+102,+112,+108
Fri Dec 8 2023,Houston Rockets,114,Denver Nuggets,106,+270,+300,+310,+310,+320,+330,+310,+310,-335,-380,-390,-400,-420,-425,-400,-390
Fri Dec 8 2023,Sacramento Kings,114,Phoenix Suns,106,-118,-150,-154,-155,-130,-148,-157,-154,-100,+130,+130,+125,+110,+124,+133,+130
Fri Dec 8 2023,Dallas Mavericks,125,Portland Trail Blazers,112,-330,-500,-460,-500,-345,-395,-420,-460,+265,+375,+360,+360,+270,+310,+330,+360
Fri Dec 8 2023,Los Angeles Clippers,117,Utah Jazz,103,-205,-330,-320,-350,-320,-310,-286,-320,+172,+265,+260,+260,+250,+250,+235,+260
Sat Dec 9 2023,Indiana Pacers,109,Los Angeles Lakers,123,N/A,+150,+148,+145,+152,+150,+140,+148,N/A,-170,-176,-175,-180,-180,-167,-176
Mon Dec 11 2023,Miami Heat,116,Charlotte Hornets,114,-148,-180,-186,-190,-170,-180,-182,-186,+126,+150,+156,+155,+143,+150,+145,+156
Mon Dec 11 2023,Indiana Pacers,131,Detroit Pistons,123,-320,-280,-290,-275,-285,-278,-275,-290,+260,+230,+235,+230,+228,+225,+215,+235
Mon Dec 11 2023,Cleveland Cavaliers,94,Orlando Magic,104,+116,+115,+116,+115,+105,+114,+110,+116,-134,-135,-136,-140,-125,-135,-130,-136
Mon Dec 11 2023,Washington Wizards,101,Philadelphia 76ers,146,+530,+550,+560,+675,+460,+525,+460,+560,-750,-800,-800,-1000,-650,-750,-670,-800
Mon Dec 11 2023,Denver Nuggets,129,Atlanta Hawks,122,-134,-160,-164,-160,-140,-142,-148,-164,+114,+135,+138,+135,+118,+120,+125,+138
Mon Dec 11 2023,Toronto Raptors,130,New York Knicks,136,+194,+140,+134,+140,+150,+150,+148,+134,-235,-165,-158,-165,-178,-180,-177,-158
Mon Dec 11 2023,San Antonio Spurs,82,Houston Rockets,93,+275,+320,+310,+300,+320,+275,+300,+310,-335,-400,-390,-375,-420,-345,-385,-390
Mon Dec 11 2023,Dallas Mavericks,120,Memphis Grizzlies,113,-152,-120,-112,-125,-120,-110,-118,-112,+128,even,-104,+105,even,-110,even,-104
Mon Dec 11 2023,Chicago Bulls,129,Milwaukee Bucks,133,+440,+475,+480,+450,+430,+425,+480,+480,-590,-650,-650,-650,-600,-575,-670,-650
Mon Dec 11 2023,Minnesota Timberwolves,107,New Orleans Pelicans,121,+110,+145,+138,+140,+143,+136,+145,+138,-130,-170,-164,-165,-170,-162,-175,-164
Mon Dec 11 2023,Utah Jazz,120,Oklahoma City Thunder,134,+590,+625,+530,+575,+550,+525,+550,+530,-850,-950,-750,-800,-800,-750,-770,-750
Mon Dec 11 2023,Brooklyn Nets,118,Sacramento Kings,131,+190,+160,+166,+165,+158,+164,+150,+166,-230,-190,-198,-200,-190,-198,-182,-198
Mon Dec 11 2023,Portland Trail Blazers,127,Los Angeles Clippers,132,+590,+625,+730,+700,+700,+575,+700,+730,-850,-950,-1150,-1100,-1100,-850,-1115,-1150
Tue Dec 12 2023,Cleveland Cavaliers,113,Boston Celtics,120,+330,+475,+420,+425,+430,+410,+500,+420,-420,-650,-560,-600,-600,-550,-715,-560
Tue Dec 12 2023,Los Angeles Lakers,125,Dallas Mavericks,127,-102,-155,-154,-150,-160,-142,-150,-154,-116,+130,+130,+125,+135,+120,+120,+130
Tue Dec 12 2023,Denver Nuggets,114,Chicago Bulls,106,-335,-250,-255,-250,-260,-230,-245,-255,+270,+205,+210,+200,+210,+190,+195,+210
Tue Dec 12 2023,Golden State Warriors,116,Phoenix Suns,119,+136,-125,-120,-125,-130,-115,-109,-120,-162,+105,+102,+105,+110,-105,-108,+102
Tue Dec 12 2023,Sacramento Kings,99,Los Angeles Clippers,119,+180,+140,+142,+145,+140,+140,+133,+142,-215,-165,-168,-175,-165,-166,-157,-168
Wed Dec 13 2023,Philadelphia 76ers,129,Detroit Pistons,111,-600,-700,-650,-700,-700,-600,-670,-650,+450,+500,+480,+500,+500,+440,+475,+480
Wed Dec 13 2023,New Orleans Pelicans,142,Washington Wizards,122,-295,-260,-255,-275,-278,-278,-295,-255,+240,+210,+210,+220,+222,+225,+240,+210
Wed Dec 13 2023,Charlotte Hornets,104,Miami Heat,115,+315,+250,+265,+270,+270,+245,+270,+265,-400,-310,-330,-350,-345,-305,-335,-330
Wed Dec 13 2023,Atlanta Hawks,128,Toronto Raptors,135,+102,+115,+120,+115,+110,+110,+108,+120,-120,-135,-142,-140,-130,-130,-129,-142
Wed Dec 13 2023,Memphis Grizzlies,104,Houston Rockets,117,+235,+350,+350,+425,+320,+300,+800,+350,-290,-450,-450,-600,-420,-380,-2000,-450
Wed Dec 13 2023,Indiana Pacers,126,Milwaukee Bucks,140,+194,+205,+200,+225,+210,+205,+205,+200,-235,-250,-245,-275,-260,-250,-250,-245
Wed Dec 13 2023,Los Angeles Lakers,122,San Antonio Spurs,119,-250,-165,-164,-165,-165,-155,-165,-164,+205,+140,+138,+140,+140,+130,+138,+138
Wed Dec 13 2023,Brooklyn Nets,116,Phoenix Suns,112,+180,+160,+180,+150,+158,+154,+145,+180,-215,-190,-235,-185,-190,-185,-175,-235
Wed Dec 13 2023,New York Knicks,113,Utah Jazz,117,-220,-225,-220,-225,-225,-225,-220,-220,+184,+185,+188,+185,+185,+185,+180,+188
Thu Dec 14 2023,Cleveland Cavaliers,107,Boston Celtics,116,+295,+290,+290,+310,+285,+300,+310,+290,-370,-370,-360,-400,-365,-380,-400,-360
Thu Dec 14 2023,Chicago Bulls,124,Miami Heat,116,+205,+140,+136,+135,+140,+130,+140,+136,-250,-165,-162,-160,-165,-155,-167,-162
Thu Dec 14 2023,Minnesota Timberwolves,119,Dallas Mavericks,101,N/A,-125,-130,-125,-135,-122,-120,-130,N/A,+105,+110,+105,+115,+102,+102,+110
Thu Dec 14 2023,Brooklyn Nets,101,Denver Nuggets,124,+330,+325,+330,+310,+345,+280,+340,+330,-420,-425,-420,-400,-455,-355,-435,-420
Thu Dec 14 2023,Utah Jazz,122,Portland Trail Blazers,114,+104,+165,+168,+170,+158,+160,+165,+168,-122,-200,-200,-210,-190,-192,-200,-200
Thu Dec 14 2023,Oklahoma City Thunder,123,Sacramento Kings,128,+104,+110,+112,+120,+115,+110,+108,+112,-122,-130,-132,-145,-135,-130,-127,-132
Thu Dec 14 2023,Golden State Warriors,113,Los Angeles Clippers,121,+200,+110,+118,+115,+175,+102,+128,+118,-245,-130,-138,-140,-210,-122,-152,-138
Fri Dec 15 2023,New Orleans Pelicans,112,Charlotte Hornets,107,-210,-425,-390,-450,-385,-425,-385,-390,+176,+325,+310,+350,+300,+330,+300,+310
Fri Dec 15 2023,Detroit Pistons,92,Philadelphia 76ers,124,+900,+750,+660,+775,+800,+675,+800,+660,-1600,-1200,-1000,-1400,-1400,-1050,-1250,-1000
Fri Dec 15 2023,Indiana Pacers,123,Washington Wizards,137,-370,-350,-330,-350,-345,-325,-360,-330,+295,+275,+265,+280,+270,+260,+280,+265
Fri Dec 15 2023,Orlando Magic,111,Boston Celtics,128,+190,+190,+184,+185,+196,+170,+170,+184,-230,-230,-220,-225,-240,-205,-205,-220
Fri Dec 15 2023,Los Angeles Lakers,115,San Antonio Spurs,129,-168,-170,-178,-165,-180,-175,-195,-178,+142,+145,+150,+140,+152,+145,+160,+150
Fri Dec 15 2023,Atlanta Hawks,125,Toronto Raptors,104,+118,+105,+106,+105,+115,+102,+108,+106,-138,-125,-124,-125,-135,-122,-130,-124
Fri Dec 15 2023,Houston Rockets,103,Memphis Grizzlies,96,-196,-130,-142,-145,-150,-148,-139,-142,+164,+110,+120,+120,+126,+124,+118,+120
Fri Dec 15 2023,New York Knicks,139,Phoenix Suns,122,+172,+165,+176,+165,+170,+154,+160,+176,-205,-200,-210,-200,-205,-185,-200,-210
Sat Dec 16 2023,Detroit Pistons,114,Milwaukee Bucks,146,+1100,+800,+750,+800,+800,+800,+900,+750,-2200,-1300,-1200,-1400,-1400,-1350,-1667,-1200
Sat Dec 16 2023,Philadelphia 76ers,135,Charlotte Hornets,82,-560,-650,-670,-750,-600,-675,-625,-670,+420,+475,+490,+525,+430,+490,+460,+490
Sat Dec 16 2023,Atlanta Hawks,119,Cleveland Cavaliers,127,+112,+150,+150,+150,+143,+140,+160,+150,-132,-180,-178,-185,-170,-166,-195,-178
Sat Dec 16 2023,Chicago Bulls,116,Miami Heat,118,+168,+160,+158,+155,+175,+160,+190,+158,-200,-190,-188,-190,-210,-192,-230,-188
Sat Dec 16 2023,Indiana Pacers,109,Minnesota Timberwolves,127,+250,+375,+385,+400,+328,+360,+440,+385,-310,-500,-500,-550,-430,-470,-590,-500
Sat Dec 16 2023,Brooklyn Nets,120,Golden State Warriors,124,+136,+135,+136,+130,+130,+124,+135,+136,-162,-160,-162,-155,-155,-148,-159,-162
Sat Dec 16 2023,Oklahoma City Thunder,118,Denver Nuggets,117,+205,+180,+180,+165,+170,+180,+163,+180,-250,-220,-215,-200,-205,-218,-195,-215
Sat Dec 16 2023,Dallas Mavericks,131,Portland Trail Blazers,120,-250,-200,-188,-190,-205,-180,-215,-188,+205,+165,+158,+155,+170,+150,+175,+158
Sat Dec 16 2023,Utah Jazz,104,Sacramento Kings,125,+420,+270,+265,+260,+345,+260,+300,+265,-560,-340,-330,-350,-455,-325,-385,-330
Sat Dec 16 2023,New York Knicks,122,Los Angeles Clippers,144,+188,+205,+215,+220,+210,+195,+235,+215,-225,-250,-260,-275,-260,-238,-286,-260
Sun Dec 17 2023,Orlando Magic,97,Boston Celtics,114,+230,+300,+275,+275,+328,+280,+270,+275,-290,-380,-340,-350,-430,-355,-335,-340
Sun Dec 17 2023,New Orleans Pelicans,146,San Antonio Spurs,110,-340,-350,-330,-350,-355,-355,-345,-330,+275,+275,+265,+260,+278,+280,+275,+265
Sun Dec 17 2023,Houston Rockets,119,Milwaukee Bucks,128,+215,+230,+225,+225,+222,+225,+240,+225,-260,-280,-275,-275,-278,-278,-295,-275
Sun Dec 17 2023,Washington Wizards,108,Phoenix Suns,112,+570,+525,+570,+550,+550,+550,+540,+570,-820,-750,-820,-800,-800,-800,-770,-820
Sun Dec 17 2023,Golden State Warriors,118,Portland Trail Blazers,114,-198,-225,-240,-250,-225,-218,-230,-240,+166,+185,+198,+190,+185,+180,+190,+198
Mon Dec 18 2023,Houston Rockets,130,Cleveland Cavaliers,135,+164,+140,+138,+135,+143,+140,+150,+138,-196,-165,-164,-160,-170,-166,-180,-164
Mon Dec 18 2023,Los Angeles Clippers,151,Indiana Pacers,127,-120,-170,-186,-175,-170,-155,-162,-186,+102,+145,+156,+145,+143,+130,+135,+156
Mon Dec 18 2023,Chicago Bulls,108,Philadelphia 76ers,104,+430,+375,+380,+400,+400,+360,+410,+380,-560,-500,-490,-550,-550,-470,-560,-490
Mon Dec 18 2023,Detroit Pistons,124,Atlanta Hawks,130,+385,+475,+450,+400,+460,+440,+460,+450,-500,-650,-600,-550,-650,-600,-625,-600
Mon Dec 18 2023,Minnesota Timberwolves,112,Miami Heat,108,-130,-130,-126,-135,-135,-122,-124,-126,+110,+110,+108,+110,+115,+102,+104,+108
Mon Dec 18 2023,Charlotte Hornets,99,Toronto Raptors,114,+380,+550,+540,+525,+500,+550,+540,+540,-490,-800,-770,-750,-700,-800,-835,-770
Mon Dec 18 2023,Memphis Grizzlies,97,Oklahoma City Thunder,116,+390,+390,+385,+360,+400,+350,+380,+385,-510,-525,-500,-500,-550,-455,-500,-500
Mon Dec 18 2023,Dallas Mavericks,104,Denver Nuggets,130,+240,+275,+265,+260,+300,+270,+275,+265,-295,-350,-330,-350,-385,-340,-360,-330
Mon Dec 18 2023,Brooklyn Nets,108,Utah Jazz,125,-162,-160,-156,-165,-160,-148,-159,-156,+136,+135,+132,+140,+135,+124,+135,+132
Mon Dec 18 2023,Washington Wizards,131,Sacramento Kings,143,+460,+700,+700,+750,+700,+575,+700,+700,-620,-1100,-1100,-1200,-1100,-850,-1115,-1100
Mon Dec 18 2023,New York Knicks,114,Los Angeles Lakers,109,+160,+165,+162,+170,+162,+164,+160,+162,-190,-200,-194,-210,-195,-198,-195,-194
Tue Dec 19 2023,Memphis Grizzlies,115,New Orleans Pelicans,113,+235,+280,+300,+300,+275,+270,+300,+300,-290,-360,-375,-375,-350,-340,-385,-375
Tue Dec 19 2023,San Antonio Spurs,119,Milwaukee Bucks,132,+660,+900,+870,+1000,+900,+800,+1000,+870,-950,-1600,-1500,-2000,-1600,-1350,-2000,-1500
Tue Dec 19 2023,Boston Celtics,126,Golden State Warriors,132,-245,-190,-210,-200,-190,-205,-195,-210,+200,+160,+176,+165,+158,+170,+163,+176
Tue Dec 19 2023,Phoenix Suns,104,Portland Trail Blazers,109,-330,-280,-295,-300,-305,-298,-295,-295,+265,+230,+240,+240,+240,+240,+240,+240
Wed Dec 20 2023,Utah Jazz,116,Cleveland Cavaliers,124,+265,+125,+134,+125,+158,+130,+135,+134,-330,-150,-158,-155,-190,-155,-159,-158
Wed Dec 20 2023,Charlotte Hornets,113,Indiana Pacers,144,+420,+375,+385,+375,+360,+390,+370,+385,-560,-500,-500,-500,-480,-520,-480,-500
Wed Dec 20 2023,Miami Heat,115,Orlando Magic,106,+184,+170,+180,+170,+170,+170,+175,+180,-220,-205,-215,-210,-205,-205,-210,-215
Wed Dec 20 2023,Minnesota Timberwolves,113,Philadelphia 76ers,127,+132,+145,+144,+140,+135,+142,+138,+144,-156,-170,-172,-165,-160,-170,-165,-172
Wed Dec 20 2023,New York Knicks,121,Brooklyn Nets,102,-112,-115,-120,-120,-115,-118,-112,-120,-104,-105,+102,even,-105,-102,-106,+102
Wed Dec 20 2023,Denver Nuggets,113,Toronto Raptors,104,-198,-165,-168,-165,-170,-166,-175,-168,+166,+140,+142,+140,+143,+140,+145,+142
Wed Dec 20 2023,Los Angeles Lakers,108,Chicago Bulls,124,-210,-160,-164,-160,-178,-170,-167,-164,+180,+135,+138,+135,+150,+142,+133,+138
Wed Dec 20 2023,Atlanta Hawks,134,Houston Rockets,127,+128,+120,+120,+120,+140,+120,+125,+120,-152,-140,-142,-145,-165,-142,-150,-142
Wed Dec 20 2023,Los Angeles Clippers,120,Dallas Mavericks,111,-146,-125,-132,-125,-130,-125,-120,-132,+124,+105,+112,+105,+110,+105,even,+112
Wed Dec 20 2023,Boston Celtics,144,Sacramento Kings,119,-132,+140,+140,+135,+148,+142,+135,+140,+112,-165,-166,-160,-175,-170,-162,-166
Thu Dec 21 2023,Utah Jazz,119,Detroit Pistons,111,-130,+120,+112,+115,+118,+110,-200,+112,+108,-140,-132,-140,-140,-130,+155,-132
Thu Dec 21 2023,New Orleans Pelicans,123,Cleveland Cavaliers,104,+124,-165,-164,-165,-165,-166,-315,-164,-146,+140,+138,+135,+140,+140,+230,+138
Thu Dec 21 2023,San Antonio Spurs,95,Chicago Bulls,114,+132,+200,+198,+195,+192,+190,+123,+198,-156,-245,-240,-250,-235,-230,-155,-240
Thu Dec 21 2023,Indiana Pacers,103,Memphis Grizzlies,116,+152,+110,+112,+110,+118,+110,+300,+112,-180,-130,-132,-135,-140,-130,-435,-132
Thu Dec 21 2023,Orlando Magic,114,Milwaukee Bucks,118,+260,+280,+290,+290,+285,+285,+310,+290,-320,-360,-360,-375,-365,-360,-400,-360
Thu Dec 21 2023,Los Angeles Clippers,115,Oklahoma City Thunder,134,+130,+195,+194,+195,+196,+200,+190,+194,-154,-240,-235,-250,-240,-245,-230,-235
Thu Dec 21 2023,Los Angeles Lakers,111,Minnesota Timberwolves,118,+160,+270,+290,+260,+278,+275,+260,+290,-190,-340,-360,-350,-355,-345,-315,-360
Thu Dec 21 2023,Washington Wizards,118,Portland Trail Blazers,117,+148,+145,+142,+145,+140,+150,+145,+142,-176,-170,-168,-175,-165,-180,-175,-168
Fri Dec 22 2023,Toronto Raptors,111,Philadelphia 76ers,121,+280,+255,+245,+260,+250,+260,+275,+245,-350,-315,-300,-350,-320,-325,-345,-300
Fri Dec 22 2023,Denver Nuggets,122,Brooklyn Nets,117,-158,-185,-215,-190,-190,-198,-195,-215,+134,+155,+180,+155,+158,+164,+163,+180
Fri Dec 22 2023,Dallas Mavericks,96,Houston Rockets,122,+118,+270,+275,+275,+278,+280,+250,+275,-138,-340,-340,-350,-355,-355,-335,-340
Fri Dec 22 2023,Atlanta Hawks,113,Miami Heat,122,+118,-110,-106,-115,even,-108,even,-106,-138,-110,-110,-105,-120,-112,-118,-110
Fri Dec 22 2023,Washington Wizards,118,Golden State Warriors,129,+540,+400,+400,+425,+430,+425,+450,+400,-770,-550,-520,-600,-600,-575,-670,-520
Fri Dec 22 2023,Phoenix Suns,105,Sacramento Kings,120,+118,+150,+152,+145,+140,+136,+145,+152,-138,-180,-180,-175,-165,-162,-175,-180
Sat Dec 23 2023,Milwaukee Bucks,130,New York Knicks,111,-130,-135,-142,-135,-130,-135,-130,-142,+110,+115,+120,+110,+110,+114,+110,+120
Sat Dec 23 2023,Boston Celtics,145,Los Angeles Clippers,108,-116,-190,-176,-140,-178,-185,-162,-176,-102,+160,+148,+115,+150,+154,+135,+148
Sat Dec 23 2023,Denver Nuggets,102,Charlotte Hornets,95,-350,-550,-590,-600,-600,-575,-670,-590,+280,+400,+430,+425,+430,+425,+475,+430
Sat Dec 23 2023,Orlando Magic,117,Indiana Pacers,110,+108,+115,+116,+115,+115,+114,+114,+116,-126,-135,-136,-140,-135,-135,-134,-136
Sat Dec 23 2023,Houston Rockets,106,New Orleans Pelicans,104,+210,+235,+235,+230,+240,+235,+270,+235,-255,-290,-290,-300,-305,-290,-335,-290
Sat Dec 23 2023,Memphis Grizzlies,125,Atlanta Hawks,119,-116,+105,+106,even,+110,-102,-103,+106,-102,-125,-124,-120,-130,-118,-115,-124
Sat Dec 23 2023,Detroit Pistons,115,Brooklyn Nets,126,+360,+350,+380,+333,+345,+340,+350,+380,-460,-450,-490,-450,-455,-440,-455,-490
Sat Dec 23 2023,Utah Jazz,126,Toronto Raptors,119,+225,+175,+176,+170,+185,+170,+190,+176,-275,-210,-210,-210,-225,-205,-230,-210
Sat Dec 23 2023,Cleveland Cavaliers,109,Chicago Bulls,95,+188,+205,+200,+200,+185,+200,+190,+200,-225,-250,-255,-250,-225,-245,-230,-255
Sat Dec 23 2023,Los Angeles Lakers,129,Oklahoma City Thunder,120,+152,+140,+138,+140,+140,+130,+138,+138,-180,-165,-164,-165,-165,-155,-165,-164
Sat Dec 23 2023,San Antonio Spurs,119,Dallas Mavericks,144,+240,+275,+265,+280,+278,+280,+285,+265,-295,-350,-330,-350,-355,-355,-375,-330
Sat Dec 23 2023,Portland Trail Blazers,106,Golden State Warriors,126,+295,+280,+280,+280,+300,+285,+250,+280,-370,-360,-350,-350,-385,-360,-335,-350
Sat Dec 23 2023,Minnesota Timberwolves,110,Sacramento Kings,98,-102,+115,+110,+115,+118,+114,+118,+110,-116,-135,-130,-140,-140,-135,-139,-130
Mon Dec 25 2023,Milwaukee Bucks,122,New York Knicks,129,-134,-160,-158,-160,-165,-162,-159,-158,+114,+135,+134,+135,+140,+136,+135,+134
Mon Dec 25 2023,Golden State Warriors,114,Denver Nuggets,120,+172,+260,+250,+240,+228,+235,+235,+250,-205,-320,-310,-300,-285,-290,-286,-310
Mon Dec 25 2023,Boston Celtics,126,Los Angeles Lakers,115,-116,-190,-198,-190,-210,-192,-195,-198,-104,+160,+166,+155,+175,+160,+163,+166
Mon Dec 25 2023,Philadelphia 76ers,113,Miami Heat,119,+122,+120,+118,+120,+122,+120,+107,+118,-144,-140,-138,-145,-145,-142,-125,-138
Mon Dec 25 2023,Dallas Mavericks,128,Phoenix Suns,114,+198,+150,+150,+150,+158,+145,+145,+150,-240,-180,-178,-185,-190,-175,-175,-178
Tue Dec 26 2023,Brooklyn Nets,118,Detroit Pistons,112,-270,-245,-260,-250,-240,-258,-245,-260,+220,+200,+215,+200,+196,+210,+200,+215
Tue Dec 26 2023,Orlando Magic,127,Washington Wizards,119,-275,-290,-275,-275,-285,-278,-305,-275,+225,+235,+225,+230,+228,+225,+235,+225
Tue Dec 26 2023,Atlanta Hawks,113,Chicago Bulls,118,-116,-140,-130,-140,-145,-135,-124,-130,-102,+120,+110,+115,+122,+114,+104,+110
Tue Dec 26 2023,Indiana Pacers,123,Houston Rockets,117,+118,+130,+126,+120,+122,+120,+120,+126,-138,-155,-148,-145,-145,-142,-150,-148
Tue Dec 26 2023,Memphis Grizzlies,116,New Orleans Pelicans,115,+148,+155,+166,+155,+158,+154,+160,+166,-176,-185,-198,-190,-190,-185,-190,-198
Tue Dec 26 2023,Minnesota Timberwolves,106,Oklahoma City Thunder,129,+148,+110,+110,+110,+118,+110,+107,+110,-174,-130,-130,-135,-140,-130,-125,-130
Tue Dec 26 2023,Utah Jazz,130,San Antonio Spurs,118,-120,-150,-154,-150,-150,-155,-157,-154,+102,+125,+130,+125,+126,+130,+130,+130
Tue Dec 26 2023,Sacramento Kings,113,Portland Trail Blazers,130,-230,-390,-400,-400,-350,-395,-420,-400,+190,+310,+315,+310,+275,+310,+325,+315
Tue Dec 26 2023,Charlotte Hornets,104,Los Angeles Clippers,113,+490,+400,+410,+400,+430,+400,+430,+410,-670,-550,-550,-550,-600,-535,-590,-550
Wed Dec 27 2023,Philadelphia 76ers,112,Orlando Magic,92,-104,+115,+118,+115,+115,+120,+110,+118,-112,-135,-138,-140,-135,-142,-132,-138
Wed Dec 27 2023,Toronto Raptors,132,Washington Wizards,102,-230,-260,-270,-275,-240,-265,-275,-270,+190,+210,+220,+220,+196,+215,+220,+220
Wed Dec 27 2023,Milwaukee Bucks,144,Brooklyn Nets,122,-148,-500,-450,-500,-480,-470,-435,-450,+126,+375,+350,+375,+360,+360,+340,+350
Wed Dec 27 2023,Phoenix Suns,129,Houston Rockets,113,-122,-140,-152,-150,-150,-148,-148,-152,+104,+120,+128,+125,+126,+124,+125,+128
Wed Dec 27 2023,New York Knicks,120,Oklahoma City Thunder,129,+112,+140,+134,+135,+140,+136,+128,+134,-132,-165,-158,-160,-165,-162,-159,-158
Wed Dec 27 2023,Cleveland Cavaliers,113,Dallas Mavericks,110,+250,+210,+235,+200,+210,+170,+200,+235,-310,-260,-290,-250,-260,-205,-250,-290
Thu Dec 28 2023,Detroit Pistons,122,Boston Celtics,128,+1300,+850,+830,+800,+800,+800,+900,+830,-3000,-1400,-1400,-1400,-1400,-1350,-1667,-1400
Thu Dec 28 2023,Indiana Pacers,120,Chicago Bulls,104,-130,-115,-116,-115,-115,-110,-114,-116,+110,-105,-102,-105,-105,-110,-104,-102
Thu Dec 28 2023,Dallas Mavericks,110,Minnesota Timberwolves,118,+290,+525,+500,+500,+600,+455,+480,+500,-360,-750,-700,-700,-900,-625,-670,-700
Thu Dec 28 2023,Utah Jazz,105,New Orleans Pelicans,112,+320,+320,+315,+310,+335,+320,+285,+315,-405,-400,-400,-400,-440,-410,-360,-400
Thu Dec 28 2023,Memphis Grizzlies,105,Denver Nuggets,142,+205,+310,+320,+310,+335,+280,+325,+320,-250,-390,-405,-400,-440,-355,-420,-405
Thu Dec 28 2023,Miami Heat,114,Golden State Warriors,102,+112,+225,+215,+225,+205,+215,+200,+215,-132,-275,-260,-275,-250,-265,-245,-260
Thu Dec 28 2023,San Antonio Spurs,118,Portland Trail Blazers,105,+194,+130,+128,+125,+143,+136,+125,+128,-235,-155,-152,-155,-170,-162,-148,-152
Thu Dec 28 2023,Charlotte Hornets,112,Los Angeles Lakers,133,+590,+575,+610,+550,+550,+525,+600,+610,-850,-850,-900,-800,-800,-750,-1000,-900
Fri Dec 29 2023,New York Knicks,108,Orlando Magic,117,+102,-125,-118,-120,-110,-118,-120,-118,-120,+105,-100,even,-110,-102,+102,-100
Fri Dec 29 2023,Brooklyn Nets,104,Washington Wizards,110,-255,-240,-230,-250,-250,-238,-245,-230,+210,+195,+190,+195,+205,+195,+200,+190
Fri Dec 29 2023,Sacramento Kings,117,Atlanta Hawks,110,-112,-115,-118,-115,-110,-118,-122,-118,-104,-105,-100,-105,-110,-102,+104,-100
Fri Dec 29 2023,Toronto Raptors,118,Boston Celtics,120,+430,+165,+166,+165,+178,+160,+188,+166,-590,-200,-198,-200,-215,-192,-230,-198
Fri Dec 29 2023,Milwaukee Bucks,119,Cleveland Cavaliers,111,-215,-205,-200,-210,-195,-218,-215,-200,+180,+170,+168,+170,+162,+180,+170,+168
Fri Dec 29 2023,Philadelphia 76ers,131,Houston Rockets,127,-118,-115,-118,-120,-115,-118,-115,-118,-100,-105,-100,even,-105,-102,-103,-100
Fri Dec 29 2023,Oklahoma City Thunder,119,Denver Nuggets,93,+136,+110,+108,+110,even,+102,+102,+108,-162,-130,-126,-135,-120,-122,-124,-126
Fri Dec 29 2023,Charlotte Hornets,119,Phoenix Suns,133,+810,+800,+750,+775,+800,+750,+850,+750,-1350,-1300,-1200,-1400,-1400,-1200,-1430,-1200
Fri Dec 29 2023,San Antonio Spurs,128,Portland Trail Blazers,134,+184,+155,+158,+150,+150,+150,+170,+158,-220,-185,-188,-185,-178,-180,-205,-188
Fri Dec 29 2023,Memphis Grizzlies,106,Los Angeles Clippers,117,+225,+140,+152,+140,+143,+140,+155,+152,-275,-165,-180,-165,-170,-166,-186,-180
Sat Dec 30 2023,Miami Heat,109,Utah Jazz,117,-126,-160,-152,-155,-165,-155,-152,-152,+108,+135,+128,+125,+140,+130,+128,+128
Sat Dec 30 2023,Toronto Raptors,127,Detroit Pistons,129,-196,-180,-168,-160,-160,-166,-159,-168,+164,+150,+142,+135,+135,+140,+135,+142
Sat Dec 30 2023,New York Knicks,126,Indiana Pacers,140,+128,+145,+142,+145,+143,+140,+150,+142,-152,-170,-168,-175,-170,-166,-180,-168
Sat Dec 30 2023,Philadelphia 76ers,92,Chicago Bulls,105,-104,-110,-102,-105,-110,-102,-104,-102,-116,-110,-116,-115,-110,-118,-115,-116
Sat Dec 30 2023,Los Angeles Lakers,106,Minnesota Timberwolves,108,+136,+150,+142,+150,+152,+145,+160,+142,-164,-180,-168,-185,-180,-175,-195,-168
Sat Dec 30 2023,Dallas Mavericks,132,Golden State Warriors,122,+152,+145,+146,+145,+140,+145,+135,+146,-180,-170,-174,-175,-165,-175,-162,-174
Sun Dec 31 2023,Atlanta Hawks,130,Washington Wizards,126,-250,-245,-260,-250,-260,-250,-275,-260,+205,+200,+215,+200,+210,+205,+220,+215
Sun Dec 31 2023,Los Angeles Lakers,109,New Orleans Pelicans,129,+146,+180,+176,+180,+185,+180,+195,+176,-174,-220,-210,-225,-225,-218,-240,-210
Sun Dec 31 2023,Brooklyn Nets,108,Oklahoma City Thunder,124,+280,+245,+235,+240,+235,+240,+225,+235,-350,-305,-290,-300,-292,-298,-295,-290
Sun Dec 31 2023,Boston Celtics,134,San Antonio Spurs,101,-900,-1000,-1200,-1200,-1100,-1200,-1250,-1200,+610,+650,+750,+725,+700,+750,+750,+750
Sun Dec 31 2023,Sacramento Kings,123,Memphis Grizzlies,92,-112,-105,-102,-105,even,-105,-106,-102,-104,-115,-116,-115,-120,-115,-112,-116
Sun Dec 31 2023,Orlando Magic,107,Phoenix Suns,112,+198,+185,+188,+185,+192,+190,+195,+188,-245,-225,-225,-225,-235,-230,-235,-225
Mon Jan 1 2024,Minnesota Timberwolves,106,New York Knicks,112,-116,-110,-112,-110,-110,-118,-120,-112,-102,-110,-104,-110,-110,-102,even,-104
Mon Jan 1 2024,Cleveland Cavaliers,121,Toronto Raptors,124,+114,+120,+122,+120,+118,+130,+120,+122,-134,-140,-144,-145,-140,-155,-143,-144
Mon Jan 1 2024,Detroit Pistons,113,Houston Rockets,136,+240,+325,+330,+310,+328,+310,+340,+330,-295,-425,-420,-400,-430,-395,-435,-420
Mon Jan 1 2024,Indiana Pacers,122,Milwaukee Bucks,113,+260,+265,+265,+260,+270,+260,+275,+265,-320,-330,-330,-350,-345,-325,-345,-330
Mon Jan 1 2024,Charlotte Hornets,93,Denver Nuggets,111,+810,+900,+900,+900,+950,+950,+1100,+900,-1350,-1600,-1600,-1600,-1700,-1650,-2500,-1600
Mon Jan 1 2024,Portland Trail Blazers,88,Phoenix Suns,109,+490,+325,+320,+340,+328,+330,+128,+320,-670,-425,-405,-450,-430,-425,-162,-405
Mon Jan 1 2024,Dallas Mavericks,90,Utah Jazz,127,-164,-185,-194,-185,-180,-180,-190,-194,+138,+155,+162,+150,+152,+150,+155,+162
Mon Jan 1 2024,Miami Heat,104,Los Angeles Clippers,121,+220,+275,+270,+260,+270,+275,+250,+270,-270,-350,-335,-350,-345,-345,-315,-335
Tue Jan 2 2024,Chicago Bulls,97,Philadelphia 76ers,110,+410,+350,+360,+340,+400,+340,+370,+360,-550,-450,-460,-450,-550,-440,-480,-460
Tue Jan 2 2024,San Antonio Spurs,98,Memphis Grizzlies,106,+590,+450,+430,+450,+430,+455,+450,+430,-850,-600,-590,-650,-600,-625,-625,-590
Tue Jan 2 2024,Brooklyn Nets,85,New Orleans Pelicans,112,+225,+180,+180,+185,+185,+185,+195,+180,-275,-220,-215,-225,-225,-225,-240,-215
Tue Jan 2 2024,Boston Celtics,123,Oklahoma City Thunder,127,-120,-170,-174,-175,-170,-170,-182,-174,+102,+145,+146,+145,+143,+142,+145,+146
Tue Jan 2 2024,Orlando Magic,115,Golden State Warriors,121,+150,+140,+140,+140,+130,+142,+132,+140,-178,-165,-166,-165,-155,-170,-165,-166
Tue Jan 2 2024,Charlotte Hornets,111,Sacramento Kings,104,+900,+800,+810,+800,+900,+800,+850,+810,-1600,-1300,-1400,-1400,-1600,-1350,-1430,-1400
Wed Jan 3 2024,Washington Wizards,101,Cleveland Cavaliers,140,+300,+320,+315,+310,+345,+310,+290,+315,-375,-400,-400,-400,-455,-395,-385,-400
Wed Jan 3 2024,Milwaukee Bucks,130,Indiana Pacers,142,-138,-165,-162,-160,-165,-155,-159,-162,+118,+140,+136,+135,+140,+130,+128,+136
Wed Jan 3 2024,Oklahoma City Thunder,138,Atlanta Hawks,141,-116,-105,-102,even,-120,-102,-105,-102,-102,-115,-116,-120,even,-118,-113,-116
Wed Jan 3 2024,Brooklyn Nets,101,Houston Rockets,112,+225,+145,+144,+145,+185,+142,+155,+144,-275,-170,-172,-175,-225,-170,-186,-172
Wed Jan 3 2024,Toronto Raptors,116,Memphis Grizzlies,111,+110,-105,-100,-105,-105,-105,+102,-100,-130,-115,-118,-115,-115,-115,-120,-118
Wed Jan 3 2024,New Orleans Pelicans,117,Minnesota Timberwolves,106,+194,+190,+198,+190,+222,+195,+180,+198,-235,-230,-240,-250,-278,-238,-220,-240
Wed Jan 3 2024,Portland Trail Blazers,97,Dallas Mavericks,126,+420,+450,+420,+450,+460,+425,+460,+420,-560,-600,-560,-650,-650,-575,-625,-560
Wed Jan 3 2024,Chicago Bulls,100,New York Knicks,116,+265,+280,+265,+275,+335,+270,+300,+265,-330,-360,-330,-350,-440,-340,-385,-330
Wed Jan 3 2024,Los Angeles Clippers,131,Phoenix Suns,122,-102,-170,-174,-175,-165,-175,-190,-174,-116,+145,+146,+145,+140,+145,+155,+146
Wed Jan 3 2024,Detroit Pistons,148,Utah Jazz,154,+230,+280,+290,+280,+310,+280,+275,+290,-280,-360,-360,-350,-400,-355,-345,-360
Wed Jan 3 2024,Miami Heat,110,Los Angeles Lakers,96,+172,+170,+166,+165,+185,+164,+170,+166,-205,-205,-198,-200,-225,-198,-205,-198
Wed Jan 3 2024,Orlando Magic,135,Sacramento Kings,138,+134,+180,+176,+170,+170,+170,+165,+176,-158,-220,-210,-210,-205,-205,-200,-210
Thu Jan 4 2024,Milwaukee Bucks,125,San Antonio Spurs,121,-500,-575,-590,-600,-600,-575,-530,-590,+385,+425,+440,+425,+430,+425,+400,+440
Thu Jan 4 2024,Denver Nuggets,130,Golden State Warriors,127,-142,-170,-174,-175,-170,-170,-167,-174,+120,+145,+146,+145,+143,+142,+143,+146
Fri Jan 5 2024,Utah Jazz,97,Boston Celtics,126,+700,+700,+730,+675,+700,+700,+650,+730,-1100,-1100,-1150,-1100,-1100,-1100,-1000,-1150
Fri Jan 5 2024,Atlanta Hawks,116,Indiana Pacers,150,+158,+120,+118,+120,+143,+114,+128,+118,-188,-140,-138,-145,-170,-135,-152,-138
Fri Jan 5 2024,Oklahoma City Thunder,115,Brooklyn Nets,124,-196,-190,-190,-200,-225,-192,-200,-190,+164,+160,+160,+165,+185,+160,+165,+160
Fri Jan 5 2024,Washington Wizards,90,Cleveland Cavaliers,114,+440,+375,+410,+375,+360,+390,+370,+410,-590,-500,-550,-500,-480,-520,-480,-550
Fri Jan 5 2024,New York Knicks,128,Philadelphia 76ers,92,+190,+175,+200,+185,+205,+190,+190,+200,-230,-210,-245,-225,-250,-230,-235,-245
Fri Jan 5 2024,Charlotte Hornets,91,Chicago Bulls,104,+250,+300,+290,+290,N/A,+295,+310,+290,-310,-380,-360,-375,N/A,-375,-385,-360
Fri Jan 5 2024,Minnesota Timberwolves,122,Houston Rockets,95,-146,-170,-180,-175,-170,-175,-159,-180,+124,+145,+152,+145,+143,+145,+128,+152
Fri Jan 5 2024,Los Angeles Clippers,111,New Orleans Pelicans,95,-104,-110,-112,-115,-110,-112,-115,-112,-112,-110,-104,-105,-110,-108,-104,-104
Fri Jan 5 2024,Portland Trail Blazers,103,Dallas Mavericks,139,+410,+240,+250,+240,+400,+230,+255,+250,-550,-300,-310,-300,-550,-285,-315,-310
Fri Jan 5 2024,Orlando Magic,122,Denver Nuggets,120,+480,+375,+410,+360,N/A,+370,+375,+410,-650,-500,-550,-500,N/A,-485,-500,-550
Fri Jan 5 2024,Miami Heat,97,Phoenix Suns,113,+142,+120,+122,+115,N/A,+110,+117,+122,-168,-140,-144,-140,N/A,-130,-137,-144
Fri Jan 5 2024,Detroit Pistons,109,Golden State Warriors,113,+350,+375,+440,+360,+345,+380,+390,+440,-450,-500,-590,-500,-455,-500,-530,-590
Fri Jan 5 2024,Memphis Grizzlies,127,Los Angeles Lakers,113,+184,+150,+152,+145,+162,+140,+148,+152,-220,-180,-180,-175,-195,-166,-186,-180
Fri Jan 5 2024,Toronto Raptors,130,Sacramento Kings,135,+176,+160,+150,+155,+170,+154,+165,+150,-210,-190,-178,-190,-205,-185,-215,-178
Sat Jan 6 2024,Boston Celtics,118,Indiana Pacers,101,N/A,-260,-275,-300,-278,-270,-265,-260,-275,N/A,+210,+225,+230,+222,+220,+215
Sat Jan 6 2024,New York Knicks,121,Washington Wizards,105,N/A,-425,-400,-400,-420,-425,-420,-400,-400,N/A,+325,+315,+310,+320,+330,+310
Sat Jan 6 2024,Utah Jazz,120,Philadelphia 76ers,109,N/A,+195,+200,+190,+210,+200,+205,+170,+200,N/A,-240,-245,-250,-260,-245,-265
Sat Jan 6 2024,Milwaukee Bucks,108,Houston Rockets,112,N/A,-275,-290,-275,-267,-270,-278,-300,-290,N/A,+225,+235,+225,+215,+220,+225
Sun Jan 7 2024,San Antonio Spurs,115,Cleveland Cavaliers,117,+390,+390,+440,+375,+400,+390,+400,+440,-510,-525,-590,-500,-550,-520,-530,-590
Sun Jan 7 2024,Portland Trail Blazers,134,Brooklyn Nets,127,+245,+275,+300,+333,+278,+320,+350,+300,-300,-350,-375,-450,-355,-410,-530,-375
Sun Jan 7 2024,Atlanta Hawks,110,Orlando Magic,117,-112,-135,-142,-145,-130,-142,-124,-142,-104,+115,+120,+120,+110,+120,+104,+120
Sun Jan 7 2024,New Orleans Pelicans,133,Sacramento Kings,100,+134,+150,+160,+155,+140,+154,+160,+160,-158,-180,-190,-190,-165,-185,-195,-190
Sun Jan 7 2024,Minnesota Timberwolves,108,Dallas Mavericks,115,-138,-135,-134,-135,-135,-135,-130,-134,+118,+115,+114,+110,+115,+114,+110,+114
Sun Jan 7 2024,Detroit Pistons,114,Denver Nuggets,131,+1100,+900,+870,+900,+1050,+900,+950,+870,-2200,-1600,-1500,-1600,-2000,-1600,-1667,-1500
Sun Jan 7 2024,Memphis Grizzlies,121,Phoenix Suns,115,+126,+275,+245,+275,+278,+275,+240,+245,-148,-350,-300,-350,-355,-345,-305,-300
Sun Jan 7 2024,Toronto Raptors,133,Golden State Warriors,118,+114,+110,+114,+110,+110,+114,-210,+114,-134,-130,-134,-135,-130,-135,+163,-134
Sun Jan 7 2024,Los Angeles Clippers,103,Los Angeles Lakers,106,-130,-200,-200,-190,-205,-198,-210,-200,+110,+165,+168,+155,+170,+164,+170,+168
Mon Jan 8 2024,Chicago Bulls,119,Charlotte Hornets,112,-250,-260,-270,-275,-267,-278,-286,-270,+205,+210,+220,+220,+215,+225,+235,+220
Mon Jan 8 2024,Boston Celtics,131,Indiana Pacers,133,-146,-155,-154,-165,-165,-162,-148,-154,+124,+130,+130,+135,+140,+136,+125,+130
Mon Jan 8 2024,Oklahoma City Thunder,136,Washington Wizards,128,-590,-600,-620,-600,-650,-600,-530,-620,+430,+450,+460,+425,+460,+440,+390,+460
Mon Jan 8 2024,Houston Rockets,113,Miami Heat,120,+156,+145,+152,+145,+143,+150,+150,+152,-186,-170,-180,-175,-170,-180,-180,-180
Mon Jan 8 2024,Utah Jazz,132,Milwaukee Bucks,116,+480,+290,+290,+280,+278,+285,+275,+290,-650,-370,-360,-350,-355,-360,-345,-360
Mon Jan 8 2024,Phoenix Suns,111,Los Angeles Clippers,138,+210,+175,+166,+170,+170,+170,+175,+166,-255,-210,-198,-210,-205,-205,-215,-198
Tue Jan 9 2024,Sacramento Kings,131,Detroit Pistons,110,-490,-600,-590,-600,-600,-550,-560,-590,+380,+450,+440,+425,+430,+410,+420,+440
Tue Jan 9 2024,Minnesota Timberwolves,113,Orlando Magic,92,-162,-220,-220,-225,-220,-205,-215,-220,+136,+180,+184,+180,+180,+164,+175,+184
Tue Jan 9 2024,Portland Trail Blazers,84,New York Knicks,112,+530,+550,+530,+575,+550,+500,+425,+530,-750,-800,-750,-900,-800,-700,-625,-750
Tue Jan 9 2024,Memphis Grizzlies,120,Dallas Mavericks,103,+164,+350,+380,+350,+300,+280,+350,+380,-196,-450,-490,-450,-385,-355,-455,-490
Tue Jan 9 2024,Toronto Raptors,131,Los Angeles Lakers,132,+172,+165,+162,+155,+175,+164,+160,+162,-205,-200,-194,-190,-210,-198,-195,-194
Wed Jan 10 2024,Minnesota Timberwolves,120,Boston Celtics,127,+215,+390,+410,+400,+250,+380,+375,+410,-260,-525,-550,-550,-320,-500,-500,-550
Wed Jan 10 2024,Sacramento Kings,123,Charlotte Hornets,98,-255,-330,-335,-375,-305,-345,-345,-335,+210,+265,+275,+290,+240,+275,+275,+275
Wed Jan 10 2024,San Antonio Spurs,130,Detroit Pistons,108,-162,-150,-148,-150,-140,-142,-167,-148,+136,+125,+126,+125,+118,+120,+135,+126
Wed Jan 10 2024,Washington Wizards,104,Indiana Pacers,112,+260,+265,+250,+275,+250,+240,+265,+250,-320,-330,-310,-350,-320,-298,-335,-310
Wed Jan 10 2024,Philadelphia 76ers,132,Atlanta Hawks,139,+114,even,-104,-105,even,-102,-105,-104,-134,-120,-112,-115,-120,-118,-114,-112
Wed Jan 10 2024,Oklahoma City Thunder,128,Miami Heat,120,-146,-185,-188,-190,-190,-185,-180,-188,+124,+155,+158,+155,+158,+154,+150,+158
Wed Jan 10 2024,Houston Rockets,119,Chicago Bulls,124,+116,+140,+144,+140,+143,+140,+145,+144,-136,-165,-172,-165,-170,-166,-175,-172
Wed Jan 10 2024,New Orleans Pelicans,141,Golden State Warriors,105,-102,-140,-142,-145,-120,-142,-134,-142,-116,+120,+120,+120,even,+120,+114,+120
Wed Jan 10 2024,Denver Nuggets,111,Utah Jazz,124,-295,-260,-270,-275,-260,-265,-265,-270,+240,+210,+220,+220,+210,+215,+215,+220
Wed Jan 10 2024,Toronto Raptors,120,Los Angeles Clippers,126,+400,+450,+460,+475,+430,+455,+460,+460,-520,-600,-620,-650,-600,-625,-715,-620
Thu Jan 11 2024,Brooklyn Nets,102,Cleveland Cavaliers,111,+110,+135,+138,+135,+130,+136,+135,+138,-130,-160,-164,-160,-155,-162,-159,-164
Thu Jan 11 2024,Boston Celtics,102,Milwaukee Bucks,135,+205,+115,+108,+110,+122,+110,+108,+108,-250,-135,-126,-135,-145,-130,-134,-126
Thu Jan 11 2024,Portland Trail Blazers,77,Oklahoma City Thunder,139,+660,+700,+640,+675,+700,+650,+650,+640,-1000,-1100,-950,-1100,-1100,-1000,-1000,-950
Thu Jan 11 2024,New York Knicks,124,Dallas Mavericks,128,-154,-200,-205,-200,-205,-198,-195,-205,+130,+165,+172,+165,+170,+164,+160,+172
Thu Jan 11 2024,Phoenix Suns,127,Los Angeles Lakers,109,+110,-120,-112,-120,-120,-118,-118,-112,-130,even,-104,even,even,-102,even,-104
Fri Jan 12 2024,Indiana Pacers,126,Atlanta Hawks,108,+180,+180,+184,+185,+185,+185,+170,+184,-215,-220,-220,-225,-225,-225,-205,-220
Fri Jan 12 2024,Houston Rockets,112,Detroit Pistons,110,-370,-370,-400,-400,-305,-410,-385,-400,+295,+290,+315,+300,+240,+320,+300,+315
Fri Jan 12 2024,Sacramento Kings,93,Philadelphia 76ers,112,-116,-110,-112,-110,-105,-118,-105,-112,-102,-110,-104,-110,-115,-102,-114,-104
Fri Jan 12 2024,Golden State Warriors,140,Chicago Bulls,131,+124,+120,+122,+115,+130,+120,+114,+122,-146,-140,-144,-140,-155,-142,-136,-144
Fri Jan 12 2024,Los Angeles Clippers,128,Memphis Grizzlies,119,-320,-370,-360,-375,-345,-340,-375,-360,+265,+290,+290,+290,+270,+270,+295,+290
Fri Jan 12 2024,Orlando Magic,96,Miami Heat,99,+128,+105,+106,even,+130,-102,+108,+106,-152,-125,-124,-120,-155,-118,-127,-124
Fri Jan 12 2024,Portland Trail Blazers,93,Minnesota Timberwolves,116,+700,+850,+830,+875,+800,+850,+900,+830,-1100,-1400,-1400,-1600,-1400,-1450,-1667,-1400
Fri Jan 12 2024,Charlotte Hornets,99,San Antonio Spurs,135,-104,+120,+120,+120,+126,+120,+108,+120,-112,-140,-142,-145,-150,-142,-130,-142
Fri Jan 12 2024,Toronto Raptors,113,Utah Jazz,145,+118,+105,-100,+105,+122,+102,+102,-100,-138,-125,-118,-125,-145,-122,-121,-118
Fri Jan 12 2024,New Orleans Pelicans,113,Denver Nuggets,125,+205,+185,+190,+185,+285,+195,+190,+190,-250,-225,-225,-225,-365,-238,-230,-225
Sat Jan 13 2024,Houston Rockets,113,Boston Celtics,145,+750,+700,+700,+800,+700,+700,+800,+700,-1200,-1100,-1100,-1400,-1100,-1100,-1430,-1100
Sat Jan 13 2024,Washington Wizards,127,Atlanta Hawks,99,+280,+275,+265,+280,+278,+280,+240,+265,-350,-350,-330,-350,-355,-355,-305,-330
Sat Jan 13 2024,New York Knicks,106,Memphis Grizzlies,94,-335,-525,-560,-550,-480,-550,-480,-560,+270,+390,+420,+400,+360,+410,+340,+420
Sat Jan 13 2024,Golden State Warriors,118,Milwaukee Bucks,129,+410,+650,+660,+625,+800,+650,+700,+660,-550,-1000,-1000,-1000,-1400,-1000,-1115,-1000
Sat Jan 13 2024,Orlando Magic,100,Oklahoma City Thunder,112,+430,+475,+440,+475,+460,+455,+475,+440,-590,-650,-590,-650,-650,-625,-770,-590
Sat Jan 13 2024,New Orleans Pelicans,118,Dallas Mavericks,108,-112,+180,+188,+180,+196,+185,+195,+188,-104,-220,-225,-225,-240,-225,-235,-225
Sat Jan 13 2024,Chicago Bulls,122,San Antonio Spurs,116,-168,-250,-260,-250,-267,-250,-250,-260,+142,+205,+215,+200,+215,+205,+210,+215
Sat Jan 13 2024,Los Angeles Lakers,125,Utah Jazz,132,-116,+125,+120,+120,+126,+124,+114,+120,-102,-150,-142,-145,-150,-148,-139,-142
Sun Jan 14 2024,Indiana Pacers,109,Denver Nuggets,117,+410,+400,+420,+400,+400,+400,+400,+420,-550,-550,-560,-550,-550,-535,-530,-560
Sun Jan 14 2024,Charlotte Hornets,87,Miami Heat,104,+275,+300,+290,+310,+278,+295,+300,+290,-335,-380,-360,-400,-355,-375,-385,-360
Sun Jan 14 2024,Sacramento Kings,142,Milwaukee Bucks,143,+188,+145,+150,+135,+150,+145,+145,+150,-225,-170,-178,-165,-178,-175,-177,-178
Sun Jan 14 2024,Los Angeles Clippers,105,Minnesota Timberwolves,109,+102,-110,-106,-135,-105,-110,-104,-106,-120,-110,-110,+110,-115,-110,-114,-110
Sun Jan 14 2024,Phoenix Suns,127,Portland Trail Blazers,116,-420,-950,-950,-650,-1100,-1050,-910,-950,+330,+625,+640,+450,+700,+675,+600,+640
Mon Jan 15 2024,Houston Rockets,115,Philadelphia 76ers,124,+265,+270,+295,+275,+250,+285,+265,+295,-330,-340,-370,-350,-320,-360,-335,-370
Mon Jan 15 2024,New Orleans Pelicans,120,Dallas Mavericks,125,-102,-190,-190,-190,-180,-192,-190,-190,-116,+160,+160,+155,+152,+160,+155,+160
Mon Jan 15 2024,Orlando Magic,98,New York Knicks,94,+245,+180,+180,+180,+210,+180,+190,+180,-300,-220,-215,-225,-260,-218,-235,-215
Mon Jan 15 2024,Detroit Pistons,129,Washington Wizards,117,+150,+180,+198,+185,+170,+190,+185,+198,-178,-220,-240,-225,-205,-230,-240,-240
Mon Jan 15 2024,San Antonio Spurs,99,Atlanta Hawks,109,+320,+275,+275,+300,+270,+280,+265,+275,-405,-350,-340,-375,-345,-355,-335,-340
Mon Jan 15 2024,Golden State Warriors,107,Memphis Grizzlies,116,-350,-305,-295,-300,-305,-305,-345,-295,+275,+245,+240,+240,+240,+245,+275,+240
Mon Jan 15 2024,Chicago Bulls,91,Cleveland Cavaliers,109,+158,+150,+148,+145,+150,+145,+145,+148,-188,-180,-176,-175,-178,-175,-175,-176
Mon Jan 15 2024,Miami Heat,96,Brooklyn Nets,95,+102,-120,-112,-115,-110,-112,-112,-112,-120,even,-104,-105,-110,-108,-106,-104
Mon Jan 15 2024,Boston Celtics,105,Toronto Raptors,96,-295,-270,-260,-275,-250,-258,-250,-260,+240,+220,+215,+220,+205,+210,+210,+215
Mon Jan 15 2024,Indiana Pacers,105,Utah Jazz,132,+235,+210,+240,+220,+210,+215,+240,+240,-290,-260,-330,-275,-260,-265,-295,-330
Mon Jan 15 2024,Oklahoma City Thunder,105,Los Angeles Lakers,112,-130,-150,-148,-145,-145,-142,-130,-148,+110,+125,+126,+120,+122,+120,+110,+126
Tue Jan 16 2024,Denver Nuggets,121,Philadelphia 76ers,126,-102,+105,+106,+105,+110,+105,+108,+106,-116,-125,-124,-130,-130,-130,-129,-124
Tue Jan 16 2024,Sacramento Kings,117,Phoenix Suns,119,+142,+145,+152,+150,+158,+150,+148,+152,-168,-170,-180,-185,-190,-180,-177,-180
Tue Jan 16 2024,Oklahoma City Thunder,117,Los Angeles Clippers,128,+176,+190,+190,+185,+180,+185,+195,+190,-210,-230,-230,-225,-220,-225,-240,-230
Wed Jan 17 2024,Minnesota Timberwolves,124,Detroit Pistons,117,-1150,-750,-750,-800,-800,-750,-835,-750,+730,+525,+530,+550,+550,+525,+575,+530
Wed Jan 17 2024,Orlando Magic,104,Atlanta Hawks,106,+126,+145,+156,+150,+152,+150,+148,+156,-148,-170,-186,-185,-180,-180,-177,-186
Wed Jan 17 2024,San Antonio Spurs,98,Boston Celtics,117,+1100,+750,+750,+775,+800,+750,+700,+750,-2200,-1200,-1200,-1400,-1400,-1200,-1115,-1200
Wed Jan 17 2024,Milwaukee Bucks,95,Cleveland Cavaliers,135,-186,+110,+108,+110,+105,+105,even,+108,+156,-130,-126,-135,-125,-125,-121,-126
Wed Jan 17 2024,Houston Rockets,94,New York Knicks,109,+158,+230,+240,+230,+240,+235,+215,+240,-188,-280,-295,-275,-305,-290,-265,-295
Wed Jan 17 2024,Miami Heat,97,Toronto Raptors,121,-126,-150,-154,-155,-155,-155,-148,-154,+108,+125,+130,+125,+130,+130,+125,+130
Wed Jan 17 2024,Charlotte Hornets,112,New Orleans Pelicans,132,+610,+500,+520,+525,+600,+525,+375,+520,-900,-700,-720,-750,-900,-750,-530,-720
Wed Jan 17 2024,Dallas Mavericks,110,Los Angeles Lakers,127,+130,+130,+130,+135,+118,+130,+120,+130,-154,-155,-154,-160,-140,-155,-141,-154
Wed Jan 17 2024,Brooklyn Nets,103,Portland Trail Blazers,105,-188,-220,-205,-210,-215,-205,-210,-205,+158,+180,+172,+170,+178,+170,+175,+172
Thu Jan 18 2024,Washington Wizards,109,New York Knicks,113,+320,+500,+490,+500,+600,+490,+450,+490,-405,-700,-670,-700,-900,-675,-625,-670
Thu Jan 18 2024,Chicago Bulls,116,Toronto Raptors,110,-124,-130,-132,-135,-130,-135,-127,-132,+106,+110,+112,+110,+110,+114,+106,+112
Thu Jan 18 2024,Oklahoma City Thunder,134,Utah Jazz,129,-158,-155,-148,-160,-145,-142,-150,-148,+134,+130,+126,+135,+122,+120,+125,+126
Thu Jan 18 2024,Memphis Grizzlies,103,Minnesota Timberwolves,118,+520,+550,+520,+475,+550,+525,+510,+520,-720,-800,-720,-650,-800,-750,-715,-720
Thu Jan 18 2024,Indiana Pacers,126,Sacramento Kings,121,+300,+270,+290,+260,+270,+285,+280,+290,-375,-340,-360,-350,-345,-360,-360,-360
Fri Jan 19 2024,San Antonio Spurs,120,Charlotte Hornets,124,+154,+160,+164,+155,+158,+160,+155,+155,+164,-184,-190,-196,-190,-190,-192,-186
Fri Jan 19 2024,Philadelphia 76ers,124,Orlando Magic,109,-174,-210,-210,-210,-210,-205,-210,-210,-210,+148,+175,+176,+170,+175,+170,+175
Fri Jan 19 2024,Denver Nuggets,102,Boston Celtics,100,+162,+225,+220,+230,+228,+230,+225,+165,+220,-194,-275,-270,-300,-285,-285,-278
Fri Jan 19 2024,Atlanta Hawks,109,Miami Heat,108,+190,+230,+240,+220,+228,+220,+240,+225,+240,-230,-280,-295,-275,-285,-270,-305
Fri Jan 19 2024,Phoenix Suns,123,New Orleans Pelicans,109,+108,+115,+120,+115,+115,+120,+115,+110,+120,-126,-135,-142,-140,-135,-142,-136
Fri Jan 19 2024,Indiana Pacers,115,Portland Trail Blazers,118,-130,-330,-340,-350,-345,-325,-335,-300,-340,+110,+265,+275,+260,+270,+260,+270
Fri Jan 19 2024,Brooklyn Nets,130,Los Angeles Lakers,112,+235,+230,+240,+230,+228,+225,+255,+225,+240,-290,-280,-295,-300,-285,-278,-315
Sat Jan 20 2024,Milwaukee Bucks,141,Detroit Pistons,135,-800,-1000,-1000,-1100,-1100,-950,-910,-1000,-1000,+560,+650,+660,+675,+700,+625,+600
Sat Jan 20 2024,Philadelphia 76ers,97,Charlotte Hornets,89,-490,-700,-650,-650,-650,-650,-670,-650,-650,+380,+500,+480,+475,+460,+470,+475
Sat Jan 20 2024,San Antonio Spurs,131,Washington Wizards,127,+112,+110,+114,+110,+110,+110,+110,+115,+114,-132,-130,-134,-135,-130,-130,-130
Sat Jan 20 2024,Cleveland Cavaliers,116,Atlanta Hawks,95,-112,-125,-126,-130,-115,-125,-139,-135,-126,-104,+105,+108,+105,-105,+105,+118
Sat Jan 20 2024,Toronto Raptors,100,New York Knicks,126,+270,+240,+240,+240,+240,+235,+255,+225,+240,-335,-300,-295,-300,-305,-290,-315
Sat Jan 20 2024,Memphis Grizzlies,96,Chicago Bulls,125,+245,+245,+240,+240,+270,+235,+260,+240,+240,-300,-305,-295,-300,-345,-290,-345
Sat Jan 20 2024,Utah Jazz,126,Houston Rockets,127,+122,+110,+110,+110,+110,+110,+112,even,+110,-144,-130,-130,-135,-130,-130,-132
Sat Jan 20 2024,Oklahoma City Thunder,102,Minnesota Timberwolves,97,+120,+130,+128,+125,+130,+120,+125,+125,+128,-142,-155,-152,-155,-155,-142,-148
Sun Jan 21 2024,Brooklyn Nets,114,Los Angeles Clippers,125,+315,+375,+385,+375,+430,+370,+375,+325,+385,-400,-500,-500,-500,-600,-485,-500
Sun Jan 21 2024,Miami Heat,87,Orlando Magic,105,-116,-110,-102,-105,-115,-102,-114,even,-102,-102,-110,-116,-115,-105,-118,-105
Sun Jan 21 2024,Denver Nuggets,113,Washington Wizards,104,-1000,-800,-720,-800,-1000,-850,-835,-650,-720,+660,+550,+520,+550,+650,+575,+575
Sun Jan 21 2024,Boston Celtics,116,Houston Rockets,107,-405,-650,-620,-750,-700,-675,-670,-600,-620,+320,+475,+460,+525,+500,+490,+475
Sun Jan 21 2024,Indiana Pacers,110,Phoenix Suns,117,+148,+220,+220,+220,+185,+220,+215,+200,+220,-176,-270,-270,-275,-225,-270,-265
Sun Jan 21 2024,Portland Trail Blazers,110,Los Angeles Lakers,134,+385,+450,+430,+450,+430,+440,+475,+375,+430,-500,-600,-590,-650,-600,-600,-670
Mon Jan 22 2024,Milwaukee Bucks,122,Detroit Pistons,113,-750,-750,-700,-750,-800,-700,-670,-650,-700,+530,+525,+500,+525,+550,+500,+480
Mon Jan 22 2024,Cleveland Cavaliers,126,Orlando Magic,99,+108,-135,-142,-140,-145,-142,-130,-135,-142,-126,+115,+120,+115,+122,+120,+110
Mon Jan 22 2024,San Antonio Spurs,123,Philadelphia 76ers,133,+730,+650,+610,+675,+700,+625,+700,+525,+610,-1150,-1000,-900,-1100,-1100,-950,-1115
Mon Jan 22 2024,Memphis Grizzlies,108,Toronto Raptors,100,+220,+220,+215,+220,+228,+210,+215,+225,+215,-270,-270,-260,-275,-285,-258,-265
Mon Jan 22 2024,Charlotte Hornets,128,Minnesota Timberwolves,125,+870,+650,+640,+725,+800,+700,+700,+525,+640,-1500,-1000,-950,-1200,-1400,-1100,-1115
Mon Jan 22 2024,Boston Celtics,119,Dallas Mavericks,110,-164,-140,-144,-140,-140,-135,-139,-135,-144,+138,+120,+122,+115,+118,+114,+118
Mon Jan 22 2024,Chicago Bulls,113,Phoenix Suns,115,+215,+170,+180,+170,+175,+170,+165,+170,+180,-260,-205,-215,-210,-210,-205,-200
Mon Jan 22 2024,Atlanta Hawks,107,Sacramento Kings,122,+280,+275,+290,+290,+285,+275,+275,+260,+290,-350,-350,-360,-375,-365,-345,-345
Tue Jan 23 2024,Denver Nuggets,114,Indiana Pacers,109,-142,-200,-198,-210,-210,-198,-205,-190,-198,+120,+165,+166,+170,+175,+164,+170
Tue Jan 23 2024,New York Knicks,108,Brooklyn Nets,103,-158,-160,-158,-165,-165,-162,-175,-150,-158,+134,+135,+134,+135,+140,+136,+143
Tue Jan 23 2024,Utah Jazz,124,New Orleans Pelicans,153,+230,+210,+220,+200,+210,+215,+215,+200,+220,-280,-260,-270,-250,-260,-265,-265
Tue Jan 23 2024,Portland Trail Blazers,109,Oklahoma City Thunder,111,+730,+600,+610,+650,+700,+625,+575,+500,+610,-1150,-900,-900,-1000,-1100,-950,-835
Tue Jan 23 2024,Los Angeles Lakers,116,Los Angeles Clippers,127,+225,+320,+320,+340,+320,+310,+330,+300,+320,-275,-400,-405,-450,-420,-395,-420
Wed Jan 24 2024,Charlotte Hornets,106,Detroit Pistons,113,+128,+125,+122,+120,+122,+120,+114,+115,+122,-152,-150,-144,-145,-145,-142,-134
Wed Jan 24 2024,Minnesota Timberwolves,118,Washington Wizards,107,-600,-525,-520,-550,-600,-520,-530,-500,-520,+450,+390,+400,+400,+430,+390,+400
Wed Jan 24 2024,Memphis Grizzlies,105,Miami Heat,96,+390,+450,+460,+475,+345,+455,+410,+425,+460,-510,-600,-620,-650,-455,-625,-560
Wed Jan 24 2024,Portland Trail Blazers,137,Houston Rockets,131,+385,+350,+340,+375,+360,+350,+380,+325,+340,-500,-450,-430,-500,-480,-455,-500
Wed Jan 24 2024,Cleveland Cavaliers,116,Milwaukee Bucks,126,+215,+220,+215,+220,+222,+215,+225,+190,+215,-260,-270,-260,-275,-278,-265,-278
Wed Jan 24 2024,Phoenix Suns,132,Dallas Mavericks,109,-118,-135,-136,-140,-135,-135,-132,-135,-136,-100,+115,+116,+115,+115,+114,+112
Wed Jan 24 2024,Oklahoma City Thunder,140,San Antonio Spurs,114,-330,-380,-400,-400,-285,-395,-400,-350,-400,+265,+300,+315,+310,+228,+310,+290
Wed Jan 24 2024,Atlanta Hawks,112,Golden State Warriors,134,+265,+195,+215,+200,+210,+195,+200,+190,+215,-330,-240,-260,-250,-260,-238,-245
Thu Jan 25 2024,Philadelphia 76ers,122,Indiana Pacers,134,-200,-180,-172,-175,-210,-170,-175,-165,-172,+168,+150,+144,+145,+175,+142,+145
Thu Jan 25 2024,Utah Jazz,123,Washington Wizards,108,-290,-275,-270,-275,-305,-270,-286,-300,-270,+235,+225,+220,+225,+240,+220,+235
Thu Jan 25 2024,Minnesota Timberwolves,96,Brooklyn Nets,94,-190,-170,-166,-175,-165,-170,-167,-155,-166,+160,+145,+140,+145,+140,+142,+140
Thu Jan 25 2024,Boston Celtics,143,Miami Heat,110,-240,-330,-335,-350,-335,-345,-335,-325,-335,+198,+265,+270,+280,+260,+275,+270
Thu Jan 25 2024,Denver Nuggets,84,New York Knicks,122,-138,-135,-138,-145,-135,-142,-152,-135,-138,+118,+115,+118,+120,+115,+120,+128
Thu Jan 25 2024,Sacramento Kings,134,Golden State Warriors,133,-120,-120,-112,-120,-115,-120,-127,-115,-112,+102,even,-104,even,-105,even,+108
Thu Jan 25 2024,Chicago Bulls,132,Los Angeles Lakers,141,+190,+200,+205,+195,+205,+195,+180,+175,+205,-230,-245,-250,-250,-250,-238,-220
Fri Jan 26 2024,Dallas Mavericks,148,Atlanta Hawks,143,-116,+115,+116,+110,+110,+114,+102,+105,+116,-102,-135,-136,-135,-130,-135,-127
Fri Jan 26 2024,Houston Rockets,138,Charlotte Hornets,104,-215,-200,-198,-200,-215,-198,-200,-190,-198,+180,+165,+166,+165,+178,+164,+165
Fri Jan 26 2024,Phoenix Suns,131,Indiana Pacers,133,-215,-190,-198,-200,-190,-192,-200,-180,-198,+180,+160,+166,+165,+158,+160,+165
Fri Jan 26 2024,Los Angeles Clippers,127,Toronto Raptors,107,-330,-340,-330,-350,-345,-325,-335,-325,-330,+265,+270,+265,+260,+270,+260,+265
Fri Jan 26 2024,Orlando Magic,106,Memphis Grizzlies,107,-210,-230,-230,-225,-260,-230,-250,-240,-230,+176,+190,+190,+185,+210,+190,+205
Fri Jan 26 2024,Cleveland Cavaliers,112,Milwaukee Bucks,100,+215,+180,+176,+180,+185,+180,+175,+175,+176,-260,-220,-210,-225,-225,-218,-210
Fri Jan 26 2024,Oklahoma City Thunder,107,New Orleans Pelicans,83,+112,-120,-130,-120,-135,-122,-130,-120,-130,-132,even,+102,even,+115,+102,+105
Fri Jan 26 2024,Portland Trail Blazers,100,San Antonio Spurs,116,+112,+160,+172,+165,+150,+164,+160,+160,+172,-132,-190,-205,-200,-178,-198,-190
Sat Jan 27 2024,Washington Wizards,118,Detroit Pistons,104,+110,+135,+132,+135,+140,+136,+128,+125,+132,-130,-160,-156,-165,-165,-162,-155
Sat Jan 27 2024,Miami Heat,109,New York Knicks,125,+176,+165,+172,+165,+158,+160,+155,+150,+172,-210,-200,-205,-200,-190,-192,-186
Sat Jan 27 2024,Philadelphia 76ers,105,Denver Nuggets,111,+164,+575,+530,+575,+185,+525,+460,+500,+530,-196,-850,-750,-900,-225,-750,-625
Sat Jan 27 2024,Houston Rockets,104,Brooklyn Nets,106,+134,+145,+148,+145,+162,+142,+150,+135,+148,-158,-170,-176,-175,-195,-170,-180
Sat Jan 27 2024,Los Angeles Clippers,115,Boston Celtics,96,+215,+225,+215,+220,+222,+220,+210,+200,+215,-260,-275,-260,-275,-278,-270,-250
Sat Jan 27 2024,Utah Jazz,134,Charlotte Hornets,122,-355,-525,-500,-500,-480,-470,-500,-450,-500,+285,+390,+385,+375,+360,+360,+380
Sat Jan 27 2024,New Orleans Pelicans,117,Milwaukee Bucks,141,+215,+135,+134,+135,+152,+140,+135,+125,+134,-260,-160,-158,-165,-180,-166,-162
Sat Jan 27 2024,Los Angeles Lakers,145,Golden State Warriors,144,+102,+105,+106,+105,even,+105,-103,even,+106,-120,-125,-124,-130,-120,-125,-115
Sat Jan 27 2024,Minnesota Timberwolves,112,San Antonio Spurs,113,-620,-550,-560,-550,-550,-520,-500,-450,-560,+460,+400,+420,+400,+400,+390,+380
Sat Jan 27 2024,Sacramento Kings,120,Dallas Mavericks,115,+104,-180,-176,-145,-155,-185,-180,-175,-176,-122,+150,+148,+120,+130,+154,+150
Sun Jan 28 2024,Oklahoma City Thunder,104,Detroit Pistons,120,-950,-900,-850,-1100,-900,-850,-910,-850,-850,+640,+600,+590,+700,+600,+575,+600
Sun Jan 28 2024,Memphis Grizzlies,110,Indiana Pacers,116,+320,+230,+220,+225,+310,+235,+255,+210,+220,-405,-280,-270,-275,-400,-290,-315
Sun Jan 28 2024,Toronto Raptors,125,Atlanta Hawks,126,+220,+220,+210,+220,+205,+210,+195,+190,+210,-270,-270,-255,-275,-250,-258,-240
Sun Jan 28 2024,Phoenix Suns,98,Orlando Magic,113,-120,-120,-124,-120,-120,-122,-120,-115,-124,+102,even,+106,even,even,+102,+102
Sun Jan 28 2024,Chicago Bulls,104,Portland Trail Blazers,96,-235,-220,-220,-225,-220,-218,-235,-210,-220,+194,+180,+180,+180,+180,+180,+190
Mon Jan 29 2024,New York Knicks,113,Charlotte Hornets,92,-290,-400,-420,-400,-345,-425,-400,-450,-420,+235,+320,+330,+310,+270,+330,+310
Mon Jan 29 2024,Los Angeles Clippers,108,Cleveland Cavaliers,118,-162,-125,-122,-125,-140,-122,-120,-125,-122,+136,+105,+104,+105,+118,+102,+102
Mon Jan 29 2024,New Orleans Pelicans,112,Boston Celtics,118,+265,+265,+250,+260,+270,+250,+250,+240,+250,-330,-330,-310,-350,-345,-310,-315
Mon Jan 29 2024,Utah Jazz,114,Brooklyn Nets,147,-102,-115,-108,-115,-105,-110,-113,-115,-108,-116,-105,-108,-105,-115,-110,-105
Mon Jan 29 2024,Phoenix Suns,118,Miami Heat,105,+128,+115,+116,+110,+140,+110,+117,+110,+116,-152,-135,-136,-135,-165,-130,-137
Mon Jan 29 2024,Los Angeles Lakers,119,Houston Rockets,135,-112,-115,-116,-120,-115,-120,-112,-120,-116,-104,-105,-102,even,-105,even,-106
Mon Jan 29 2024,Sacramento Kings,103,Memphis Grizzlies,94,-340,-500,-590,-550,-345,-535,-590,-500,-590,+275,+375,+440,+400,+270,+400,+410
Mon Jan 29 2024,Minnesota Timberwolves,107,Oklahoma City Thunder,101,+118,+120,+126,+120,+118,+114,+115,+115,+126,-138,-140,-148,-145,-140,-135,-137
Mon Jan 29 2024,Washington Wizards,118,San Antonio Spurs,113,+150,+140,+134,+135,+143,+130,+140,+130,+134,-178,-165,-158,-160,-170,-155,-167
Mon Jan 29 2024,Orlando Magic,129,Dallas Mavericks,131,+180,+145,+144,+140,+152,+136,+155,+140,+144,-215,-170,-172,-165,-180,-162,-190
Mon Jan 29 2024,Milwaukee Bucks,107,Denver Nuggets,113,+160,+150,+144,+145,+143,+142,+140,+145,+144,-190,-180,-172,-175,-170,-170,-167
Mon Jan 29 2024,Philadelphia 76ers,104,Portland Trail Blazers,130,-340,-210,-210,-225,-225,-218,-220,-190,-210,+275,+175,+176,+185,+185,+180,+180
Tue Jan 30 2024,Los Angeles Lakers,122,Atlanta Hawks,138,+150,+180,+188,+185,+180,+185,+190,+165,+188,-178,-220,-225,-225,-220,-225,-230
Tue Jan 30 2024,Indiana Pacers,124,Boston Celtics,129,+215,+270,+265,+275,+278,+280,+255,+225,+265,-260,-340,-330,-350,-355,-355,-315
Tue Jan 30 2024,Utah Jazz,103,New York Knicks,118,+164,+120,+124,+120,+122,+120,+123,+115,+124,-196,-140,-146,-145,-145,-142,-143
Tue Jan 30 2024,Toronto Raptors,118,Chicago Bulls,107,+180,+225,+235,+230,+235,+230,+225,+210,+235,-215,-275,-290,-275,-292,-285,-278
Tue Jan 30 2024,Philadelphia 76ers,107,Golden State Warriors,119,+162,+110,+118,+110,+118,+114,even,+105,+118,-194,-130,-138,-135,-140,-135,-118
Wed Jan 31 2024,Chicago Bulls,117,Charlotte Hornets,110,-138,-230,-220,-225,-225,-245,-230,-210,-220,+118,+190,+184,+185,+185,+200,+190
Wed Jan 31 2024,Detroit Pistons,121,Cleveland Cavaliers,128,+560,+625,+640,+625,+700,+625,+650,+500,+640,-800,-950,-950,-1000,-1100,-950,-1000
Wed Jan 31 2024,Los Angeles Clippers,125,Washington Wizards,109,-800,-550,-550,-500,-550,-520,-560,-400,-550,+560,+400,+410,+375,+400,+390,+410
Wed Jan 31 2024,Sacramento Kings,106,Miami Heat,115,-104,+115,+118,+115,+118,+110,+105,+115,+118,-112,-135,-138,-140,-140,-130,-125
Wed Jan 31 2024,New Orleans Pelicans,110,Houston Rockets,99,-142,even,-106,-105,even,-105,-103,-105,-106,+120,-120,-110,-115,-120,-115,-117
Wed Jan 31 2024,Dallas Mavericks,87,Minnesota Timberwolves,121,+660,+600,+610,+600,+600,+575,+600,+550,+610,-1000,-900,-900,-900,-900,-850,-910
Wed Jan 31 2024,Denver Nuggets,100,Oklahoma City Thunder,105,+112,+180,+184,+180,+192,+180,+160,+180,+184,-132,-220,-220,-225,-235,-218,-200
Wed Jan 31 2024,Orlando Magic,108,San Antonio Spurs,98,-210,-250,-250,-250,-278,-250,-230,-240,-250,+176,+205,+205,+200,+222,+205,+190
Wed Jan 31 2024,Phoenix Suns,136,Brooklyn Nets,120,-156,-165,-172,-165,-165,-166,-167,-155,-172,+132,+140,+144,+135,+140,+140,+140
Wed Jan 31 2024,Milwaukee Bucks,116,Portland Trail Blazers,119,-430,-525,-500,-550,-550,-520,-500,-500,-500,+340,+390,+385,+400,+400,+390,+390
Thu Feb 1 2024,Los Angeles Lakers,114,Boston Celtics,105,+350,+850,+870,+825,+800,+850,+700,+700,+870,-450,-1400,-1500,-1400,-1400,-1450,-1115
Thu Feb 1 2024,Indiana Pacers,105,New York Knicks,109,+162,+105,+108,+105,-105,+105,+107,+105,+108,-194,-125,-126,-125,-115,-125,-125
Thu Feb 1 2024,Cleveland Cavaliers,108,Memphis Grizzlies,101,-235,-370,-360,-350,-355,-375,-360,-400,-360,+194,+290,+290,+280,+278,+295,+285
Thu Feb 1 2024,Philadelphia 76ers,127,Utah Jazz,124,+162,+160,+164,+165,+170,+154,+150,+150,+164,-194,-190,-196,-200,-205,-185,-180
Fri Feb 2 2024,Los Angeles Clippers,136,Detroit Pistons,125,N/A,-700,-700,-700,-650,-675,-770,-700,-700,N/A,+500,+500,+500,+460,+490,+540
Fri Feb 2 2024,Miami Heat,110,Washington Wizards,102,N/A,-330,-295,-350,-355,-325,-335,-325,-295,N/A,+265,+240,+260,+278,+260,+265
Fri Feb 2 2024,Phoenix Suns,120,Atlanta Hawks,129,N/A,-150,-154,-150,-155,-162,-157,-155,-154,N/A,+125,+130,+125,+130,+136,+133
Fri Feb 2 2024,Sacramento Kings,133,Indiana Pacers,122,N/A,-180,-164,-175,-180,-170,-175,-170,-164,N/A,+150,+138,+145,+152,+142,+145
Fri Feb 2 2024,Toronto Raptors,106,Houston Rockets,135,N/A,+150,+160,+150,+158,+150,+155,+150,+160,N/A,-180,-190,-185,-190,-180,-186
Fri Feb 2 2024,Golden State Warriors,121,Memphis Grizzlies,101,N/A,-310,-300,-300,-335,-298,-335,-300,-300,N/A,+250,+245,+240,+260,+240,+270
Fri Feb 2 2024,Orlando Magic,108,Minnesota Timberwolves,106,N/A,+210,+200,+220,+196,+215,+215,+200,+200,N/A,-260,-245,-275,-240,-265,-265
Fri Feb 2 2024,Charlotte Hornets,106,Oklahoma City Thunder,126,N/A,+850,+810,+800,+800,+800,+850,+750,+810,N/A,-1400,-1350,-1400,-1400,-1350,-1430
Fri Feb 2 2024,New Orleans Pelicans,114,San Antonio Spurs,113,N/A,-330,-320,-350,-345,-340,-345,-325,-320,N/A,+265,+260,+260,+270,+270,+275
Fri Feb 2 2024,Portland Trail Blazers,108,Denver Nuggets,120,N/A,+625,+570,+625,+550,+700,+510,+550,+570,N/A,-950,-820,-1000,-800,-1100,-715
Sat Feb 3 2024,Brooklyn Nets,136,Philadelphia 76ers,121,N/A,even,-100,-105,+140,-102,+108,-105,-100,N/A,-120,-118,-115,-165,-118,-127
Sat Feb 3 2024,Golden State Warriors,134,Atlanta Hawks,141,N/A,+115,+114,+115,+115,+114,even,+110,+114,N/A,-135,-134,-140,-135,-135,-120
Sat Feb 3 2024,Sacramento Kings,123,Chicago Bulls,115,N/A,-105,-102,-105,+110,-105,-106,+105,-102,N/A,-115,-116,-115,-130,-115,-113
Sat Feb 3 2024,Milwaukee Bucks,129,Dallas Mavericks,117,N/A,-170,-168,-165,-190,-166,-167,-170,-168,N/A,+145,+142,+140,+158,+140,+140
Sat Feb 3 2024,Los Angeles Lakers,113,New York Knicks,105,N/A,+110,+114,+110,+152,+110,+115,+105,+114,N/A,-130,-134,-135,-180,-130,-136
Sat Feb 3 2024,Cleveland Cavaliers,117,San Antonio Spurs,101,N/A,-500,-510,-500,-550,-520,-480,-550,-510,N/A,+375,+390,+375,+400,+390,+370
Sun Feb 4 2024,Orlando Magic,111,Detroit Pistons,99,-290,-250,-245,-250,-260,-250,-265,-250,-245,+235,+205,+200,+200,+210,+205,+215
Sun Feb 4 2024,Phoenix Suns,140,Washington Wizards,112,-330,-550,-520,-600,-600,-550,-530,-650,-520,+265,+400,+400,+425,+430,+410,+400
Sun Feb 4 2024,Memphis Grizzlies,91,Boston Celtics,131,+610,+1300,+1500,+1350,+1050,+1300,+1600,+900,+1500,-900,-2800,-4000,-5000,-2000,-2800,-5000
Sun Feb 4 2024,Indiana Pacers,115,Charlotte Hornets,99,-250,-600,-620,-650,-480,-650,-670,-650,-620,+205,+450,+460,+450,+360,+470,+480
Sun Feb 4 2024,Los Angeles Clippers,103,Miami Heat,95,+102,-200,-220,-210,-170,-218,-230,-190,-220,-120,+165,+184,+170,+143,+180,+180
Sun Feb 4 2024,Houston Rockets,90,Minnesota Timberwolves,111,+230,+270,+260,+240,+270,+260,+270,+240,+260,-280,-340,-320,-300,-345,-325,-335
Sun Feb 4 2024,Toronto Raptors,127,Oklahoma City Thunder,135,+490,+290,+310,+300,+285,+285,+285,+260,+310,-670,-370,-390,-375,-365,-360,-360
Sun Feb 4 2024,Milwaukee Bucks,108,Utah Jazz,123,-142,+115,+110,+145,+118,+120,+108,+110,+110,+120,-135,-130,-175,-140,-142,-127
Sun Feb 4 2024,Portland Trail Blazers,103,Denver Nuggets,112,+570,+900,+810,+750,+800,+800,+850,+700,+810,-820,-1600,-1350,-1200,-1400,-1350,-1430
Mon Feb 5 2024,Los Angeles Lakers,124,Charlotte Hornets,118,-330,-850,-900,-900,-1000,-950,-835,-1000,-900,+265,+575,+610,+600,+650,+625,+575
Mon Feb 5 2024,Sacramento Kings,110,Cleveland Cavaliers,136,+162,+165,+154,+155,+170,+160,+155,+165,+154,-194,-200,-184,-190,-205,-192,-186
Mon Feb 5 2024,Dallas Mavericks,118,Philadelphia 76ers,102,-122,-135,-126,-135,-140,-142,-143,-165,-126,+104,+115,+108,+110,+118,+120,+120
Mon Feb 5 2024,Los Angeles Clippers,149,Atlanta Hawks,144,-158,-180,-180,-175,-170,-170,-177,-175,-180,+134,+150,+152,+145,+143,+142,+148
Mon Feb 5 2024,Golden State Warriors,109,Brooklyn Nets,98,+104,-110,-112,-115,-120,-118,-118,even,-112,-122,-110,-106,-105,even,-102,even
Mon Feb 5 2024,Toronto Raptors,100,New Orleans Pelicans,138,+350,+375,+420,+375,+430,+390,+410,+350,+420,-450,-500,-650,-500,-600,-520,-560
Tue Feb 6 2024,Houston Rockets,129,Indiana Pacers,132,+205,+265,+250,+260,+270,+270,+255,+240,+250,-250,-330,-310,-350,-345,-340,-315
Tue Feb 6 2024,Dallas Mavericks,119,Brooklyn Nets,107,-118,-150,-138,-145,-160,-142,-159,-155,-138,-100,+125,+118,+120,+135,+120,+128
Tue Feb 6 2024,Orlando Magic,95,Miami Heat,121,+144,+135,+130,+125,+130,+130,+125,+120,+130,-172,-160,-154,-150,-155,-155,-148
Tue Feb 6 2024,Memphis Grizzlies,113,New York Knicks,123,+750,+650,+640,+650,+650,+550,+650,+550,+640,-1200,-1000,-950,-1000,-1000,-800,-1000
Tue Feb 6 2024,Minnesota Timberwolves,123,Chicago Bulls,129,-210,-205,-196,-200,-205,-198,-205,-190,-196,+176,+170,+164,+165,+170,+164,+170
Tue Feb 6 2024,Oklahoma City Thunder,117,Utah Jazz,124,-118,-150,-154,-155,-145,-155,-152,-150,-154,-100,+125,+132,+125,+122,+130,+128
Tue Feb 6 2024,Milwaukee Bucks,106,Phoenix Suns,114,+120,+180,+198,+185,+192,+185,+175,+170,+198,-142,-220,-245,-225,-235,-225,-215
Wed Feb 7 2024,Toronto Raptors,123,Charlotte Hornets,117,-255,-275,-275,-275,-278,-270,-275,-275,-275,+210,+225,+225,+220,+222,+220,+220
Wed Feb 7 2024,Cleveland Cavaliers,114,Washington Wizards,106,-500,-650,-700,-700,-600,-650,-590,-650,-700,+385,+475,+500,+500,+430,+470,+440
Wed Feb 7 2024,Atlanta Hawks,117,Boston Celtics,125,+500,+525,+500,+500,+500,+500,+480,+425,+500,-700,-750,-700,-700,-700,-700,-670
Wed Feb 7 2024,San Antonio Spurs,104,Miami Heat,116,+275,+300,+285,+280,+278,+275,+240,+260,+285,-350,-380,-355,-350,-355,-345,-305
Wed Feb 7 2024,Golden State Warriors,127,Philadelphia 76ers,104,-122,-150,-148,-155,-140,-148,-167,-155,-148,+104,+125,+126,+125,+118,+124,+140
Wed Feb 7 2024,New Orleans Pelicans,117,Los Angeles Clippers,106,+205,+175,+176,+180,+185,+170,+190,+210,+176,-250,-210,-210,-225,-225,-205,-230
Wed Feb 7 2024,Detroit Pistons,133,Sacramento Kings,120,+530,+625,+610,+625,+700,+600,+600,+550,+610,-750,-950,-900,-1000,-1100,-900,-910
Thu Feb 8 2024,Golden State Warriors,131,Indiana Pacers,109,+194,+185,+188,+170,+210,+170,+195,+175,+188,-235,-225,-225,-210,-260,-205,-240
Thu Feb 8 2024,San Antonio Spurs,111,Orlando Magic,127,+420,+400,+370,+375,+400,+370,+380,+350,+370,-560,-550,-480,-500,-550,-485,-500
Thu Feb 8 2024,Cleveland Cavaliers,118,Brooklyn Nets,95,-210,-320,-310,-350,-225,-305,-295,-300,-310,+176,+260,+250,+260,+185,+245,+240
Thu Feb 8 2024,Dallas Mavericks,122,New York Knicks,108,-118,-240,-235,-250,-190,-245,-295,-250,-235,-102,+195,+194,+200,+158,+200,+215
Thu Feb 8 2024,Chicago Bulls,118,Memphis Grizzlies,110,-210,-220,-220,-210,-225,-205,-220,-225,-220,+176,+180,+184,+170,+185,+170,+180
Thu Feb 8 2024,Minnesota Timberwolves,129,Milwaukee Bucks,105,-104,-130,-130,-140,even,-130,-132,-125,-130,-112,+110,+110,+115,-120,+110,+112
Thu Feb 8 2024,Utah Jazz,115,Phoenix Suns,129,+265,+175,+166,+170,+222,+170,+175,+160,+166,-330,-210,-198,-210,-278,-205,-215
Thu Feb 8 2024,Denver Nuggets,114,Los Angeles Lakers,106,-132,-155,-154,-155,-165,-148,-150,-150,-154,+112,+130,+130,+125,+140,+124,+125
Thu Feb 8 2024,Detroit Pistons,128,Portland Trail Blazers,122,+132,+160,+152,+150,+185,+150,+160,+145,+152,-156,-190,-180,-185,-225,-180,-210
Fri Feb 9 2024,Atlanta Hawks,127,Philadelphia 76ers,121,-174,-160,-158,-160,-170,-162,-157,-155,-158,+146,+135,+134,+135,+143,+136,+133
Fri Feb 9 2024,Washington Wizards,129,Boston Celtics,133,+1200,+1200,+1200,+1250,+1350,+1300,+1200,+1100,+1200,-2500,-2400,-2500,-3000,-3500,-2800,-2500
Fri Feb 9 2024,Houston Rockets,104,Toronto Raptors,107,+118,+125,+120,+125,+126,+124,+115,+115,+120,-136,-150,-142,-150,-150,-148,-137
Fri Feb 9 2024,Charlotte Hornets,84,Milwaukee Bucks,120,+700,+950,+900,+1050,+900,+1000,+950,+700,+900,-1100,-1700,-1600,-2500,-1600,-1800,-1667
Fri Feb 9 2024,Denver Nuggets,106,Sacramento Kings,135,-102,+130,+128,+125,+130,+130,+117,+110,+128,-116,-155,-152,-155,-155,-155,-139
Fri Feb 9 2024,New Orleans Pelicans,122,Los Angeles Lakers,139,-102,-135,-126,-135,-135,-135,-157,-145,-126,-116,+115,+108,+110,+115,+114,+130
Sat Feb 10 2024,Oklahoma City Thunder,111,Dallas Mavericks,146,-130,-120,-124,-120,-130,-115,-122,-120,-124,+110,even,+106,even,+110,-105,+102
Sat Feb 10 2024,Detroit Pistons,106,Los Angeles Clippers,112,+870,+950,+980,+1050,+800,+950,+900,+800,+980,-1500,-1700,-1800,-2500,-1400,-1650,-1667
Sat Feb 10 2024,San Antonio Spurs,103,Brooklyn Nets,123,+200,+185,+194,+185,+185,+185,+190,+175,+194,-245,-225,-235,-225,-225,-225,-230
Sat Feb 10 2024,Memphis Grizzlies,106,Charlotte Hornets,115,-162,-205,-198,-210,-205,-205,-205,-210,-198,+136,+170,+166,+170,+170,+170,+170
Sat Feb 10 2024,Chicago Bulls,108,Orlando Magic,114,+180,+165,+172,+170,+170,+170,+165,+165,+172,-215,-200,-205,-210,-205,-205,-200
Sat Feb 10 2024,Philadelphia 76ers,119,Washington Wizards,113,-148,-220,-210,-210,-240,-218,-205,-210,-210,+126,+180,+176,+170,+196,+180,+170
Sat Feb 10 2024,Houston Rockets,113,Atlanta Hawks,122,+164,+230,+240,+230,+228,+225,+215,+210,+240,-196,-280,-295,-300,-285,-278,-265
Sat Feb 10 2024,Indiana Pacers,125,New York Knicks,111,-200,-150,-146,-150,-155,-142,-152,-145,-146,+168,+125,+124,+125,+130,+120,+128
Sat Feb 10 2024,Cleveland Cavaliers,119,Toronto Raptors,95,-355,-370,-370,-375,-430,-380,-375,-350,-370,+285,+290,+295,+300,+328,+300,+295
Sat Feb 10 2024,Phoenix Suns,112,Golden State Warriors,113,-104,-125,-118,-120,-115,-122,-122,-115,-118,-112,+105,-100,even,-105,+102,+102
Sat Feb 10 2024,New Orleans Pelicans,93,Portland Trail Blazers,84,-295,-370,-370,-375,-365,-375,-345,-325,-370,+240,+290,+295,+300,+285,+295,+275
Sun Feb 11 2024,Boston Celtics,110,Miami Heat,106,-210,-300,-310,-300,-225,-310,-180,-300,-310,+176,+240,+250,+240,+185,+250,+140
Sun Feb 11 2024,Sacramento Kings,113,Oklahoma City Thunder,127,+132,+130,+130,+135,+130,+136,+125,+130,+130,-156,-155,-154,-160,-155,-162,-150
Mon Feb 12 2024,Indiana Pacers,102,Charlotte Hornets,111,-950,-500,-450,-500,-550,-500,-480,-400,-450,+640,+375,+350,+360,+400,+380,+370
Mon Feb 12 2024,Philadelphia 76ers,123,Cleveland Cavaliers,121,+290,+450,+480,+450,+360,+455,+410,+425,+480,-360,-600,-650,-650,-480,-625,-560
Mon Feb 12 2024,Chicago Bulls,136,Atlanta Hawks,126,+152,+165,+180,+165,+140,+164,+160,+165,+180,-180,-200,-215,-200,-165,-198,-190
Mon Feb 12 2024,San Antonio Spurs,122,Toronto Raptors,99,+320,+195,+205,+190,+185,+190,+188,+190,+205,-420,-240,-250,-250,-225,-230,-240
Mon Feb 12 2024,New York Knicks,103,Houston Rockets,105,-255,-110,-108,-110,-178,-108,-108,-110,-108,+210,-110,-108,-110,+150,-112,-109
Mon Feb 12 2024,New Orleans Pelicans,96,Memphis Grizzlies,87,-400,-450,-450,-450,-400,-455,-420,-450,-450,+315,+350,+350,+340,+310,+350,+325
Mon Feb 12 2024,Denver Nuggets,95,Milwaukee Bucks,112,-132,-105,-100,even,-120,even,-106,-105,-100,+112,-115,-118,-120,even,-120,-112
Mon Feb 12 2024,Washington Wizards,104,Dallas Mavericks,112,+700,+525,+500,+525,+650,+500,+510,+425,+500,-1100,-750,-700,-750,-1000,-700,-715
Mon Feb 12 2024,Golden State Warriors,129,Utah Jazz,107,-104,-115,-116,-115,-110,-115,-113,-115,-116,-112,-105,-102,-105,-110,-105,-105
Mon Feb 12 2024,Minnesota Timberwolves,121,Los Angeles Clippers,100,+134,+165,+172,+165,+180,+170,+155,+155,+172,-158,-200,-205,-200,-220,-205,-195
Tue Feb 13 2024,Boston Celtics,118,Brooklyn Nets,110,-480,-330,-320,-350,-365,-340,-315,-325,-320,+370,+265,+260,+260,+285,+270,+255
Tue Feb 13 2024,Oklahoma City Thunder,127,Orlando Magic,113,-138,-140,-146,-145,-140,-142,-148,-150,-146,+118,+120,+124,+120,+118,+120,+125
Tue Feb 13 2024,Miami Heat,123,Milwaukee Bucks,97,+205,+230,+235,+230,+278,+240,+240,+225,+235,-250,-280,-290,-300,-355,-298,-295
Tue Feb 13 2024,Sacramento Kings,125,Phoenix Suns,130,+146,+155,+154,+155,+170,+154,+148,+145,+154,-174,-185,-186,-190,-205,-185,-180
Tue Feb 13 2024,Minnesota Timberwolves,121,Portland Trail Blazers,109,-420,-360,-360,-375,-355,-360,-375,-400,-360,+330,+280,+290,+290,+278,+285,+295
Tue Feb 13 2024,Detroit Pistons,111,Los Angeles Lakers,125,+480,+450,+460,+475,+400,+470,+460,+425,+460,-650,-600,-620,-650,-550,-650,-625
Wed Feb 14 2024,Atlanta Hawks,99,Charlotte Hornets,122,-235,-270,-255,-275,-278,-270,-265,-275,-255,+194,+220,+210,+220,+222,+220,+215
Wed Feb 14 2024,New York Knicks,100,Orlando Magic,118,-104,+145,+144,+135,+140,+136,+135,+125,+144,-112,-170,-172,-160,-165,-162,-162
Wed Feb 14 2024,Miami Heat,109,Philadelphia 76ers,104,+184,+115,+120,+115,+143,+114,+125,+120,+120,-220,-135,-142,-140,-170,-135,-150
Wed Feb 14 2024,Brooklyn Nets,86,Boston Celtics,136,+610,+525,+530,+500,+650,+455,+450,+425,+530,-900,-750,-750,-700,-1000,-625,-625
Wed Feb 14 2024,Chicago Bulls,105,Cleveland Cavaliers,108,+310,+325,+340,+340,+320,+350,+340,+300,+340,-390,-425,-430,-450,-420,-455,-435
Wed Feb 14 2024,Indiana Pacers,127,Toronto Raptors,125,-138,-150,-146,-145,-170,-142,-141,-135,-146,+118,+125,+124,+120,+143,+120,+120
Wed Feb 14 2024,Houston Rockets,113,Memphis Grizzlies,121,-164,-150,-130,-130,-145,-135,-141,-125,-130,+138,+125,+108,+105,+122,+114,+120
Wed Feb 14 2024,Washington Wizards,126,New Orleans Pelicans,133,+660,+625,+750,+675,+600,+700,+650,+550,+750,-1000,-950,-1200,-1100,-900,-1100,-1000
Wed Feb 14 2024,San Antonio Spurs,93,Dallas Mavericks,116,+540,+450,+480,+425,+430,+440,+460,+450,+480,-770,-600,-650,-600,-600,-600,-625
Wed Feb 14 2024,Sacramento Kings,102,Denver Nuggets,98,+194,+175,+180,+165,+205,+160,+180,+175,+180,-235,-210,-215,-200,-250,-192,-220
Wed Feb 14 2024,Detroit Pistons,100,Phoenix Suns,116,+750,+600,+610,+625,+600,+625,+550,+500,+610,-1200,-900,-900,-1000,-900,-950,-770
Wed Feb 14 2024,Los Angeles Lakers,138,Utah Jazz,122,+136,+185,+180,+155,+185,+164,+170,+165,+180,-162,-225,-215,-190,-225,-198,-205
Wed Feb 14 2024,Los Angeles Clippers,130,Golden State Warriors,125,-120,+135,+138,+135,+118,+130,+145,+120,+138,+102,-160,-164,-160,-140,-155,-175
Thu Feb 15 2024,Milwaukee Bucks,110,Memphis Grizzlies,113,-510,-1100,-1100,-1100,-900,-900,-910,-900,-1100,+390,+700,+700,+650,+600,+600,+600
Thu Feb 15 2024,Golden State Warriors,140,Utah Jazz,137,-104,-140,-138,-145,-155,-142,-139,-125,-138,-112,+120,+118,+120,+130,+120,+118
Thu Feb 15 2024,Minnesota Timberwolves,128,Portland Trail Blazers,91,-405,-500,-510,-500,-455,-500,-420,-450,-510,+320,+375,+390,+375,+345,+380,+330
Thu Feb 22 2024,Orlando Magic,116,Cleveland Cavaliers,109,+260,+170,+180,+170,+222,+180,+185,+165,+180,-320,-205,-215,-210,-278,-218,-225
Thu Feb 22 2024,Detroit Pistons,115,Indiana Pacers,129,+460,+550,+500,+500,+460,+525,+440,+450,+500,-620,-800,-700,-700,-650,-750,-590
Thu Feb 22 2024,New York Knicks,110,Philadelphia 76ers,96,-100,+110,+104,+105,-105,-105,-108,-105,+104,-118,-130,-122,-125,-115,-115,-115
Thu Feb 22 2024,Brooklyn Nets,93,Toronto Raptors,121,+108,-105,-100,-105,+110,-105,even,even,-100,-126,-115,-118,-115,-130,-115,-118
Thu Feb 22 2024,Phoenix Suns,113,Dallas Mavericks,123,+112,+110,+116,+115,+122,+120,+114,+110,+116,-132,-130,-136,-140,-145,-142,-136
Thu Feb 22 2024,Boston Celtics,129,Chicago Bulls,112,-295,-370,-330,-375,-335,-345,-335,-325,-330,+240,+290,+270,+290,+260,+275,+270
Thu Feb 22 2024,Houston Rockets,105,New Orleans Pelicans,127,+240,+210,+215,+200,+228,+210,+215,+200,+215,-295,-260,-260,-250,-285,-258,-265
Thu Feb 22 2024,Los Angeles Clippers,107,Oklahoma City Thunder,129,+116,+105,+102,even,+105,even,-107,even,+102,-136,-125,-120,-120,-125,-120,-115
Thu Feb 22 2024,Washington Wizards,110,Denver Nuggets,130,+980,+850,+800,+800,+800,+750,+750,+650,+800,-1800,-1400,-1800,-1400,-1400,-1200,-1250
Thu Feb 22 2024,Charlotte Hornets,115,Utah Jazz,107,+300,+350,+350,+340,+360,+330,+340,+300,+350,-375,-450,-450,-450,-480,-425,-435
Thu Feb 22 2024,Los Angeles Lakers,110,Golden State Warriors,128,+130,+185,+194,+185,+192,+185,+185,+180,+194,-154,-225,-240,-225,-235,-225,-225
Thu Feb 22 2024,San Antonio Spurs,122,Sacramento Kings,127,+530,+390,+390,+400,+320,+390,+400,+375,+390,-750,-525,-510,-550,-420,-520,-590
Fri Feb 23 2024,Toronto Raptors,123,Atlanta Hawks,121,+235,+240,+245,+240,+250,+230,+255,+225,+245,-290,-300,-300,-300,-320,-285,-315
Fri Feb 23 2024,Cleveland Cavaliers,97,Philadelphia 76ers,104,-196,-130,-134,-135,-135,-125,-129,-125,-134,+164,+110,+114,+110,+115,+105,+108
Fri Feb 23 2024,Phoenix Suns,110,Houston Rockets,114,-156,-140,-154,-150,-140,-148,-137,-135,-154,+132,+120,+130,+125,+118,+124,+117
Fri Feb 23 2024,Los Angeles Clippers,101,Memphis Grizzlies,95,-490,-425,-420,-400,-430,-395,-385,-400,-420,+380,+325,+330,+310,+328,+310,+300
Fri Feb 23 2024,Miami Heat,106,New Orleans Pelicans,95,+120,+110,+114,+110,+110,+120,+115,+105,+114,-142,-130,-134,-135,-130,-142,-136
Fri Feb 23 2024,Washington Wizards,106,Oklahoma City Thunder,147,+810,+900,+830,+875,+800,+900,+850,+650,+830,-1350,-1600,-1400,-1600,-1400,-1600,-1430
Fri Feb 23 2024,Charlotte Hornets,84,Golden State Warriors,97,+750,+525,+490,+550,+500,+525,+550,+450,+490,-1200,-750,-670,-800,-700,-750,-910
Fri Feb 23 2024,Milwaukee Bucks,112,Minnesota Timberwolves,107,+166,+160,+158,+155,+152,+160,+145,+145,+158,-198,-190,-188,-190,-180,-192,-175
Fri Feb 23 2024,Denver Nuggets,127,Portland Trail Blazers,112,-450,-370,-360,-375,-355,-345,-345,-400,-360,+350,+290,+290,+290,+278,+275,+275
Fri Feb 23 2024,San Antonio Spurs,118,Los Angeles Lakers,123,+285,+400,+410,+400,+400,+410,+380,+350,+410,-355,-550,-550,-550,-550,-550,-500
Sat Feb 24 2024,Orlando Magic,112,Detroit Pistons,109,-290,-350,-355,-350,-385,-345,-335,-325,-355,+235,+275,+285,+275,+300,+275,+270
Sat Feb 24 2024,Boston Celtics,116,New York Knicks,102,-245,-240,-245,-250,-235,-225,-235,-250,-245,+200,+195,+200,+195,+192,+185,+190
Sat Feb 24 2024,Brooklyn Nets,86,Minnesota Timberwolves,101,+295,+265,+270,+280,+285,+270,+265,+275,+270,-370,-330,-335,-350,-365,-340,-335
Sun Feb 25 2024,Milwaukee Bucks,119,Philadelphia 76ers,98,-188,-205,-200,-210,-190,-205,-180,-200,-200,+158,+170,+168,+170,+158,+170,+150
Sun Feb 25 2024,Los Angeles Lakers,113,Phoenix Suns,123,+146,+130,+130,+135,+140,+130,+135,+125,+130,-174,-155,-154,-160,-165,-155,-162
Sun Feb 25 2024,Dallas Mavericks,111,Indiana Pacers,133,+104,-135,-126,-140,-115,-130,-129,-135,-126,-122,+115,+108,+115,-105,+110,+108
Sun Feb 25 2024,Cleveland Cavaliers,114,Washington Wizards,105,-590,-950,-1000,-1000,-900,-950,-910,-1000,-1000,+430,+625,+660,+625,+600,+625,+600
Sun Feb 25 2024,Orlando Magic,92,Atlanta Hawks,109,+112,+110,+110,+110,-115,+110,+107,+105,+110,-132,-130,-130,-135,-105,-130,-127
Sun Feb 25 2024,Denver Nuggets,119,Golden State Warriors,103,-120,+105,-100,even,+105,+102,+104,-110,-100,+102,-125,-118,-120,-125,-122,-124
Sun Feb 25 2024,Oklahoma City Thunder,123,Houston Rockets,110,-188,-260,-240,-250,-250,-245,-245,-250,-240,+158,+210,+198,+200,+205,+200,+200
Sun Feb 25 2024,Chicago Bulls,114,New Orleans Pelicans,106,+118,+165,+180,+170,+150,+170,+180,+155,+180,-138,-200,-215,-210,-178,-205,-220
Sun Feb 25 2024,San Antonio Spurs,109,Utah Jazz,128,+280,+230,+215,+220,+222,+210,+215,+200,+215,-350,-280,-260,-275,-278,-258,-265
Sun Feb 25 2024,Charlotte Hornets,93,Portland Trail Blazers,80,+118,+140,+142,+140,+126,+136,+135,+135,+142,-138,-165,-168,-165,-150,-162,-162
Sun Feb 25 2024,Sacramento Kings,123,Los Angeles Clippers,107,+220,+160,+164,+155,+152,+150,+145,+145,+164,-275,-190,-196,-190,-180,-180,-175
Mon Feb 26 2024,Toronto Raptors,130,Indiana Pacers,122,+235,+185,+188,+185,+196,+185,+185,+165,+188,-290,-225,-225,-225,-240,-225,-225
Mon Feb 26 2024,Detroit Pistons,111,New York Knicks,113,+500,+475,+440,+475,+460,+455,+440,+400,+440,-700,-650,-590,-650,-650,-625,-590
Mon Feb 26 2024,Brooklyn Nets,111,Memphis Grizzlies,86,-116,-140,-138,-140,-150,-135,-137,-135,-138,-102,+120,+118,+115,+126,+114,+117
Mon Feb 26 2024,Miami Heat,121,Sacramento Kings,110,+260,+235,+245,+230,+235,+225,+220,+225,+245,-320,-290,-300,-300,-292,-278,-275
Tue Feb 27 2024,Dallas Mavericks,119,Cleveland Cavaliers,121,+144,+145,+144,+140,+152,+142,+148,+135,+144,-172,-170,-172,-165,-180,-170,-177
Tue Feb 27 2024,Brooklyn Nets,81,Orlando Magic,108,+245,+210,+205,+200,+345,+195,+205,+190,+205,-300,-260,-255,-250,-455,-238,-265
Tue Feb 27 2024,Golden State Warriors,123,Washington Wizards,112,-490,-575,-590,-600,-600,-575,-400,-500,-590,+380,+425,+430,+425,+430,+425,+295
Tue Feb 27 2024,Utah Jazz,97,Atlanta Hawks,124,+124,+105,+106,+105,+105,+105,+110,+105,+106,-146,-125,-124,-130,-125,-125,-130
Tue Feb 27 2024,Philadelphia 76ers,99,Boston Celtics,117,+590,+475,+460,+475,+550,+455,+450,+400,+460,-850,-650,-620,-650,-800,-625,-625
Tue Feb 27 2024,New Orleans Pelicans,115,New York Knicks,92,-102,-250,-255,-275,-135,-265,-245,-260,-255,-116,+205,+210,+220,+115,+215,+200
Tue Feb 27 2024,Detroit Pistons,105,Chicago Bulls,95,+640,+375,+360,+375,+430,+400,+370,+375,+360,-950,-500,-460,-500,-600,-535,-480
Tue Feb 27 2024,Charlotte Hornets,85,Milwaukee Bucks,123,+700,+650,+750,+675,+800,+675,+700,+650,+750,-1100,-1000,-1200,-1100,-1400,-1050,-1115
Tue Feb 27 2024,San Antonio Spurs,105,Minnesota Timberwolves,114,+830,+575,+570,+575,+650,+600,+575,+500,+570,-1400,-850,-820,-900,-1000,-900,-835
Tue Feb 27 2024,Houston Rockets,95,Oklahoma City Thunder,112,+420,+390,+320,+375,+400,+350,+330,+300,+320,-560,-525,-405,-500,-550,-455,-420
Tue Feb 27 2024,Miami Heat,106,Portland Trail Blazers,96,-235,-280,-295,-300,-278,-285,-286,-260,-295,+194,+230,+240,+230,+222,+230,+235
Wed Feb 28 2024,New Orleans Pelicans,114,Indiana Pacers,123,+138,+145,+140,+145,+148,+142,+255,+135,+140,-164,-170,-166,-175,-175,-170,-360
Wed Feb 28 2024,Dallas Mavericks,136,Toronto Raptors,125,-130,-165,-172,-165,-170,-166,-159,-155,-172,+110,+140,+144,+140,+143,+140,+135
Wed Feb 28 2024,Cleveland Cavaliers,123,Chicago Bulls,132,-174,-220,-205,-225,-225,-218,-215,-220,-205,+146,+180,+172,+180,+185,+180,+165
Wed Feb 28 2024,Memphis Grizzlies,101,Minnesota Timberwolves,110,+570,+600,+660,+625,+550,+625,+600,+600,+660,-820,-900,-1000,-1000,-800,-950,-910
Wed Feb 28 2024,Sacramento Kings,96,Denver Nuggets,117,+225,+325,+320,+310,+250,+320,+295,+300,+320,-275,-425,-420,-400,-320,-410,-375
Wed Feb 28 2024,Los Angeles Lakers,116,Los Angeles Clippers,112,+136,even,-102,even,+115,+102,+102,even,-102,-162,-120,-116,-120,-135,-122,-122
Thu Feb 29 2024,Milwaukee Bucks,111,Charlotte Hornets,99,-590,-700,-670,-650,-650,-625,-625,-750,-670,+430,+500,+490,+475,+460,+455,+450
Thu Feb 29 2024,Utah Jazz,107,Orlando Magic,115,+190,+225,+225,+220,+228,+220,+220,+200,+225,-230,-275,-275,-275,-285,-270,-286
Thu Feb 29 2024,Atlanta Hawks,97,Brooklyn Nets,124,+110,-105,-104,-105,even,-105,-103,-105,-104,-130,-115,-112,-115,-120,-115,-117
Thu Feb 29 2024,Golden State Warriors,110,New York Knicks,99,-126,-155,-162,-160,-170,-162,-159,-155,-162,+108,+130,+136,+135,+143,+136,+135
Thu Feb 29 2024,Oklahoma City Thunder,118,San Antonio Spurs,132,-670,-575,-560,-600,-650,-535,-560,-550,-560,+490,+425,+420,+425,+460,+400,+410
Thu Feb 29 2024,Houston Rockets,105,Phoenix Suns,110,+310,+290,+310,+300,+300,+300,+285,+240,+310,-390,-370,-390,-375,-385,-380,-360
Thu Feb 29 2024,Miami Heat,97,Denver Nuggets,103,+210,+220,+205,+220,+222,+215,+200,+210,+205,-255,-270,-250,-275,-278,-265,-245
Thu Feb 29 2024,Washington Wizards,131,Los Angeles Lakers,134,+430,+400,+430,+400,+400,+380,+350,+350,+430,-590,-550,-590,-550,-550,-500,-455
Fri Mar 1 2024,Cleveland Cavaliers,110,Detroit Pistons,100,-490,-275,-260,-275,-278,-270,-305,-275,-260,+380,+225,+215,+220,+222,+220,+245
Fri Mar 1 2024,Charlotte Hornets,114,Philadelphia 76ers,121,+500,+500,+480,+475,+500,+470,+510,+450,+480,-700,-700,-650,-650,-700,-650,-715
Fri Mar 1 2024,Dallas Mavericks,110,Boston Celtics,138,+270,+320,+300,+300,+300,+300,+285,+260,+300,-335,-400,-375,-400,-385,-380,-360
Fri Mar 1 2024,Golden State Warriors,120,Toronto Raptors,105,-144,-140,-146,-145,-145,-142,-143,-145,-146,+122,+120,+124,+120,+122,+120,+120
Fri Mar 1 2024,Portland Trail Blazers,122,Memphis Grizzlies,92,+156,-105,-108,-105,-105,-108,even,-105,-108,-186,-115,-108,-115,-115,-112,-120
Fri Mar 1 2024,Sacramento Kings,124,Minnesota Timberwolves,120,+265,+270,+275,+275,+300,+280,+280,+260,+275,-330,-340,-340,-350,-385,-355,-360
Fri Mar 1 2024,Indiana Pacers,102,New Orleans Pelicans,129,+166,+175,+168,+170,+175,+170,+170,+155,+168,-198,-210,-200,-210,-210,-205,-205
Fri Mar 1 2024,Milwaukee Bucks,113,Chicago Bulls,97,-176,-170,-162,-165,-170,-162,-167,-165,-162,+148,+145,+136,+135,+143,+136,+140
Fri Mar 1 2024,Washington Wizards,115,Los Angeles Clippers,140,+750,+850,+750,+800,+650,+800,+750,+700,+750,-1200,-1400,-1200,-1400,-1000,-1350,-1250
Sat Mar 2 2024,Atlanta Hawks,102,Brooklyn Nets,114,+114,-115,-116,-115,-110,-115,-113,-115,-116,-134,-105,-102,-105,-110,-105,-105
Sat Mar 2 2024,Utah Jazz,120,Miami Heat,126,+235,+325,+315,+310,+240,+300,+295,+325,+315,-290,-425,-400,-400,-305,-380,-375
Sat Mar 2 2024,Portland Trail Blazers,107,Memphis Grizzlies,100,+102,+115,+116,+115,+115,+114,+106,+115,+116,-120,-135,-136,-140,-135,-135,-132
Sat Mar 2 2024,Denver Nuggets,124,Los Angeles Lakers,114,-102,-110,-112,-115,-105,-112,-117,-110,-112,-116,-110,-104,-105,-115,-108,-103
Sat Mar 2 2024,Houston Rockets,118,Phoenix Suns,109,+350,+325,+330,+333,+335,+330,+285,+260,+330,-450,-425,-420,-450,-440,-425,-360
Sun Mar 3 2024,Philadelphia 76ers,120,Dallas Mavericks,116,+295,+265,+265,+260,+270,+260,+240,+225,+265,-370,-330,-330,-350,-345,-325,-295
Sun Mar 3 2024,Golden State Warriors,88,Boston Celtics,140,+340,+270,+270,+275,+360,+280,+260,+240,+270,-430,-340,-335,-350,-480,-355,-345
Sun Mar 3 2024,Los Angeles Clippers,89,Minnesota Timberwolves,88,-118,+120,+116,+125,+105,+120,+118,+115,+116,-100,-140,-136,-150,-125,-142,-139
Sun Mar 3 2024,Detroit Pistons,91,Orlando Magic,113,+480,+450,+440,+425,+430,+440,+510,+350,+440,-650,-600,-590,-600,-600,-600,-715
Sun Mar 3 2024,Charlotte Hornets,106,Toronto Raptors,111,+320,+240,+240,+230,+240,+235,+225,+225,+240,-405,-300,-295,-300,-305,-290,-278
Sun Mar 3 2024,New York Knicks,107,Cleveland Cavaliers,98,+164,+150,+148,+150,+150,+145,+155,+150,+148,-196,-180,-176,-185,-178,-175,-186
Sun Mar 3 2024,Indiana Pacers,105,San Antonio Spurs,117,-270,-270,-230,-275,-278,-265,-245,-250,-230,+220,+220,+190,+220,+222,+215,+200
Sun Mar 3 2024,Oklahoma City Thunder,118,Phoenix Suns,110,-112,-185,-186,-185,-190,-185,-182,-180,-186,-104,+155,+156,+150,+158,+154,+150
Mon Mar 4 2024,Memphis Grizzlies,106,Brooklyn Nets,102,+350,+350,+350,+360,+360,+360,+350,+325,+350,-450,-450,-450,-500,-480,-470,-455
Mon Mar 4 2024,Los Angeles Clippers,106,Milwaukee Bucks,113,+194,-150,-146,-155,-160,-155,-137,-145,-146,-240,+125,+124,+125,+135,+130,+115
Mon Mar 4 2024,Portland Trail Blazers,114,Minnesota Timberwolves,119,+700,+850,+870,+850,+950,+850,+850,+650,+870,-1100,-1400,-1500,-1600,-1700,-1450,-1430
Mon Mar 4 2024,Washington Wizards,115,Utah Jazz,127,+385,+175,+162,+170,+175,+180,+175,+155,+162,-500,-210,-194,-210,-210,-218,-210
Mon Mar 4 2024,Chicago Bulls,113,Sacramento Kings,109,+265,+210,+205,+195,+210,+195,+210,+190,+205,-330,-260,-250,-250,-260,-238,-275
Mon Mar 4 2024,Oklahoma City Thunder,104,Los Angeles Lakers,116,-112,-110,-112,-115,-115,-112,-114,-115,-112,-104,-110,-104,-105,-105,-108,-105
Tue Mar 5 2024,Orlando Magic,101,Charlotte Hornets,89,-370,-360,-370,-350,-355,-355,-375,-325,-370,+295,+280,+295,+280,+278,+280,+295
Tue Mar 5 2024,Philadelphia 76ers,107,Brooklyn Nets,112,-112,-105,-104,-105,-110,-110,-117,-110,-104,-104,-115,-112,-115,-110,-110,-103
Tue Mar 5 2024,Boston Celtics,104,Cleveland Cavaliers,105,-215,-380,-350,-375,-400,-298,-400,-350,-350,+180,+300,+280,+290,+310,+240,+310
Tue Mar 5 2024,Detroit Pistons,110,Miami Heat,118,+520,+425,+460,+475,+500,+455,+450,+450,+460,-720,-575,-620,-650,-700,-625,-625
Tue Mar 5 2024,Atlanta Hawks,116,New York Knicks,100,+172,+105,+102,+105,+105,+102,-105,even,+102,-205,-125,-120,-125,-125,-122,-113
Tue Mar 5 2024,New Orleans Pelicans,139,Toronto Raptors,98,-340,-425,-360,-450,-440,-440,-360,-450,-360,+275,+325,+290,+350,+335,+340,+285
Tue Mar 5 2024,San Antonio Spurs,101,Houston Rockets,114,+220,+240,+225,+230,+222,+220,+215,+225,+225,-270,-300,-275,-300,-278,-270,-265
Tue Mar 5 2024,Indiana Pacers,137,Dallas Mavericks,120,+148,+185,+180,+180,+180,+190,+175,+170,+180,-176,-225,-215,-225,-220,-230,-215
Tue Mar 5 2024,Phoenix Suns,117,Denver Nuggets,107,+295,+320,+310,+310,+320,+300,+285,+260,+310,-370,-400,-390,-400,-420,-380,-360
Wed Mar 6 2024,Orlando Magic,119,Washington Wizards,109,-295,-275,-260,-275,-320,-265,-286,-250,-260,+240,+225,+215,+220,+250,+215,+235
Wed Mar 6 2024,Cleveland Cavaliers,101,Atlanta Hawks,112,-116,+125,+130,+125,+126,+124,+120,+120,+130,-102,-150,-154,-150,-150,-148,-141
Wed Mar 6 2024,Los Angeles Clippers,122,Houston Rockets,116,-255,-260,-255,-250,-260,-250,-265,-260,-255,+210,+210,+210,+200,+210,+205,+215
Wed Mar 6 2024,Memphis Grizzlies,115,Philadelphia 76ers,109,+190,+145,+150,+140,+140,+140,+145,+135,+150,-230,-170,-178,-165,-165,-166,-175
Wed Mar 6 2024,Chicago Bulls,119,Utah Jazz,117,+130,-170,-174,-175,-175,-175,-167,-170,-174,-154,+145,+146,+145,+148,+145,+140
Wed Mar 6 2024,Milwaukee Bucks,90,Golden State Warriors,125,+114,+120,+114,+120,+118,+114,+115,+120,+114,-134,-140,-134,-145,-140,-135,-143
Wed Mar 6 2024,Oklahoma City Thunder,128,Portland Trail Blazers,120,-750,-900,-820,-900,-900,-750,-1000,-750,-820,+530,+600,+570,+600,+600,+525,+650
Wed Mar 6 2024,Sacramento Kings,130,Los Angeles Lakers,120,+120,+130,+128,+125,+140,+136,+116,+125,+128,-142,-155,-152,-155,-165,-162,-139
Thu Mar 7 2024,Brooklyn Nets,112,Detroit Pistons,118,-142,-135,-138,-135,-120,-130,-136,-135,-138,+120,+115,+118,+110,even,+110,+114
Thu Mar 7 2024,Minnesota Timberwolves,113,Indiana Pacers,111,-130,even,-102,even,even,-102,even,-105,-102,+110,-120,-116,-120,-120,-118,-122
Thu Mar 7 2024,Miami Heat,108,Dallas Mavericks,114,+168,+160,+166,+155,+175,+164,+120,+150,+166,-200,-190,-198,-190,-210,-198,-155
Thu Mar 7 2024,Toronto Raptors,113,Phoenix Suns,120,+420,+400,+420,+425,+430,+440,+380,+375,+420,-560,-550,-560,-600,-600,-600,-500
Thu Mar 7 2024,Boston Celtics,109,Denver Nuggets,115,-118,-130,-132,-135,-130,-125,-134,-125,-132,-100,+110,+112,+110,+110,+105,+114
Thu Mar 7 2024,Chicago Bulls,125,Golden State Warriors,122,+250,+280,+300,+280,+278,+310,+275,+260,+300,-300,-360,-375,-350,-355,-395,-345
Thu Mar 7 2024,San Antonio Spurs,129,Sacramento Kings,131,+330,+500,+520,+500,+500,+500,+500,+425,+520,-420,-700,-720,-700,-700,-700,-770
Fri Mar 8 2024,New Orleans Pelicans,103,Philadelphia 76ers,95,-162,-330,-310,-350,-350,-310,-335,-325,-310,+136,+265,+250,+260,+275,+250,+270
Fri Mar 8 2024,Charlotte Hornets,100,Washington Wizards,112,+118,+125,+120,+120,+126,+120,+110,+115,+120,-138,-150,-142,-145,-150,-142,-130
Fri Mar 8 2024,Minnesota Timberwolves,104,Cleveland Cavaliers,113,-104,-110,-104,-105,even,-105,-104,even,-104,-112,-110,-112,-115,-120,-115,-115
Fri Mar 8 2024,Orlando Magic,74,New York Knicks,98,+102,+125,+124,+125,+126,+120,+125,+115,+124,-120,-150,-146,-150,-150,-142,-148
Fri Mar 8 2024,Atlanta Hawks,99,Memphis Grizzlies,92,-108,-155,-156,-155,-155,-155,-148,-155,-156,-108,+130,+132,+125,+130,+130,+125
Fri Mar 8 2024,Miami Heat,100,Oklahoma City Thunder,107,+270,+290,+295,+290,+285,+300,+275,+300,+295,-335,-370,-370,-375,-365,-380,-345
Fri Mar 8 2024,Milwaukee Bucks,122,Los Angeles Lakers,123,-102,-185,-178,-185,-195,-180,-186,-150,-178,-116,+155,+150,+150,+162,+150,+155
Fri Mar 8 2024,Houston Rockets,123,Portland Trail Blazers,107,-200,-275,-260,-275,-278,-265,-250,-225,-260,+168,+225,+215,+220,+222,+215,+210
Sat Mar 9 2024,Chicago Bulls,102,Los Angeles Clippers,112,+330,+280,+275,+275,+228,+270,+270,+240,+275,-420,-360,-340,-350,-285,-340,-335
Sat Mar 9 2024,Brooklyn Nets,99,Charlotte Hornets,110,-235,-240,-240,-250,-267,-245,-245,-250,-240,+194,+195,+198,+190,+215,+200,+200
Sat Mar 9 2024,Dallas Mavericks,142,Detroit Pistons,124,-390,-400,-400,-350,-430,-395,-335,-350,-400,+310,+320,+315,+280,+328,+310,+270
Sat Mar 9 2024,San Antonio Spurs,126,Golden State Warriors,113,+360,+500,+590,+425,+500,+525,+480,+450,+590,-460,-700,-850,-600,-700,-750,-670
Sat Mar 9 2024,Boston Celtics,117,Phoenix Suns,107,-240,-210,-215,-210,-225,-218,-220,-225,-215,+198,+175,+180,+170,+185,+180,+170
Sat Mar 9 2024,Utah Jazz,121,Denver Nuggets,142,+520,+550,+570,+575,+550,+525,+550,+400,+570,-720,-800,-820,-900,-800,-750,-770
Sat Mar 9 2024,Toronto Raptors,118,Portland Trail Blazers,128,-120,-130,-126,-135,-130,-130,-129,-135,-126,+102,+110,+108,+110,+110,+110,+108
Sun Mar 10 2024,Milwaukee Bucks,124,Los Angeles Clippers,117,-102,-260,-250,-250,-205,-245,-245,-250,-250,-116,+210,+205,+200,+170,+200,+200
Sun Mar 10 2024,New Orleans Pelicans,116,Atlanta Hawks,103,-235,-250,-270,-250,-278,-250,-265,-260,-270,+194,+205,+220,+200,+222,+205,+215
Sun Mar 10 2024,Washington Wizards,110,Miami Heat,108,+385,+450,+490,+475,+430,+455,+460,+425,+490,-500,-600,-670,-650,-600,-625,-670
Sun Mar 10 2024,Indiana Pacers,111,Orlando Magic,97,+104,-115,-112,-110,+110,-112,-108,-110,-112,-122,-105,-104,-110,-130,-108,-109
Sun Mar 10 2024,Houston Rockets,112,Sacramento Kings,104,+225,+220,+220,+220,+222,+220,+225,+190,+220,-275,-270,-270,-275,-278,-270,-278
Sun Mar 10 2024,Brooklyn Nets,120,Cleveland Cavaliers,101,+260,+230,+230,+220,+240,+215,+235,+200,+230,-320,-280,-280,-275,-305,-265,-286
Sun Mar 10 2024,Philadelphia 76ers,79,New York Knicks,73,+235,+235,+240,+230,+240,+230,+225,+225,+240,-290,-290,-295,-275,-305,-285,-278
Sun Mar 10 2024,Memphis Grizzlies,93,Oklahoma City Thunder,124,+870,+750,+750,+725,+700,+750,+700,+650,+750,-1500,-1200,-1200,-1200,-1100,-1200,-1115
Sun Mar 10 2024,Minnesota Timberwolves,109,Los Angeles Lakers,120,-112,+175,+188,+170,+180,+185,+163,+155,+188,-104,-210,-225,-210,-220,-225,-195
Mon Mar 11 2024,Charlotte Hornets,97,Detroit Pistons,114,+148,+165,+168,+140,+143,+160,+160,+155,+168,-176,-200,-200,-165,-170,-192,-200
Mon Mar 11 2024,Phoenix Suns,117,Cleveland Cavaliers,111,-112,-260,-275,-210,-250,-258,-250,-275,-275,-104,+210,+225,+170,+205,+210,+205
Mon Mar 11 2024,Dallas Mavericks,127,Chicago Bulls,92,-172,-160,-162,-200,-175,-162,-167,-155,-162,+144,+135,+136,+165,+148,+136,+140
Mon Mar 11 2024,Golden State Warriors,112,San Antonio Spurs,102,-250,-200,-198,-225,-205,-198,-215,-210,-198,+205,+165,+166,+180,+170,+164,+175
Mon Mar 11 2024,Toronto Raptors,119,Denver Nuggets,125,+640,+1000,+1200,+1050,+1050,+1000,+950,+700,+1200,-950,-2000,-2500,-2500,-2000,-1800,-1667
Mon Mar 11 2024,Boston Celtics,121,Portland Trail Blazers,99,-1000,-600,-650,-650,-600,-625,-670,-550,-650,+660,+450,+480,+475,+430,+455,+480
Tue Mar 12 2024,Philadelphia 76ers,79,New York Knicks,106,+162,+185,+194,+190,+205,+195,+195,+180,+194,-194,-225,-235,-250,-250,-238,-235
Tue Mar 12 2024,Washington Wizards,97,Memphis Grizzlies,109,+124,-130,-136,-130,-130,-125,-143,-125,-136,-146,+110,+116,+105,+110,+105,+120
Tue Mar 12 2024,Indiana Pacers,121,Oklahoma City Thunder,111,+215,+180,+180,+180,+185,+180,+175,+180,+180,-260,-220,-215,-225,-225,-218,-215
Tue Mar 12 2024,Houston Rockets,103,San Antonio Spurs,101,-158,-155,-144,-155,-155,-155,-155,-145,-144,+134,+130,+122,+125,+130,+130,+130
Tue Mar 12 2024,Boston Celtics,123,Utah Jazz,107,-290,-260,-270,-250,-278,-258,-235,-260,-270,+235,+210,+220,+200,+222,+210,+190
Tue Mar 12 2024,Minnesota Timberwolves,118,Los Angeles Clippers,100,+220,+185,+190,+185,+222,+190,+195,+175,+190,-270,-225,-230,-225,-278,-230,-240
Tue Mar 12 2024,Milwaukee Bucks,94,Sacramento Kings,129,-102,+105,+106,+105,-105,+105,+107,-105,+106,-116,-125,-124,-130,-115,-125,-125
Wed Mar 13 2024,Toronto Raptors,104,Detroit Pistons,113,+102,+135,+138,+135,+135,+130,+135,+125,+138,-120,-160,-164,-165,-160,-155,-162
Wed Mar 13 2024,Brooklyn Nets,106,Orlando Magic,114,+235,+200,+198,+200,+228,+195,+190,+180,+198,-290,-245,-240,-250,-285,-238,-235
Wed Mar 13 2024,Chicago Bulls,132,Indiana Pacers,129,+130,+175,+176,+170,+150,+190,+163,+165,+176,-154,-210,-210,-210,-178,-230,-195
Wed Mar 13 2024,Denver Nuggets,100,Miami Heat,88,-138,-160,-162,-160,-165,-166,-165,-155,-162,+118,+135,+136,+135,+140,+140,+138
Wed Mar 13 2024,Charlotte Hornets,110,Memphis Grizzlies,98,-124,-130,-132,-135,-120,-135,-139,-135,-132,+106,+110,+112,+110,even,+114,+118
Wed Mar 13 2024,Cleveland Cavaliers,116,New Orleans Pelicans,95,+250,+190,+198,+190,+205,+185,+180,+175,+198,-310,-230,-240,-250,-250,-225,-220
Wed Mar 13 2024,Golden State Warriors,99,Dallas Mavericks,109,+300,+280,+290,+280,+228,+295,+275,+240,+290,-375,-360,-360,-350,-285,-375,-345
Wed Mar 13 2024,Atlanta Hawks,102,Portland Trail Blazers,106,-120,-185,-180,-190,-190,-192,-182,-170,-180,+102,+155,+152,+155,+158,+160,+150
Wed Mar 13 2024,Los Angeles Lakers,107,Sacramento Kings,120,+114,-135,-136,-135,-135,-130,-134,-125,-136,-134,+115,+116,+110,+115,+110,+112
Thu Mar 14 2024,Phoenix Suns,112,Boston Celtics,127,+168,+185,+188,+195,+192,+190,+190,+175,+188,-200,-225,-225,-250,-235,-230,-235
Thu Mar 14 2024,Los Angeles Clippers,126,Chicago Bulls,111,-200,-250,-250,-250,-240,-238,-230,-250,-250,+168,+205,+205,+195,+196,+195,+190
Thu Mar 14 2024,Washington Wizards,119,Houston Rockets,135,+300,+320,+300,+340,+335,+330,+295,+300,+300,-375,-400,-375,-450,-440,-425,-375
Thu Mar 14 2024,Philadelphia 76ers,105,Milwaukee Bucks,114,+360,+240,+240,+225,+240,+235,+240,+225,+240,-460,-300,-295,-275,-305,-290,-295
Thu Mar 14 2024,Dallas Mavericks,119,Oklahoma City Thunder,126,+235,+350,+340,+350,+360,+340,+340,+375,+340,-290,-450,-430,-450,-480,-440,-435
Thu Mar 14 2024,New York Knicks,105,Portland Trail Blazers,93,-330,-750,-650,-700,-800,-675,-715,-750,-650,+265,+525,+480,+500,+550,+490,+510
Fri Mar 15 2024,Phoenix Suns,107,Charlotte Hornets,96,-450,-550,-550,-600,-480,-550,-500,-500,-550,+350,+400,+410,+425,+360,+410,+375
Fri Mar 15 2024,Miami Heat,108,Detroit Pistons,95,+198,-340,-335,-350,-355,-325,-335,-325,-335,-240,+270,+270,+260,+278,+260,+250
Fri Mar 15 2024,Orlando Magic,113,Toronto Raptors,103,-230,-320,-320,-300,-355,-298,-335,-325,-320,+190,+260,+250,+240,+278,+240,+270
Fri Mar 15 2024,Los Angeles Clippers,104,New Orleans Pelicans,112,+176,+210,+215,+200,+210,+210,+225,+200,+215,-210,-260,-260,-250,-260,-258,-278
Fri Mar 15 2024,Denver Nuggets,117,San Antonio Spurs,106,-550,-500,-500,-550,-600,-535,-500,-500,-500,+410,+375,+385,+400,+430,+400,+375
Fri Mar 15 2024,Atlanta Hawks,122,Utah Jazz,124,+146,-120,-112,-120,-120,-118,-118,-115,-112,-174,even,-104,even,even,-102,even
Sat Mar 16 2024,Cleveland Cavaliers,103,Houston Rockets,117,-255,-200,-205,-200,-195,-198,-190,-190,-205,+210,+165,+172,+165,+162,+164,+155
Sat Mar 16 2024,Brooklyn Nets,100,Indiana Pacers,121,+245,+260,+250,+260,+320,+250,+265,+240,+250,-300,-320,-310,-350,-420,-310,-335
Sat Mar 16 2024,Portland Trail Blazers,107,New Orleans Pelicans,126,+830,+625,+570,+550,+650,+575,+600,+500,+570,-1400,-950,-820,-800,-1000,-850,-910
Sat Mar 16 2024,Charlotte Hornets,98,Philadelphia 76ers,109,+350,+375,+370,+375,+400,+380,+360,+350,+370,-450,-500,-480,-500,-550,-500,-480
Sat Mar 16 2024,Washington Wizards,98,Chicago Bulls,127,+440,+325,+340,+333,+345,+340,+325,+260,+340,-590,-425,-430,-450,-455,-440,-420
Sat Mar 16 2024,Oklahoma City Thunder,118,Memphis Grizzlies,112,-430,-525,-510,-550,-600,-485,-435,-500,-510,+340,+390,+390,+400,+430,+370,+335
Sat Mar 16 2024,Golden State Warriors,128,Los Angeles Lakers,121,+130,+110,+108,+105,+105,even,+105,even,+108,-154,-130,-126,-130,-125,-120,-125
Sat Mar 16 2024,Minnesota Timberwolves,119,Utah Jazz,100,-330,-320,-295,-300,-320,-298,-305,-275,-295,+265,+260,+240,+240,+250,+240,+240
Sat Mar 16 2024,New York Knicks,98,Sacramento Kings,91,+118,+130,+124,+125,+122,+120,+133,+120,+124,-138,-155,-146,-150,-145,-142,-157
Sun Mar 17 2024,Phoenix Suns,129,Milwaukee Bucks,140,+144,-150,-142,-145,-145,-135,-134,-135,-142,-172,+125,+120,+120,+122,+114,+114
Sun Mar 17 2024,Miami Heat,104,Detroit Pistons,101,-320,-220,-215,-225,-225,-218,-210,-225,-215,+260,+180,+180,+180,+185,+180,+175
Sun Mar 17 2024,Denver Nuggets,105,Dallas Mavericks,107,-134,-115,-116,-105,-165,-115,-121,-120,-116,+116,-105,-102,-115,+140,-105,+102
Sun Mar 17 2024,Toronto Raptors,96,Orlando Magic,111,+460,+475,+440,+450,+460,+470,+450,+450,+440,-620,-650,-590,-650,-650,-650,-625
Sun Mar 17 2024,Boston Celtics,130,Washington Wizards,104,-1800,-1200,-1200,-1400,-1000,-1350,-1115,-1300,-1200,+980,+750,+750,+800,+650,+800,+700
Sun Mar 17 2024,Brooklyn Nets,115,San Antonio Spurs,122,-112,+110,+108,+105,+105,+105,+108,even,+108,-104,-130,-126,-130,-125,-125,-129
Sun Mar 17 2024,Atlanta Hawks,110,Los Angeles Clippers,93,+385,+350,+370,+360,+400,+350,+350,+350,+370,-500,-450,-480,-500,-550,-455,-455
Mon Mar 18 2024,Cleveland Cavaliers,108,Indiana Pacers,103,N/A,+210,+210,+220,+200,+205,+205,+200,+210,N/A,-260,-255,-275,-240,-250,-250
Mon Mar 18 2024,Detroit Pistons,94,Boston Celtics,119,N/A,+800,+870,+875,+850,+800,+750,+700,+870,N/A,-1300,-1500,-1600,-1500,-1350,-1250
Mon Mar 18 2024,Miami Heat,91,Philadelphia 76ers,98,N/A,+125,+128,+125,+125,+124,+123,+125,+128,N/A,-150,-152,-150,-150,-148,-148
Mon Mar 18 2024,Portland Trail Blazers,107,Chicago Bulls,110,N/A,+290,+280,+290,+280,+285,+265,+260,+280,N/A,-370,-350,-375,-350,-360,-335
Mon Mar 18 2024,Minnesota Timberwolves,114,Utah Jazz,104,N/A,-170,-180,-185,-180,-180,-200,-170,-180,N/A,+145,+152,+150,+150,+150,+165
Mon Mar 18 2024,New York Knicks,119,Golden State Warriors,112,N/A,+200,+215,+200,+195,+200,+215,+190,+215,N/A,-245,-260,-250,-240,-245,-265
Mon Mar 18 2024,Memphis Grizzlies,111,Sacramento Kings,121,N/A,+475,+480,+475,+410,+455,+440,+400,+480,N/A,-650,-650,-650,-550,-625,-590
Mon Mar 18 2024,Atlanta Hawks,105,Los Angeles Lakers,136,N/A,+350,+350,+350,+360,+340,+310,+325,+350,N/A,-450,-450,-450,-475,-440,-400
Tue Mar 19 2024,Charlotte Hornets,92,Orlando Magic,112,+570,+575,+610,+575,+575,+600,+500,+610,-820,-850,-900,-900,-850,-910,-750,-900
Tue Mar 19 2024,Houston Rockets,137,Washington Wizards,114,-190,-525,-500,-500,-500,-455,-550,-500,+160,+390,+385,+375,+380,+350,+375,+385
Tue Mar 19 2024,New Orleans Pelicans,104,Brooklyn Nets,91,-250,-275,-270,-275,-285,-286,-275,-270,+205,+225,+220,+220,+230,+230,+210,+220
Tue Mar 19 2024,Dallas Mavericks,113,San Antonio Spurs,107,-340,-400,-390,-400,-380,-360,-350,-390,+275,+320,+310,+310,+300,+285,+260,+310
Tue Mar 19 2024,Denver Nuggets,115,Minnesota Timberwolves,112,-120,-310,-320,-350,-310,-335,-300,-320,+102,+250,+260,+260,+250,+265,+225,+260
Wed Mar 20 2024,Miami Heat,107,Cleveland Cavaliers,104,+116,+125,+124,+115,+124,+128,+115,+124,-136,-150,-146,-140,-148,-155,-135,-146
Wed Mar 20 2024,Indiana Pacers,122,Detroit Pistons,103,-370,-600,-560,-500,-600,-530,-550,-560,+295,+450,+420,+375,+440,+400,+375,+420
Wed Mar 20 2024,Milwaukee Bucks,119,Boston Celtics,122,+190,+400,+385,+300,+400,+400,+325,+385,-230,-550,-500,-375,-535,-530,-450,-500
Wed Mar 20 2024,Sacramento Kings,123,Toronto Raptors,89,-340,-600,-700,-600,-600,-590,-550,-700,+275,+450,+500,+425,+440,+440,+375,+500
Wed Mar 20 2024,Utah Jazz,107,Oklahoma City Thunder,119,+610,+850,+870,+850,+800,+750,+700,+870,-900,-1400,-1500,-1600,-1350,-1250,-1400,-1500
Wed Mar 20 2024,Memphis Grizzlies,116,Golden State Warriors,137,+410,+450,+460,+450,+440,+420,+425,+460,-550,-600,-620,-650,-600,-560,-650,-620
Wed Mar 20 2024,Philadelphia 76ers,102,Phoenix Suns,115,+300,+325,+320,+340,+320,+295,+300,+320,-375,-425,-405,-450,-410,-375,-400,-405
Wed Mar 20 2024,Los Angeles Clippers,116,Portland Trail Blazers,103,-750,-700,-720,-700,-650,-670,-650,-720,+530,+500,+520,+500,+470,+480,+425,+520
Thu Mar 21 2024,New Orleans Pelicans,106,Orlando Magic,121,N/A,-140,-138,-145,-140,-142,-141,-135,-138,N/A,+120,+118,+120,+120,+120,+120
Thu Mar 21 2024,Sacramento Kings,102,Washington Wizards,109,N/A,-600,-600,-650,-625,-625,-560,-550,-600,N/A,+450,+440,+450,+450,+455,+420
Thu Mar 21 2024,Chicago Bulls,117,Houston Rockets,127,+124,+135,+134,+135,+135,+130,+140,+125,+134,-146,-160,-158,-160,-160,-155,-167
Thu Mar 21 2024,Brooklyn Nets,108,Milwaukee Bucks,115,N/A,+390,+385,+400,+340,+380,+380,+325,+385,N/A,-525,-500,-550,-450,-500,-500
Thu Mar 21 2024,Utah Jazz,97,Dallas Mavericks,113,N/A,+700,+730,+725,+650,+675,+700,+600,+730,N/A,-1100,-1150,-1200,-1200,-1050,-1115
Thu Mar 21 2024,New York Knicks,100,Denver Nuggets,113,N/A,+310,+300,+290,+290,+295,+290,+300,+300,N/A,-390,-375,-375,-375,-375,-375
Thu Mar 21 2024,Atlanta Hawks,115,Phoenix Suns,128,N/A,+320,+330,+333,+320,+330,+340,+300,+330,N/A,-400,-420,-450,-430,-425,-435
Fri Mar 22 2024,Boston Celtics,129,Detroit Pistons,102,-1150,-1000,-1000,-1000,-950,-1115,-900,-1000,+730,+650,+660,+625,+625,+700,+550,+660
Fri Mar 22 2024,Oklahoma City Thunder,123,Toronto Raptors,103,-1200,-1600,-1600,-1600,-1600,-1667,-1400,-1600,+750,+900,+900,+900,+900,+950,+700,+900
Fri Mar 22 2024,New Orleans Pelicans,111,Miami Heat,88,-100,+125,+120,+120,+120,+128,+110,+120,-118,-150,-142,-145,-142,-152,-135,-142
Fri Mar 22 2024,Cleveland Cavaliers,91,Minnesota Timberwolves,104,+156,+240,+245,+230,+235,+235,+225,+245,-186,-300,-300,-300,-290,-286,-300,-300
Fri Mar 22 2024,Memphis Grizzlies,99,San Antonio Spurs,97,+166,+210,+215,+200,+205,+225,+200,+215,-198,-260,-260,-250,-250,-278,-260,-260
Fri Mar 22 2024,Indiana Pacers,123,Golden State Warriors,111,+138,+160,+166,+165,+160,+155,+150,+166,-164,-190,-198,-200,-192,-186,-180,-198
Fri Mar 22 2024,Los Angeles Clippers,125,Portland Trail Blazers,117,-950,-1300,-1500,-1100,-1350,-1250,-1000,-1500,+640,+800,+870,+675,+800,+750,+600,+870
Fri Mar 22 2024,Philadelphia 76ers,94,Los Angeles Lakers,101,+300,+260,+250,+260,+245,+245,+240,+250,-375,-320,-310,-350,-305,-305,-325,-310
Sat Mar 23 2024,Brooklyn Nets,93,New York Knicks,105,+235,+240,+245,+230,+230,+245,+225,+245,-290,-300,-300,-300,-285,-305,-300,-300
Sat Mar 23 2024,Sacramento Kings,109,Orlando Magic,107,+124,+120,+122,+120,+120,+128,+115,+122,-146,-140,-144,-145,-142,-159,-135,-144
Sat Mar 23 2024,Charlotte Hornets,91,Atlanta Hawks,132,+370,+235,+245,+280,+235,+260,+225,+245,-480,-290,-300,-350,-290,-335,-300,-300
Sat Mar 23 2024,Boston Celtics,124,Chicago Bulls,113,-350,-200,-200,-210,-198,-240,-190,-200,+280,+165,+168,+170,+164,+195,+155,+168
Sat Mar 23 2024,Utah Jazz,119,Houston Rockets,147,+240,+400,+410,+450,+390,+380,+350,+410,-295,-550,-550,-650,-520,-500,-500,-550
Sat Mar 23 2024,Phoenix Suns,131,San Antonio Spurs,106,-430,-500,-450,-550,-440,-480,-450,-450,+340,+375,+350,+400,+340,+370,+325,+350
Sat Mar 23 2024,Toronto Raptors,109,Washington Wizards,112,+190,+185,+190,+180,+190,+185,+180,+190,-230,-225,-230,-225,-230,-225,-240,-230
Sat Mar 23 2024,Denver Nuggets,114,Portland Trail Blazers,111,-1350,-525,-520,-550,-535,-530,-450,-520,+810,+390,+400,+400,+400,+400,+325,+400
Sun Mar 24 2024,New Orleans Pelicans,114,Detroit Pistons,101,-590,-1400,-1400,-700,-1350,-1115,-1400,-1400,+430,+850,+830,+500,+800,+700,+700,+830
Sun Mar 24 2024,Philadelphia 76ers,121,Los Angeles Clippers,107,+370,+300,+320,+360,+310,+325,+260,+320,-480,-380,-405,-500,-395,-420,-350,-405
Sun Mar 24 2024,Cleveland Cavaliers,84,Miami Heat,121,+158,+135,+136,+135,+136,+140,+135,+136,-190,-160,-162,-165,-162,-167,-165,-162
Sun Mar 24 2024,Oklahoma City Thunder,93,Milwaukee Bucks,118,+112,+115,+116,+125,+120,+120,+110,+116,-132,-135,-136,-150,-142,-141,-135,-136
Sun Mar 24 2024,Golden State Warriors,110,Minnesota Timberwolves,114,+158,+110,+118,+105,+114,+118,even,+118,-188,-130,-138,-130,-135,-139,-120,-138
Sun Mar 24 2024,Indiana Pacers,145,Los Angeles Lakers,150,-166,+120,+132,+115,+114,+118,+105,+132,+140,-140,-156,-140,-135,-139,-125,-156
Mon Mar 25 2024,Charlotte Hornets,92,Cleveland Cavaliers,115,+500,+450,+420,+450,+400,+425,+480,+375,+420,-700,-600,-560,-650,-550,-575,-670
Mon Mar 25 2024,Boston Celtics,118,Atlanta Hawks,120,-620,-550,-560,-600,-525,-535,-625,-500,-560,+460,+400,+420,+425,+400,+400,+460
Mon Mar 25 2024,Detroit Pistons,99,New York Knicks,124,+1100,+950,+1040,+950,+1000,+1000,+1050,+700,+1040,-2200,-1700,-2000,-2000,-2000,-1800,-2000
Mon Mar 25 2024,Brooklyn Nets,96,Toronto Raptors,88,-235,-245,-250,-250,-240,-230,-250,-260,-250,+194,+200,+205,+200,+195,+190,+205
Mon Mar 25 2024,Washington Wizards,107,Chicago Bulls,105,+360,+550,+570,+550,+550,+550,+540,+450,+570,-460,-800,-820,-800,-800,-800,-770
Mon Mar 25 2024,Portland Trail Blazers,92,Houston Rockets,110,+420,+650,+660,+675,+750,+675,+700,+600,+660,-560,-1000,-1000,-1100,-1400,-1050,-1250
Mon Mar 25 2024,Phoenix Suns,102,San Antonio Spurs,104,-590,-700,-670,-700,-800,-675,-625,-750,-670,+430,+500,+490,+500,+500,+490,+460
Mon Mar 25 2024,Memphis Grizzlies,103,Denver Nuggets,128,+1200,+575,+610,+575,+750,+575,+540,+500,+610,-2500,-850,-900,-900,-1200,-850,-835
Mon Mar 25 2024,Dallas Mavericks,115,Utah Jazz,105,-335,-340,-340,-350,-315,-340,-295,-350,-340,+270,+270,+275,+260,+250,+270,+240
Mon Mar 25 2024,Philadelphia 76ers,96,Sacramento Kings,108,+315,+240,+250,+240,+240,+230,+245,+225,+250,-400,-300,-310,-300,-290,-285,-305
Mon Mar 25 2024,Indiana Pacers,133,Los Angeles Clippers,116,+225,+195,+198,+195,+185,+195,+200,+190,+198,-275,-240,-240,-250,-225,-238,-245
Tue Mar 26 2024,Golden State Warriors,113,Miami Heat,92,-118,-205,-205,-200,-205,-205,-215,-240,-205,-100,+170,+172,+165,+170,+170,+170
Tue Mar 26 2024,Los Angeles Lakers,128,Milwaukee Bucks,124,+180,+325,+340,+340,+320,+320,+330,+300,+340,-215,-425,-430,-450,-425,-410,-420
Tue Mar 26 2024,Oklahoma City Thunder,119,New Orleans Pelicans,112,-112,-115,-118,-115,-110,-115,-113,-115,-118,-104,-105,-100,-105,-110,-105,-105
Tue Mar 26 2024,Dallas Mavericks,132,Sacramento Kings,96,+110,-105,-102,-105,-110,-105,-106,-105,-102,-130,-115,-116,-115,-110,-115,-113
Wed Mar 27 2024,Cleveland Cavaliers,111,Charlotte Hornets,118,-450,-450,-430,-450,-450,-470,-480,-450,-430,+350,+350,+340,+340,+340,+360,+370
Wed Mar 27 2024,Golden State Warriors,101,Orlando Magic,93,+146,+155,+142,+145,+135,+142,+143,+140,+142,-174,-185,-168,-175,-160,-170,-175
Wed Mar 27 2024,Brooklyn Nets,122,Washington Wizards,119,-138,-170,-176,-165,-165,-166,-162,-170,-176,+118,+145,+148,+140,+140,+140,+135
Wed Mar 27 2024,Portland Trail Blazers,106,Atlanta Hawks,120,+610,+475,+500,+475,+450,+470,+500,+425,+500,-900,-650,-700,-650,-650,-650,-715
Wed Mar 27 2024,Los Angeles Clippers,108,Philadelphia 76ers,107,-230,-270,-260,-275,-250,-290,-245,-260,-260,+190,+220,+215,+220,+210,+235,+200
Wed Mar 27 2024,New York Knicks,145,Toronto Raptors,101,-420,-950,-1100,-1100,-1200,-1050,-1000,-1000,-1100,+330,+625,+700,+675,+700,+675,+650
Wed Mar 27 2024,Indiana Pacers,99,Chicago Bulls,125,-138,-165,-154,-160,-155,-155,-139,-155,-154,+118,+140,+130,+135,+130,+130,+118
Wed Mar 27 2024,Los Angeles Lakers,136,Memphis Grizzlies,124,-215,-185,-205,-190,-180,-180,-215,-200,-205,+180,+155,+158,+155,+150,+150,+170
Wed Mar 27 2024,Detroit Pistons,91,Minnesota Timberwolves,106,+1100,+1000,+1040,+1000,+800,+1000,+850,+700,+1040,-2200,-2000,-2000,-2000,-1400,-1800,-1430
Wed Mar 27 2024,Houston Rockets,132,Oklahoma City Thunder,126,+235,+160,+166,+155,+160,+160,+163,+160,+166,-290,-190,-198,-190,-190,-192,-195
Wed Mar 27 2024,San Antonio Spurs,118,Utah Jazz,111,-116,+155,+142,+145,+145,+142,+145,+135,+142,-102,-185,-168,-175,-175,-170,-177
Wed Mar 27 2024,Phoenix Suns,104,Denver Nuggets,97,+172,+180,+180,+180,+180,+185,+190,+175,+180,-205,-220,-215,-225,-220,-225,-235
Thu Mar 28 2024,Boston Celtics,122,Atlanta Hawks,123,-850,-1100,-1200,-1100,-1300,-1100,-1430,-1300,-1200,+590,+700,+750,+700,+800,+700,+800
Thu Mar 28 2024,Milwaukee Bucks,100,New Orleans Pelicans,107,-122,-125,-138,-135,-135,-135,-134,-125,-138,+104,+105,+118,+110,+115,+114,+112
Fri Mar 29 2024,Golden State Warriors,115,Charlotte Hornets,97,+500,-850,-770,-800,-700,-750,-715,-700,-770,-700,+575,+540,+550,+500,+525,+500
Fri Mar 29 2024,Los Angeles Lakers,90,Indiana Pacers,109,+110,+135,+128,+135,+140,+130,+130,+130,+128,-130,-160,-152,-160,-170,-155,-155
Fri Mar 29 2024,Los Angeles Clippers,100,Orlando Magic,97,-104,-125,-124,-125,-125,-125,-127,-125,-124,-112,+105,+106,+105,+105,+105,+102
Fri Mar 29 2024,Detroit Pistons,96,Washington Wizards,87,+116,+125,+130,+125,+140,+130,+138,+130,+130,-136,-150,-154,-155,-165,-155,-165
Fri Mar 29 2024,Chicago Bulls,108,Brooklyn Nets,125,-156,-150,-154,-150,-145,-148,-157,-150,-154,+132,+125,+120,+125,+125,+124,+130
Fri Mar 29 2024,Philadelphia 76ers,114,Cleveland Cavaliers,117,+265,+210,+220,+200,+230,+210,+220,+225,+220,-330,-260,-270,-250,-280,-258,-275
Fri Mar 29 2024,Portland Trail Blazers,82,Miami Heat,142,+980,+750,+700,+725,+700,+750,+750,+600,+700,-1600,-1200,-1100,-1200,-1200,-1200,-1250
Fri Mar 29 2024,Phoenix Suns,103,Oklahoma City Thunder,128,+136,-125,-138,-130,-125,-125,-134,-120,-138,-162,+105,+118,+105,+105,+105,+114
Fri Mar 29 2024,New York Knicks,126,San Antonio Spurs,130,-510,-370,-370,-350,-300,-340,-375,-325,-370,+390,+290,+295,+280,+250,+270,+275
Fri Mar 29 2024,Minnesota Timberwolves,111,Denver Nuggets,98,+205,+125,+126,+125,+125,+124,+128,+115,+126,-250,-150,-148,-150,-145,-148,-152
Fri Mar 29 2024,Houston Rockets,101,Utah Jazz,100,-180,-350,-330,-350,-350,-325,-315,-350,-330,+152,+275,+265,+260,+280,+260,+255
Fri Mar 29 2024,Dallas Mavericks,107,Sacramento Kings,103,-112,-115,-118,-120,-115,-120,-110,-115,-118,-104,-105,-100,even,-105,even,-107
Sat Mar 30 2024,Boston Celtics,104,New Orleans Pelicans,92,-190,-245,-230,-250,-230,-230,-240,-240,-230,+160,+200,+190,+190,+190,+190,+195
Sat Mar 30 2024,Memphis Grizzlies,88,Orlando Magic,118,+540,+600,+570,+575,+600,+550,+550,+550,+570,-770,-900,-820,-900,-900,-800,-835
Sat Mar 30 2024,Milwaukee Bucks,122,Atlanta Hawks,113,-215,-205,-200,-200,-200,-198,-200,-200,-200,+180,+170,+168,+165,+165,+164,+165
Sun Mar 31 2024,Cleveland Cavaliers,101,Denver Nuggets,130,+240,+155,+158,+155,+150,+154,+150,+155,+158,-295,-185,-188,-190,-175,-185,-190
Sun Mar 31 2024,Los Angeles Lakers,116,Brooklyn Nets,104,-290,-270,-260,-275,-250,-270,-265,-260,-260,+235,+220,+215,+220,+205,+220,+210
Sun Mar 31 2024,Los Angeles Clippers,130,Charlotte Hornets,118,-1800,-1200,-1150,-1200,-1600,-1100,-1115,-1400,-1150,+980,+750,+730,+725,+800,+700,+700
Sun Mar 31 2024,Philadelphia 76ers,135,Toronto Raptors,120,-700,-425,-405,-450,-425,-395,-435,-350,-405,+500,+325,+320,+333,+320,+310,+340
Sun Mar 31 2024,Miami Heat,119,Washington Wizards,107,-750,-700,-720,-650,-900,-675,-625,-750,-720,+530,+500,+520,+475,+550,+490,+460
Sun Mar 31 2024,Dallas Mavericks,125,Houston Rockets,107,-120,-165,-172,-175,-155,-170,-159,-165,-172,+102,+140,+144,+145,+130,+142,+128
Sun Mar 31 2024,Chicago Bulls,109,Minnesota Timberwolves,101,+290,+300,+300,+300,+290,+300,+295,+260,+300,-360,-380,-375,-400,-375,-380,-400
Sun Mar 31 2024,Oklahoma City Thunder,113,New York Knicks,112,-116,-120,-126,-135,-120,-122,-136,-120,-126,-102,even,+108,+110,even,+102,+114
Sun Mar 31 2024,Golden State Warriors,117,San Antonio Spurs,113,-420,-550,-520,-550,-500,-520,-480,-450,-520,+330,+400,+400,+400,+360,+390,+370
Sun Mar 31 2024,Utah Jazz,106,Sacramento Kings,127,+500,+625,+640,+650,+550,+625,+540,+500,+640,-700,-950,-950,-1100,-900,-950,-770
Mon Apr 1 2024,Boston Celtics,118,Charlotte Hornets,104,-2200,-2200,-2500,-2500,-2000,-2100,-2000,-1600,-2500,+1100,+1100,+1200,+1100,+1050,+1100,+1000
Mon Apr 1 2024,Memphis Grizzlies,110,Detroit Pistons,108,-102,+120,+124,+120,+120,+114,+123,+110,+124,-116,-140,-146,-145,-140,-135,-148
Mon Apr 1 2024,Brooklyn Nets,111,Indiana Pacers,133,+350,+525,+500,+525,+500,+525,+510,+450,+500,-450,-750,-700,-750,-800,-750,-715
Mon Apr 1 2024,Portland Trail Blazers,103,Orlando Magic,104,+900,+1100,+1100,+1000,+900,+1100,+1050,+800,+1100,-1600,-2200,-2200,-2000,-1800,-2100,-2000
Mon Apr 1 2024,Atlanta Hawks,113,Chicago Bulls,101,+116,+110,+114,+105,+110,+110,+112,+110,+114,-134,-130,-134,-130,-130,-130,-132
Mon Apr 1 2024,Phoenix Suns,124,New Orleans Pelicans,111,-104,-105,-104,-115,even,+102,+102,-105,-104,-112,-115,-112,-105,-120,-122,-127
Tue Apr 2 2024,Los Angeles Lakers,128,Toronto Raptors,111,-800,-1000,-1150,-1100,-1050,-1000,-910,-750,-1150,+560,+650,+730,+650,+650,+650,+600
Tue Apr 2 2024,Milwaukee Bucks,113,Washington Wizards,117,-1150,-950,-900,-1000,-1000,-950,-835,-700,-900,+730,+625,+610,+625,+650,+625,+525
Tue Apr 2 2024,New York Knicks,99,Miami Heat,109,+122,+115,+116,+120,+120,+114,+118,+115,+116,-144,-135,-136,-145,-140,-135,-139
Tue Apr 2 2024,Oklahoma City Thunder,105,Philadelphia 76ers,109,-220,+125,+130,+125,+125,+124,+120,+125,+130,+184,-150,-154,-150,-150,-148,-148
Tue Apr 2 2024,Houston Rockets,106,Minnesota Timberwolves,113,+275,+240,+240,+230,+240,+230,+245,+225,+240,-340,-300,-295,-300,-290,-285,-305
Tue Apr 2 2024,San Antonio Spurs,105,Denver Nuggets,110,+1100,+900,+870,+825,+800,+850,+750,+700,+870,-2200,-1600,-1500,-1400,-1500,-1450,-1250
Tue Apr 2 2024,Cleveland Cavaliers,129,Utah Jazz,113,-650,-500,-480,-500,-480,-470,-375,-400,-480,+480,+375,+370,+360,+370,+360,+295
Tue Apr 2 2024,Dallas Mavericks,100,Golden State Warriors,104,+104,-120,-112,-105,-115,-110,-115,-105,-112,-122,even,-104,-115,-105,-110,-104
Tue Apr 2 2024,Los Angeles Clippers,95,Sacramento Kings,109,-118,+125,+116,+120,+125,+120,+123,+115,+116,-100,-150,-136,-145,-150,-142,-148
Wed Apr 3 2024,Portland Trail Blazers,89,Charlotte Hornets,86,-104,+105,+104,+105,even,+110,+104,even,+104,-112,-125,-122,-125,-120,-130,-129
Wed Apr 3 2024,Los Angeles Lakers,125,Washington Wizards,120,-820,-800,-900,-800,-800,-850,-835,-700,-900,+570,+550,+610,+550,+500,+575,+575
Wed Apr 3 2024,Detroit Pistons,113,Atlanta Hawks,121,+660,+525,+530,+500,+475,+490,+510,+450,+530,-1000,-750,-750,-700,-700,-675,-715
Wed Apr 3 2024,Oklahoma City Thunder,100,Boston Celtics,135,+295,+500,+570,+525,+500,+500,+510,+450,+570,-370,-700,-800,-750,-700,-700,-770
Wed Apr 3 2024,Indiana Pacers,111,Brooklyn Nets,115,-300,-280,-275,-275,-250,-258,-275,-260,-275,+245,+230,+225,+220,+210,+210,+220
Wed Apr 3 2024,Memphis Grizzlies,111,Milwaukee Bucks,101,+660,+575,+610,+575,+600,+575,+550,+525,+610,-1000,-850,-900,-900,-900,-850,-770
Wed Apr 3 2024,Toronto Raptors,85,Minnesota Timberwolves,133,+980,+1100,+1300,+1050,+1000,+1100,+1000,+800,+1300,-1800,-2200,-3000,-2500,-1800,-2100,-2000
Wed Apr 3 2024,Orlando Magic,117,New Orleans Pelicans,108,+144,+165,+172,+165,+160,+160,+155,+160,+172,-172,-200,-205,-200,-190,-192,-186
Wed Apr 3 2024,Cleveland Cavaliers,101,Phoenix Suns,122,+205,+195,+205,+200,+205,+195,+185,+190,+205,-250,-240,-250,-250,-250,-238,-225
Thu Apr 4 2024,Atlanta Hawks,95,Dallas Mavericks,109,+430,+525,+500,+500,+450,+490,+510,+425,+500,-590,-750,-700,-700,-650,-675,-715
Thu Apr 4 2024,Philadelphia 76ers,109,Miami Heat,105,+120,+125,+132,+125,+130,+130,+125,+125,+132,-142,-150,-154,-150,-155,-155,-150
Thu Apr 4 2024,Sacramento Kings,109,New York Knicks,120,+136,+140,+152,+140,+135,+140,+145,+130,+152,-162,-165,-180,-165,-160,-166,-175
Thu Apr 4 2024,Golden State Warriors,133,Houston Rockets,110,-156,-155,-158,-160,-155,-155,-157,-150,-158,+132,+130,+134,+135,+130,+130,+125
Thu Apr 4 2024,Denver Nuggets,100,Los Angeles Clippers,102,-120,-150,-154,-155,-150,-155,-155,-150,-154,+102,+125,+130,+125,+130,+130,+130
Fri Apr 5 2024,Orlando Magic,115,Charlotte Hornets,124,-820,-750,-820,-750,-725,-700,-625,-650,-820,+570,+525,+570,+525,+500,+500,+430
Fri Apr 5 2024,Oklahoma City Thunder,112,Indiana Pacers,126,+150,+190,+210,+195,+195,+190,+185,+180,+210,-178,-230,-255,-250,-240,-230,-225
Fri Apr 5 2024,Portland Trail Blazers,108,Washington Wizards,102,+118,+120,+124,+120,+120,+120,+117,+115,+124,-138,-140,-146,-145,-140,-142,-137
Fri Apr 5 2024,Sacramento Kings,100,Boston Celtics,101,+315,+320,+320,+310,+315,+320,+330,+260,+320,-400,-400,-405,-400,-400,-410,-420
Fri Apr 5 2024,New York Knicks,100,Chicago Bulls,108,-104,-125,-124,-120,-125,-120,-124,-120,-124,-112,+105,+106,even,+105,even,even
Fri Apr 5 2024,Miami Heat,119,Houston Rockets,104,-104,-155,-158,-160,-165,-162,-157,-165,-158,-112,+130,+134,+135,+140,+136,+133
Fri Apr 5 2024,Detroit Pistons,90,Memphis Grizzlies,108,-116,-115,-112,-110,-115,-110,-104,-120,-112,-102,-105,-104,-110,-105,-110,-115
Fri Apr 5 2024,Toronto Raptors,117,Milwaukee Bucks,111,+1100,+750,+660,+725,+700,+700,+650,+650,+660,-2200,-1200,-1000,-1200,-1100,-1100,-1000
Fri Apr 5 2024,San Antonio Spurs,111,New Orleans Pelicans,109,+420,+475,+480,+475,+425,+455,+440,+400,+480,-560,-650,-650,-650,-600,-625,-590
Fri Apr 5 2024,Golden State Warriors,106,Dallas Mavericks,108,+176,-110,-112,-115,-110,-112,-109,-110,-112,-210,-110,-104,-105,-110,-108,-108
Fri Apr 5 2024,Minnesota Timberwolves,87,Phoenix Suns,97,+126,+160,+168,+165,+155,+160,+150,+155,+168,-148,-190,-200,-200,-185,-192,-182
Fri Apr 5 2024,Utah Jazz,102,Los Angeles Clippers,131,+660,+550,+570,+550,+550,+550,+540,+525,+570,-1000,-800,-820,-800,-800,-800,-770
Sat Apr 6 2024,Cleveland Cavaliers,97,Los Angeles Lakers,116,+160,+175,+172,+165,+165,+164,+165,+160,+172,-190,-210,-205,-200,-190,-198,-200
Sat Apr 6 2024,Detroit Pistons,103,Brooklyn Nets,113,+360,+390,+360,+375,+370,+370,+380,+325,+360,-460,-525,-460,-500,-480,-485,-500
Sat Apr 6 2024,Philadelphia 76ers,116,Memphis Grizzlies,96,-800,-1300,-1150,-1400,-1100,-1100,-1115,-1300,-1150,+570,+800,+730,+800,+700,+700,+700
Sat Apr 6 2024,Atlanta Hawks,110,Denver Nuggets,142,+530,+450,+480,+450,+475,+455,+440,+425,+480,-720,-600,-650,-650,-650,-625,-590
Sun Apr 7 2024,Houston Rockets,136,Dallas Mavericks,147,+190,+320,+320,+310,+280,+310,+290,+260,+320,-230,-400,-405,-400,-350,-395,-375
Sun Apr 7 2024,Cleveland Cavaliers,118,Los Angeles Clippers,120,+164,+155,+152,+150,+140,+145,+145,+145,+152,-196,-185,-180,-185,-170,-175,-175
Sun Apr 7 2024,Miami Heat,115,Indiana Pacers,117,-102,+125,+122,+120,+120,+124,+120,+120,+122,-116,-150,-144,-145,-140,-148,-141
Sun Apr 7 2024,Portland Trail Blazers,107,Boston Celtics,124,+900,+900,+980,+950,+900,+900,+900,+700,+980,-1600,-1600,-1800,-2000,-1600,-1600,-1667
Sun Apr 7 2024,Oklahoma City Thunder,121,Charlotte Hornets,118,-390,-315,-300,-300,-280,-290,-295,-300,-300,+310,+255,+245,+240,+230,+235,+240
Sun Apr 7 2024,Chicago Bulls,98,Orlando Magic,113,+285,+230,+240,+225,+230,+225,+245,+200,+240,-355,-280,-295,-275,-280,-278,-305
Sun Apr 7 2024,New Orleans Pelicans,113,Phoenix Suns,105,+194,+185,+184,+185,+170,+180,+190,+170,+184,-235,-225,-220,-225,-200,-218,-235
Sun Apr 7 2024,Washington Wizards,122,Toronto Raptors,130,+160,+160,+166,+155,+150,+154,+175,+145,+166,-190,-190,-198,-190,-175,-185,-210
Sun Apr 7 2024,New York Knicks,122,Milwaukee Bucks,109,-104,+155,+154,+155,+145,+150,+143,+150,+154,-112,-185,-184,-190,-175,-180,-175
Sun Apr 7 2024,Philadelphia 76ers,133,San Antonio Spurs,126,-375,-155,-162,-160,-170,-175,-167,-165,-162,+300,+130,+136,+135,+140,+145,+140
Sun Apr 7 2024,Sacramento Kings,107,Brooklyn Nets,77,-270,-550,-520,-550,-550,-535,-530,-550,-520,+220,+400,+400,+400,+410,+400,+390
Sun Apr 7 2024,Utah Jazz,110,Golden State Warriors,118,+530,+550,+640,+525,+550,+550,+550,+500,+640,-750,-800,-950,-750,-900,-800,-910
Sun Apr 7 2024,Minnesota Timberwolves,127,Los Angeles Lakers,117,+140,-135,-132,-140,-135,-135,-130,-125,-132,-166,+115,+112,+115,+115,+114,+110
Tue Apr 9 2024,Dallas Mavericks,130,Charlotte Hornets,104,-450,-800,-1000,-800,-900,-800,-835,-750,-1000,+350,+550,+560,+550,+550,+550,+575
Tue Apr 9 2024,Detroit Pistons,102,Philadelphia 76ers,120,+830,+800,+810,+775,+900,+800,+750,+700,+810,-1400,-1300,-1350,-1400,-1600,-1350,-1250
Tue Apr 9 2024,Indiana Pacers,140,Toronto Raptors,123,-335,-1000,-1000,-1100,-1000,-1000,-910,-900,-1000,+270,+650,+660,+700,+600,+650,+600
Tue Apr 9 2024,Miami Heat,117,Atlanta Hawks,111,-136,-160,-156,-160,-175,-162,-162,-175,-156,+116,+135,+132,+135,+150,+136,+135
Tue Apr 9 2024,Boston Celtics,91,Milwaukee Bucks,104,-102,+140,+146,+145,+140,+142,+135,+135,+146,-116,-165,-174,-175,-165,-170,-165
Tue Apr 9 2024,New York Knicks,128,Chicago Bulls,117,-116,-190,-196,-190,-200,-198,-210,-190,-196,-102,+160,+164,+155,+170,+164,+165
Tue Apr 9 2024,Orlando Magic,106,Houston Rockets,118,-124,-140,-138,-140,-135,-130,-148,-135,-138,+106,+120,+118,+115,+115,+110,+125
Tue Apr 9 2024,San Antonio Spurs,102,Memphis Grizzlies,87,-134,-220,-220,-225,-220,-218,-230,-240,-220,+114,+180,+184,+185,+190,+180,+190
Tue Apr 9 2024,Washington Wizards,121,Minnesota Timberwolves,130,+1040,+1100,+1040,+1100,+1100,+1100,+1050,+850,+1040,-2000,-2200,-2000,-2500,-2500,-2100,-2000
Tue Apr 9 2024,Sacramento Kings,105,Oklahoma City Thunder,112,+118,+175,+180,+165,+165,+164,+165,+170,+180,-138,-210,-215,-200,-200,-198,-200
Tue Apr 9 2024,Denver Nuggets,111,Utah Jazz,95,-1000,-1600,-1800,-1600,-2000,-1800,-1250,-1600,-1800,+660,+900,+980,+900,+1000,+1000,+750
Tue Apr 9 2024,Golden State Warriors,134,Los Angeles Lakers,120,+118,-135,-130,-135,-135,-130,-130,-125,-130,-138,+115,+110,+110,+115,+110,+110
Tue Apr 9 2024,Los Angeles Clippers,105,Phoenix Suns,92,+118,+310,+310,+310,+300,+300,+285,+300,+310,-138,-390,-390,-400,-400,-380,-360
Tue Apr 9 2024,New Orleans Pelicans,110,Portland Trail Blazers,100,-480,-1000,-1100,-1100,-1000,-1000,-910,-900,-1100,+370,+650,+700,+675,+600,+650,+600
Wed Apr 10 2024,Memphis Grizzlies,98,Cleveland Cavaliers,110,+980,+1100,+1040,+1300,+1300,+1100,+1050,+1000,+1040,-1800,-2200,-2000,-3000,-3000,-2100,-3335
Wed Apr 10 2024,Charlotte Hornets,115,Atlanta Hawks,114,+610,+300,+310,+310,+280,+300,+350,+260,+310,-900,-380,-390,-400,-350,-380,-530
Wed Apr 10 2024,Toronto Raptors,102,Brooklyn Nets,106,+400,+475,+500,+475,+450,+470,+220,+425,+500,-520,-650,-700,-650,-650,-650,-295
Wed Apr 10 2024,Dallas Mavericks,111,Miami Heat,92,-116,-140,-144,-150,-145,-142,-2500,-135,-144,-102,+120,+122,+125,+120,+120,+800
Wed Apr 10 2024,Orlando Magic,99,Milwaukee Bucks,117,-102,-125,-130,-130,-125,-125,-124,-135,-130,-118,+105,+110,+105,+105,+105,+105
Wed Apr 10 2024,San Antonio Spurs,89,Oklahoma City Thunder,127,+750,+950,+1100,+1000,+900,+950,+1200,+800,+1100,-1200,-1700,-2200,-2000,-1800,-1650,-10000
Wed Apr 10 2024,Minnesota Timberwolves,107,Denver Nuggets,116,+205,+240,+260,+260,+230,+250,+240,+210,+260,-245,-300,-320,-350,-280,-310,-295
Wed Apr 10 2024,Phoenix Suns,124,Los Angeles Clippers,108,-130,-650,-620,-650,-550,-550,-560,-550,-620,+110,+475,+460,+475,+400,+410,+410
Thu Apr 11 2024,Chicago Bulls,127,Detroit Pistons,105,-450,-600,-590,-600,-450,-550,-590,-550,-590,+350,+450,+430,+425,+350,+410,+440
Thu Apr 11 2024,New York Knicks,118,Boston Celtics,109,-104,+130,+126,+125,-130,+130,+128,+120,+126,-112,-155,-148,-155,+110,-155,-152
Thu Apr 11 2024,Houston Rockets,121,Utah Jazz,124,-210,-550,-590,-600,-500,-520,-530,-550,-590,+176,+400,+440,+425,+360,+390,+400
Thu Apr 11 2024,Golden State Warriors,100,Portland Trail Blazers,92,-1200,-900,-900,-900,-1400,-850,-835,-750,-900,+750,+600,+610,+600,+750,+575,+575
Thu Apr 11 2024,New Orleans Pelicans,135,Sacramento Kings,123,-100,even,+106,even,-105,even,+102,even,+106,-118,-120,-124,-120,-115,-120,-121
Fri Apr 12 2024,Orlando Magic,113,Philadelphia 76ers,125,+220,+210,+205,+200,+210,+200,+190,+205,-270,-260,-250,-250,-258,-265,-250,-250
Fri Apr 12 2024,Chicago Bulls,129,Washington Wizards,127,-174,+105,+106,+105,+105,even,-105,+106,+146,-125,-124,-125,-125,-118,-115,-124
Fri Apr 12 2024,Charlotte Hornets,98,Boston Celtics,131,+500,+240,+250,+230,+245,+225,+240,+250,-700,-300,-310,-300,-305,-278,-325,-310
Fri Apr 12 2024,Indiana Pacers,120,Cleveland Cavaliers,129,+126,+125,+120,+125,+124,+123,+120,+120,-148,-150,-142,-150,-148,-148,-145,-142
Fri Apr 12 2024,Brooklyn Nets,107,New York Knicks,111,+430,+475,+490,+475,+470,+480,+400,+490,-590,-650,-670,-650,-650,-670,-600,-670
Fri Apr 12 2024,Los Angeles Lakers,123,Memphis Grizzlies,120,-850,-1300,-1500,-1400,-1200,-1430,-2000,-1500,+590,+800,+870,+800,+750,+850,+850,+870
Fri Apr 12 2024,Toronto Raptors,103,Miami Heat,125,+750,+650,+700,+675,+650,+700,+600,+700,-1200,-1000,-1100,-1100,-1000,-1115,-1000,-1100
Fri Apr 12 2024,Atlanta Hawks,106,Minnesota Timberwolves,109,+420,+500,+540,+525,+525,+510,+425,+540,-560,-700,-770,-750,-750,-715,-650,-770
Fri Apr 12 2024,Milwaukee Bucks,107,Oklahoma City Thunder,125,+280,+600,+640,+625,+600,+525,+550,+640,-350,-900,-950,-1000,-900,-770,-900,-950
Fri Apr 12 2024,Denver Nuggets,120,San Antonio Spurs,121,-590,-650,-620,-650,-700,-625,-600,-620,+430,+475,+460,+475,+500,+460,+400,+460
Fri Apr 12 2024,Detroit Pistons,107,Dallas Mavericks,89,+900,+450,+430,+450,+440,+510,+450,+430,-1600,-600,-590,-650,-600,-715,-700,-590
Fri Apr 12 2024,New Orleans Pelicans,114,Golden State Warriors,109,+124,+160,+150,+155,+160,+148,+140,+150,-146,-190,-178,-190,-192,-177,-170,-178
Fri Apr 12 2024,Houston Rockets,116,Portland Trail Blazers,107,-158,-240,-230,-250,-238,-240,-260,-230,+132,+195,+190,+190,+195,+195,+200,+190
Fri Apr 12 2024,Utah Jazz,110,Los Angeles Clippers,109,+810,+850,+830,+800,+850,+850,+650,+830,-1350,-1400,-1400,-1400,-1450,-1430,-1300,-1400
Fri Apr 12 2024,Phoenix Suns,108,Sacramento Kings,107,-138,-190,-200,-190,-185,-180,-175,-200,+118,+160,+168,+155,+154,+150,+145,+168
Sun Apr 14 2024,Washington Wizards,122,Boston Celtics,132,+385,+350,+350,+350,+350,+360,+300,+350,-500,-450,-450,-450,-455,-480,-400,-450
Sun Apr 14 2024,Charlotte Hornets,120,Cleveland Cavaliers,110,+1100,+650,+660,+650,+650,+650,+550,+660,-2200,-1000,-1000,-1000,-1000,-1000,-900,-1000
Sun Apr 14 2024,Atlanta Hawks,115,Indiana Pacers,157,+460,+625,+610,+625,+625,+650,+525,+610,-620,-950,-900,-1000,-950,-1000,-850,-900
Sun Apr 14 2024,Toronto Raptors,103,Miami Heat,118,+980,+950,+1040,+950,+950,+1050,+700,+1040,-1800,-1700,-2000,-2000,-1650,-2000,-1400,-2000
Sun Apr 14 2024,Chicago Bulls,119,New York Knicks,120,+980,+575,+640,+575,+625,+700,+550,+640,-1800,-850,-950,-900,-950,-1115,-900,-950
Sun Apr 14 2024,Milwaukee Bucks,88,Orlando Magic,113,+166,+185,+190,+190,+190,+180,+175,+190,-198,-225,-230,-250,-230,-220,-225,-230
Sun Apr 14 2024,Brooklyn Nets,86,Philadelphia 76ers,107,+750,+550,+640,+550,+525,+540,+500,+640,-1200,-800,-950,-800,-750,-770,-750,-950
Sun Apr 14 2024,Utah Jazz,116,Golden State Warriors,123,+225,+400,+490,+400,+410,+360,+375,+490,-275,-550,-670,-550,-550,-500,-550,-670
Sun Apr 14 2024,Houston Rockets,116,Los Angeles Clippers,105,-116,-185,-178,-185,-170,-195,-175,-178,-102,+155,+150,+150,+142,+160,+145,+150
Sun Apr 14 2024,Denver Nuggets,126,Memphis Grizzlies,111,-1600,-900,-1000,-900,-900,-1000,-750,-1000,+900,+600,+660,+600,+600,+650,+500,+660
Sun Apr 14 2024,Phoenix Suns,125,Minnesota Timberwolves,106,+138,+120,+114,+120,+120,+114,+105,+114,-164,-140,-134,-145,-142,-134,-125,-134
Sun Apr 14 2024,Los Angeles Lakers,124,New Orleans Pelicans,108,+128,even,+102,even,even,+104,-105,+102,-152,-120,-120,-120,-120,-122,-115,-120
Sun Apr 14 2024,Dallas Mavericks,86,Oklahoma City Thunder,135,+980,+1000,+1100,+1150,+1000,+1200,+900,+1100,-1800,-2000,-2200,-2500,-1800,-3335,-2500,-2200
Sun Apr 14 2024,Portland Trail Blazers,82,Sacramento Kings,121,+1100,+1100,+1040,+1000,+1100,+1200,+800,+1040,-2200,-2200,-2000,-2000,-2100,-2500,-1600,-2000
Sun Apr 14 2024,Detroit Pistons,95,San Antonio Spurs,123,+460,+160,+172,+165,+164,+155,+160,+172,-620,-190,-205,-200,-198,-182,-200,-205
Tue Apr 16 2024,Los Angeles Lakers,110,New Orleans Pelicans,106,N/A,-105,-104,-105,-110,-102,-108,even,-105,N/A,-115,-112,-115,-110,-118,-115
Tue Apr 16 2024,Golden State Warriors,94,Sacramento Kings,118,N/A,-150,-152,-150,-150,-142,-152,-150,-150,N/A,+125,+128,+125,+126,+120,+128
Wed Apr 17 2024,Miami Heat,104,Philadelphia 76ers,105,+176,+190,+188,+185,+185,+185,+170,+188,-210,-230,-225,-225,-225,-225,-220,-225
Wed Apr 17 2024,Atlanta Hawks,116,Chicago Bulls,131,+124,+125,+130,+125,+130,+125,+120,+130,-146,-150,-154,-155,-155,-155,-145,-154
Fri Apr 19 2024,Chicago Bulls,91,Miami Heat,112,+112,+125,+116,+115,+110,+114,+105,+116,-132,-150,-136,-140,-130,-134,-125,-136
Fri Apr 19 2024,Sacramento Kings,98,New Orleans Pelicans,105,+152,+105,+104,-105,even,-103,even,+104,-180,-125,-122,-115,-120,-115,-120,-122
Sat Apr 20 2024,Orlando Magic,83,Cleveland Cavaliers,97,+162,+185,+190,+180,+170,+170,+170,+190,-194,-225,-230,-225,-205,-220,-220,-230
Sat Apr 20 2024,Phoenix Suns,95,Minnesota Timberwolves,120,+106,+115,+118,+110,+102,+110,+110,+118,-124,-135,-138,-135,-122,-130,-135,-138
Sat Apr 20 2024,Philadelphia 76ers,104,New York Knicks,111,+124,+165,+162,+155,+145,+160,+145,+162,-146,-200,-194,-190,-175,-195,-175,-194
Sat Apr 20 2024,Los Angeles Lakers,103,Denver Nuggets,114,+245,+210,+220,+220,+210,+210,+210,+220,-300,-260,-270,-275,-258,-250,-275,-270
Sun Apr 21 2024,Miami Heat,94,Boston Celtics,114,+750,+700,+730,+725,+750,+750,+600,+730,-1200,-1100,-1150,-1200,-1200,-1250,-1000,-1150
Sun Apr 21 2024,Dallas Mavericks,97,Los Angeles Clippers,109,+110,-165,-172,-165,-155,-167,-155,-172,-130,+140,+144,+135,+130,+143,+130,+144
Sun Apr 21 2024,Indiana Pacers,94,Milwaukee Bucks,109,+136,-125,-118,-120,-118,-115,-115,-118,-162,+105,-100,even,-102,-103,-105,-100
Sun Apr 21 2024,New Orleans Pelicans,92,Oklahoma City Thunder,94,+245,+320,+310,+300,+295,+310,+260,+310,-300,-400,-390,-400,-375,-385,-350,-390
Mon Apr 22 2024,Orlando Magic,86,Cleveland Cavaliers,96,+188,+185,+176,+180,+175,+180,+190,+155,+176,-225,-225,-210,-225,-210,-218,-245
Mon Apr 22 2024,Philadelphia 76ers,101,New York Knicks,104,+188,+155,+150,+155,+160,+154,+155,+145,+150,-220,-185,-178,-190,-195,-185,-195
Mon Apr 22 2024,Los Angeles Lakers,99,Denver Nuggets,101,+235,+220,+230,+220,+230,+235,+230,+210,+230,-290,-270,-280,-275,-280,-290,-305
Tue Apr 23 2024,Phoenix Suns,93,Minnesota Timberwolves,105,+144,+125,+130,+125,+130,+130,+123,+125,+130,-172,-150,-154,-150,-155,-155,-155
Tue Apr 23 2024,Indiana Pacers,125,Milwaukee Bucks,108,+118,-105,-102,even,even,-105,-105,-110,-102,-138,-115,-118,-120,-120,-115,-113
Tue Apr 23 2024,Dallas Mavericks,96,Los Angeles Clippers,93,-104,-105,-102,-105,even,-105,-106,-105,-102,-112,-115,-116,-115,-120,-115,-117
Wed Apr 24 2024,Miami Heat,111,Boston Celtics,101,+900,+700,+520,+775,+600,+850,+750,+550,+520,-1600,-1100,-900,-1400,-1000,-1450,-1430
Wed Apr 24 2024,New Orleans Pelicans,92,Oklahoma City Thunder,124,+310,+245,+245,+240,+230,+250,+245,+225,+245,-390,-305,-300,-300,-280,-310,-305
Thu Apr 25 2024,Cleveland Cavaliers,83,Orlando Magic,121,-138,+130,+128,+125,+125,+124,+120,+120,+128,+118,-155,-152,-155,-145,-148,-141
Thu Apr 25 2024,New York Knicks,114,Philadelphia 76ers,125,+114,+195,+194,+185,+190,+195,+190,+180,+194,-134,-240,-235,-225,-220,-238,-230
Thu Apr 25 2024,Denver Nuggets,112,Los Angeles Lakers,105,-118,+105,+104,even,+105,even,+102,even,+104,-100,-125,-122,-120,-125,-120,-120
Fri Apr 26 2024,Milwaukee Bucks,118,Indiana Pacers,121,+194,+225,+225,+220,+215,+200,+215,+210,+225,-235,-275,-275,-275,-265,-245,-275
Fri Apr 26 2024,Los Angeles Clippers,90,Dallas Mavericks,101,+156,+160,+160,+155,+160,+154,+160,+160,+160,-186,-190,-190,-190,-190,-185,-190
Fri Apr 26 2024,Minnesota Timberwolves,126,Phoenix Suns,109,+124,+210,+190,+190,+200,+200,+190,+190,+190,-146,-260,-230,-250,-240,-245,-245
Sat Apr 27 2024,Cleveland Cavaliers,89,Orlando Magic,112,N/A,+120,+120,+120,+120,+120,+117,+105,+120,N/A,-140,-142,-145,-140,-142,-137
Sat Apr 27 2024,Oklahoma City Thunder,106,New Orleans Pelicans,85,N/A,-130,-126,-120,-125,-125,-127,-125,-126,N/A,+110,+108,even,+105,+105,+107
Sat Apr 27 2024,Boston Celtics,104,Miami Heat,84,N/A,-500,-420,-450,-460,-440,-455,-450,-420,N/A,+375,+330,+340,+355,+340,+350
Sat Apr 27 2024,Denver Nuggets,108,Los Angeles Lakers,119,N/A,-160,-154,-165,-160,-166,-159,-150,-154,N/A,+135,+132,+135,+135,+140,+135
Sun Apr 28 2024,New York Knicks,97,Philadelphia 76ers,92,N/A,+170,+168,+170,+165,+170,+180,+160,+168,N/A,-205,-200,-210,-200,-205,-220
Sun Apr 28 2024,Los Angeles Clippers,116,Dallas Mavericks,111,N/A,+230,+220,+220,+225,+225,+240,+210,+220,N/A,-280,-270,-275,-275,-278,-295
Sun Apr 28 2024,Milwaukee Bucks,113,Indiana Pacers,126,N/A,+350,+370,+350,+360,+330,+350,+350,+370,N/A,-450,-480,-450,-475,-425,-455
Sun Apr 28 2024,Minnesota Timberwolves,122,Phoenix Suns,116,N/A,-105,-104,-105,-105,-105,-103,-105,-104,N/A,-115,-112,-115,-115,-115,-117
Mon Apr 29 2024,Boston Celtics,102,Miami Heat,88,N/A,-550,-520,-550,-510,-520,-530,-500,-520,N/A,+400,+400,+400,+390,+390,+400
Mon Apr 29 2024,Oklahoma City Thunder,97,New Orleans Pelicans,89,N/A,-200,-196,-200,-195,-192,-200,-180,-196,N/A,+165,+164,+165,+165,+160,+165
Mon Apr 29 2024,Los Angeles Lakers,106,Denver Nuggets,108,N/A,+205,+205,+200,+205,+200,+215,+180,+205,N/A,-250,-250,-250,-250,-245,-265
Tue Apr 30 2024,Philadelphia 76ers,112,New York Knicks,106,N/A,+145,+142,+145,+150,+142,+145,+145,+142,N/A,-170,-168,-175,-180,-170,-175
Tue Apr 30 2024,Orlando Magic,103,Cleveland Cavaliers,104,N/A,+155,+150,+155,+155,+154,+165,+150,+150,N/A,-185,-178,-190,-185,-185,-200
Tue Apr 30 2024,Indiana Pacers,92,Milwaukee Bucks,115,N/A,-200,-215,-200,-200,-198,-220,-220,-215,N/A,+165,+180,+165,+165,+164,+180
Wed May 1 2024,Miami Heat,84,Boston Celtics,118,N/A,+650,+660,+625,+650,+625,+650,+600,+660,N/A,-1000,-1000,-1100,-1000,-950,-1000
Wed May 1 2024,Dallas Mavericks,123,Los Angeles Clippers,93,N/A,-140,-142,-145,-140,-142,-148,-135,-142,N/A,+120,+120,+120,+120,+120,+125
Thu May 2 2024,Milwaukee Bucks,98,Indiana Pacers,120,+320,+195,+198,+195,+190,+185,+190,+180,+198,-405,-240,-240,-250,-220,-225,-235
Thu May 2 2024,New York Knicks,118,Philadelphia 76ers,115,+152,+125,+120,+125,+125,+130,+125,+125,+120,-180,-150,-142,-150,-150,-155,-150
Fri May 3 2024,Cleveland Cavaliers,96,Orlando Magic,103,+148,+155,+162,+155,+150,+154,+160,+145,+162,-176,-185,-190,-190,-180,-185,-200
Fri May 3 2024,Los Angeles Clippers,101,Dallas Mavericks,114,+260,+290,+280,+290,+295,+260,+275,+240,+280,-320,-370,-350,-375,-380,-325,-345
Sat May 4 2024,Minnesota Timberwolves,106,Denver Nuggets,99,+168,+150,+152,+150,+155,+154,+155,+150,+152,-200,-180,-180,-185,-185,-185,-190
Sun May 5 2024,Orlando Magic,94,Cleveland Cavaliers,106,+166,+130,+124,+135,+135,+130,+125,+125,+124,-198,-155,-158,-160,-160,-155,-155
Mon May 6 2024,Indiana Pacers,117,New York Knicks,121,+220,+200,+205,+185,+195,+190,+190,+190,+205,-270,-245,-250,-225,-240,-230,-230
Mon May 6 2024,Minnesota Timberwolves,106,Denver Nuggets,80,+205,+240,+245,+225,+240,+230,+220,+225,+245,-250,-300,-300,-275,-300,-285,-275
Tue May 7 2024,Cleveland Cavaliers,95,Boston Celtics,120,+460,+550,+590,+525,+550,+525,+550,+450,+590,-620,-800,-850,-750,-800,-750,-770
Tue May 7 2024,Dallas Mavericks,95,Oklahoma City Thunder,117,+120,+155,+152,+160,+150,+154,+150,+140,+152,-142,-185,-180,-190,-180,-185,-180
Wed May 8 2024,Indiana Pacers,121,New York Knicks,130,N/A,+155,+152,+150,+150,+150,+160,+145,+152,N/A,-185,-180,-185,-180,-180,-190
Thu May 9 2024,Cleveland Cavaliers,118,Boston Celtics,94,+660,+600,+640,+550,+625,+600,+575,+450,+640,-1000,-900,-950,-800,-950,-900,-835
Thu May 9 2024,Dallas Mavericks,119,Oklahoma City Thunder,110,+152,+165,+168,+155,+165,+164,+165,+170,+168,-180,-200,-200,-190,-200,-198,-200
Fri May 10 2024,New York Knicks,106,Indiana Pacers,111,+160,+230,+230,+230,+235,+240,+225,+210,+230,-190,-280,-290,-300,-290,-298,-295
Fri May 10 2024,Denver Nuggets,117,Minnesota Timberwolves,90,+144,+130,+130,+135,+130,+136,+135,+125,+130,-172,-155,-154,-160,-155,-162,-162
Sat May 11 2024,Oklahoma City Thunder,101,Dallas Mavericks,105,+112,+105,-102,+105,+105,+110,+105,-105,-102,-132,-125,-116,-125,-125,-130,-124
Sat May 11 2024,Boston Celtics,106,Cleveland Cavaliers,93,-240,-340,-300,-350,-325,-325,-305,-300,-300,+198,+270,+245,+260,+260,+260,+245
Sun May 12 2024,New York Knicks,89,Indiana Pacers,121,N/A,+195,+190,+195,+200,+185,+185,+175,+190,N/A,-240,-230,-250,-240,-225,-225
Sun May 12 2024,Denver Nuggets,115,Minnesota Timberwolves,107,N/A,+150,+136,+155,+145,+142,+143,+135,+136,N/A,-180,-158,-185,-175,-170,-180
Mon May 13 2024,Boston Celtics,109,Cleveland Cavaliers,102,-350,-750,-670,-700,-700,-700,-715,-600,-670,+280,+525,+490,+500,+500,+500,+500
Mon May 13 2024,Oklahoma City Thunder,100,Dallas Mavericks,96,+106,-105,-106,-105,even,even,+102,even,-106,-124,-115,-110,-115,-120,-120,-120
Tue May 14 2024,Indiana Pacers,91,New York Knicks,121,+118,even,-100,+120,even,even,+102,-105,-100,-138,-120,-118,-145,-120,-120,-120
Tue May 14 2024,Minnesota Timberwolves,97,Denver Nuggets,112,+152,+160,+156,+155,+160,+154,+160,+145,+156,-180,-190,-186,-190,-190,-185,-190
Wed May 15 2024,Cleveland Cavaliers,98,Boston Celtics,113,+750,+950,+980,+900,+900,+1000,+1000,+700,+980,-1200,-1700,-1800,-1600,-1800,-1800,-2000
Wed May 15 2024,Dallas Mavericks,104,Oklahoma City Thunder,92,+168,+160,+164,+165,+160,+154,+155,+145,+164,-200,-190,-196,-200,-190,-185,-182
Thu May 16 2024,Denver Nuggets,70,Minnesota Timberwolves,115,+120,+110,+108,+110,+110,+110,+114,+105,+108,-142,-130,-126,-130,-130,-130,-134
Fri May 17 2024,New York Knicks,103,Indiana Pacers,116,+168,+165,+162,+165,+165,+160,+165,+160,+162,-200,-200,-194,-200,-200,-192,-200
Sat May 18 2024,Oklahoma City Thunder,116,Dallas Mavericks,117,+142,+150,+154,+140,+150,+150,+148,+135,+154,-168,-180,-184,-165,-180,-180,-177
Sun May 19 2024,Indiana Pacers,130,New York Knicks,109,N/A,+125,+134,+130,+130,+130,+123,+120,+134,N/A,-150,-158,-155,-160,-155,-143
Sun May 19 2024,Minnesota Timberwolves,98,Denver Nuggets,90,N/A,+160,+152,+155,+160,+164,+155,+155,+152,N/A,-190,-180,-190,-190,-198,-186
Tue May 21 2024,Indiana Pacers,128,Boston Celtics,133,+385,+325,+350,+333,+350,+330,+330,+325,+350,-500,-425,-450,-450,-450,-425,-420
Wed May 22 2024,Dallas Mavericks,108,Minnesota Timberwolves,105,+152,+160,+160,+155,+160,+160,+163,+160,+160,-180,-190,-190,-190,-190,-192,-195
Thu May 23 2024,Indiana Pacers,110,Boston Celtics,126,+400,+310,+310,+300,+300,+295,+295,+260,+310,-520,-390,-390,-400,-375,-375,-400
Fri May 24 2024,Dallas Mavericks,109,Minnesota Timberwolves,108,+162,+205,+210,+200,+205,+205,+195,+200,+210,-194,-250,-255,-250,-250,-250,-240
Sat May 25 2024,Boston Celtics,114,Indiana Pacers,111,-255,-280,-295,-300,-285,-290,-286,-275,-295,+210,+230,+240,+230,+230,+235,+235
Sun May 26 2024,Minnesota Timberwolves,107,Dallas Mavericks,116,+130,even,-104,even,even,even,-103,even,-104,-154,-120,-116,-120,-120,-120,-121
Mon May 27 2024,Boston Celtics,105,Indiana Pacers,102,-330,-290,-280,-300,-285,-285,-305,-300,-280,+265,+235,+230,+240,+230,+230,+245
Tue May 28 2024,Minnesota Timberwolves,105,Dallas Mavericks,100,+134,+105,-100,even,even,even,+105,even,-100,-158,-125,-118,-120,-120,-120,-124
Thu May 30 2024,Dallas Mavericks,124,Minnesota Timberwolves,103,+148,+165,+156,+155,+160,+160,+170,+165,+156,-176,-200,-186,-190,-190,-192,-205
