date,away_team,away_pt,home_team,home_pt,away_open_sp,away_open_line,away_b365_sp,away_b365_line,away_fduel_sp,away_fduel_line,away_bmgm_sp,away_bmgm_line,away_czr_sp,away_czr_line,away_dking_sp,away_dking_line,away_rivers_sp,away_rivers_line,away_vinsider_sp,away_vinsider_line,home_open_sp,home_open_line,home_b365_sp,home_b365_line,home_fduel_sp,home_fduel_line,home_bmgm_sp,home_bmgm_line,home_czr_sp,home_czr_line,home_dking_sp,home_dking_line,home_rivers_sp,home_rivers_line,home_vinsider_sp,home_vinsider_line
Tue Oct 24 2023,Los Angeles Lakers,107,Denver Nuggets,119,o227.5,-110,o229,-110,o229,-110,o228.5,-110,o229,-110,o228.5,-115,o229.5,-112,o229,-110,u227.5,-110,u229,-110,u229,-110,u228.5,-110,u229,-110,u228.5,-105,u229.5,-109,u229,-110
Tue Oct 24 2023,Phoenix Suns,108,Golden State Warriors,104,o230.5,-110,o235.5,-110,o235,-108,o234.5,-115,o236,-110,o234.5,-110,o235,-115,o235,-108,u230.5,-110,u235.5,-110,u235,-112,u234.5,-105,u236,-110,u234.5,-110,u235,-115,u235,-112
Wed Oct 25 2023,Houston Rockets,86,Orlando Magic,116,o217.5,-110,o220,-110,o219.5,-110,o220.5,-110,o220,-105,o220,-108,o219.5,-108,o219.5,-110,u217.5,-110,u220,-110,u219.5,-110,u220.5,-110,u220,-115,u220,-112,u219.5,-113,u219.5,-110
Wed Oct 25 2023,Boston Celtics,108,New York Knicks,104,o223.5,-110,o223,-110,o223,-110,o223.5,-110,o223.5,-115,o223,-110,o223,-115,o223,-110,u223.5,-110,u223,-110,u223,-110,u223.5,-110,u223.5,-105,u223,-110,u223,-115,u223,-110
Wed Oct 25 2023,Washington Wizards,120,Indiana Pacers,143,o228.5,-110,o235.5,-110,o235.5,-110,o235.5,-110,o235.5,-110,o235.5,-108,o236.5,-114,o235.5,-110,u228.5,-110,u235.5,-110,u235.5,-110,u235.5,-110,u235.5,-110,u235.5,-112,u236.5,-120,u235.5,-110
Wed Oct 25 2023,Atlanta Hawks,110,Charlotte Hornets,116,o228.5,-110,o236,-110,o236,-110,o235.5,-115,o236,-110,o234.5,-112,o236.5,-115,o236,-110,u228.5,-110,u236,-110,u236,-110,u235.5,-105,u236,-110,u234.5,-108,u236.5,-115,u236,-110
Wed Oct 25 2023,Detroit Pistons,102,Miami Heat,103,o220.5,-110,o218,-110,o218.5,-110,o218.5,-115,o218,-110,o218.5,-112,o218.5,-115,o218.5,-110,u220.5,-110,u218,-110,u218.5,-110,u218.5,-105,u218,-110,u218.5,-108,u218.5,-115,u218.5,-110
Wed Oct 25 2023,Minnesota Timberwolves,94,Toronto Raptors,97,o215.5,-110,o221.5,-110,o220.5,-110,o221.5,-115,o220.5,-105,o221,-110,o221,-110,o220.5,-110,u215.5,-110,u221.5,-110,u220.5,-110,u221.5,-105,u220.5,-115,u221,-110,u221,-110,u220.5,-110
Wed Oct 25 2023,Cleveland Cavaliers,114,Brooklyn Nets,113,o221,-110,o218.5,-110,o218.5,-110,o220.5,-110,o218,-110,o220,-110,o218,-112,o218.5,-110,u221,-110,u218.5,-110,u218.5,-110,u220.5,-110,u218,-110,u220,-110,u218,-109,u218.5,-110
Wed Oct 25 2023,New Orleans Pelicans,111,Memphis Grizzlies,104,o223.5,-110,o224.5,-110,o224.5,-110,o224.5,-110,o224,-105,o224.5,-108,o224.5,-112,o224.5,-110,u223.5,-110,u224.5,-110,u224.5,-110,u224.5,-110,u224,-115,u224.5,-112,u224.5,-109,u224.5,-110
Wed Oct 25 2023,Oklahoma City Thunder,124,Chicago Bulls,104,o228.5,-110,o224,-110,o225,-108,o225.5,-115,o224,-110,o224,-110,o224,-112,o225,-108,u228.5,-110,u224,-110,u225,-112,u225.5,-105,u224,-110,u224,-110,u224,-109,u225,-112
Wed Oct 25 2023,Sacramento Kings,130,Utah Jazz,114,o232.5,-110,o233.5,-110,o234,-110,o234.5,-110,o233.5,-110,o233.5,-108,o234,-110,o234,-110,u232.5,-110,u233.5,-110,u234,-110,u234.5,-110,u233.5,-110,u233.5,-112,u234,-110,u234,-110
Wed Oct 25 2023,Dallas Mavericks,126,San Antonio Spurs,119,o226.5,-110,o231.5,-110,o230.5,-110,o231.5,-105,o231.5,-105,o231.5,-112,o230.5,-113,o230.5,-110,u226.5,-110,u231.5,-110,u230.5,-110,u231.5,-115,u231.5,-115,u231.5,-108,u230.5,-108,u230.5,-110
Wed Oct 25 2023,Portland Trail Blazers,111,Los Angeles Clippers,123,o229,-110,o225,-110,o226,-108,o226.5,-110,o225,-110,o225.5,-110,o226,-115,o226,-108,u229,-110,u225,-110,u226,-112,u226.5,-110,u225,-110,u225.5,-110,u226,-115,u226,-112
Thu Oct 26 2023,Philadelphia 76ers,117,Milwaukee Bucks,118,o227.5,-110,o228,-110,o227.5,-110,o227.5,-110,o228,-110,o227.5,-118,o227.5,-110,o227.5,-110,u227.5,-110,u228,-110,u227.5,-110,u227.5,-110,u228,-110,u227.5,-102,u227.5,-110,u227.5,-110
Thu Oct 26 2023,Phoenix Suns,95,Los Angeles Lakers,100,o230,-110,o227,-110,o226.5,-108,o226.5,-115,o227,-110,o226.5,-110,o226.5,-110,o226.5,-108,u230,-110,u227,-110,u226.5,-112,u226.5,-105,u227,-110,u226.5,-110,u226.5,-110,u226.5,-112
Fri Oct 27 2023,Denver Nuggets,108,Memphis Grizzlies,104,o225,-110,o221.5,-110,o221.5,-110,o221.5,-110,o221.5,-110,o221.5,-112,o221.5,-115,o221.5,-110,u225,-110,u221.5,-110,u221.5,-110,u221.5,-110,u221.5,-110,u221.5,-108,u221.5,-115,u221.5,-110
Fri Oct 27 2023,Detroit Pistons,111,Charlotte Hornets,99,o225.5,-110,o227.5,-110,o227,-110,o226.5,-105,o227,-110,o227,-112,o226.5,-110,o227,-110,u225.5,-110,u227.5,-110,u227,-110,u226.5,-115,u227,-110,u227,-108,u226.5,-110,u227,-110
Fri Oct 27 2023,New York Knicks,126,Atlanta Hawks,120,o229.5,-110,o229.5,-110,o228.5,-110,o229.5,-110,o229.5,-110,o229.5,-110,o240.5,-114,o228.5,-110,u229.5,-110,u229.5,-110,u228.5,-110,u229.5,-110,u229.5,-110,u229.5,-110,u240.5,-120,u228.5,-110
Fri Oct 27 2023,Oklahoma City Thunder,108,Cleveland Cavaliers,105,o226.5,-110,o226.5,-110,o226.5,-110,o226.5,-105,o226.5,-110,o250.5,-110,o226,-112,o226.5,-110,u226.5,-110,u226.5,-110,u226.5,-110,u226.5,-115,u226.5,-110,u250.5,-110,u226,-109,u226.5,-110
Fri Oct 27 2023,Miami Heat,111,Boston Celtics,119,o217,-110,o217.5,-110,o218,-110,o217.5,-110,o217.5,-110,o236.5,-112,o217.5,-113,o218,-110,u217,-110,u217.5,-110,u218,-110,u217.5,-110,u217.5,-110,u236.5,-108,u217.5,-108,u218,-110
Fri Oct 27 2023,Toronto Raptors,103,Chicago Bulls,104,o217,-110,o216.5,-110,o216.5,-110,o216.5,-110,o216,-105,o216,-110,o216.5,-109,o216.5,-110,u217,-110,u216.5,-110,u216.5,-110,u216.5,-110,u216,-115,u216,-110,u216.5,-112,u216.5,-110
Fri Oct 27 2023,Houston Rockets,122,San Antonio Spurs,126,o228.5,-110,o224.5,-110,o224.5,-110,o224.5,-115,o224.5,-110,o224.5,-110,o225,-115,o224.5,-110,u228.5,-110,u224.5,-110,u224.5,-110,u224.5,-105,u224.5,-110,u224.5,-110,u225,-115,u224.5,-110
Fri Oct 27 2023,Brooklyn Nets,120,Dallas Mavericks,125,o228.5,-110,o230,-110,o230,-110,o230.5,-115,o231,-110,o230,-108,o230.5,-109,o230,-110,u228.5,-110,u230,-110,u230,-110,u230.5,-105,u231,-110,u230,-112,u230.5,-112,u230,-110
Fri Oct 27 2023,Los Angeles Clippers,118,Utah Jazz,120,o228,-110,o227.5,-110,o228,-108,o227.5,-110,o227.5,-110,o227.5,-110,o227.5,-113,o228,-108,u228,-112,u227.5,-110,u228,-112,u227.5,-110,u227.5,-110,u227.5,-110,u227.5,-108,u228,-112
Fri Oct 27 2023,Orlando Magic,102,Portland Trail Blazers,97,o223.5,-110,o220.5,-110,o220.5,-110,o220.5,-110,o220.5,-110,o220.5,-110,o220.5,-109,o220.5,-110,u223.5,-110,u220.5,-110,u220.5,-110,u220.5,-110,u220.5,-110,u220.5,-110,u220.5,-112,u220.5,-110
Fri Oct 27 2023,Golden State Warriors,122,Sacramento Kings,114,o240.5,-110,o237,-110,o237.5,-110,o237.5,-110,o237,-110,o237,-110,o236.5,-108,o237.5,-110,u240.5,-110,u237,-110,u237.5,-110,u237.5,-110,u237,-110,u237,-110,u236.5,-113,u237.5,-110
Sat Oct 28 2023,Chicago Bulls,102,Detroit Pistons,118,o217.5,-110,o213.5,-110,o214.5,-110,o213.5,-110,o213.5,-110,o214,-112,o212.5,-109,o214.5,-110,u217.5,-110,u213.5,-110,u214.5,-110,u213.5,-110,u213.5,-110,u214,-108,u212.5,-112,u214.5,-110
Sat Oct 28 2023,Memphis Grizzlies,106,Washington Wizards,113,o227.5,-110,o229.5,-110,o227.5,-110,o229.5,-110,o229.5,-110,o228.5,-118,o230,-115,o227.5,-110,u227.5,-110,u229.5,-110,u227.5,-110,u229.5,-110,u229.5,-110,u228.5,-102,u230,-115,u227.5,-110
Sat Oct 28 2023,New York Knicks,87,New Orleans Pelicans,96,o225.5,-110,o223.5,-110,o224,-110,o223.5,-115,o223.5,-110,o223.5,-110,o223.5,-110,o224,-110,u225.5,-110,u223.5,-110,u224,-110,u223.5,-105,u223.5,-110,u223.5,-110,u223.5,-110,u224,-110
Sat Oct 28 2023,Indiana Pacers,125,Cleveland Cavaliers,113,o225,-110,o220.5,-110,o224,-110,o220.5,-110,o220.5,-110,o220,-110,o219.5,-112,o224,-110,u225,-110,u220.5,-110,u224,-110,u220.5,-110,u220.5,-110,u220,-110,u219.5,-109,u224,-110
Sat Oct 28 2023,Philadelphia 76ers,114,Toronto Raptors,107,o216.5,-110,o214,-110,o214.5,-108,o214.5,-110,o214,-110,o214.5,-110,o213.5,-115,o214.5,-108,u216.5,-110,u214,-110,u214.5,-112,u214.5,-110,u214,-110,u214.5,-110,u213.5,-115,u214.5,-112
Sat Oct 28 2023,Miami Heat,90,Minnesota Timberwolves,106,o218.5,-110,o215,-110,o216.5,-110,o214.5,-115,o214.5,-110,o215,-110,o215.5,-112,o216.5,-110,u218.5,-110,u215,-110,u216.5,-110,u214.5,-105,u214.5,-110,u215,-110,u215.5,-109,u216.5,-110
Sat Oct 28 2023,Utah Jazz,104,Phoenix Suns,126,o223.5,-110,o223,-110,o223,-110,o223.5,-110,o223,-110,o223,-108,o223,-112,o223,-110,u223.5,-110,u223,-110,u223,-110,u223.5,-110,u223,-110,u223,-112,u223,-109,u223,-110
Sun Oct 29 2023,Denver Nuggets,128,Oklahoma City Thunder,95,o229.5,-110,o229.5,-110,o229.5,-110,o229.5,-110,o229.5,-115,o229.5,-110,o230,-110,o229.5,-110,u229.5,-110,u229.5,-110,u229.5,-110,u229.5,-110,u229.5,-105,u229.5,-110,u230,-110,u229.5,-110
Sun Oct 29 2023,Golden State Warriors,106,Houston Rockets,95,o226.5,-110,o223,-110,o226.5,-110,o222.5,-115,o222.5,-110,o223.5,-110,o223.5,-113,o226.5,-110,u226.5,-110,u223,-110,u226.5,-110,u222.5,-105,u222.5,-110,u223.5,-110,u223.5,-108,u226.5,-110
Sun Oct 29 2023,Atlanta Hawks,127,Milwaukee Bucks,110,o238.5,-110,o239.5,-110,o238.5,-110,o239.5,-110,o239.5,-110,o239,-110,o239.5,-110,o238.5,-110,u238.5,-110,u239.5,-110,u238.5,-110,u239.5,-110,u239.5,-110,u239,-110,u239.5,-110,u238.5,-110
Sun Oct 29 2023,Portland Trail Blazers,98,Philadelphia 76ers,126,o218.5,-110,o217,-110,o218.5,-110,o216.5,-115,o217,-110,o217,-110,o216.5,-115,o218.5,-110,u218.5,-110,u217,-110,u218.5,-110,u216.5,-105,u217,-110,u217,-110,u216.5,-115,u218.5,-110
Sun Oct 29 2023,San Antonio Spurs,83,Los Angeles Clippers,123,o228.5,-110,o229.5,-110,o228.5,-110,o229.5,-110,o229.5,-110,o229.5,-110,o229,-112,o228.5,-110,u228.5,-110,u229.5,-110,u228.5,-110,u229.5,-110,u229.5,-110,u229.5,-110,u229,-109,u228.5,-110
Sun Oct 29 2023,Los Angeles Lakers,127,Sacramento Kings,132,o234,-110,o236,-110,o234,-110,o235.5,-110,o236,-110,o236,-110,o235.5,-110,o234,-110,u234,-110,u236,-110,u234,-110,u235.5,-110,u236,-110,u236,-110,u235.5,-110,u234,-110
Mon Oct 30 2023,Chicago Bulls,112,Indiana Pacers,105,o226.5,-110,o230,-110,o226.5,-110,o229.5,-110,o229,-110,o229,-110,o230,-109,o226.5,-110,u226.5,-110,u230,-110,u226.5,-110,u229.5,-110,u229,-110,u229,-110,u230,-112,u226.5,-110
Mon Oct 30 2023,Boston Celtics,126,Washington Wizards,107,o230.5,-110,o232,-110,o229,-112,o231.5,-110,o231.5,-115,o231.5,-110,o231.5,-114,o229,-112,u230.5,-110,u232,-110,u229,-108,u231.5,-110,u231.5,-105,u231.5,-110,u231.5,-117,u229,-108
Mon Oct 30 2023,Brooklyn Nets,133,Charlotte Hornets,121,o228.5,-110,o227.5,-110,o228.5,-110,o227.5,-110,o227.5,-115,o227.5,-108,o227.5,-113,o228.5,-110,u228.5,-110,u227.5,-110,u228.5,-110,u227.5,-110,u227.5,-105,u227.5,-112,u227.5,-108,u228.5,-110
Mon Oct 30 2023,Portland Trail Blazers,99,Toronto Raptors,91,o217.5,-110,o216.5,-110,o217.5,-110,o216.5,-110,o216,-110,o216.5,-110,o216.5,-110,o217.5,-110,u217.5,-110,u216.5,-110,u217.5,-110,u216.5,-110,u216,-110,u216.5,-110,u216.5,-110,u217.5,-110
Mon Oct 30 2023,Minnesota Timberwolves,113,Atlanta Hawks,127,o233.5,-110,o227.5,-110,o234.5,-110,o227.5,-110,o227.5,-110,o227.5,-110,o228.5,-115,o234.5,-110,u233.5,-110,u227.5,-110,u234.5,-110,u227.5,-110,u227.5,-110,u227.5,-110,u228.5,-115,u234.5,-110
Mon Oct 30 2023,Dallas Mavericks,125,Memphis Grizzlies,110,o227.5,-110,o223,-110,o227.5,-110,o222.5,-110,o223,-105,o222.5,-110,o223,-112,o227.5,-110,u227.5,-110,u223,-110,u227.5,-110,u222.5,-110,u223,-115,u222.5,-110,u223,-109,u227.5,-110
Mon Oct 30 2023,Miami Heat,114,Milwaukee Bucks,122,o223.5,-110,o226,-110,o223.5,-110,o225.5,-110,o226,-115,o225.5,-110,o225,-113,o223.5,-110,u223.5,-110,u226,-110,u223.5,-110,u225.5,-110,u226,-105,u225.5,-110,u225,-108,u223.5,-110
Mon Oct 30 2023,Golden State Warriors,130,New Orleans Pelicans,102,o231.5,-110,o220.5,-110,o232.5,-110,o220.5,-110,o220.5,-110,o220.5,-110,o219.5,-115,o232.5,-110,u231.5,-110,u220.5,-110,u232.5,-110,u220.5,-110,u220.5,-110,u220.5,-110,u219.5,-115,u232.5,-110
Mon Oct 30 2023,Detroit Pistons,112,Oklahoma City Thunder,124,o226.5,-110,o224.5,-110,o226.5,-110,o224.5,-110,o224.5,-115,o224,-112,o224.5,-115,o226.5,-110,u226.5,-110,u224.5,-110,u226.5,-110,u224.5,-110,u224.5,-105,u224,-108,u224.5,-115,u226.5,-110
Mon Oct 30 2023,Utah Jazz,102,Denver Nuggets,110,o230.5,-110,o225.5,-110,o230.5,-110,o225.5,-110,o226.5,-105,o225.5,-110,o225.5,-115,o230.5,-110,u230.5,-110,u225.5,-110,u230.5,-110,u225.5,-110,u226.5,-115,u225.5,-110,u225.5,-115,u230.5,-110
Mon Oct 30 2023,Orlando Magic,103,Los Angeles Lakers,106,o220.5,-110,o219.5,-110,o220.5,-110,o220.5,-110,o220,-110,o220,-110,o219.5,-110,o220.5,-110,u220.5,-110,u219.5,-110,u220.5,-110,u220.5,-110,u220,-110,u220,-110,u219.5,-110,u220.5,-110
Tue Oct 31 2023,New York Knicks,109,Cleveland Cavaliers,91,o216,-110,o213.5,-110,o214.5,-122,o213.5,-110,o213.5,-110,o214.5,-105,o214,-108,o214.5,-122,u216,-110,u213.5,-110,u214.5,-106,u213.5,-110,u213.5,-110,u214.5,-115,u214,-113,u214.5,-106
Tue Oct 31 2023,San Antonio Spurs,115,Phoenix Suns,114,o230,-110,o225,-110,o224.5,-112,o225.5,-110,o225.5,-110,o225.5,-108,o225.5,-108,o224.5,-112,u230,-110,u225,-110,u224.5,-108,u225.5,-110,u225.5,-110,u225.5,-112,u225.5,-113,u224.5,-108
Tue Oct 31 2023,Orlando Magic,102,Los Angeles Clippers,118,o220,-110,o220,-110,o220.5,-108,o219.5,-115,o220,-110,o220,-108,o219.5,-112,o220.5,-108,u220,-110,u220,-110,u220.5,-112,u219.5,-105,u220,-110,u220,-112,u219.5,-109,u220.5,-112
Wed Nov 1 2023,Portland Trail Blazers,110,Detroit Pistons,101,o219,-110,o216.5,-110,o216.5,-110,o216.5,-110,o216,-110,o216,-110,o216.5,-110,o216.5,-110,u219,-110,u216.5,-110,u216.5,-110,u216.5,-110,u216,-110,u216,-110,u216.5,-110,u216.5,-110
Wed Nov 1 2023,Milwaukee Bucks,111,Toronto Raptors,130,o229.5,-110,o223.5,-110,o223.5,-110,o222.5,-110,o223.5,-110,o223.5,-110,o223.5,-115,o223.5,-110,u229.5,-110,u223.5,-110,u223.5,-110,u222.5,-110,u223.5,-110,u223.5,-110,u223.5,-115,u223.5,-110
Wed Nov 1 2023,Washington Wizards,121,Atlanta Hawks,130,o237.5,-110,o240.5,-110,o240.5,-108,o240.5,-110,o240.5,-115,o240,-112,o239.5,-110,o240.5,-108,u237.5,-110,u240.5,-110,u240.5,-112,u240.5,-110,u240.5,-105,u240,-108,u239.5,-110,u240.5,-112
Wed Nov 1 2023,Indiana Pacers,104,Boston Celtics,155,o231.5,-110,o233.5,-110,o233.5,-110,o233.5,-110,o233,-110,o233.5,-110,o233.5,-110,o233.5,-110,u231.5,-110,u233.5,-110,u233.5,-110,u233.5,-110,u233,-110,u233.5,-110,u233.5,-110,u233.5,-110
Wed Nov 1 2023,Brooklyn Nets,109,Miami Heat,105,o225.5,-110,o223,-110,o222.5,-110,o222.5,-110,o222.5,-110,o223,-110,o222.5,-110,o222.5,-110,u225.5,-110,u223,-110,u222.5,-110,u222.5,-110,u222.5,-110,u223,-110,u222.5,-110,u222.5,-110
Wed Nov 1 2023,Cleveland Cavaliers,95,New York Knicks,89,o210.5,-110,o210.5,-110,o210.5,-112,o209.5,-115,o210.5,-115,o211,-110,o209.5,-112,o210.5,-112,u210.5,-110,u210.5,-110,u210.5,-108,u209.5,-105,u210.5,-105,u211,-110,u209.5,-109,u210.5,-108
Wed Nov 1 2023,New Orleans Pelicans,110,Oklahoma City Thunder,106,o225.5,-110,o227.5,-110,o227.5,-110,o227.5,-110,o227,-110,o227.5,-112,o227.5,-113,o227.5,-110,u225.5,-110,u227.5,-110,u227.5,-110,u227.5,-110,u227,-110,u227.5,-108,u227.5,-108,u227.5,-110
Wed Nov 1 2023,Charlotte Hornets,119,Houston Rockets,128,o224.5,-110,o222,-110,o222,-110,o222.5,-110,o222,-110,o222,-110,o222.5,-115,o222,-110,u224.5,-110,u222,-110,u222,-110,u222.5,-110,u222,-110,u222,-110,u222.5,-115,u222,-110
Wed Nov 1 2023,Denver Nuggets,89,Minnesota Timberwolves,110,o225.5,-110,o219.5,-110,o219.5,-110,o219.5,-115,o219.5,-105,o219.5,-110,o220,-110,o219.5,-110,u225.5,-110,u219.5,-110,u219.5,-110,u219.5,-105,u219.5,-115,u219.5,-110,u220,-113,u219.5,-110
Wed Nov 1 2023,Chicago Bulls,105,Dallas Mavericks,114,o225.5,-110,o220,-110,o220,-110,o221.5,-110,o220.5,-105,o220.5,-108,o220.5,-109,o220,-110,u225.5,-110,u220,-110,u220,-110,u221.5,-110,u220.5,-115,u220.5,-112,u220.5,-112,u220,-110
Wed Nov 1 2023,Memphis Grizzlies,109,Utah Jazz,133,o227.5,-110,o225.5,-110,o225.5,-110,o225.5,-110,o225.5,-105,o225.5,-108,o225.5,-115,o225.5,-110,u227.5,-110,u225.5,-110,u225.5,-110,u225.5,-110,u225.5,-115,u225.5,-112,u225.5,-115,u225.5,-110
Wed Nov 1 2023,Sacramento Kings,101,Golden State Warriors,102,o234.5,-110,o227.5,-110,o228,-108,o226.5,-115,o227.5,-110,o227.5,-112,o227,-113,o228,-108,u234.5,-110,u227.5,-110,u228,-112,u226.5,-105,u227.5,-110,u227.5,-108,u227,-108,u228,-112
Wed Nov 1 2023,Los Angeles Clippers,125,Los Angeles Lakers,130,o227.5,-110,o228,-110,o227.5,-108,o227.5,-110,o228,-110,o228.5,-108,o227.5,-112,o227.5,-108,u227.5,-110,u228,-110,u227.5,-112,u227.5,-110,u228,-110,u228.5,-112,u227.5,-112,u227.5,-112
Thu Nov 2 2023,Toronto Raptors,99,Philadelphia 76ers,114,o215.5,-108,o214.5,-110,o214.5,-110,o214.5,-110,o214.5,-105,o214.5,-110,o214,-110,o214.5,-110,u215.5,-112,u214.5,-110,u214.5,-110,u214.5,-110,u214.5,-115,u214.5,-110,u214,-110,u214.5,-110
Thu Nov 2 2023,Detroit Pistons,116,New Orleans Pelicans,125,o221.5,-110,o215.5,-110,o215.5,-110,o215.5,-110,o215.5,-110,o215.5,-110,o215.5,-109,o215.5,-110,u221.5,-110,u215.5,-110,u215.5,-110,u215.5,-110,u215.5,-110,u215.5,-110,u215.5,-112,u215.5,-110
Thu Nov 2 2023,Orlando Magic,115,Utah Jazz,113,o223,-110,o223.5,-110,o224,-110,o223.5,-115,o224,-110,o224.5,-105,o235,-115,o224,-110,u223,-110,u223.5,-110,u224,-110,u223.5,-105,u224,-110,u224.5,-115,u235,-118,u224,-110
Thu Nov 2 2023,San Antonio Spurs,132,Phoenix Suns,121,o225.5,-110,o229,-110,o229.5,-106,o229.5,-110,o229.5,-110,o229.5,-112,o229.5,-113,o229.5,-106,u225.5,-110,u229,-110,u229.5,-114,u229.5,-110,u229.5,-110,u229.5,-108,u229.5,-108,u229.5,-114
Fri Nov 3 2023,Cleveland Cavaliers,116,Indiana Pacers,121,o222.5,-110,o230.5,-110,o230,-110,o230.5,-110,o230,-110,o230.5,-115,o230.5,-115,o230,-110,u222.5,-110,u230.5,-110,u230,-110,u230.5,-110,u230,-110,u230.5,-105,u230.5,-115,u230,-110
Fri Nov 3 2023,New York Knicks,105,Milwaukee Bucks,110,o228.5,-110,o224.5,-110,o224.5,-110,o224.5,-115,o224.5,-110,o224.5,-108,o224.5,-110,o224.5,-110,u228.5,-110,u224.5,-110,u224.5,-110,u224.5,-105,u224.5,-110,u224.5,-112,u224.5,-110,u224.5,-110
Fri Nov 3 2023,Brooklyn Nets,109,Chicago Bulls,107,o220,-110,o221,-110,o221,-110,o221.5,-110,o221.5,-110,o221.5,-110,o221.5,-108,o221,-110,u220,-110,u221,-110,u221,-110,u221.5,-110,u221.5,-110,u221.5,-110,u221.5,-113,u221,-110
Fri Nov 3 2023,Washington Wizards,114,Miami Heat,121,o225.5,-110,o224.5,-110,o224.5,-110,o224.5,-110,o224.5,-110,o225.5,-105,o224.5,-109,o224.5,-110,u225.5,-110,u224.5,-110,u224.5,-110,u224.5,-110,u224.5,-110,u225.5,-115,u224.5,-112,u224.5,-110
Fri Nov 3 2023,Golden State Warriors,141,Oklahoma City Thunder,139,o229,-110,o225,-110,o225,-110,o225.5,-110,o225,-110,o225.5,-110,o225.5,-114,o225,-110,u229,-110,u225,-110,u225,-110,u225.5,-110,u225,-110,u225.5,-110,u225.5,-117,u225,-110
Fri Nov 3 2023,Dallas Mavericks,114,Denver Nuggets,125,o227.5,-110,o229.5,-110,o230,-108,o229.5,-110,o229.5,-110,o230.5,-110,o229.5,-115,o230,-108,u227.5,-110,u229.5,-110,u230,-112,u229.5,-110,u229.5,-110,u230.5,-110,u229.5,-115,u230,-112
Fri Nov 3 2023,Memphis Grizzlies,113,Portland Trail Blazers,115,o219.5,-110,o220,-110,o219.5,-110,o219.5,-115,o220,-110,o219.5,-110,o219.5,-115,o219.5,-110,u219.5,-110,u220,-110,u219.5,-110,u219.5,-105,u220,-110,u219.5,-110,u219.5,-115,u219.5,-110
Sat Nov 4 2023,Phoenix Suns,100,Philadelphia 76ers,112,o222,-110,o220.5,-110,o220.5,-110,o220.5,-110,o221,-110,o220.5,-115,o220,-110,o220.5,-110,u222,-110,u220.5,-110,u220.5,-110,u220.5,-110,u221,-110,u220.5,-105,u220,-110,u220.5,-110
Sat Nov 4 2023,Charlotte Hornets,125,Indiana Pacers,124,o236.5,-110,o240.5,-110,o241.5,-110,o240.5,-115,o240.5,-110,o241.5,-105,o241,-112,o241.5,-110,u236.5,-110,u240.5,-110,u241.5,-110,u240.5,-105,u240.5,-110,u241.5,-115,u241,-109,u241.5,-110
Sat Nov 4 2023,Atlanta Hawks,123,New Orleans Pelicans,105,o230.5,-110,o237.5,-110,o237.5,-110,o237.5,-110,o237.5,-110,o237.5,-110,o237.5,-109,o237.5,-110,u230.5,-110,u237.5,-110,u237.5,-110,u237.5,-110,u237.5,-110,u237.5,-110,u237.5,-112,u237.5,-110
Sat Nov 4 2023,Los Angeles Lakers,101,Orlando Magic,120,o218,-110,o222.5,-110,o222.5,-108,o222.5,-110,o223,-110,o222.5,-110,o223,-108,o222.5,-108,u218,-110,u222.5,-110,u222.5,-112,u222.5,-110,u223,-110,u222.5,-110,u223,-113,u222.5,-112
Sat Nov 4 2023,Boston Celtics,124,Brooklyn Nets,114,o230,-110,o227,-110,o227,-110,o226.5,-115,o227,-110,o227.5,-105,o227.5,-109,o227,-110,u230,-110,u227,-110,u227,-110,u226.5,-105,u227,-110,u227.5,-115,u227.5,-112,u227,-110
Sat Nov 4 2023,Sacramento Kings,89,Houston Rockets,107,o219.5,-110,o221,-110,o220.5,-110,o220.5,-115,o221,-110,o221.5,-105,o221,-112,o220.5,-110,u219.5,-110,u221,-110,u220.5,-110,u220.5,-105,u221,-110,u221.5,-115,u221,-109,u220.5,-110
Sat Nov 4 2023,Utah Jazz,95,Minnesota Timberwolves,123,o226.5,-110,o225,-110,o224.5,-110,o224.5,-110,o225,-110,o224.5,-110,o224.5,-112,o224.5,-110,u226.5,-110,u225,-110,u224.5,-110,u224.5,-110,u225,-110,u224.5,-110,u224.5,-109,u224.5,-110
Sat Nov 4 2023,Chicago Bulls,101,Denver Nuggets,123,o216.5,-110,o217.5,-110,o217.5,-108,o217.5,-110,o217.5,-110,o217.5,-110,o218,-112,o217.5,-108,u216.5,-110,u217.5,-110,u217.5,-112,u217.5,-110,u217.5,-110,u217.5,-110,u218,-109,u217.5,-112
Sun Nov 5 2023,Phoenix Suns,120,Detroit Pistons,106,o223.5,-110,o218.5,-110,o218,-110,o218.5,-110,o217.5,-110,o219,-112,o219.5,-115,o218,-110,u223.5,-110,u218.5,-110,u218,-110,u218.5,-110,u217.5,-110,u219,-108,u219.5,-106,u218,-110
Sun Nov 5 2023,Toronto Raptors,123,San Antonio Spurs,116,o223.5,-110,o222.5,-110,o222,-110,o222.5,-110,o222.5,-115,o222.5,-115,o222,-112,o222,-110,u223.5,-110,u222.5,-110,u222,-110,u222.5,-110,u222.5,-105,u222.5,-105,u222,-109,u222,-110
Sun Nov 5 2023,Golden State Warriors,104,Cleveland Cavaliers,115,o228,-110,o222.5,-110,o223,-110,o220.5,-110,o222,-105,o222.5,-110,o222.5,-108,o223,-110,u228,-110,u222.5,-110,u223,-110,u220.5,-110,u222,-115,u222.5,-110,u222.5,-113,u223,-110
Sun Nov 5 2023,Charlotte Hornets,118,Dallas Mavericks,124,o236,-110,o235,-110,o235,-110,o235.5,-110,o235,-110,o234,-110,o235,-108,o235,-110,u236,-110,u235,-110,u235,-110,u235.5,-110,u235,-110,u234,-110,u235,-113,u235,-110
Sun Nov 5 2023,Memphis Grizzlies,112,Portland Trail Blazers,100,o219.5,-110,o219,-110,o219,-108,o218.5,-115,o219,-115,o218.5,-115,o218.5,-113,o219,-108,u219.5,-110,u219,-110,u219,-112,u218.5,-105,u219,-105,u218.5,-105,u218.5,-108,u219,-112
Mon Nov 6 2023,Golden State Warriors,120,Detroit Pistons,109,o228.5,-110,o223.5,-110,o224.5,-112,o223.5,-115,o223.5,-105,o225.5,-105,o224.5,-112,o224.5,-112,u228.5,-110,u223.5,-110,u224.5,-108,u223.5,-105,u223.5,-115,u225.5,-115,u224.5,-109,u224.5,-108
Mon Nov 6 2023,San Antonio Spurs,111,Indiana Pacers,152,o238.5,-110,o238.5,-110,o239,-108,o238.5,-110,o239,-110,o238.5,-105,o238.5,-110,o239,-108,u238.5,-110,u238.5,-110,u239,-112,u238.5,-110,u239,-110,u238.5,-115,u238.5,-110,u239,-112
Mon Nov 6 2023,Dallas Mavericks,117,Orlando Magic,102,o224.5,-110,o230.5,-110,o230.5,-110,o230.5,-115,o230.5,-115,o229.5,-110,o229.5,-113,o230.5,-110,u224.5,-110,u230.5,-110,u230.5,-110,u230.5,-105,u230.5,-105,u229.5,-110,u229.5,-108,u230.5,-110
Mon Nov 6 2023,Washington Wizards,128,Philadelphia 76ers,146,o226.5,-110,o229,-110,o229,-110,o229.5,-115,o229,-115,o229.5,-110,o228.5,-110,o229,-110,u226.5,-110,u229,-110,u229,-110,u229.5,-105,u229,-105,u229.5,-110,u228.5,-110,u229,-110
Mon Nov 6 2023,Milwaukee Bucks,129,Brooklyn Nets,125,o229.5,-110,o232.5,-110,o232.5,-110,o233.5,-110,o233,-105,o234,-110,o232.5,-115,o232.5,-110,u229.5,-110,u232.5,-110,u232.5,-110,u233.5,-110,u233,-115,u234,-110,u232.5,-115,u232.5,-110
Mon Nov 6 2023,Los Angeles Lakers,107,Miami Heat,108,o222.5,-110,o222.5,-110,o222.5,-110,o222.5,-110,o222.5,-105,o222.5,-110,o222.5,-110,o222.5,-110,u222.5,-110,u222.5,-110,u222.5,-110,u222.5,-110,u222.5,-115,u222.5,-110,u222.5,-110,u222.5,-110
Mon Nov 6 2023,Los Angeles Clippers,97,New York Knicks,111,o226.5,-110,o223.5,-110,o223,-110,o223.5,-110,o223.5,-105,o223.5,-110,o223.5,-115,o223,-110,u226.5,-110,u223.5,-110,u223,-110,u223.5,-110,u223.5,-115,u223.5,-110,u223.5,-115,u223,-110
Mon Nov 6 2023,Utah Jazz,113,Chicago Bulls,130,o223.5,-110,o222.5,-110,o223,-112,o222.5,-115,o222.5,-110,o223.5,-110,o231.5,-117,o223,-112,u223.5,-110,u222.5,-110,u223,-108,u222.5,-105,u222.5,-110,u223.5,-110,u231.5,-117,u223,-108
Mon Nov 6 2023,Sacramento Kings,97,Houston Rockets,122,o218.5,-110,o217.5,-110,o217.5,-108,o217.5,-115,o217.5,-105,o218.5,-105,o218,-114,o217.5,-108,u218.5,-110,u217.5,-110,u217.5,-112,u217.5,-105,u217.5,-115,u218.5,-115,u218,-120,u217.5,-112
Mon Nov 6 2023,Boston Celtics,109,Minnesota Timberwolves,114,o226.5,-112,o222,-110,o222,-110,o221.5,-115,o222,-110,o221.5,-115,o222,-110,o222,-110,u226.5,-108,u222,-110,u222,-110,u221.5,-105,u222,-110,u221.5,-105,u222,-110,u222,-110
Mon Nov 6 2023,Atlanta Hawks,117,Oklahoma City Thunder,126,o236.5,-110,o243,-110,o243,-110,o242.5,-115,o243,-110,o243.5,-105,o243.5,-110,o243,-110,u236.5,-110,u243,-110,u243,-110,u242.5,-105,u243,-110,u243.5,-115,u243.5,-110,u243,-110
Mon Nov 6 2023,New Orleans Pelicans,116,Denver Nuggets,134,o223.5,-110,o222,-110,o222,-108,o221.5,-115,o222,-115,o222.5,-105,o222,-113,o222,-108,u223.5,-110,u222,-110,u222,-112,u221.5,-105,u222,-105,u222.5,-115,u222,-108,u222,-112
Wed Nov 8 2023,Washington Wizards,132,Charlotte Hornets,116,o240,-112,o239,-110,o239,-110,o239.5,-110,o239,-110,o238.5,-115,o239.5,-108,o239,-110,u240,-108,u239,-110,u239,-110,u239.5,-110,u239,-110,u238.5,-105,u239.5,-113,u239,-110
Wed Nov 8 2023,Utah Jazz,118,Indiana Pacers,134,o240.5,-110,o243,-110,o243,-110,o242.5,-115,o242,-110,o242.5,-115,o242.5,-113,o243,-110,u240.5,-110,u243,-110,u243,-110,u242.5,-105,u242,-110,u242.5,-105,u242.5,-108,u243,-110
Wed Nov 8 2023,Boston Celtics,103,Philadelphia 76ers,106,o228,-110,o229.5,-110,o229.5,-108,o229.5,-110,o229,-110,o229.5,-110,o228.5,-112,o229.5,-108,u228,-110,u229.5,-110,u229.5,-112,u229.5,-110,u229,-110,u229.5,-110,u228.5,-109,u229.5,-112
Wed Nov 8 2023,Los Angeles Clippers,93,Brooklyn Nets,100,o226.5,-110,o231.5,-110,o231.5,-110,o231.5,-110,o231.5,-110,o231.5,-110,o231.5,-110,o231.5,-110,u226.5,-110,u231.5,-110,u231.5,-110,u231.5,-110,u231.5,-110,u231.5,-110,u231.5,-110,u231.5,-110
Wed Nov 8 2023,San Antonio Spurs,105,New York Knicks,126,o224,-112,o224.5,-110,o223.5,-110,o224.5,-110,o225,-110,o223.5,-105,o223.5,-112,o223.5,-110,u224,-108,u224.5,-110,u223.5,-110,u224.5,-110,u225,-110,u223.5,-115,u223.5,-109,u223.5,-110
Wed Nov 8 2023,Phoenix Suns,116,Chicago Bulls,115,o223.5,-110,o218,-110,o218,-108,o218.5,-105,o218,-105,o217.5,-115,o219,-109,o218,-108,u223.5,-110,u218,-110,u218,-112,u218.5,-115,u218,-115,u217.5,-105,u219,-112,u218,-112
Wed Nov 8 2023,Los Angeles Lakers,94,Houston Rockets,128,o221.5,-110,o223.5,-110,o222,-110,o222.5,-110,o222.5,-110,o223,-110,o224,-109,o222,-110,u221.5,-110,u223.5,-110,u222,-110,u222.5,-110,u222.5,-110,u223,-110,u224,-112,u222,-110
Wed Nov 8 2023,Miami Heat,108,Memphis Grizzlies,102,o223.5,-110,o217,-110,o217,-108,o216.5,-115,o217,-110,o216.5,-110,o217.5,-113,o217,-108,u223.5,-110,u217,-110,u217,-112,u216.5,-105,u217,-110,u216.5,-110,u217.5,-108,u217,-112
Wed Nov 8 2023,Detroit Pistons,118,Milwaukee Bucks,120,o229,-110,o226.5,-110,o227,-110,o227.5,-110,o227,-110,o227.5,-115,o226.5,-110,o227,-110,u229,-110,u226.5,-110,u227,-110,u227.5,-110,u227,-110,u227.5,-105,u226.5,-110,u227,-110
Wed Nov 8 2023,New Orleans Pelicans,101,Minnesota Timberwolves,122,o223.5,-110,o215.5,-110,o216,-110,o215.5,-115,o215.5,-110,o216.5,-105,o216,-110,o216,-110,u223.5,-110,u215.5,-110,u216,-110,u215.5,-105,u215.5,-110,u216.5,-115,u216,-113,u216,-110
Wed Nov 8 2023,Cleveland Cavaliers,120,Oklahoma City Thunder,128,o235,-112,o228,-110,o227.5,-108,o227.5,-110,o228,-110,o227.5,-115,o228,-110,o227.5,-108,u235,-108,u228,-110,u227.5,-112,u227.5,-110,u228,-110,u227.5,-105,u228,-110,u227.5,-112
Wed Nov 8 2023,Toronto Raptors,127,Dallas Mavericks,116,o221.5,-110,o225.5,-110,o225.5,-110,o225.5,-110,o225.5,-110,o225.5,-115,o226.5,-108,o225.5,-110,u221.5,-110,u225.5,-110,u225.5,-110,u225.5,-110,u225.5,-110,u225.5,-105,u226.5,-113,u225.5,-110
Wed Nov 8 2023,Golden State Warriors,105,Denver Nuggets,108,o228.5,-110,o228,-110,o228,-108,o227.5,-115,o227,-110,o227,-115,o227,-113,o228,-108,u228.5,-110,u228,-110,u228,-112,u227.5,-105,u227,-110,u227,-105,u227,-108,u228,-112
Wed Nov 8 2023,Portland Trail Blazers,118,Sacramento Kings,121,o223.5,-110,o221,-110,o220.5,-112,o220.5,-110,o221.5,-110,o221,-110,o221.5,-110,o220.5,-112,u223.5,-110,u221,-110,u220.5,-108,u220.5,-110,u221.5,-110,u221,-110,u221.5,-110,u220.5,-108
Thu Nov 9 2023,Milwaukee Bucks,124,Indiana Pacers,126,o242,-110,o239.5,-110,o239.5,-110,o239.5,-110,o239.5,-110,o239.5,-105,o239.5,-110,o239.5,-110,u242,-110,u239.5,-110,u239.5,-110,u239.5,-110,u239.5,-110,u239.5,-115,u239.5,-110,u239.5,-110
Thu Nov 9 2023,Atlanta Hawks,120,Orlando Magic,119,o231,-110,o233,-110,o232.5,-108,o232.5,-115,o233,-110,o232.5,-115,o232.5,-112,o232.5,-108,u231,-110,u233,-110,u232.5,-112,u232.5,-105,u233,-110,u232.5,-105,u232.5,-112,u232.5,-112
Fri Nov 10 2023,Philadelphia 76ers,114,Detroit Pistons,106,o222.5,-110,o224.5,-110,o224,-112,o224.5,-110,o224.5,-110,o224.5,-110,o224.5,-112,o224,-112,u222.5,-110,u224.5,-110,u224,-108,u224.5,-110,u224.5,-110,u224.5,-110,u224.5,-109,u224,-108
Fri Nov 10 2023,Charlotte Hornets,124,Washington Wizards,117,o241,-112,o240,-110,o240.5,-110,o240.5,-110,o240,-110,o240.5,-110,o240,-113,o240.5,-110,u241,-108,u240,-110,u240.5,-110,u240.5,-110,u240,-110,u240.5,-110,u240,-108,u240.5,-110
Fri Nov 10 2023,Brooklyn Nets,107,Boston Celtics,121,o223.5,-110,o229.5,-110,o229.5,-110,o229.5,-115,o229.5,-110,o228.5,-115,o229.5,-115,o229.5,-110,u223.5,-110,u229.5,-110,u229.5,-110,u229.5,-105,u229.5,-110,u228.5,-105,u229.5,-115,u229.5,-110
Fri Nov 10 2023,New Orleans Pelicans,101,Houston Rockets,104,o220,-110,o219,-110,o219.5,-110,o218.5,-115,o219.5,-110,o220.5,-105,o220,-112,o219.5,-110,u220,-110,u219,-110,u219.5,-110,u218.5,-105,u219.5,-110,u220.5,-115,u220,-109,u219.5,-110
Fri Nov 10 2023,Utah Jazz,127,Memphis Grizzlies,121,o229.5,-112,o230.5,-110,o230.5,-112,o229.5,-115,o230.5,-110,o229.5,-110,o230.5,-112,o230.5,-112,u229.5,-108,u230.5,-110,u230.5,-108,u229.5,-105,u230.5,-110,u229.5,-110,u230.5,-109,u230.5,-108
Fri Nov 10 2023,Minnesota Timberwolves,117,San Antonio Spurs,110,o226.5,-112,o225,-110,o225,-112,o224.5,-115,o225,-110,o224.5,-110,o225,-109,o225,-112,u226.5,-108,u225,-110,u225,-108,u224.5,-105,u225,-110,u224.5,-110,u225,-112,u225,-108
Fri Nov 10 2023,Los Angeles Clippers,126,Dallas Mavericks,144,o232,-110,o235.5,-110,o236.5,-110,o235.5,-115,o235.5,-110,o235.5,-110,o236,-113,o236.5,-110,u232,-110,u235.5,-110,u236.5,-110,u235.5,-105,u235.5,-110,u235.5,-110,u236,-108,u236.5,-110
Fri Nov 10 2023,Los Angeles Lakers,122,Phoenix Suns,119,o222.5,-110,o225,-110,o224.5,-110,o224.5,-115,o225,-110,o224.5,-110,o224.5,-109,o224.5,-110,u222.5,-110,u225,-110,u224.5,-110,u224.5,-105,u225,-110,u224.5,-110,u224.5,-112,u224.5,-110
Fri Nov 10 2023,Oklahoma City Thunder,98,Sacramento Kings,105,o225.5,-110,o232.5,-110,o232.5,-108,o232.5,-115,o232.5,-110,o232.5,-110,o232.5,-115,o232.5,-108,u225.5,-110,u232.5,-110,u232.5,-112,u232.5,-105,u232.5,-110,u232.5,-110,u232.5,-115,u232.5,-112
Sat Nov 11 2023,Milwaukee Bucks,97,Orlando Magic,112,o232,-110,o227,-110,o226.5,-110,o226.5,-115,o226.5,-110,o226.5,-115,o226.5,-113,o226.5,-110,u232,-110,u227,-110,u226.5,-110,u226.5,-105,u226.5,-110,u226.5,-105,u226.5,-108,u226.5,-110
Sat Nov 11 2023,Toronto Raptors,94,Boston Celtics,117,o221,-110,o223,-110,o222.5,-112,o222.5,-110,o222.5,-110,o223.5,-115,o223,-110,o222.5,-112,u221,-110,u223,-110,u222.5,-108,u222.5,-110,u222.5,-110,u223.5,-105,u223,-110,u222.5,-108
Sat Nov 11 2023,Miami Heat,117,Atlanta Hawks,109,o228,-110,o227.5,-110,o227.5,-112,o227.5,-115,o227.5,-110,o227.5,-115,o227.5,-109,o227.5,-112,u228,-110,u227.5,-110,u227.5,-108,u227.5,-105,u227.5,-110,u227.5,-105,u227.5,-112,u227.5,-108
Sat Nov 11 2023,Cleveland Cavaliers,118,Golden State Warriors,110,o222.5,-110,o224.5,-110,o224,-110,o224.5,-110,o224.5,-110,o224.5,-110,o224.5,-108,o224,-110,u222.5,-110,u224.5,-110,u224,-110,u224.5,-110,u224.5,-110,u224.5,-110,u224.5,-113,u224,-110
Sun Nov 12 2023,Charlotte Hornets,107,New York Knicks,129,o224,-110,o224.5,-110,o224,-108,o224.5,-110,o224,-110,o224.5,-110,o224.5,-109,o224,-108,u224,-110,u224.5,-110,u224,-112,u224.5,-110,u224,-110,u224.5,-110,u224.5,-112,u224,-112
Sun Nov 12 2023,Washington Wizards,94,Brooklyn Nets,102,o233.5,-110,o233,-110,o233.5,-108,o232.5,-115,o232.5,-110,o233.5,-110,o233.5,-110,o233.5,-108,u233.5,-110,u233,-110,u233.5,-112,u232.5,-105,u232.5,-110,u233.5,-110,u233.5,-110,u233.5,-112
Sun Nov 12 2023,Memphis Grizzlies,105,Los Angeles Clippers,101,o228.5,-110,o224,-110,o224.5,-110,o224.5,-110,o224,-110,o224.5,-115,o224.5,-109,o224.5,-110,u228.5,-110,u224,-110,u224.5,-110,u224.5,-110,u224,-110,u224.5,-105,u224.5,-112,u224.5,-110
Sun Nov 12 2023,Indiana Pacers,126,Philadelphia 76ers,137,o236.5,-110,o237,-110,o237,-112,o237.5,-115,o237.5,-110,o237.5,-105,o239,-112,o237,-112,u236.5,-110,u237,-110,u237,-108,u237.5,-105,u237.5,-110,u237.5,-115,u239,-109,u237,-108
Sun Nov 12 2023,Detroit Pistons,108,Chicago Bulls,119,o219,-110,o220.5,-110,o219.5,-110,o219.5,-115,o220,-110,o219.5,-115,o220.5,-112,o219.5,-110,u219,-110,u220.5,-110,u219.5,-110,u219.5,-105,u220,-110,u219.5,-105,u220.5,-112,u219.5,-110
Sun Nov 12 2023,Denver Nuggets,104,Houston Rockets,107,o216.5,-112,o215.5,-110,o215.5,-105,o215.5,-110,o216,-115,o215.5,-108,o216.5,-112,o215.5,-105,u216.5,-108,u215.5,-110,u215.5,-115,u215.5,-110,u216,-105,u215.5,-112,u216.5,-109,u215.5,-115
Sun Nov 12 2023,Dallas Mavericks,136,New Orleans Pelicans,124,o232,-110,o236.5,-110,o237,-108,o236.5,-115,o237,-110,o237.5,-105,o236,-114,o237,-108,u232,-110,u236.5,-110,u237,-112,u236.5,-105,u237,-110,u237.5,-115,u236,-109,u237,-112
Sun Nov 12 2023,Miami Heat,118,San Antonio Spurs,113,o225.5,-110,o222,-110,o221.5,-114,o221.5,-115,o223,-110,o222.5,-108,o222,-110,o221.5,-114,u225.5,-110,u222,-110,u221.5,-106,u221.5,-105,u223,-110,u222.5,-112,u222,-110,u221.5,-106
Sun Nov 12 2023,Oklahoma City Thunder,111,Phoenix Suns,99,o235,-112,o231.5,-110,o231.5,-112,o231.5,-115,o231.5,-110,o232,-115,o232.5,-110,o231.5,-112,u235,-110,u231.5,-110,u231.5,-108,u231.5,-105,u231.5,-110,u232,-105,u232.5,-110,u231.5,-108
Sun Nov 12 2023,Minnesota Timberwolves,116,Golden State Warriors,110,o223.5,-110,o222,-110,o222,-110,o221.5,-115,o221.5,-110,o221.5,-115,o221.5,-113,o222,-110,u223.5,-110,u222,-110,u222,-110,u221.5,-105,u221.5,-110,u221.5,-105,u221.5,-108,u222,-110
Sun Nov 12 2023,Portland Trail Blazers,110,Los Angeles Lakers,116,o219.5,-110,o220.5,-110,o220.5,-110,o221.5,-110,o221,-110,o220.5,-115,o220.5,-115,o220.5,-110,u219.5,-110,u220.5,-110,u220.5,-110,u221.5,-110,u221,-110,u220.5,-105,u220.5,-115,u220.5,-110
Mon Nov 13 2023,New York Knicks,98,Boston Celtics,114,N/A,o220.5,-110,o220,-110,o220.5,-110,o220.5,-110,o220.5,-110,o220.5,-112,o220,-110,N/A,u220.5,-110,u220,-110,u220.5,-110,u220.5,-110,u220.5,-110,u220.5,-109,u220,-110,,
Mon Nov 13 2023,Washington Wizards,107,Toronto Raptors,111,N/A,o230.5,-110,o230.5,-110,o230.5,-110,o230.5,-115,o230.5,-110,o229,-118,o230.5,-110,N/A,u230.5,-110,u230.5,-110,u230.5,-110,u230.5,-105,u230.5,-110,u229,-113,u230.5,-110,,
Mon Nov 13 2023,Chicago Bulls,109,Milwaukee Bucks,118,N/A,o230.5,-110,o230.5,-112,o230.5,-110,o230.5,-115,o230.5,-105,o231.5,-110,o230.5,-112,N/A,u230.5,-110,u230.5,-108,u230.5,-110,u230.5,-105,u230.5,-115,u231.5,-110,u230.5,-108,,
Mon Nov 13 2023,Cleveland Cavaliers,120,Sacramento Kings,132,N/A,o229,-110,o229,-110,o229.5,-110,o230,-110,o229,-110,o229.5,-109,o229,-110,N/A,u229,-110,u229,-110,u229.5,-110,u230,-110,u229,-110,u229.5,-112,u229,-110,,
Tue Nov 14 2023,Miami Heat,111,Charlotte Hornets,105,o225.5,-110,o221.5,-110,o221.5,-110,o221.5,-115,o221.5,-105,o221,-110,o221.5,-120,o221.5,-110,u225.5,-110,u221.5,-110,u221.5,-110,u221.5,-105,u221.5,-115,u221,-110,u221.5,-113,u221.5,-110
Tue Nov 14 2023,Atlanta Hawks,126,Detroit Pistons,120,o233,-110,o225.5,-110,o225,-112,o225.5,-110,o225.5,-110,o224.5,-115,o225.5,-115,o225,-112,u233,-110,u225.5,-110,u225,-108,u225.5,-110,u225.5,-110,u224.5,-105,u225.5,-115,u225,-108
Tue Nov 14 2023,Indiana Pacers,132,Philadelphia 76ers,126,o240.5,-110,o240.5,-110,o241,-110,o240.5,-110,o241.5,-115,o240,-110,o240.5,-112,o241,-110,u240.5,-110,u240.5,-110,u241,-110,u240.5,-110,u241.5,-105,u240,-110,u240.5,-109,u241,-110
Tue Nov 14 2023,Orlando Magic,104,Brooklyn Nets,124,o219,-110,o218,-110,o218,-108,o218.5,-110,o216.5,-115,o218.5,-115,o217.5,-115,o218,-108,u219,-110,u218,-110,u218,-112,u218.5,-110,u216.5,-105,u218.5,-105,u217.5,-115,u218,-112
Tue Nov 14 2023,San Antonio Spurs,87,Oklahoma City Thunder,123,o237,-110,o237.5,-110,o237,-110,o237.5,-110,o236.5,-105,o237.5,-115,o238.5,-110,o237,-110,u237,-110,u237.5,-110,u237,-110,u237.5,-110,u236.5,-115,u237.5,-105,u238.5,-110,u237,-110
Tue Nov 14 2023,Dallas Mavericks,110,New Orleans Pelicans,131,o240,-110,o239,-110,o239.5,-112,o239.5,-110,o239,-110,o239.5,-110,o239,-109,o239.5,-112,u240,-110,u239,-110,u239.5,-108,u239.5,-110,u239,-110,u239.5,-110,u239,-112,u239.5,-108
Tue Nov 14 2023,Portland Trail Blazers,99,Utah Jazz,115,o229,-110,o230.5,-110,o230,-110,o230.5,-110,o230.5,-105,o230,-112,o230,-114,o230,-110,u229,-110,u230.5,-110,u230,-110,u230.5,-110,u230.5,-115,u230,-108,u230,-109,u230,-110
Tue Nov 14 2023,Los Angeles Clippers,108,Denver Nuggets,111,o222.5,-110,o226,-110,o226,-110,o234.5,+195,o225.5,-115,o226.5,-105,o225.5,-112,o226,-110,u222.5,-110,u226,-110,u226,-110,u234.5,-250,u225.5,-105,u226.5,-115,u225.5,-109,u226,-110
Tue Nov 14 2023,Minnesota Timberwolves,104,Golden State Warriors,101,o221.5,-110,o216,-110,o215.5,-110,o215.5,-115,o216,-110,o216,-110,o216.5,-114,o215.5,-110,u221.5,-110,u216,-110,u215.5,-110,u215.5,-105,u216,-110,u216,-110,u216.5,-117,u215.5,-110
Tue Nov 14 2023,Memphis Grizzlies,107,Los Angeles Lakers,134,o226.5,-110,o226,-110,o225.5,-108,o225.5,-115,o225.5,-110,o226,-115,o225.5,-114,o225.5,-108,u226.5,-110,u226,-110,u225.5,-112,u225.5,-105,u225.5,-110,u226,-105,u225.5,-117,u225.5,-112
Wed Nov 15 2023,Dallas Mavericks,130,Washington Wizards,117,o242.5,-110,o242.5,-110,o243.5,-112,o242.5,-115,o243,-115,o243.5,-105,o242.5,-109,o243.5,-112,u242.5,-110,u242.5,-110,u243.5,-108,u242.5,-105,u243,-105,u243.5,-115,u242.5,-112,u243.5,-108
Wed Nov 15 2023,New York Knicks,116,Atlanta Hawks,114,o231,-110,o229,-110,o229,-110,o229.5,-110,o228.5,-110,o229.5,-110,o229.5,-112,o229,-110,u231,-110,u229,-110,u229,-110,u229.5,-110,u228.5,-110,u229.5,-110,u229.5,-109,u229,-110
Wed Nov 15 2023,Boston Celtics,117,Philadelphia 76ers,107,o224,-110,o223.5,-110,o223.5,-110,o223.5,-110,o223.5,-110,o223.5,-115,o223.5,-114,o223.5,-110,u224,-110,u223.5,-110,u223.5,-110,u223.5,-110,u223.5,-110,u223.5,-105,u223.5,-117,u223.5,-110
Wed Nov 15 2023,Milwaukee Bucks,128,Toronto Raptors,112,o225.5,-110,o225,-110,o224.5,-112,o224.5,-115,o225,-110,o224.5,-115,o224.5,-110,o224.5,-112,u225.5,-110,u225,-110,u224.5,-108,u224.5,-105,u225,-110,u224.5,-105,u224.5,-110,u224.5,-108
Wed Nov 15 2023,Orlando Magic,96,Chicago Bulls,94,o216,-110,o214.5,-110,o215.5,-110,o214.5,-115,o215,-110,o215.5,-105,o215.5,-108,o215.5,-110,u216,-110,u214.5,-110,u215.5,-110,u214.5,-105,u215,-110,u215.5,-115,u215.5,-113,u215.5,-110
Wed Nov 15 2023,Minnesota Timberwolves,115,Phoenix Suns,133,o230,-110,o223,-110,o223,-110,o222.5,-115,o223,-110,o222.5,-110,o223.5,-108,o223,-110,u230,-110,u223,-110,u223,-110,u222.5,-105,u223,-110,u222.5,-110,u223.5,-113,u223,-110
Wed Nov 15 2023,Sacramento Kings,125,Los Angeles Lakers,110,o232.5,-112,o238,-110,o237,-110,o238.5,-110,o238,-110,o237.5,-115,o235.5,-115,o237,-110,u232.5,-108,u238,-110,u237,-110,u238.5,-110,u238,-110,u237.5,-105,u235.5,-115,u237,-110
Wed Nov 15 2023,Cleveland Cavaliers,109,Portland Trail Blazers,95,o225,-110,o217,-110,o217.5,-112,o217.5,-110,o217,-105,o218,-110,o218.5,-110,o217.5,-112,u225,-110,u217,-110,u217.5,-108,u217.5,-110,u217,-115,u218,-110,u218.5,-110,u217.5,-108
Thu Nov 16 2023,Brooklyn Nets,115,Miami Heat,122,o220.5,-110,o215,-110,o214.5,-110,o214.5,-115,o215,-110,o214.5,-110,o214.5,-110,o214.5,-110,u220.5,-110,u215,-110,u214.5,-112,u214.5,-105,u215,-110,u214.5,-110,u214.5,-110,u214.5,-112
Thu Nov 16 2023,Oklahoma City Thunder,128,Golden State Warriors,109,o225.5,-112,o226.5,-110,o226,-108,o226.5,-110,o226,-110,o226.5,-110,o225.5,-110,o226,-108,u225.5,-108,u226.5,-110,u226,-112,u226.5,-110,u226,-110,u226.5,-110,u225.5,-110,u226,-112
Fri Nov 17 2023,Milwaukee Bucks,130,Charlotte Hornets,99,o234,-110,o243,-110,o243,-110,o242.5,-115,o243,-110,o243,-110,o242,-112,o243,-110,u234,-110,u243,-110,u243,-110,u242.5,-105,u243,-110,u243,-110,u242,-109,u243,-110
Fri Nov 17 2023,New York Knicks,120,Washington Wizards,99,o227.5,-110,o226,-110,o225.5,-110,o225.5,-110,o226,-110,o226,-112,o225.5,-114,o225.5,-110,u227.5,-110,u226,-110,u225.5,-112,u225.5,-110,u226,-110,u226,-108,u225.5,-115,u225.5,-112
Fri Nov 17 2023,Philadelphia 76ers,126,Atlanta Hawks,116,o234.5,-110,o236.5,-110,o236.5,-110,o236.5,-110,o236.5,-110,o236.5,-110,o236.5,-114,o236.5,-110,u234.5,-110,u236.5,-110,u236.5,-110,u236.5,-110,u236.5,-110,u236.5,-110,u236.5,-117,u236.5,-110
Fri Nov 17 2023,Detroit Pistons,100,Cleveland Cavaliers,108,o224.5,-110,o218.5,-110,o218.5,-110,o218.5,-110,o219,-110,o218.5,-105,o217,-110,o218.5,-110,u224.5,-110,u218.5,-110,u218.5,-110,u218.5,-110,u219,-110,u218.5,-115,u217,-110,u218.5,-110
Fri Nov 17 2023,Sacramento Kings,129,San Antonio Spurs,120,o233.5,-110,o238.5,-110,o238.5,-110,o238.5,-110,o238.5,-110,o238.5,-110,o238.5,-109,o238.5,-110,u233.5,-110,u238.5,-110,u238.5,-110,u238.5,-110,u238.5,-110,u238.5,-110,u238.5,-112,u238.5,-110
Fri Nov 17 2023,Boston Celtics,108,Toronto Raptors,105,o216,-110,o223.5,-110,o224,-110,o223.5,-115,o224,-110,o223.5,-110,o224.5,-108,o224,-110,u216,-110,u223.5,-110,u224,-110,u223.5,-105,u224,-110,u223.5,-110,u224.5,-113,u224,-110
Fri Nov 17 2023,Orlando Magic,103,Chicago Bulls,97,o218,-110,o215.5,-110,o215.5,-110,o215.5,-110,o215.5,-110,o216.5,-105,o215,-110,o215.5,-110,u218,-110,u215.5,-110,u215.5,-110,u215.5,-110,u215.5,-110,u216.5,-115,u215,-110,u215.5,-110
Fri Nov 17 2023,Denver Nuggets,110,New Orleans Pelicans,115,o223.5,-110,o226.5,-110,o226.5,-110,o226.5,-115,o226.5,-110,o227.5,-105,o226,-109,o226.5,-110,u223.5,-110,u226.5,-110,u226.5,-110,u226.5,-105,u226.5,-110,u227.5,-115,u226,-112,u226.5,-110
Fri Nov 17 2023,Los Angeles Lakers,107,Portland Trail Blazers,95,o222.5,-110,o226,-110,o227,-108,o226.5,-110,o226.5,-110,o226.5,-115,o225.5,-115,o227,-108,u222.5,-110,u226,-110,u227,-112,u226.5,-110,u226.5,-110,u226.5,-105,u225.5,-115,u227,-112
Fri Nov 17 2023,Phoenix Suns,131,Utah Jazz,128,o235.5,-110,o238.5,-110,o238.5,-108,o237.5,-115,o238.5,-110,o237.5,-110,o238,-108,o238.5,-108,u235.5,-110,u238.5,-110,u238.5,-112,u237.5,-105,u238.5,-110,u237.5,-110,u238,-113,u238.5,-112
Fri Nov 17 2023,Houston Rockets,100,Los Angeles Clippers,106,o217.5,-110,o218,-110,o217.5,-112,o217.5,-115,o218,-110,o218.5,-105,o218.5,-108,o217.5,-112,u217.5,-110,u218,-110,u217.5,-108,u217.5,-105,u218,-110,u218.5,-115,u218.5,-113,u217.5,-108
Sat Nov 18 2023,New York Knicks,122,Charlotte Hornets,108,o226.5,-110,o224.5,-110,o224.5,-118,o224.5,-110,o225,-110,o223.5,-110,o224.5,-113,o224.5,-118,u226.5,-110,u224.5,-110,u224.5,-110,u224.5,-110,u225,-110,u223.5,-110,u224.5,-108,u224.5,-110
Sat Nov 18 2023,Minnesota Timberwolves,121,New Orleans Pelicans,120,o222,-110,o220.5,-110,o221,-110,o220.5,-115,o221,-110,o220.5,-115,o221,-109,o221,-110,u222,-110,u220.5,-110,u221,-110,u220.5,-105,u221,-110,u220.5,-105,u221,-112,u221,-110
Sat Nov 18 2023,Miami Heat,97,Chicago Bulls,102,o213.5,-110,o212,-110,o212,-108,o212.5,-110,o212,-110,o212,-110,o213,-108,o212,-108,u213.5,-110,u212,-110,u212,-112,u212.5,-110,u212,-110,u212,-110,u213,-113,u212,-112
Sat Nov 18 2023,Dallas Mavericks,125,Milwaukee Bucks,132,o238.5,-110,o247,-110,o247.5,-108,o247.5,-110,o247,-110,o247.5,-105,o246,-113,o247.5,-108,u238.5,-110,u247,-110,u247.5,-112,u247.5,-110,u247,-110,u247.5,-115,u246,-108,u247.5,-112
Sat Nov 18 2023,Memphis Grizzlies,120,San Antonio Spurs,108,o223,-110,o225.5,-110,o226,-110,o226.5,-110,o225.5,-110,o226.5,-110,o226.5,-108,o226,-110,u223,-110,u225.5,-110,u226,-110,u226.5,-110,u225.5,-110,u226.5,-110,u226.5,-113,u226,-110
Sat Nov 18 2023,Oklahoma City Thunder,130,Golden State Warriors,123,o230.5,-110,o237.5,-110,o235.5,-110,o237.5,-110,o237.5,-110,o236.5,-115,o236,-114,o235.5,-110,u230.5,-110,u237.5,-110,u235.5,-110,u237.5,-110,u237.5,-110,u236.5,-105,u236,-117,u235.5,-110
Sun Nov 19 2023,Philadelphia 76ers,121,Brooklyn Nets,99,o225,-110,o223.5,-110,o224,-110,o224.5,-110,o224,-115,o224.5,-110,o223.5,-115,o224,-110,u225,-110,u223.5,-110,u224,-110,u224.5,-110,u224,-105,u224.5,-110,u223.5,-115,u224,-110
Sun Nov 19 2023,Detroit Pistons,113,Toronto Raptors,142,o217,-110,o219,-110,o219,-112,o218.5,-115,o219,-110,o219.5,-105,o219,-110,o219,-112,u217,-110,u219,-110,u219,-108,u218.5,-105,u219,-110,u219.5,-115,u219,-110,u219,-108
Sun Nov 19 2023,Orlando Magic,128,Indiana Pacers,116,o229.5,-110,o235,-110,o236,-108,o236.5,-105,o235,-115,o236.5,-110,o236.5,-113,o236,-108,u229.5,-110,u235,-110,u236,-112,u236.5,-115,u235,-105,u236.5,-110,u236.5,-108,u236,-112
Sun Nov 19 2023,Denver Nuggets,109,Cleveland Cavaliers,121,o216.5,-110,o214.5,-110,o215.5,-110,o215.5,-110,o215.5,-115,o215.5,-110,o215.5,-113,o215.5,-110,u216.5,-110,u214.5,-110,u215.5,-110,u215.5,-110,u215.5,-105,u215.5,-110,u215.5,-108,u215.5,-110
Sun Nov 19 2023,Sacramento Kings,129,Dallas Mavericks,113,o245.5,-110,o246.5,-110,o247,-110,o247.5,-110,o247,-115,o247.5,-115,o247,-110,o247,-110,u245.5,-110,u246.5,-110,u247,-110,u247.5,-110,u247,-105,u247.5,-105,u247,-110,u247,-110
Sun Nov 19 2023,Boston Celtics,102,Memphis Grizzlies,100,o222.5,-110,o222,-110,o221.5,-110,o222.5,-110,o222,-110,o222.5,-110,o222.5,-113,o221.5,-110,u222.5,-110,u222,-110,u221.5,-110,u222.5,-110,u222,-110,u222.5,-110,u222.5,-118,u221.5,-110
Sun Nov 19 2023,Phoenix Suns,140,Utah Jazz,137,o237.5,-110,o238.5,-110,o238.5,-118,o238.5,-110,o239,-110,o238.5,-110,o239.5,-114,o238.5,-118,u237.5,-110,u238.5,-110,u238.5,-110,u238.5,-110,u239,-110,u238.5,-110,u239.5,-117,u238.5,-110
Sun Nov 19 2023,Oklahoma City Thunder,134,Portland Trail Blazers,91,o226,-110,o224,-110,o223.5,-110,o223.5,-110,o224.5,-110,o223.5,-110,o223.5,-115,o223.5,-110,u226,-110,u224,-110,u223.5,-110,u223.5,-110,u224.5,-110,u223.5,-110,u223.5,-115,u223.5,-110
Sun Nov 19 2023,Houston Rockets,104,Los Angeles Lakers,105,o219.5,-110,o221.5,-110,o221.5,-110,o221.5,-110,o221.5,-110,o221.5,-105,o221,-108,o221.5,-110,u219.5,-110,u221.5,-110,u221.5,-110,u221.5,-110,u221.5,-110,u221.5,-115,u221,-113,u221.5,-110
Mon Nov 20 2023,Boston Celtics,118,Charlotte Hornets,121,o232.5,-110,o235,-110,o234.5,-110,o234.5,-115,o234.5,-115,o234.5,-105,o234.5,-108,o234.5,-110,u232.5,-110,u235,-110,u234.5,-110,u234.5,-105,u234.5,-105,u234.5,-115,u234.5,-113,u234.5,-110
Mon Nov 20 2023,Denver Nuggets,107,Detroit Pistons,103,o219.5,-110,o225.5,-110,o225.5,-112,o225.5,-115,o225.5,-115,o225.5,-110,o225,-110,o225.5,-112,u219.5,-110,u225.5,-110,u225.5,-108,u225.5,-105,u225.5,-105,u225.5,-110,u225,-110,u225.5,-108
Mon Nov 20 2023,Milwaukee Bucks,142,Washington Wizards,129,o241,-110,o245.5,-110,o246,-110,o245.5,-110,o245.5,-110,o246.5,-105,o246.5,-110,o246,-110,u241,-110,u245.5,-110,u246,-110,u245.5,-110,u245.5,-110,u246.5,-115,u246.5,-110,u246,-110
Mon Nov 20 2023,Miami Heat,118,Chicago Bulls,100,o211,-110,o210,-110,o209.5,-108,o210.5,-105,o209,-110,o209.5,-110,o209,-112,o209.5,-108,u211,-110,u210,-110,u209.5,-112,u210.5,-115,u209,-110,u209.5,-110,u209,-112,u209.5,-112
Mon Nov 20 2023,New York Knicks,100,Minnesota Timberwolves,117,o216,-110,o215,-110,o214.5,-110,o214.5,-110,o213.5,-110,o214.5,-115,o214.5,-114,o214.5,-110,u216,-110,u215,-110,u214.5,-110,u214.5,-110,u213.5,-110,u214.5,-105,u214.5,-117,u214.5,-110
Mon Nov 20 2023,Sacramento Kings,93,New Orleans Pelicans,129,o237,-110,o238,-110,o237.5,-110,o237.5,-110,o237.5,-115,o238.5,-105,o237,-108,o237.5,-110,u237,-110,u238,-110,u237.5,-110,u237.5,-110,u237.5,-105,u238.5,-115,u237,-113,u237.5,-110
Mon Nov 20 2023,Los Angeles Clippers,124,San Antonio Spurs,99,o228.5,-110,o230.5,-110,o230.5,-112,o230.5,-110,o230.5,-115,o231,-110,o230.5,-110,o230.5,-112,u228.5,-110,u230.5,-110,u230.5,-108,u230.5,-110,u230.5,-105,u231,-110,u230.5,-110,u230.5,-108
Mon Nov 20 2023,Houston Rockets,116,Golden State Warriors,121,o221,-110,o221,-110,o220.5,-110,o221.5,-105,o221,-110,o220.5,-110,o219.5,-108,o220.5,-110,u221,-110,u221,-110,u220.5,-110,u221.5,-115,u221,-110,u220.5,-110,u219.5,-113,u220.5,-110
Tue Nov 21 2023,Toronto Raptors,107,Orlando Magic,126,o216.5,-110,o216,-110,o215.5,-110,o216.5,-105,o216.5,-110,o215.5,-112,o215,-112,o215.5,-110,o215.5,-110,u216.5,-110,u216,-110,u215.5,-110,u216.5,-115,u216.5,-110,u215.5,-108,u215,-109
Tue Nov 21 2023,Indiana Pacers,157,Atlanta Hawks,152,o249.5,-110,o252,-110,o252.5,-108,o251.5,-115,o252.5,-110,o251.5,-115,o253.5,-109,o252.5,-105,o252.5,-108,u249.5,-110,u252,-110,u252.5,-112,u251.5,-105,u252.5,-110,u251.5,-105,u253.5,-112
Tue Nov 21 2023,Cleveland Cavaliers,122,Philadelphia 76ers,119,o216.5,-110,o218.5,-110,o218.5,-110,o218.5,-110,o218.5,-105,o219.5,-105,o219.5,-109,o219.5,-105,o218.5,-110,u216.5,-110,u218.5,-110,u218.5,-110,u218.5,-110,u218.5,-115,u219.5,-115,u219.5,-112
Tue Nov 21 2023,Portland Trail Blazers,107,Phoenix Suns,120,o225.5,-108,o223.5,-110,o223.5,-110,o223.5,-110,o223.5,-110,o223.5,-112,o223.5,-108,o223.5,-110,o223.5,-110,u225.5,-112,u223.5,-110,u223.5,-110,u223.5,-110,u223.5,-110,u223.5,-108,u223.5,-113
Tue Nov 21 2023,Utah Jazz,99,Los Angeles Lakers,131,o235.5,-110,o239,-110,o239.5,-110,o239.5,-110,o239.5,-115,o239,-112,o239.5,-108,o239.5,-110,o239.5,-110,u235.5,-110,u239,-110,u239.5,-110,u239.5,-110,u239.5,-105,u239,-108,u239.5,-113
Wed Nov 22 2023,Washington Wizards,114,Charlotte Hornets,117,o240.5,-110,o241.5,-110,o240.5,-108,o241.5,-110,o241,-110,o240.5,-115,o241.5,-114,o240.5,-115,o240.5,-108,u240.5,-110,u241.5,-110,u240.5,-112,u241.5,-110,u241,-110,u240.5,-105,u241.5,-117
Wed Nov 22 2023,Denver Nuggets,119,Orlando Magic,124,o218.5,-110,o219.5,-110,o219,-112,o219.5,-105,o220,-115,o218.5,-110,o217.5,-115,o218.5,-110,o219,-112,u218.5,-110,u219.5,-110,u219,-108,u219.5,-115,u220,-105,u218.5,-110,u217.5,-115
Wed Nov 22 2023,Brooklyn Nets,145,Atlanta Hawks,147,o232.5,-110,o236,-110,o236,-110,o236.5,-105,o236,-115,o236.5,-105,o237,-110,o236.5,-105,o236,-110,u232.5,-110,u236,-110,u236,-110,u236.5,-115,u236,-105,u236.5,-115,u237,-110
Wed Nov 22 2023,Milwaukee Bucks,116,Boston Celtics,119,o235.5,-110,o236.5,-110,o236.5,-108,o235.5,-115,o236.5,-115,o235.5,-110,o235.5,-108,o235.5,-110,o236.5,-108,u235.5,-110,u236.5,-110,u236.5,-112,u235.5,-105,u236.5,-105,u235.5,-110,u235.5,-113
Wed Nov 22 2023,Miami Heat,129,Cleveland Cavaliers,96,o214.5,-110,o213,-110,o213,-110,o212.5,-115,o213,-110,o212.5,-110,o213.5,-109,o212.5,-110,o213,-110,u214.5,-110,u213,-110,u213,-110,u212.5,-105,u213,-110,u212.5,-110,u213.5,-112
Wed Nov 22 2023,Toronto Raptors,132,Indiana Pacers,131,o236.5,-110,o242,-110,o242,-108,o241.5,-110,o242,-115,o242,-110,o241.5,-114,o241.5,-110,o242,-108,u236.5,-110,u242,-110,u242,-112,u241.5,-110,u242,-105,u242,-110,u241.5,-117
Wed Nov 22 2023,Memphis Grizzlies,91,Houston Rockets,111,o216.5,-110,o213.5,-110,o213,-112,o207.5,-185,o213,-110,o213.5,-105,o212.5,-108,o212.5,-115,o213,-112,u216.5,-110,u213.5,-110,u213,-108,u207.5,+150,u213,-110,u213.5,-115,u212.5,-113
Wed Nov 22 2023,Philadelphia 76ers,99,Minnesota Timberwolves,112,o220.5,-110,o221,-110,o221,-108,o220.5,-115,o221,-105,o221.5,-110,o220.5,-115,o220.5,-115,o221,-108,u220.5,-110,u221,-110,u221,-112,u220.5,-105,u221,-115,u221.5,-110,u220.5,-115
Wed Nov 22 2023,Sacramento Kings,112,New Orleans Pelicans,117,o231.5,-110,o235,-110,o235,-112,o235.5,-105,o235,-115,o234.5,-115,o235,-110,o234.5,-115,o235,-112,u231.5,-110,u235,-110,u235,-108,u235.5,-115,u235,-105,u234.5,-105,u235,-110
Wed Nov 22 2023,Chicago Bulls,102,Oklahoma City Thunder,116,o221.5,-110,o223,-110,o223,-110,o223.5,-105,o223,-110,o222,-112,o223,-108,o223.5,-110,o223,-110,u221.5,-110,u223,-110,u223,-110,u223.5,-115,u223,-110,u222,-108,u223,-112
Wed Nov 22 2023,Los Angeles Clippers,109,San Antonio Spurs,102,o230.5,-110,o231,-110,o231,-110,o231.5,-105,o231,-110,o231,-108,o231.5,-108,o230.5,-115,o231,-110,u230.5,-110,u231,-110,u231,-110,u231.5,-115,u231,-110,u231,-112,u231.5,-113
Wed Nov 22 2023,Golden State Warriors,115,Phoenix Suns,123,o232.5,-110,o233.5,-110,o233.5,-110,o233.5,-110,o233.5,-115,o233.5,-110,o233,-112,o233.5,-110,o233.5,-110,u232.5,-110,u233.5,-110,u233.5,-110,u233.5,-110,u233.5,-105,u233.5,-110,u233,-109
Wed Nov 22 2023,Utah Jazz,105,Portland Trail Blazers,121,o225.5,-110,o229,-110,o228,-112,o229.5,-105,o228.5,-105,o228,-112,o228.5,-110,o228.5,-110,o228,-112,u225.5,-110,u229,-110,u228,-108,u229.5,-115,u228.5,-115,u228,-108,u228.5,-110
Wed Nov 22 2023,Dallas Mavericks,104,Los Angeles Lakers,101,o236,-110,o244.5,-110,o244,-114,o244.5,-110,o244.5,-110,o241.5,-112,o245.5,-112,o244.5,-115,o244,-114,u236,-110,u244.5,-110,u244,-108,u244.5,-110,u244.5,-110,u241.5,-108,u245.5,-109
Fri Nov 24 2023,Boston Celtics,96,Orlando Magic,113,o223,-110,o221.5,-110,o221,-112,o222.5,-105,o221,-110,o221.5,-110,o221,-109,o221.5,-110,o221,-112,u223,-110,u221.5,-110,u221,-108,u222.5,-115,u221,-110,u221.5,-110,u221,-112
Fri Nov 24 2023,Phoenix Suns,110,Memphis Grizzlies,89,o224.5,-110,o221,-110,o220.5,-112,o229.5,+195,o221,-110,o220.5,-110,o221.5,-109,o220.5,-115,o220.5,-112,u224.5,-110,u221,-110,u220.5,-108,u229.5,-250,u221,-110,u220.5,-110,u221.5,-112
Fri Nov 24 2023,Miami Heat,98,New York Knicks,100,o210,-110,o209.5,-110,o209.5,-110,o209.5,-110,o210,-110,o210.5,-110,o209.5,-110,o210.5,-110,o209.5,-110,u210,-110,u209.5,-110,u209.5,-110,u209.5,-110,u210,-110,u210.5,-110,u209.5,-110
Fri Nov 24 2023,Chicago Bulls,108,Toronto Raptors,121,o217,-110,o218,-110,o218,-110,o218.5,-105,o217.5,-110,o217.5,-115,o217.5,-108,o217.5,-110,o218,-110,u217,-110,u218,-110,u218,-110,u218.5,-115,u217.5,-110,u217.5,-105,u217.5,-113
Fri Nov 24 2023,Denver Nuggets,86,Houston Rockets,105,o213,-110,o216,-110,o216.5,-110,o215.5,-115,o216,-110,o216.5,-110,o215.5,-109,o216.5,-110,o216.5,-110,u213,-110,u216,-110,u216.5,-110,u215.5,-105,u216,-110,u216.5,-110,u215.5,-112
Fri Nov 24 2023,Detroit Pistons,113,Indiana Pacers,136,o249.5,-110,o246.5,-110,o247,-110,o246.5,-110,o246.5,-110,o245.5,-110,o246.5,-115,o245.5,-110,o247,-110,u249.5,-110,u246.5,-110,u247,-110,u246.5,-110,u246.5,-110,u245.5,-110,u246.5,-115
Fri Nov 24 2023,Washington Wizards,128,Milwaukee Bucks,131,o247,-110,o248,-110,o248,-110,o248.5,-105,o248,-110,o248.5,-105,o249,-109,o247.5,-115,o248,-110,u247,-110,u248,-110,u248,-110,u248.5,-115,u248,-110,u248.5,-115,u249,-112
Fri Nov 24 2023,Sacramento Kings,124,Minnesota Timberwolves,111,o230.5,-110,o230.5,-110,o230.5,-110,o230.5,-105,o231,-110,o229.5,-110,o230,-112,o229.5,-110,o230.5,-110,u230.5,-110,u230.5,-110,u230.5,-110,u230.5,-115,u231,-110,u229.5,-110,u230,-109
Fri Nov 24 2023,San Antonio Spurs,112,Golden State Warriors,118,o233.5,-110,o237,-110,o236.5,-112,o237.5,-105,o236.5,-110,o236.5,-110,o236,-112,o236.5,-110,o236.5,-112,u233.5,-110,u237,-110,u236.5,-108,u237.5,-115,u236.5,-110,u236.5,-110,u236,-109
Fri Nov 24 2023,New Orleans Pelicans,116,Los Angeles Clippers,106,o223.5,-110,o228,-110,o228,-110,o228.5,-110,o228,-110,o224.5,-110,o228,-115,o224.5,-110,o228,-110,u223.5,-110,u228,-110,u228,-110,u228.5,-110,u228,-110,u224.5,-110,u228,-115
Sat Nov 25 2023,Philadelphia 76ers,127,Oklahoma City Thunder,123,o231.5,-110,o230,-110,o231,-110,o230.5,-115,o230,-110,o231.5,-105,o231,-112,o231.5,-110,o231,-110,u231.5,-110,u230,-110,u231,-110,u230.5,-105,u230,-110,u231.5,-115,u231,-109
Sat Nov 25 2023,Miami Heat,97,Brooklyn Nets,112,o220,-110,o216.5,-110,o217,-110,o216.5,-110,o217,-115,o216.5,-105,o217,-109,o216.5,-110,o217,-110,u220,-110,u216.5,-110,u217,-110,u216.5,-110,u217,-105,u216.5,-115,u217,-112
Sat Nov 25 2023,Atlanta Hawks,136,Washington Wizards,108,o246,-110,o248,-110,o248.5,-110,o249.5,-110,o248.5,-110,o250.5,-115,o251,-110,o251.5,-105,o248.5,-110,u246,-110,u248,-110,u248.5,-110,u249.5,-110,u248.5,-110,u250.5,-105,u251,-110
Sat Nov 25 2023,Los Angeles Lakers,121,Cleveland Cavaliers,115,o222.5,-110,o227.5,-110,o228,-108,o227.5,-110,o227.5,-110,o227.5,-110,o227,-110,o227.5,-110,o228,-108,u222.5,-110,u227.5,-110,u228,-112,u227.5,-110,u227.5,-110,u227.5,-110,u227,-110
Sat Nov 25 2023,New Orleans Pelicans,100,Utah Jazz,105,o235,-110,o227,-110,o227.5,-110,o227.5,-110,o227.5,-110,o227.5,-105,o226.5,-109,o227.5,-105,o227.5,-110,u235,-110,u227,-110,u227.5,-110,u227.5,-110,u227.5,-110,u227.5,-115,u226.5,-112
Sat Nov 25 2023,Dallas Mavericks,88,Los Angeles Clippers,107,o232,-110,o236.5,-110,o237,-108,o236.5,-110,o236.5,-115,o237.5,-105,o237,-115,o237.5,-110,o237,-108,u232,-110,u236.5,-110,u237,-112,u236.5,-110,u236.5,-105,u237.5,-115,u237,-115
Sun Nov 26 2023,Portland Trail Blazers,102,Milwaukee Bucks,108,o229,-110,o231.5,-110,o231.5,-110,o230.5,-115,o231.5,-115,o231.5,-110,o232,-110,o231.5,-110,o231.5,-110,u229,-110,u231.5,-110,u231.5,-110,u230.5,-105,u231.5,-105,u231.5,-110,u232,-110
Sun Nov 26 2023,Atlanta Hawks,103,Boston Celtics,113,o230.5,-108,o236.5,-110,o235.5,-108,o235.5,-115,o236,-110,o235,-115,o236,-109,o234.5,-115,o235.5,-108,u230.5,-112,u236.5,-110,u235.5,-112,u235.5,-105,u236,-110,u235,-105,u236,-112
Sun Nov 26 2023,Minnesota Timberwolves,119,Memphis Grizzlies,97,o217.5,-110,o217.5,-110,o217.5,-110,o217.5,-105,o218,-115,o217.5,-110,o217.5,-115,o217.5,-110,o217.5,-110,u217.5,-110,u217.5,-110,u217.5,-110,u217.5,-115,u218,-105,u217.5,-110,u217.5,-115
Sun Nov 26 2023,Phoenix Suns,116,New York Knicks,113,o217.5,-110,o219,-110,o218.5,-110,o219.5,-105,o219,-105,o219.5,-105,o218.5,-112,o218.5,-115,o218.5,-110,u217.5,-110,u219,-110,u218.5,-110,u219.5,-115,u219,-115,u219.5,-115,u218.5,-109
Sun Nov 26 2023,Charlotte Hornets,117,Orlando Magic,130,N/A,o228,-110,o228.5,-112,o228.5,-110,o228,-110,o227.5,-110,o227.5,-114,o227.5,-110,o228.5,-112,N/A,u228,-110,u228.5,-108,u228.5,-110,u228,-110,u227.5,-110,u227.5,-115,u227.5,-110
Sun Nov 26 2023,Chicago Bulls,109,Brooklyn Nets,118,o215,-110,o222,-110,o221.5,-110,o222.5,-110,o222,-115,o222.5,-115,o221,-109,o221.5,-110,o221.5,-110,u215,-110,u222,-110,u221.5,-110,u222.5,-110,u222,-105,u222.5,-105,u221,-112
Sun Nov 26 2023,Toronto Raptors,102,Cleveland Cavaliers,105,o217.5,-110,o222.5,-110,o222.5,-110,o222.5,-110,o223.5,-115,o222.5,-110,o222.5,-109,o222.5,-110,o222.5,-110,u217.5,-110,u222.5,-110,u222.5,-110,u222.5,-110,u223.5,-105,u222.5,-110,u222.5,-112
Sun Nov 26 2023,San Antonio Spurs,120,Denver Nuggets,132,o229.5,-110,o229,-110,o229.5,-110,o229.5,-115,o229,-110,o230,-110,o228.5,-110,o229.5,-110,o229.5,-110,u229.5,-110,u229,-110,u229.5,-110,u229.5,-105,u229,-110,u230,-110,u228.5,-110
Mon Nov 27 2023,Washington Wizards,126,Detroit Pistons,107,o235,-110,o236.5,-110,o236.5,-108,o236.5,-110,o236.5,-115,o237,-110,o236.5,-110,o237.5,-110,o236.5,-108,u235,-110,u236.5,-110,u236.5,-112,u236.5,-110,u236.5,-105,u237,-110,u236.5,-110
Mon Nov 27 2023,Portland Trail Blazers,114,Indiana Pacers,110,o240.5,-110,o240,-110,o240.5,-110,o240.5,-110,o241,-110,o241.5,-115,o239.5,-115,o240.5,-110,o240.5,-110,u240.5,-110,u240,-110,u240.5,-110,u240.5,-110,u241,-110,u241.5,-105,u239.5,-115
Mon Nov 27 2023,Los Angeles Lakers,94,Philadelphia 76ers,138,o232,-110,o231,-110,o230.5,-110,o230.5,-110,o230,even,o230.5,-110,o231,-109,o230.5,-110,o230.5,-110,u232,-110,u231,-110,u230.5,-110,u230.5,-110,u230,-120,u230.5,-110,u231,-112
Mon Nov 27 2023,New Orleans Pelicans,112,Utah Jazz,114,o229,-110,o232.5,-110,o232,-110,o232.5,-110,o232.5,-110,o232.5,-110,o232,-110,o232.5,-110,o232,-110,u229,-110,u232.5,-110,u232,-110,u232.5,-110,u232.5,-110,u232.5,-110,u232,-121
Mon Nov 27 2023,Denver Nuggets,113,Los Angeles Clippers,104,o218.5,-110,o217,-110,o217.5,-110,o217.5,-110,o217,-105,o218,-110,o217.5,-109,o217.5,-110,o217.5,-110,u218.5,-110,u217,-110,u217.5,-110,u217.5,-110,u217,-115,u218,-110,u217.5,-112
Tue Nov 28 2023,Chicago Bulls,97,Boston Celtics,124,o216.5,-110,o219.5,-110,o219,-110,o219.5,-110,o219,-110,o219.5,-110,o220,-113,o219.5,-110,o219,-110,u216.5,-110,u219.5,-110,u219,-110,u219.5,-110,u219,-110,u219.5,-110,u220,-108
Tue Nov 28 2023,Toronto Raptors,103,Brooklyn Nets,115,o221.5,-110,o223.5,-110,o223.5,-110,o223.5,-110,o224,-105,o223.5,-110,o223,-112,o223.5,-110,o223.5,-110,u221.5,-110,u223.5,-110,u223.5,-110,u223.5,-110,u224,-115,u223.5,-110,u223,-109
Tue Nov 28 2023,Atlanta Hawks,105,Cleveland Cavaliers,128,o235.5,-108,o238.5,-110,o238.5,-110,o238.5,-115,o238,-115,o238.5,-110,o238.5,-110,o238.5,-110,o238.5,-110,u235.5,-112,u238.5,-110,u238.5,-110,u238.5,-105,u238,-105,u238.5,-110,u238.5,-110
Tue Nov 28 2023,Milwaukee Bucks,131,Miami Heat,124,o226,-110,o230.5,-110,o230.5,-110,o230.5,-110,o231,-110,o230.5,-110,o230.5,-110,o230.5,-110,o230.5,-110,u226,-110,u230.5,-110,u230.5,-110,u230.5,-110,u231,-110,u230.5,-110,u230.5,-110
Tue Nov 28 2023,Charlotte Hornets,91,New York Knicks,115,o222,-110,o220.5,-110,o220,-112,o220.5,-115,o220.5,-105,o220.5,-110,o221,-113,o220.5,-110,o220,-112,u222,-110,u220.5,-110,u220,-108,u220.5,-105,u220.5,-115,u220.5,-110,u221,-108
Tue Nov 28 2023,Oklahoma City Thunder,103,Minnesota Timberwolves,106,o225.5,-110,o228.5,-110,o228.5,-110,o228.5,-110,o228.5,-115,o228.5,-110,o228.5,-115,o228.5,-110,o228.5,-110,u225.5,-110,u228.5,-110,u228.5,-110,u228.5,-110,u228.5,-105,u228.5,-110,u228.5,-115
Tue Nov 28 2023,Houston Rockets,115,Dallas Mavericks,121,o233,-110,o227.5,-110,o227.5,-112,o227.5,-110,o227.5,-110,o227.5,-115,o228,-109,o227.5,-115,o227.5,-112,u233,-110,u227.5,-110,u227.5,-108,u227.5,-110,u227.5,-110,u227.5,-105,u228,-114
Tue Nov 28 2023,Golden State Warriors,123,Sacramento Kings,124,o239,-110,o238,-110,o237.5,-112,o238.5,-105,o238.5,-115,o237.5,-115,o238,-115,o237.5,-110,o237.5,-112,u239,-110,u238,-110,u237.5,-108,u238.5,-115,u238.5,-105,u237.5,-105,u238,-115
Wed Nov 29 2023,Los Angeles Lakers,133,Detroit Pistons,107,o228.5,-110,o229.5,-110,o229,-110,o229.5,-110,o229.5,-110,o230,-112,o229.5,-108,o230.5,-105,o229,-110,u228.5,-110,u229.5,-110,u229,-110,u229.5,-110,u229.5,-110,u230,-108,u229.5,-113
Wed Nov 29 2023,Washington Wizards,120,Orlando Magic,139,o233.5,-110,o235.5,-110,o235.5,-112,o235.5,-115,o235.5,-105,o235.5,-110,o235.5,-109,o235.5,-110,o235.5,-112,u233.5,-110,u235.5,-110,u235.5,-108,u235.5,-105,u235.5,-115,u235.5,-110,u235.5,-112
Wed Nov 29 2023,Phoenix Suns,105,Toronto Raptors,112,o223.5,-110,o227,-110,o227,-110,o226.5,-115,o227,-110,o227,-110,o227.5,-108,o227.5,-110,o227,-110,u223.5,-110,u227,-110,u227,-110,u226.5,-105,u227,-110,u227,-110,u227.5,-113
Wed Nov 29 2023,Utah Jazz,91,Memphis Grizzlies,105,o224.5,-108,o223.5,-110,o223.5,-110,o223.5,-110,o223.5,-110,o223.5,-110,o223.5,-113,o223.5,-110,o223.5,-110,u224.5,-112,u223.5,-110,u223.5,-110,u223.5,-110,u223.5,-110,u223.5,-110,u223.5,-108
Wed Nov 29 2023,Philadelphia 76ers,114,New Orleans Pelicans,124,o227.5,-110,o228.5,-110,o228.5,-110,o228.5,-110,o228,-110,o228.5,-110,o228.5,-113,o228.5,-110,o228.5,-110,u227.5,-110,u228.5,-110,u228.5,-110,u228.5,-110,u228,-110,u228.5,-110,u228.5,-108
Wed Nov 29 2023,Houston Rockets,124,Denver Nuggets,134,o215.5,-110,o217.5,-110,o217.5,-110,o217.5,-110,o217,-110,o217.5,-110,o217.5,-113,o217.5,-110,o217.5,-110,u215.5,-110,u217.5,-110,u217.5,-110,u217.5,-110,u217,-110,u217.5,-110,u217.5,-108
Wed Nov 29 2023,Los Angeles Clippers,131,Sacramento Kings,117,o230,-110,o231.5,-110,o231.5,-110,o231.5,-110,o231.5,-115,o231.5,-105,o231.5,-115,o231.5,-105,o231.5,-110,u230,-110,u231.5,-110,u231.5,-110,u231.5,-110,u231.5,-105,u231.5,-115,u231.5,-115
Thu Nov 30 2023,Portland Trail Blazers,103,Cleveland Cavaliers,95,o220.5,-110,o219,-110,o218.5,-110,o219.5,-105,o219.5,-110,o219.5,-110,o219.5,-109,o218.5,-110,u220.5,-110,u219,-110,u218.5,-110,u219.5,-115,u219.5,-110,u219.5,-110,u219.5,-112,u218.5,-110
Thu Nov 30 2023,Charlotte Hornets,129,Brooklyn Nets,128,o227,-110,o223,-110,o223,-110,o223.5,-110,o222,-110,o224,-110,o222.5,-112,o223,-110,u227,-110,u223,-110,u223,-110,u223.5,-110,u222,-110,u224,-110,u222.5,-109,u223,-110
Thu Nov 30 2023,Indiana Pacers,132,Miami Heat,142,o239.5,-110,o238,-110,o237.5,-110,o237.5,-110,o237.5,-110,o238.5,-112,o239,-112,o237.5,-110,u239.5,-110,u238,-110,u237.5,-110,u237.5,-110,u237.5,-110,u238.5,-108,u239,-109,u237.5,-110
Thu Nov 30 2023,Detroit Pistons,112,New York Knicks,118,o217.5,-110,o218.5,-110,o218.5,-112,o218.5,-115,o219,-110,o219.5,-110,o219.5,-114,o218.5,-112,u217.5,-110,u218.5,-110,u218.5,-108,u218.5,-105,u219,-110,u219.5,-110,u219.5,-117,u218.5,-108
Thu Nov 30 2023,Milwaukee Bucks,113,Chicago Bulls,120,o225.5,-110,o225.5,-110,o226,-110,o225.5,-115,o226.5,-110,o225.5,-115,o225,-112,o226,-110,u225.5,-110,u225.5,-110,u226,-110,u225.5,-105,u226.5,-110,u225.5,-105,u225,-109,u226,-110
Thu Nov 30 2023,Utah Jazz,90,Minnesota Timberwolves,101,o224,-110,o219,-110,o219.5,-110,o219.5,-110,o219,-110,o219.5,-110,o219.5,-109,o219.5,-110,u224,-110,u219,-110,u219.5,-110,u219.5,-110,u219,-110,u219.5,-110,u219.5,-112,u219.5,-110
Thu Nov 30 2023,Los Angeles Lakers,110,Oklahoma City Thunder,133,o227.5,-110,o234.5,-110,o235,-110,o235.5,-110,o234.5,-110,o235,-108,o233.5,-112,o235,-110,u227.5,-110,u234.5,-110,u235,-110,u235.5,-110,u234.5,-110,u235,-112,u233.5,-109,u235,-110
Thu Nov 30 2023,Atlanta Hawks,137,San Antonio Spurs,135,o243.5,-110,o246,-110,o246,-108,o246.5,-110,o246,-110,o246.5,-110,o247.5,-109,o246,-108,u243.5,-110,u246,-110,u246,-112,u246.5,-110,u246,-110,u246.5,-110,u247.5,-112,u246,-112
Thu Nov 30 2023,Los Angeles Clippers,114,Golden State Warriors,120,o228.5,-110,o230,-110,o230.5,-110,o230.5,-110,o230,-110,o229.5,-115,o229.5,-114,o230.5,-110,u228.5,-110,u230,-110,u230.5,-110,u230.5,-110,u230,-110,u229.5,-105,u229.5,-117,u230.5,-110
Fri Dec 1 2023,Washington Wizards,125,Orlando Magic,130,o238,-110,o236,-110,o236,-112,o235.5,-115,o237,-110,o236.5,-105,o236.5,-108,o236,-112,u238,-110,u236,-110,u236,-108,u235.5,-105,u237,-110,u236.5,-115,u236.5,-113,u236,-108
Fri Dec 1 2023,Philadelphia 76ers,119,Boston Celtics,125,o224.5,-110,o218,-110,o218,-108,o218.5,-110,o218,-110,o218.5,-110,o218.5,-110,o218,-108,u224.5,-110,u218,-110,u218,-112,u218.5,-110,u218,-110,u218.5,-110,u218.5,-110,u218,-112
Fri Dec 1 2023,Memphis Grizzlies,108,Dallas Mavericks,94,o230.5,-112,o224.5,-110,o224.5,-110,o224.5,-110,o224,-110,o224.5,-110,o225,-112,o224.5,-110,u230.5,-108,u224.5,-110,u224.5,-110,u224.5,-110,u224,-110,u224.5,-110,u225,-109,u224.5,-110
Fri Dec 1 2023,New York Knicks,119,Toronto Raptors,106,o216.5,-108,o218.5,-110,o218.5,-110,o218.5,-110,o218.5,-110,o218.5,-110,o217.5,-110,o218.5,-110,u216.5,-112,u218.5,-110,u218.5,-110,u218.5,-110,u218.5,-110,u218.5,-110,u217.5,-110,u218.5,-110
Fri Dec 1 2023,San Antonio Spurs,106,New Orleans Pelicans,121,o232.5,-110,o239.5,-110,o239,-110,o239.5,-110,o238.5,-110,o238,-110,o236.5,-113,o239,-110,u232.5,-110,u239.5,-110,u239,-110,u239.5,-110,u238.5,-110,u238,-110,u236.5,-108,u239,-110
Fri Dec 1 2023,Denver Nuggets,119,Phoenix Suns,111,o222.5,-110,o224.5,-110,o224.5,-112,o223.5,-115,o224.5,-110,o224,-110,o224,-110,o224.5,-112,u222.5,-110,u224.5,-110,u224.5,-108,u223.5,-105,u224.5,-110,u224,-110,u224,-110,u224.5,-108
Sat Dec 2 2023,Golden State Warriors,112,Los Angeles Clippers,113,o230.5,-110,o229.5,-110,o229.5,-110,o230.5,-105,o229.5,-110,o229.5,-110,o230,-113,o229.5,-110,u230.5,-110,u229.5,-110,u229.5,-110,u230.5,-115,u229.5,-110,u229.5,-110,u230,-108,u229.5,-110
Sat Dec 2 2023,Minnesota Timberwolves,123,Charlotte Hornets,117,o221.5,-110,o219.5,-110,o219.5,-110,o219.5,-110,o218,-110,o220.5,-105,o219.5,-109,o219.5,-110,u221.5,-110,u219.5,-110,u219.5,-110,u219.5,-110,u218,-110,u220.5,-115,u219.5,-112,u219.5,-110
Sat Dec 2 2023,Orlando Magic,101,Brooklyn Nets,129,o224.5,-110,o225.5,-110,o225.5,-112,o225.5,-115,o225.5,-110,o226.5,-110,o226,-109,o225.5,-112,u224.5,-110,u225.5,-110,u225.5,-108,u225.5,-105,u225.5,-110,u226.5,-110,u226,-112,u225.5,-108
Sat Dec 2 2023,Cleveland Cavaliers,110,Detroit Pistons,101,o223,-110,o225.5,-110,o225,-110,o225.5,-110,o226,-110,o225.5,-110,o226,-109,o225,-110,u223,-110,u225.5,-110,u225,-110,u225.5,-110,u226,-110,u225.5,-110,u226,-112,u225,-110
Sat Dec 2 2023,New Orleans Pelicans,118,Chicago Bulls,124,o220.5,-110,o218.5,-110,o219,-112,o219.5,-110,o218.5,-110,o220.5,-110,o218.5,-113,o219,-112,u220.5,-110,u218.5,-110,u219,-108,u219.5,-110,u218.5,-110,u220.5,-110,u218.5,-108,u219,-108
Sat Dec 2 2023,Indiana Pacers,144,Miami Heat,129,o241,-110,o237,-110,o237,-110,o237.5,-110,o237.5,-110,o237.5,-110,o237,-113,o237,-110,u241,-110,u237,-110,u237,-110,u237.5,-110,u237.5,-110,u237.5,-110,u237,-108,u237,-110
Sat Dec 2 2023,Atlanta Hawks,121,Milwaukee Bucks,132,o246.5,-110,o250.5,-110,o251.5,-110,o250.5,-110,o250.5,-110,o252.5,-115,o252.5,-109,o251.5,-110,u246.5,-110,u250.5,-110,u251.5,-110,u250.5,-110,u250.5,-110,u252.5,-105,u252.5,-112,u251.5,-110
Sat Dec 2 2023,Oklahoma City Thunder,126,Dallas Mavericks,120,o232.5,-110,o234.5,-110,o234.5,-110,o234.5,-110,o235,-110,o235.5,-105,o234.5,-113,o234.5,-110,u232.5,-110,u234.5,-110,u234.5,-110,u234.5,-110,u235,-110,u235.5,-115,u234.5,-108,u234.5,-110
Sat Dec 2 2023,Memphis Grizzlies,109,Phoenix Suns,116,o221.5,-110,o221,-110,o220,-110,o220.5,-105,o219.5,-110,o220.5,-105,o220.5,-108,o220,-110,u221.5,-110,u221,-110,u220,-110,u220.5,-115,u219.5,-110,u220.5,-115,u220.5,-113,u220,-110
Sat Dec 2 2023,Portland Trail Blazers,113,Utah Jazz,118,o225.5,-110,o217.5,-110,o217.5,-112,o217.5,-110,o217.5,-110,o217.5,-110,o217.5,-113,o217.5,-112,u225.5,-110,u217.5,-110,u217.5,-108,u217.5,-110,u217.5,-110,u217.5,-110,u217.5,-108,u217.5,-108
Sat Dec 2 2023,Denver Nuggets,117,Sacramento Kings,123,o228.5,-110,o234.5,-110,o235,-110,o235.5,-105,o234.5,-110,o235.5,-110,o235.5,-110,o235,-110,u228.5,-110,u234.5,-110,u235,-110,u235.5,-115,u234.5,-110,u235.5,-110,u235.5,-110,u235,-110
Sat Dec 2 2023,Houston Rockets,97,Los Angeles Lakers,107,o219.5,-110,o226,-110,o226.5,-112,o226.5,-110,o226,-110,o226.5,-110,o225.5,-112,o226.5,-112,u219.5,-110,u226,-110,u226.5,-108,u226.5,-110,u226,-110,u226.5,-110,u225.5,-109,u226.5,-108
Mon Dec 4 2023,Boston Celtics,112,Indiana Pacers,122,o235,-110,o244,-110,o244.5,-112,o15.5,even,o245,-110,o245,-115,o245.5,-115,o244.5,-112,u235,-110,u244,-110,u244.5,-108,u15.5,-130,u245,-110,u245,-105,u245.5,-115,u244.5,-108
Mon Dec 4 2023,New Orleans Pelicans,127,Sacramento Kings,117,o231.5,-110,o237.5,-110,o237.5,-108,o5.5,even,o238.5,-115,o237.5,-110,o237.5,-112,o237.5,-108,u231.5,-110,u237.5,-110,u237.5,-120,u5.5,-135,u238.5,-105,u237.5,-110,u237.5,-109,u237.5,-120
Tue Dec 5 2023,New York Knicks,122,Milwaukee Bucks,146,o222.5,-110,o230.5,-110,o229.5,-112,o230.5,-110,o230,-115,o230.5,-105,o229.5,-113,o229.5,-112,u222.5,-110,u230.5,-110,u229.5,-108,u230.5,-110,u230,-105,u230.5,-115,u229.5,-108,u229.5,-108
Tue Dec 5 2023,Phoenix Suns,103,Los Angeles Lakers,106,o223,-110,o232,-110,o232,-110,o231.5,-115,o232,-115,o231,-115,o231,-108,o232,-110,u223,-110,u232,-110,u232,-110,u231.5,-105,u232,-105,u231,-105,u231,-113,u232,-110
Wed Dec 6 2023,Orlando Magic,111,Cleveland Cavaliers,121,o222.5,-110,o225,-110,o225,-112,o225.5,-105,o225,-110,o225.5,-105,o225,-115,o225,-112,u222.5,-110,u225,-110,u225,-108,u225.5,-115,u225,-110,u225.5,-115,u225,-115,u225,-108
Wed Dec 6 2023,Memphis Grizzlies,116,Detroit Pistons,102,o218.5,-110,o221,-110,o220,-112,o220.5,-115,o221,-110,o220.5,-115,o221,-109,o220,-112,u218.5,-110,u221,-110,u220,-108,u220.5,-105,u221,-110,u220.5,-105,u221,-112,u220,-108
Wed Dec 6 2023,Philadelphia 76ers,131,Washington Wizards,126,o238,-108,o242.5,-110,o241.5,-110,o241.5,-115,o242.5,-110,o241.5,-115,o241.5,-108,o241.5,-110,u238,-112,u242.5,-110,u241.5,-110,u241.5,-105,u242.5,-110,u241.5,-105,u241.5,-113,u241.5,-110
Wed Dec 6 2023,Brooklyn Nets,114,Atlanta Hawks,113,o237.5,-110,o243,-110,o242.5,-112,o242.5,-115,o242.5,-110,o242.5,-115,o243,-113,o242.5,-112,u237.5,-110,u243,-110,u242.5,-108,u242.5,-105,u242.5,-110,u242.5,-105,u243,-108,u242.5,-108
Wed Dec 6 2023,San Antonio Spurs,94,Minnesota Timberwolves,102,o224,-110,o231,-110,o231,-108,o231.5,-105,o231,-110,o229.5,-115,o231.5,-112,o231,-108,u224,-110,u231,-110,u231,-112,u231.5,-115,u231,-110,u229.5,-105,u231.5,-109,u231,-112
Wed Dec 6 2023,Miami Heat,112,Toronto Raptors,103,o213,-112,o219.5,-110,o219.5,-110,o219.5,-115,o219.5,-115,o219.5,-115,o220,-109,o219.5,-110,u213,-108,u219.5,-110,u219.5,-110,u219.5,-105,u219.5,-105,u219.5,-105,u220,-112,u219.5,-110
Wed Dec 6 2023,Charlotte Hornets,100,Chicago Bulls,111,o219.5,-112,o220.5,-110,o220.5,-108,o220.5,-110,o220,-110,o219.5,-110,o220.5,-115,o220.5,-108,u219.5,-108,u220.5,-110,u220.5,-112,u220.5,-110,u220,-110,u219.5,-110,u220.5,-115,u220.5,-112
Wed Dec 6 2023,Oklahoma City Thunder,101,Houston Rockets,110,o225.5,-110,o224.5,-110,o224.5,-110,o224.5,-110,o224.5,-105,o224.5,-115,o225,-112,o224.5,-110,u225.5,-110,u224.5,-110,u224.5,-110,u224.5,-110,u224.5,-115,u224.5,-105,u225,-109,u224.5,-110
Wed Dec 6 2023,Utah Jazz,97,Dallas Mavericks,147,o226,-110,o234.5,-110,o235,-110,o235.5,-105,o235,-110,o235,-115,o235,-109,o235,-110,u226,-110,u234.5,-110,u235,-110,u235.5,-115,u235,-110,u235,-105,u235,-112,u235,-110
Wed Dec 6 2023,Portland Trail Blazers,106,Golden State Warriors,110,o225,-110,o226,-110,o225.5,-112,o226.5,-110,o226,-110,o225.5,-115,o226,-112,o225.5,-112,u225,-110,u226,-110,u225.5,-108,u226.5,-110,u226,-110,u225.5,-105,u226,-109,u225.5,-108
Wed Dec 6 2023,Denver Nuggets,102,Los Angeles Clippers,111,o223.5,-110,o229.5,-110,o230,-110,o229.5,-110,o229.5,-110,o229.5,-110,o229.5,-112,o230,-110,u223.5,-110,u229.5,-110,u230,-110,u229.5,-110,u229.5,-110,u229.5,-110,u229.5,-109,u230,-110
Thu Dec 7 2023,Indiana Pacers,128,Milwaukee Bucks,119,o254.5,-110,o257.5,-110,o257,-112,o257.5,-110,o256.5,-105,o257.5,-108,o257,-113,o257,-112,u254.5,-110,u257.5,-110,u257,-108,u257.5,-110,u256.5,-115,u257.5,-112,u257,-108,u257,-108
Thu Dec 7 2023,New Orleans Pelicans,89,Los Angeles Lakers,133,o229.5,-110,o229.5,-110,o229.5,-110,o229.5,-115,o230.5,-110,o229.5,-110,o230.5,-112,o229.5,-110,u229.5,-110,u229.5,-110,u229.5,-110,u229.5,-105,u230.5,-110,u229.5,-110,u230.5,-109,u229.5,-110
Fri Dec 8 2023,Toronto Raptors,116,Charlotte Hornets,119,o220.5,-110,o222,-110,o222.5,-110,o222.5,-110,o222,-110,o224,-110,o222.5,-115,o222.5,-110,u220.5,-110,u222,-110,u222.5,-110,u222.5,-110,u222,-110,u224,-110,u222.5,-115,u222.5,-110
Fri Dec 8 2023,Detroit Pistons,91,Orlando Magic,123,o228.5,-110,o229.5,-110,o229.5,-110,o229.5,-115,o228.5,-110,o229.5,-115,o229.5,-115,o229.5,-110,u228.5,-110,u229.5,-110,u229.5,-110,u229.5,-105,u228.5,-110,u229.5,-105,u229.5,-115,u229.5,-110
Fri Dec 8 2023,Atlanta Hawks,114,Philadelphia 76ers,125,o240.5,-110,o235.5,-110,o235,-110,o235.5,-105,o241.5,-110,o234.5,-110,o235,-114,o235,-110,u240.5,-110,u235.5,-110,u235,-110,u235.5,-115,u241.5,-110,u234.5,-110,u235,-117,u235,-110
Fri Dec 8 2023,New York Knicks,123,Boston Celtics,133,o215.5,-110,o221,-110,o220.5,-112,o221.5,-110,o221,-110,o221.5,-115,o221,-110,o220.5,-112,u215.5,-110,u221,-110,u220.5,-108,u221.5,-110,u221,-110,u221.5,-105,u221,-110,u220.5,-108
Fri Dec 8 2023,Washington Wizards,97,Brooklyn Nets,124,o236.5,-110,o239,-110,o239.5,-110,o239.5,-110,o239.5,-110,o239.5,-112,o239.5,-113,o239.5,-110,u236.5,-110,u239,-110,u239.5,-110,u239.5,-110,u239.5,-110,u239.5,-108,u239.5,-108,u239.5,-110
Fri Dec 8 2023,Minnesota Timberwolves,127,Memphis Grizzlies,103,o216.5,-110,o213.5,-110,o213.5,-110,o214.5,-105,o214,-110,o213.5,-115,o213.5,-114,o213.5,-110,u216.5,-110,u213.5,-110,u213.5,-110,u214.5,-115,u214,-110,u213.5,-105,u213.5,-117,u213.5,-110
Fri Dec 8 2023,Cleveland Cavaliers,111,Miami Heat,99,o218.5,-110,o223,-110,o223,-110,o223.5,-110,o220,-110,o222.5,-115,o222.5,-115,o223,-110,u218.5,-110,u223,-110,u223,-110,u223.5,-110,u220,-110,u222.5,-105,u222.5,-115,u223,-110
Fri Dec 8 2023,Golden State Warriors,136,Oklahoma City Thunder,138,o233.5,-110,o235.5,-110,o236,-108,o235.5,-110,o236.5,-110,o236.5,-105,o236.5,-109,o236,-108,u233.5,-110,u235.5,-110,u236,-112,u235.5,-110,u236.5,-110,u236.5,-115,u236.5,-112,u236,-112
Fri Dec 8 2023,Chicago Bulls,121,San Antonio Spurs,112,o224,-110,o224.5,-110,o224,-110,o224.5,-110,o224.5,-110,o224.5,-115,o223.5,-115,o224,-110,u224,-110,u224.5,-110,u224,-110,u224.5,-110,u224.5,-110,u224.5,-105,u223.5,-115,u224,-110
Fri Dec 8 2023,Houston Rockets,114,Denver Nuggets,106,o217.5,-112,o222.5,-110,o221,-108,o222.5,-110,o220.5,-110,o220,-108,o221,-109,o221,-108,u217.5,-108,u222.5,-110,u221,-112,u222.5,-110,u220.5,-110,u220,-112,u221,-112,u221,-112
Fri Dec 8 2023,Sacramento Kings,114,Phoenix Suns,106,o225.5,-110,o235.5,-110,o235.5,-110,o235.5,-110,o235,-110,o235.5,-105,o235,-108,o235.5,-110,u225.5,-110,u235.5,-110,u235.5,-110,u235.5,-110,u235,-110,u235.5,-115,u235,-113,u235.5,-110
Fri Dec 8 2023,Dallas Mavericks,125,Portland Trail Blazers,112,o226,-108,o233.5,-110,o233.5,-110,o233.5,-110,o231.5,-110,o232.5,-115,o232.5,-113,o233.5,-110,u226,-112,u233.5,-110,u233.5,-110,u233.5,-110,u231.5,-110,u232.5,-105,u232.5,-108,u233.5,-110
Fri Dec 8 2023,Los Angeles Clippers,117,Utah Jazz,103,o224.5,-110,o225.5,-110,o225,-110,o225.5,-115,o224,-110,o225.5,-110,o225.5,-108,o225,-110,u224.5,-110,u225.5,-110,u225,-110,u225.5,-105,u224,-110,u225.5,-110,u225.5,-113,u225,-110
Sat Dec 9 2023,Indiana Pacers,109,Los Angeles Lakers,123,N/A,o242.5,-110,o242,-110,o242.5,-110,o242.5,-110,o242.5,-110,o242.5,-112,o242,-110,N/A,u242.5,-110,u242,-110,u242.5,-110,u242.5,-110,u242.5,-110,u242.5,-108,u242,-110,,
Mon Dec 11 2023,Miami Heat,116,Charlotte Hornets,114,o219.5,-112,o222.5,-110,o222.5,-112,o222.5,-110,o221,-110,o222.5,-115,o220.5,-115,o222.5,-112,u219.5,-108,u222.5,-110,u222.5,-108,u222.5,-110,u221,-110,u222.5,-105,u220.5,-115,u222.5,-108
Mon Dec 11 2023,Indiana Pacers,131,Detroit Pistons,123,o247,-112,o248.5,-110,o247.5,-112,o248.5,-105,o247,-110,o247.5,-110,o246.5,-112,o247.5,-112,u247,-108,u248.5,-110,u247.5,-108,u248.5,-115,u247,-110,u247.5,-110,u246.5,-112,u247.5,-108
Mon Dec 11 2023,Cleveland Cavaliers,94,Orlando Magic,104,o223.5,-112,o225.5,-110,o226,-110,o225.5,-110,o227,-110,o225.5,-110,o226.5,-113,o226,-110,u223.5,-108,u225.5,-110,u226,-110,u225.5,-110,u227,-110,u225.5,-110,u226.5,-108,u226,-110
Mon Dec 11 2023,Washington Wizards,101,Philadelphia 76ers,146,o245,-110,o244,-110,o243.5,-110,o243.5,-115,o244.5,-115,o244.5,-110,o244.5,-115,o243.5,-110,u245,-110,u244,-110,u243.5,-110,u243.5,-105,u244.5,-105,u244.5,-110,u244.5,-115,u243.5,-110
Mon Dec 11 2023,Denver Nuggets,129,Atlanta Hawks,122,o238,-110,o242,-110,o242,-108,o242.5,-105,o242.5,-115,o242.5,-105,o241.5,-112,o242,-108,u238,-110,u242,-110,u242,-112,u242.5,-115,u242.5,-105,u242.5,-115,u241.5,-109,u242,-112
Mon Dec 11 2023,Toronto Raptors,130,New York Knicks,136,o216.5,-110,o221.5,-110,o222,-110,o221.5,-115,o221,-110,o221.5,-115,o221.5,-112,o222,-110,u216.5,-110,u221.5,-110,u222,-110,u221.5,-105,u221,-110,u221.5,-105,u221.5,-109,u222,-110
Mon Dec 11 2023,San Antonio Spurs,82,Houston Rockets,93,o222.5,-110,o223,-110,o224,-108,o223.5,-110,o223.5,-110,o223.5,-112,o223,-113,o224,-108,u222.5,-110,u223,-110,u224,-112,u223.5,-110,u223.5,-110,u223.5,-108,u223,-108,u224,-112
Mon Dec 11 2023,Dallas Mavericks,120,Memphis Grizzlies,113,o227,-110,o227.5,-110,o227.5,-110,o227.5,-110,o227,-110,o227.5,-110,o227.5,-112,o227.5,-110,u227,-110,u227.5,-110,u227.5,-110,u227.5,-110,u227,-110,u227.5,-110,u227.5,-109,u227.5,-110
Mon Dec 11 2023,Chicago Bulls,129,Milwaukee Bucks,133,o231.5,-110,o233,-110,o233,-110,o232.5,-115,o232.5,-110,o233.5,-110,o233.5,-109,o233,-110,u231.5,-110,u233,-110,u233,-110,u232.5,-105,u232.5,-110,u233.5,-110,u233.5,-112,u233,-110
Mon Dec 11 2023,Minnesota Timberwolves,107,New Orleans Pelicans,121,o222,-110,o222,-110,o222,-112,o222.5,-110,o222.5,-110,o223,-110,o222,-110,o222,-112,u222,-110,u222,-110,u222,-108,u222.5,-110,u222.5,-110,u223,-110,u222,-110,u222,-108
Mon Dec 11 2023,Utah Jazz,120,Oklahoma City Thunder,134,o232.5,-110,o236,-110,o235.5,-112,o236.5,-105,o234.5,-110,o236,-105,o235.5,-109,o235.5,-112,u232.5,-110,u236,-110,u235.5,-108,u236.5,-115,u234.5,-110,u236,-115,u235.5,-112,u235.5,-108
Mon Dec 11 2023,Brooklyn Nets,118,Sacramento Kings,131,o235,-110,o238.5,-110,o237,-110,o238.5,-110,o236,-110,o237.5,-115,o237.5,-109,o237,-110,u235,-110,u238.5,-110,u237,-110,u238.5,-110,u236,-110,u237.5,-105,u237.5,-112,u237,-110
Mon Dec 11 2023,Portland Trail Blazers,127,Los Angeles Clippers,132,o216.5,-110,o220.5,-110,o220.5,-110,o221.5,-105,o220.5,-110,o220.5,-110,o220.5,-109,o220.5,-110,u216.5,-110,u220.5,-110,u220.5,-110,u221.5,-115,u220.5,-110,u220.5,-110,u220.5,-112,u220.5,-110
Tue Dec 12 2023,Cleveland Cavaliers,113,Boston Celtics,120,o221,-110,o226.5,-110,o226.5,-112,o226.5,-110,o227.5,-115,o226.5,-115,o226,-110,o226.5,-112,u221,-110,u226.5,-110,u226.5,-108,u226.5,-110,u227.5,-105,u226.5,-105,u226,-110,u226.5,-108
Tue Dec 12 2023,Los Angeles Lakers,125,Dallas Mavericks,127,o235,-110,o235,-110,o235,-110,o235.5,-110,o235.5,-115,o235.5,-110,o235.5,-112,o235,-110,u235,-110,u235,-110,u235,-110,u235.5,-110,u235.5,-105,u235.5,-110,u235.5,-109,u235,-110
Tue Dec 12 2023,Denver Nuggets,114,Chicago Bulls,106,o213.5,-110,o220.5,-110,o220,-110,o220.5,-110,o219.5,-115,o219.5,-120,o219.5,-115,o220,-110,u213.5,-110,u220.5,-110,u220,-110,u220.5,-110,u219.5,-105,u219.5,even,u219.5,-115,u220,-110
Tue Dec 12 2023,Golden State Warriors,116,Phoenix Suns,119,o231.5,-110,o228.5,-110,o228.5,-110,o229.5,even,o228.5,-110,o229.5,-112,o228.5,-109,o228.5,-110,u231.5,-110,u228.5,-110,u228.5,-110,u229.5,-120,u228.5,-110,u229.5,-108,u228.5,-112,u228.5,-110
Tue Dec 12 2023,Sacramento Kings,99,Los Angeles Clippers,119,o229.5,-110,o237.5,-110,o238,-110,o238.5,-105,o237.5,-115,o237.5,-115,o237.5,-110,o238,-110,u229.5,-110,u237.5,-110,u238,-110,u238.5,-115,u237.5,-105,u237.5,-105,u237.5,-110,u238,-110
Wed Dec 13 2023,Philadelphia 76ers,129,Detroit Pistons,111,o227,-110,o233.5,-110,o233.5,-112,o233.5,-110,o233.5,-110,o233.5,-105,o233.5,-112,o233.5,-112,u227,-110,u233.5,-110,u233.5,-108,u233.5,-110,u233.5,-110,u233.5,-115,u233.5,-109,u233.5,-108
Wed Dec 13 2023,New Orleans Pelicans,142,Washington Wizards,122,o245.5,-110,o240,-110,o240,-108,o239.5,-110,o240,-110,o239.5,-110,o239.5,-110,o240,-108,u245.5,-110,u240,-110,u240,-112,u239.5,-110,u240,-110,u239.5,-110,u239.5,-110,u240,-112
Wed Dec 13 2023,Charlotte Hornets,104,Miami Heat,115,o226.5,-110,o223.5,-110,o223.5,-112,o224.5,-105,o222,-110,o222.5,-110,o222.5,-109,o223.5,-112,u226.5,-110,u223.5,-110,u223.5,-108,u224.5,-115,u222,-110,u222.5,-108,u222.5,-112,u223.5,-108
Wed Dec 13 2023,Atlanta Hawks,128,Toronto Raptors,135,o241,-110,o241,-110,o240.5,-112,o240.5,-115,o241,-115,o240.5,-110,o241.5,-113,o240.5,-112,u241,-110,u241,-110,u240.5,-108,u240.5,-105,u241,-105,u240.5,-110,u241.5,-108,u240.5,-108
Wed Dec 13 2023,Memphis Grizzlies,104,Houston Rockets,117,o211,-112,o210.5,-110,o210.5,-108,o210.5,-110,o209.5,-105,o209.5,-115,o209.5,-114,o210.5,-108,u211,-108,u210.5,-110,u210.5,-112,u210.5,-110,u209.5,-115,u209.5,-105,u209.5,-120,u210.5,-112
Wed Dec 13 2023,Indiana Pacers,126,Milwaukee Bucks,140,o258.5,-110,o258,-110,o258,-110,o258.5,-110,o258,-110,o258.5,-110,o258.5,-113,o258,-110,u258.5,-110,u258,-110,u258,-110,u258.5,-110,u258,-110,u258.5,-110,u258.5,-108,u258,-110
Wed Dec 13 2023,Los Angeles Lakers,122,San Antonio Spurs,119,o230,-110,o232,-110,o231,-110,o232.5,-110,o233,-115,o232.5,-105,o230,-110,o231,-110,u230,-110,u232,-110,u231,-110,u232.5,-110,u233,-105,u232.5,-115,u230,-110,u231,-110
Wed Dec 13 2023,Brooklyn Nets,116,Phoenix Suns,112,o228.5,-110,o230,-110,o229.5,-120,o230.5,-105,o232,-105,o230.5,-105,o231,-110,o229.5,-120,u228.5,-110,u230,-110,u229.5,-108,u230.5,-115,u232,-115,u230.5,-115,u231,-110,u229.5,-108
Wed Dec 13 2023,New York Knicks,113,Utah Jazz,117,o229.5,-110,o229,-110,o229.5,-108,o229.5,-110,o229.5,-110,o229,-115,o229,-113,o229.5,-108,u229.5,-110,u229,-110,u229.5,-112,u229.5,-110,u229.5,-110,u229,-105,u229,-108,u229.5,-112
Thu Dec 14 2023,Cleveland Cavaliers,107,Boston Celtics,116,o226.5,-110,o227.5,-110,o227,-110,o226.5,-110,o227.5,-110,o227.5,-112,o226.5,-110,o227,-110,u226.5,-110,u227.5,-110,u227,-110,u226.5,-110,u227.5,-110,u227.5,-108,u226.5,-110,u227,-110
Thu Dec 14 2023,Chicago Bulls,124,Miami Heat,116,o217.5,-110,o213,-110,o213,-110,o213.5,-110,o213,-110,o213.5,-110,o214,-112,o213,-110,u217.5,-110,u213,-110,u213,-110,u213.5,-110,u213,-110,u213.5,-110,u214,-108,u213,-110
Thu Dec 14 2023,Minnesota Timberwolves,119,Dallas Mavericks,101,N/A,o230,-110,o231,-108,o230.5,-110,o231.5,-110,o231.5,-110,o231,-108,o231,-108,N/A,u230,-110,u231,-112,u230.5,-110,u231.5,-110,u231.5,-110,u231,-113,u231,-112,,
Thu Dec 14 2023,Brooklyn Nets,101,Denver Nuggets,124,o228.5,-110,o231,-110,o231,-110,o230.5,-110,o231.5,-110,o230.5,-115,o231,-112,o231,-110,u228.5,-110,u231,-110,u231,-110,u230.5,-110,u231.5,-110,u230.5,-105,u231,-109,u231,-110
Thu Dec 14 2023,Utah Jazz,122,Portland Trail Blazers,114,o230.5,-110,o226,-110,o226.5,-110,o227.5,-105,o225,-105,o228.5,-105,o226,-112,o226.5,-110,u230.5,-110,u226,-110,u226.5,-110,u227.5,-115,u225,-115,u228.5,-115,u226,-109,u226.5,-110
Thu Dec 14 2023,Oklahoma City Thunder,123,Sacramento Kings,128,o241.5,-110,o245.5,-110,o245.5,-110,o245.5,-115,o245.5,-110,o245.5,-110,o245,-109,o245.5,-110,u241.5,-110,u245.5,-110,u245.5,-110,u245.5,-105,u245.5,-110,u245.5,-110,u245,-112,u245.5,-110
Thu Dec 14 2023,Golden State Warriors,113,Los Angeles Clippers,121,o230.5,-110,o231.5,-110,o230.5,-110,o231.5,-110,o231,-110,o231.5,-110,o230.5,-109,o230.5,-110,u230.5,-110,u231.5,-110,u230.5,-110,u231.5,-110,u231,-110,u231.5,-110,u230.5,-112,u230.5,-110
Fri Dec 15 2023,New Orleans Pelicans,112,Charlotte Hornets,107,o233,-110,o233.5,-110,o234,-110,o233.5,-110,o233.5,-110,o233,-108,o233.5,-108,o234,-110,u233,-110,u233.5,-110,u234,-110,u233.5,-110,u233.5,-110,u233,-112,u233.5,-113,u234,-110
Fri Dec 15 2023,Detroit Pistons,92,Philadelphia 76ers,124,o234.5,-108,o234.5,-110,o235,-110,o234.5,-110,o234.5,-110,o234.5,-110,o234.5,-110,o235,-110,u234.5,-112,u234.5,-110,u235,-110,u234.5,-110,u234.5,-110,u234.5,-110,u234.5,-110,u235,-110
Fri Dec 15 2023,Indiana Pacers,123,Washington Wizards,137,o256.5,-110,o262,-110,o260,-110,o259.5,-110,o260.5,-110,o260.5,-115,o259.5,-109,o260,-110,u256.5,-110,u262,-110,u260,-110,u259.5,-110,u260.5,-110,u260.5,-105,u259.5,-112,u260,-110
Fri Dec 15 2023,Orlando Magic,111,Boston Celtics,128,o222.5,-110,o227.5,-110,o227.5,-110,o226.5,-110,o226,-110,o227.5,-105,o225.5,-113,o227.5,-110,u222.5,-110,u227.5,-110,u227.5,-110,u226.5,-110,u226,-110,u227.5,-115,u225.5,-110,u227.5,-110
Fri Dec 15 2023,Los Angeles Lakers,115,San Antonio Spurs,129,o232,-110,o236,-110,o235.5,-110,o236.5,-110,o236,-110,o235.5,-110,o235,-114,o235.5,-110,u232,-110,u236,-110,u235.5,-110,u236.5,-110,u236,-110,u235.5,-110,u235,-109,u235.5,-110
Fri Dec 15 2023,Atlanta Hawks,125,Toronto Raptors,104,o243.5,-110,o241,-110,o240.5,-110,o241.5,-110,o241,-110,o241.5,-105,o241.5,-112,o240.5,-110,u243.5,-110,u241,-110,u240.5,-110,u241.5,-110,u241,-110,u241.5,-115,u241.5,-112,u240.5,-110
Fri Dec 15 2023,Houston Rockets,103,Memphis Grizzlies,96,o211,-110,o212.5,-110,o212.5,-110,o212.5,-110,o213,-110,o212,-110,o212.5,-108,o212.5,-110,u211,-110,u212.5,-110,u212.5,-110,u212.5,-110,u213,-110,u212,-110,u212.5,-113,u212.5,-110
Fri Dec 15 2023,New York Knicks,139,Phoenix Suns,122,o230,-110,o229,-110,o230,-112,o229.5,-110,o229.5,-110,o229.5,-115,o230.5,-113,o230,-112,u230,-110,u229,-110,u230,-108,u229.5,-110,u229.5,-110,u229.5,-105,u230.5,-118,u230,-108
Sat Dec 16 2023,Detroit Pistons,114,Milwaukee Bucks,146,o240.5,-110,o241.5,-110,o241,-110,o241.5,-110,o241,-110,o240.5,-110,o241.5,-110,o241,-110,u240.5,-110,u241.5,-110,u241,-110,u241.5,-110,u241,-110,u240.5,-110,u241.5,-110,u241,-110
Sat Dec 16 2023,Philadelphia 76ers,135,Charlotte Hornets,82,o233.5,-110,o228.5,-110,o228,-112,o229.5,-110,o230.5,-105,o228,-110,o230.5,-112,o228,-112,u233.5,-110,u228.5,-110,u228,-108,u229.5,-110,u230.5,-115,u228,-110,u230.5,-109,u228,-108
Sat Dec 16 2023,Atlanta Hawks,119,Cleveland Cavaliers,127,o240.5,-110,o236.5,-110,o236.5,-110,o236.5,-110,o235.5,-110,o236.5,-110,o236,-110,o236.5,-110,u240.5,-110,u236.5,-110,u236.5,-110,u236.5,-110,u235.5,-110,u236.5,-110,u236,-110,u236.5,-110
Sat Dec 16 2023,Chicago Bulls,116,Miami Heat,118,o215.5,-110,o219.5,-110,o219.5,-112,o219.5,-110,o218,-110,o219.5,-115,o219.5,-112,o219.5,-112,u215.5,-110,u219.5,-110,u219.5,-108,u219.5,-110,u218,-110,u219.5,-105,u219.5,-109,u219.5,-108
Sat Dec 16 2023,Indiana Pacers,109,Minnesota Timberwolves,127,o247.5,-110,o238.5,-110,o238,-110,o239.5,-110,o241.5,-110,o239.5,-108,o240,-109,o238,-110,u247.5,-110,u238.5,-110,u238,-110,u239.5,-110,u241.5,-110,u239.5,-112,u240,-112,u238,-110
Sat Dec 16 2023,Brooklyn Nets,120,Golden State Warriors,124,o234.5,-110,o235,-110,o235.5,-108,o234.5,-115,o235,-110,o235.5,-105,o234.5,-109,o235.5,-108,u234.5,-110,u235,-110,u235.5,-112,u234.5,-105,u235,-110,u235.5,-115,u234.5,-112,u235.5,-112
Sat Dec 16 2023,Oklahoma City Thunder,118,Denver Nuggets,117,o235.5,-110,o238,-110,o237.5,-110,o237.5,-110,o237.5,-110,o237.5,-110,o237,-112,o237.5,-110,u235.5,-110,u238,-110,u237.5,-110,u237.5,-110,u237.5,-110,u237.5,-110,u237,-109,u237.5,-110
Sat Dec 16 2023,Dallas Mavericks,131,Portland Trail Blazers,120,o231,-110,o232.5,-110,o233,-112,o232.5,-110,o233,-110,o232.5,-110,o233.5,-112,o233,-112,u231,-110,u232.5,-110,u233,-108,u232.5,-110,u233,-110,u232.5,-110,u233.5,-109,u233,-108
Sat Dec 16 2023,Utah Jazz,104,Sacramento Kings,125,o238.5,-110,o235,-110,o235,-110,o234.5,-110,o240.5,-110,o235.5,-105,o235,-109,o235,-110,u238.5,-110,u235,-110,u235,-110,u234.5,-110,u240.5,-110,u235.5,-115,u235,-112,u235,-110
Sat Dec 16 2023,New York Knicks,122,Los Angeles Clippers,144,o228.5,-112,o229.5,-110,o230.5,-110,o229.5,-110,o229.5,-110,o229.5,-110,o230.5,-109,o230.5,-110,u228.5,-108,u229.5,-110,u230.5,-110,u229.5,-110,u229.5,-110,u229.5,-110,u230.5,-112,u230.5,-110
Sun Dec 17 2023,Orlando Magic,97,Boston Celtics,114,o227.5,-110,o226.5,-110,o226,-110,o226.5,-105,o225,-110,o227.5,-105,o226,-108,o226,-110,u227.5,-110,u226.5,-110,u226,-110,u226.5,-115,u225,-110,u227.5,-115,u226,-113,u226,-110
Sun Dec 17 2023,New Orleans Pelicans,146,San Antonio Spurs,110,o236.5,-110,o238.5,-110,o239,-110,o238.5,-110,o238,-105,o238.5,-110,o237.5,-113,o239,-110,u236.5,-110,u238.5,-110,u239,-110,u238.5,-110,u238,-115,u238.5,-110,u237.5,-108,u239,-110
Sun Dec 17 2023,Houston Rockets,119,Milwaukee Bucks,128,o230.5,-110,o231.5,-110,o231.5,-110,o231.5,-110,o231.5,-110,o231.5,-105,o232.5,-108,o231.5,-110,u230.5,-110,u231.5,-110,u231.5,-110,u231.5,-110,u231.5,-110,u231.5,-115,u232.5,-113,u231.5,-110
Sun Dec 17 2023,Washington Wizards,108,Phoenix Suns,112,o245,-108,o246.5,-110,o245.5,-112,o246.5,even,o246.5,-110,o246.5,-110,o246,-113,o245.5,-112,u245,-112,u246.5,-110,u245.5,-108,u246.5,-120,u246.5,-110,u246.5,-110,u246,-108,u245.5,-108
Sun Dec 17 2023,Golden State Warriors,118,Portland Trail Blazers,114,o232,-110,o233,-110,o233,-112,o233.5,-110,o232.5,-110,o232.5,-110,o232.5,-112,o233,-112,u232,-110,u233,-110,u233,-108,u233.5,-110,u232.5,-110,u232.5,-110,u232.5,-109,u233,-108
Mon Dec 18 2023,Houston Rockets,130,Cleveland Cavaliers,135,o214.5,-108,o214.5,-110,o215.5,-110,o214.5,-110,o215,-110,o215,-108,o216,-108,o215.5,-110,u214.5,-112,u214.5,-110,u215.5,-110,u214.5,-110,u215,-110,u215,-112,u216,-113,u215.5,-110
Mon Dec 18 2023,Los Angeles Clippers,151,Indiana Pacers,127,o238,-110,o253,-110,o252.5,-108,o253.5,-110,o247,-115,o251,-110,o253.5,-109,o252.5,-108,u238,-110,u253,-110,u252.5,-112,u253.5,-110,u247,-105,u251,-110,u253.5,-112,u252.5,-112
Mon Dec 18 2023,Chicago Bulls,108,Philadelphia 76ers,104,o229,-110,o227,-110,o227,-112,o227.5,-105,o225.5,-105,o227,-108,o227,-109,o227,-112,u229,-112,u227,-110,u227,-108,u227.5,-115,u225.5,-115,u227,-112,u227,-112,u227,-108
Mon Dec 18 2023,Detroit Pistons,124,Atlanta Hawks,130,o243.5,-112,o247,-110,o247,-110,o246.5,-110,o247,-115,o246.5,-110,o247.5,-110,o247,-110,u243.5,-108,u247,-110,u247,-110,u246.5,-110,u247,-105,u246.5,-110,u247.5,-113,u247,-110
Mon Dec 18 2023,Minnesota Timberwolves,112,Miami Heat,108,o219.5,-110,o217,-110,o217,-112,o217.5,-105,o217.5,-110,o217.5,-105,o218,-109,o217,-112,u219.5,-110,u217,-110,u217,-108,u217.5,-115,u217.5,-110,u217.5,-115,u218,-112,u217,-108
Mon Dec 18 2023,Charlotte Hornets,99,Toronto Raptors,114,o227,-110,o224,-110,o224,-110,o223.5,-110,o224,-110,o224.5,-110,o223.5,-114,o224,-110,u227,-110,u224,-110,u224,-110,u223.5,-110,u224,-110,u224.5,-110,u223.5,-109,u224,-110
Mon Dec 18 2023,Memphis Grizzlies,97,Oklahoma City Thunder,116,o228.5,-110,o228.5,-110,o228.5,-110,o229.5,-110,o229.5,-110,o229.5,-102,o230,-112,o228.5,-110,u228.5,-110,u228.5,-110,u228.5,-110,u229.5,-110,u229.5,-110,u229.5,-118,u230,-120,u228.5,-110
Mon Dec 18 2023,Dallas Mavericks,104,Denver Nuggets,130,o237.5,-110,o239.5,-110,o239.5,-112,o239.5,-110,o238,-115,o239.5,-110,o239.5,-109,o239.5,-112,u237.5,-110,u239.5,-110,u239.5,-108,u239.5,-110,u238,-105,u239.5,-110,u239.5,-114,u239.5,-108
Mon Dec 18 2023,Brooklyn Nets,108,Utah Jazz,125,o232,-110,o233.5,-110,o233,-112,o233.5,-110,o234.5,-110,o233.5,-110,o232.5,-109,o233,-112,u232,-110,u233.5,-110,u233,-108,u233.5,-110,u234.5,-110,u233.5,-110,u232.5,-112,u233,-108
Mon Dec 18 2023,Washington Wizards,131,Sacramento Kings,143,o244.5,-110,o251.5,-110,o252,-110,o251.5,-110,o251.5,-115,o252.5,-105,o251.5,-112,o252,-110,u244.5,-110,u251.5,-110,u252,-110,u251.5,-110,u251.5,-105,u252.5,-115,u251.5,-112,u252,-110
Mon Dec 18 2023,New York Knicks,114,Los Angeles Lakers,109,o227.5,-110,o236,-110,o235.5,-112,o235.5,-110,o236,-115,o236.5,-105,o234.5,-109,o235.5,-112,u227.5,-110,u236,-110,u235.5,-108,u235.5,-110,u236,-105,u236.5,-115,u234.5,-112,u235.5,-108
Tue Dec 19 2023,Memphis Grizzlies,115,New Orleans Pelicans,113,o232.5,-110,o229,-110,o228.5,-110,o229.5,-105,o230,-110,o229.5,-115,o229.5,-110,o228.5,-110,u232.5,-110,u229,-110,u228.5,-110,u229.5,-115,u230,-110,u229.5,-105,u229.5,-110,u228.5,-110
Tue Dec 19 2023,San Antonio Spurs,119,Milwaukee Bucks,132,o247.5,-110,o249,-110,o249,-110,o249.5,-110,o249,-115,o249,-110,o248.5,-112,o249,-110,u247.5,-110,u249,-110,u249,-110,u249.5,-110,u249,-105,u249,-110,u248.5,-109,u249,-110
Tue Dec 19 2023,Boston Celtics,126,Golden State Warriors,132,o231.5,-110,o233.5,-110,o233.5,-110,o233.5,-110,o234.5,-110,o233.5,-112,o233.5,-110,o233.5,-110,u231.5,-110,u233.5,-110,u233.5,-110,u233.5,-110,u234.5,-110,u233.5,-108,u233.5,-110,u233.5,-110
Tue Dec 19 2023,Phoenix Suns,104,Portland Trail Blazers,109,o232,-110,o230,-110,o230.5,-110,o230.5,-110,o230,-110,o230.5,-110,o230.5,-112,o230.5,-110,u232,-110,u230,-110,u230.5,-110,u230.5,-110,u230,-110,u230.5,-110,u230.5,-109,u230.5,-110
Wed Dec 20 2023,Utah Jazz,116,Cleveland Cavaliers,124,o227.5,-110,o226,-110,o225.5,-112,o225.5,-115,o227,-110,o226,-112,o225.5,-110,o225.5,-112,u227.5,-110,u226,-110,u225.5,-108,u225.5,-105,u227,-110,u226,-108,u225.5,-110,u225.5,-108
Wed Dec 20 2023,Charlotte Hornets,113,Indiana Pacers,144,o249.5,-110,o245.5,-110,o245.5,-110,o245.5,-110,o248,-110,o245.5,-105,o246,-112,o245.5,-110,u249.5,-110,u245.5,-110,u245.5,-110,u245.5,-110,u248,-110,u245.5,-115,u246,-109,u245.5,-110
Wed Dec 20 2023,Miami Heat,115,Orlando Magic,106,o218.5,-110,o219,-110,o219.5,-108,o219.5,-110,o219,-105,o219.5,-108,o219,-110,o219.5,-108,u218.5,-110,u219,-110,u219.5,-112,u219.5,-110,u219,-115,u219.5,-112,u219,-110,u219.5,-112
Wed Dec 20 2023,Minnesota Timberwolves,113,Philadelphia 76ers,127,o224.5,-110,o226,-110,o226,-110,o225.5,-115,o225,-105,o226,-115,o226.5,-109,o226,-110,u224.5,-110,u226,-110,u226,-110,u225.5,-105,u225,-115,u226,-105,u226.5,-112,u226,-110
Wed Dec 20 2023,New York Knicks,121,Brooklyn Nets,102,o231.5,-110,o233,-110,o232.5,-110,o233.5,-105,o232.5,-110,o233,-112,o232.5,-112,o232.5,-110,u231.5,-110,u233,-110,u232.5,-110,u233.5,-115,u232.5,-110,u233,-108,u232.5,-109,u232.5,-110
Wed Dec 20 2023,Denver Nuggets,113,Toronto Raptors,104,o228.5,-110,o229.5,-110,o229,-112,o229.5,-110,o229,-110,o228,-108,o229,-112,o229,-112,u228.5,-110,u229.5,-110,u229,-108,u229.5,-110,u229,-110,u228,-112,u229,-109,u229,-108
Wed Dec 20 2023,Los Angeles Lakers,108,Chicago Bulls,124,o225.5,-110,o225,-110,o225,-110,o225.5,-110,o224,-110,o226,-110,o224.5,-110,o225,-110,u225.5,-110,u225,-110,u225,-110,u225.5,-110,u224,-110,u226,-110,u224.5,-110,u225,-110
Wed Dec 20 2023,Atlanta Hawks,134,Houston Rockets,127,o233.5,-110,o234,-110,o233,-108,o233.5,-105,o233.5,-105,o232.5,-110,o233,-109,o233,-108,u233.5,-110,u234,-110,u233,-112,u233.5,-115,u233.5,-115,u232.5,-110,u233,-112,u233,-112
Wed Dec 20 2023,Los Angeles Clippers,120,Dallas Mavericks,111,o240.5,-110,o237.5,-110,o237.5,-108,o238.5,-105,o236.5,-110,o237.5,-112,o237,-113,o237.5,-108,u240.5,-110,u237.5,-110,u237.5,-112,u238.5,-115,u236.5,-110,u237.5,-108,u237,-108,u237.5,-112
Wed Dec 20 2023,Boston Celtics,144,Sacramento Kings,119,o232.5,-110,o238.5,-110,o238.5,-110,o238.5,-115,o239,-110,o238.5,-112,o239,-110,o238.5,-110,u232.5,-110,u238.5,-110,u238.5,-110,u238.5,-105,u239,-110,u238.5,-108,u239,-113,u238.5,-110
Thu Dec 21 2023,Utah Jazz,119,Detroit Pistons,111,o238.5,-110,o233,-110,o233,-112,o233.5,-105,o233.5,-110,o235.5,-115,o228.5,-114,o233,-112,u238.5,-110,u233,-110,u233,-108,u233.5,-115,u233.5,-110,u235.5,-110,u228.5,-120,u233,-108
Thu Dec 21 2023,New Orleans Pelicans,123,Cleveland Cavaliers,104,o226.5,-110,o225,-110,o225,-110,o224.5,-110,o224.5,-110,o224.5,-110,o235.5,-118,o225,-110,u226.5,-110,u225,-110,u225,-110,u224.5,-110,u224.5,-110,u224.5,-110,u235.5,-115,u225,-110
Thu Dec 21 2023,San Antonio Spurs,95,Chicago Bulls,114,o230.5,-110,o229.5,-110,o229.5,-110,o229.5,-110,o229.5,-110,o229.5,-110,o229.5,-118,o229.5,-110,u230.5,-110,u229.5,-110,u229.5,-110,u229.5,-110,u229.5,-110,u229.5,-110,u229.5,-115,u229.5,-110
Thu Dec 21 2023,Indiana Pacers,103,Memphis Grizzlies,116,o247.5,-110,o246.5,-110,o246.5,-110,o246.5,-110,o246,-110,o247,-112,o239,-115,o246.5,-110,u247.5,-110,u246.5,-110,u246.5,-110,u246.5,-110,u246,-110,u247,-108,u239,-118,u246.5,-110
Thu Dec 21 2023,Orlando Magic,114,Milwaukee Bucks,118,o238,-110,o238,-110,o238,-110,o238.5,-105,o238,-110,o238.5,-108,o239.5,-110,o238,-110,u238,-110,u238,-110,u238,-110,u238.5,-115,u238,-110,u238.5,-112,u239.5,-110,u238,-110
Thu Dec 21 2023,Los Angeles Clippers,115,Oklahoma City Thunder,134,o234.5,-110,o237.5,-110,o237.5,-110,o237.5,-110,o237.5,-110,o237.5,-112,o237.5,-112,o237.5,-110,u234.5,-110,u237.5,-110,u237.5,-110,u237.5,-110,u237.5,-110,u237.5,-108,u237.5,-109,u237.5,-110
Thu Dec 21 2023,Los Angeles Lakers,111,Minnesota Timberwolves,118,o224.5,-110,o222,-110,o222.5,-110,o222.5,-110,o223.5,-110,o222,-110,o222,-108,o222.5,-110,u224.5,-110,u222,-110,u222.5,-110,u222.5,-110,u223.5,-110,u222,-110,u222,-113,u222.5,-110
Thu Dec 21 2023,Washington Wizards,118,Portland Trail Blazers,117,o238.5,-110,o238.5,-110,o239.5,-108,o238.5,-110,o238.5,-110,o238,-105,o239,-112,o239.5,-108,u238.5,-110,u238.5,-110,u239.5,-112,u238.5,-110,u238.5,-110,u238,-115,u239,-109,u239.5,-112
Fri Dec 22 2023,Toronto Raptors,111,Philadelphia 76ers,121,o228,-110,o230.5,-110,o230.5,-110,o230.5,-110,o230.5,-110,o230,-112,o230.5,-110,o230.5,-110,u228,-110,u230.5,-110,u230.5,-110,u230.5,-110,u230.5,-110,u230,-108,u230.5,-110,u230.5,-110
Fri Dec 22 2023,Denver Nuggets,122,Brooklyn Nets,117,o230.5,-110,o231.5,-110,o231.5,-110,o231.5,-115,o231,-110,o231,-110,o230,-110,o231.5,-110,u230.5,-110,u231.5,-110,u231.5,-110,u231.5,-105,u231,-110,u231,-110,u230,-110,u231.5,-110
Fri Dec 22 2023,Dallas Mavericks,96,Houston Rockets,122,o232.5,-110,o222.5,-110,o222.5,-110,o222.5,-110,o222,-105,o222.5,-110,o222.5,-115,o222.5,-110,u232.5,-110,u222.5,-110,u222.5,-110,u222.5,-110,u222,-115,u222.5,-110,u222.5,-115,u222.5,-110
Fri Dec 22 2023,Atlanta Hawks,113,Miami Heat,122,o238.5,-110,o238.5,-110,o238.5,-110,o238.5,-110,o238.5,-110,o238.5,-112,o238.5,-108,o238.5,-110,u238.5,-110,u238.5,-110,u238.5,-110,u238.5,-110,u238.5,-110,u238.5,-108,u238.5,-113,u238.5,-110
Fri Dec 22 2023,Washington Wizards,118,Golden State Warriors,129,o247.5,-110,o250,-110,o248.5,-108,o250.5,-105,o248.5,-110,o250,-110,o248.5,-115,o248.5,-108,u247.5,-110,u250,-110,u248.5,-112,u250.5,-115,u248.5,-110,u250,-110,u248.5,-115,u248.5,-112
Fri Dec 22 2023,Phoenix Suns,105,Sacramento Kings,120,o245.5,-110,o244,-110,o244.5,-108,o244.5,-110,o245,-110,o245,-110,o244.5,-110,o244.5,-108,u245.5,-110,u244,-110,u244.5,-112,u244.5,-110,u245,-110,u245,-110,u244.5,-110,u244.5,-112
Sat Dec 23 2023,Milwaukee Bucks,130,New York Knicks,111,o239.5,-110,o244.5,-110,o244.5,-112,o243.5,-115,o243,-110,o244.5,-110,o244,-108,o244.5,-112,u239.5,-110,u244.5,-110,u244.5,-108,u243.5,-105,u243,-110,u244.5,-110,u244,-113,u244.5,-108
Sat Dec 23 2023,Boston Celtics,145,Los Angeles Clippers,108,o229.5,-110,o231.5,-110,o231,-110,o230.5,-115,o232.5,-110,o232,-110,o232,-109,o231,-110,u229.5,-110,u231.5,-110,u231,-110,u230.5,-105,u232.5,-110,u232,-110,u232,-112,u231,-110
Sat Dec 23 2023,Denver Nuggets,102,Charlotte Hornets,95,o226.5,-110,o224.5,-110,o224.5,-108,o224.5,-110,o223.5,-110,o224.5,-112,o224.5,-109,o224.5,-108,u226.5,-110,u224.5,-110,u224.5,-112,u224.5,-110,u223.5,-110,u224.5,-108,u224.5,-112,u224.5,-112
Sat Dec 23 2023,Orlando Magic,117,Indiana Pacers,110,o245.5,-110,o245.5,-110,o245,-110,o245.5,-110,o246.5,-110,o245.5,-110,o245.5,-110,o245,-110,u245.5,-110,u245.5,-110,u245,-110,u245.5,-110,u246.5,-110,u245.5,-110,u245.5,-110,u245,-110
Sat Dec 23 2023,Houston Rockets,106,New Orleans Pelicans,104,o223.5,-110,o227,-110,o227,-110,o226.5,-110,o227,-110,o226.5,-105,o225,-113,o227,-110,u223.5,-110,u227,-110,u227,-110,u226.5,-110,u227,-110,u226.5,-115,u225,-108,u227,-110
Sat Dec 23 2023,Memphis Grizzlies,125,Atlanta Hawks,119,o240.5,-110,o237.5,-110,o237,-112,o237.5,-110,o237.5,-110,o237,-112,o237,-110,o237,-112,u240.5,-110,u237.5,-110,u237,-108,u237.5,-110,u237.5,-110,u237,-108,u237,-110,u237,-108
Sat Dec 23 2023,Detroit Pistons,115,Brooklyn Nets,126,o232.5,-110,o231,-110,o231,-114,o230.5,-115,o231,-110,o232,-105,o231,-110,o231,-114,u232.5,-110,u231,-110,u231,-108,u230.5,-105,u231,-110,u232,-115,u231,-110,u231,-108
Sat Dec 23 2023,Utah Jazz,126,Toronto Raptors,119,o229.5,-112,o232.5,-110,o232.5,-110,o233.5,-105,o231.5,-110,o233.5,-108,o232,-112,o232.5,-110,u229.5,-108,u232.5,-110,u232.5,-110,u233.5,-115,u231.5,-110,u233.5,-112,u232,-109,u232.5,-110
Sat Dec 23 2023,Cleveland Cavaliers,109,Chicago Bulls,95,o219,-108,o214,-110,o213.5,-112,o213.5,-110,o215,-110,o213,-110,o214.5,-112,o213.5,-112,u219,-114,u214,-110,u213.5,-108,u213.5,-110,u215,-110,u213,-110,u214.5,-109,u213.5,-108
Sat Dec 23 2023,Los Angeles Lakers,129,Oklahoma City Thunder,120,o236.5,-110,o238.5,-110,o239,-110,o238.5,-115,o239,-110,o239,-110,o239,-112,o239,-110,u236.5,-110,u238.5,-110,u239,-110,u238.5,-105,u239,-110,u239,-110,u239,-109,u239,-110
Sat Dec 23 2023,San Antonio Spurs,119,Dallas Mavericks,144,o239.5,-110,o243,-110,o242.5,-110,o243.5,-110,o242.5,-115,o243,-110,o243,-109,o242.5,-110,u239.5,-110,u243,-110,u242.5,-110,u243.5,-110,u242.5,-105,u243,-110,u243,-114,u242.5,-110
Sat Dec 23 2023,Portland Trail Blazers,106,Golden State Warriors,126,o233.5,-110,o231,-110,o231,-110,o231.5,-110,o230.5,-105,o231.5,-110,o232.5,-115,o231,-110,u233.5,-110,u231,-110,u231,-110,u231.5,-110,u230.5,-115,u231.5,-110,u232.5,-115,u231,-110
Sat Dec 23 2023,Minnesota Timberwolves,110,Sacramento Kings,98,o232.5,-110,o232,-110,o232.5,-112,o232.5,-115,o233,-110,o232.5,-112,o233,-112,o232.5,-112,u232.5,-110,u232,-110,u232.5,-108,u232.5,-105,u233,-110,u232.5,-108,u233,-109,u232.5,-108
Mon Dec 25 2023,Milwaukee Bucks,122,New York Knicks,129,o243.5,-110,o242.5,-110,o243.5,-108,o242.5,-110,o242,-110,o242.5,-110,o243,-109,o243.5,-108,u243.5,-110,u242.5,-110,u243.5,-112,u242.5,-110,u242,-110,u242.5,-110,u243,-112,u243.5,-112
Mon Dec 25 2023,Golden State Warriors,114,Denver Nuggets,120,o233,-110,o235.5,-110,o235,-112,o235.5,-110,o234.5,-110,o235.5,-108,o235.5,-109,o235,-112,u233,-110,u235.5,-110,u235,-108,u235.5,-110,u234.5,-110,u235.5,-112,u235.5,-112,u235,-108
Mon Dec 25 2023,Boston Celtics,126,Los Angeles Lakers,115,o231,-110,o234.5,-110,o235,-110,o234.5,-115,o234.5,-110,o234.5,-122,o235,-109,o235,-110,u231,-110,u234.5,-110,u235,-110,u234.5,-105,u234.5,-110,u234.5,+102,u235,-112,u235,-110
Mon Dec 25 2023,Philadelphia 76ers,113,Miami Heat,119,o226.5,-110,o227.5,-110,o228,-108,o227.5,-110,o227.5,-110,o227.5,-112,o226.5,-109,o228,-108,u226.5,-110,u227.5,-110,u228,-112,u227.5,-110,u227.5,-110,u227.5,-108,u226.5,-112,u228,-112
Mon Dec 25 2023,Dallas Mavericks,128,Phoenix Suns,114,o235.5,-110,o243.5,-110,o243.5,-110,o243.5,-110,o244,-115,o243,-108,o243.5,-108,o243.5,-110,u235.5,-110,u243.5,-110,u243.5,-110,u243.5,-110,u244,-105,u243,-112,u243.5,-113,u243.5,-110
Tue Dec 26 2023,Brooklyn Nets,118,Detroit Pistons,112,o232.5,-110,o228.5,-110,o228.5,-110,o229.5,-105,o228.5,-110,o228.5,-108,o228.5,-112,o228.5,-110,u232.5,-110,u228.5,-110,u228.5,-110,u229.5,-115,u228.5,-110,u228.5,-112,u228.5,-109,u228.5,-110
Tue Dec 26 2023,Orlando Magic,127,Washington Wizards,119,o237,-110,o236,-110,o236.5,-110,o236.5,-110,o237,-105,o236,-110,o238,-107,o236.5,-110,u237,-110,u236,-110,u236.5,-110,u236.5,-110,u237,-115,u236,-110,u238,-114,u236.5,-110
Tue Dec 26 2023,Atlanta Hawks,113,Chicago Bulls,118,o235,-110,o237.5,-110,o238,-110,o237.5,-110,o237,-110,o237.5,-110,o237,-113,o238,-110,u235,-110,u237.5,-110,u238,-110,u237.5,-110,u237,-110,u237.5,-110,u237,-110,u238,-110
Tue Dec 26 2023,Indiana Pacers,123,Houston Rockets,117,o236.5,-110,o240.5,-110,o240.5,-108,o241.5,-105,o239,-110,o240,-115,o240.5,-112,o240.5,-108,u236.5,-110,u240.5,-110,u240.5,-112,u241.5,-115,u239,-110,u240,-105,u240.5,-108,u240.5,-112
Tue Dec 26 2023,Memphis Grizzlies,116,New Orleans Pelicans,115,o229.5,-110,o229,-110,o229,-110,o229.5,-110,o229.5,-115,o229,-115,o229.5,-113,o229,-110,u229.5,-110,u229,-110,u229,-110,u229.5,-110,u229.5,-105,u229,-105,u229.5,-108,u229,-110
Tue Dec 26 2023,Minnesota Timberwolves,106,Oklahoma City Thunder,129,o225.5,-110,o230.5,-110,o230.5,-110,o230.5,-115,o228.5,-115,o230.5,-112,o230.5,-113,o230.5,-110,u225.5,-110,u230.5,-110,u230.5,-110,u230.5,-105,u228.5,-105,u230.5,-108,u230.5,-108,u230.5,-110
Tue Dec 26 2023,Utah Jazz,130,San Antonio Spurs,118,o242.5,-110,o241.5,-110,o241.5,-110,o241.5,-110,o242.5,-110,o241.5,-110,o241.5,-108,o241.5,-110,u242.5,-110,u241.5,-110,u241.5,-110,u241.5,-110,u242.5,-110,u241.5,-110,u241.5,-113,u241.5,-110
Tue Dec 26 2023,Sacramento Kings,113,Portland Trail Blazers,130,o235.5,-110,o236,-110,o236.5,-110,o235.5,-115,o237,-110,o236.5,-110,o236.5,-109,o236.5,-110,u235.5,-110,u236,-110,u236.5,-110,u235.5,-105,u237,-110,u236.5,-110,u236.5,-112,u236.5,-110
Tue Dec 26 2023,Charlotte Hornets,104,Los Angeles Clippers,113,o228.5,-108,o226.5,-110,o227,-106,o226.5,-110,o226.5,-105,o226.5,-110,o226,-113,o227,-106,u228.5,-112,u226.5,-110,u227,-114,u226.5,-110,u226.5,-115,u226.5,-110,u226,-108,u227,-114
Wed Dec 27 2023,Philadelphia 76ers,112,Orlando Magic,92,o224.5,-110,o228.5,-110,o228.5,-110,o228.5,-110,o228.5,-105,o228.5,-110,o229,-110,o228.5,-110,u224.5,-110,u228.5,-110,u228.5,-110,u228.5,-110,u228.5,-115,u228.5,-110,u229,-110,u228.5,-110
Wed Dec 27 2023,Toronto Raptors,132,Washington Wizards,102,o240.5,-110,o242,-110,o242,-110,o242.5,-110,o242,-105,o241.5,-110,o241.5,-110,o242,-110,u240.5,-110,u242,-110,u242,-110,u242.5,-110,u242,-115,u241.5,-110,u241.5,-110,u242,-110
Wed Dec 27 2023,Milwaukee Bucks,144,Brooklyn Nets,122,o241.5,-110,o244.5,-110,o244,-110,o244.5,-110,o244.5,-110,o244,-115,o243.5,-113,o244,-110,u241.5,-110,u244.5,-110,u244,-110,u244.5,-110,u244.5,-110,u244,-105,u243.5,-108,u244,-110
Wed Dec 27 2023,Phoenix Suns,129,Houston Rockets,113,o222.5,-110,o225,-110,o225,-108,o224.5,-110,o225,-110,o225,-105,o225,-112,o225,-108,u222.5,-110,u225,-110,u225,-112,u224.5,-110,u225,-110,u225,-115,u225,-109,u225,-112
Wed Dec 27 2023,New York Knicks,120,Oklahoma City Thunder,129,o236.5,-110,o241,-110,o241,-110,o241.5,-110,o241,-110,o241,-115,o242,-115,o241,-110,u236.5,-110,u241,-110,u241,-110,u241.5,-110,u241,-110,u241,-105,u242,-115,u241,-110
Wed Dec 27 2023,Cleveland Cavaliers,113,Dallas Mavericks,110,o234,-110,o232,-110,o232.5,-110,o231.5,-115,o232,-110,o232.5,-108,o232,-110,o232.5,-110,u234,-110,u232,-110,u232.5,-110,u231.5,-105,u232,-110,u232.5,-112,u232,-110,u232.5,-110
Thu Dec 28 2023,Detroit Pistons,122,Boston Celtics,128,o233.5,-110,o234,-110,o234,-112,o233.5,-110,o233.5,-110,o233,-108,o233.5,-108,o234,-112,u233.5,-110,u234,-110,u234,-108,u233.5,-110,u233.5,-110,u233,-112,u233.5,-113,u234,-108
Thu Dec 28 2023,Indiana Pacers,120,Chicago Bulls,104,o239.5,-110,o238.5,-110,o238.5,-110,o239.5,-105,o238.5,-110,o239,-110,o238.5,-108,o238.5,-110,u239.5,-110,u238.5,-110,u238.5,-110,u239.5,-115,u238.5,-110,u239,-110,u238.5,-113,u238.5,-110
Thu Dec 28 2023,Dallas Mavericks,110,Minnesota Timberwolves,118,o228.5,-110,o228,-110,o228,-114,o228.5,-110,o228,-110,o228.5,-110,o227.5,-110,o228,-114,u228.5,-110,u228,-110,u228,-106,u228.5,-110,u228,-110,u228.5,-110,u227.5,-110,u228,-106
Thu Dec 28 2023,Utah Jazz,105,New Orleans Pelicans,112,o237,-110,o239.5,-110,o239.5,-110,o239.5,-110,o239.5,-110,o239,-108,o239.5,-110,o239.5,-110,u237,-110,u239.5,-110,u239.5,-110,u239.5,-110,u239.5,-110,u239,-112,u239.5,-110,u239.5,-110
Thu Dec 28 2023,Memphis Grizzlies,105,Denver Nuggets,142,o227.5,-110,o222,-110,o222.5,-112,o222.5,-110,o222,-110,o223,-108,o221.5,-110,o222.5,-112,u227.5,-110,u222,-110,u222.5,-108,u222.5,-110,u222,-110,u223,-112,u221.5,-110,u222.5,-108
Thu Dec 28 2023,Miami Heat,114,Golden State Warriors,102,o224.5,-110,o232,-110,o232,-110,o232.5,-105,o231,-110,o232,-112,o232,-112,o232,-110,u224.5,-110,u232,-110,u232,-110,u232.5,-115,u231,-110,u232,-108,u232,-109,u232,-110
Thu Dec 28 2023,San Antonio Spurs,118,Portland Trail Blazers,105,o232.5,-110,o232.5,-110,o233,-108,o232.5,-110,o233,-110,o232.5,-110,o232.5,-112,o233,-108,u232.5,-110,u232.5,-110,u233,-112,u232.5,-110,u233,-110,u232.5,-110,u232.5,-109,u233,-112
Thu Dec 28 2023,Charlotte Hornets,112,Los Angeles Lakers,133,o228.5,-110,o228,-110,o227.5,-110,o227.5,-110,o226.5,-110,o226.5,-112,o228,-112,o227.5,-110,u228.5,-110,u228,-110,u227.5,-110,u227.5,-110,u226.5,-110,u226.5,-108,u228,-109,u227.5,-110
Fri Dec 29 2023,New York Knicks,108,Orlando Magic,117,o226.5,-110,o227,-110,o226.5,-112,o226.5,-115,o227,-110,o226.5,-112,o225.5,-110,o226.5,-112,u226.5,-110,u227,-110,u226.5,-108,u226.5,-105,u227,-110,u226.5,-108,u225.5,-110,u226.5,-108
Fri Dec 29 2023,Brooklyn Nets,104,Washington Wizards,110,o239.5,-110,o242,-110,o242,-110,o241.5,-115,o242,-110,o241.5,-105,o243,-108,o242,-110,u239.5,-110,u242,-110,u242,-110,u241.5,-105,u242,-110,u241.5,-115,u243,-113,u242,-110
Fri Dec 29 2023,Sacramento Kings,117,Atlanta Hawks,110,o251,-110,o252.5,-110,o253,-110,o252.5,-110,o252,-110,o252.5,-112,o252,-110,o253,-110,u251,-110,u252.5,-110,u253,-110,u252.5,-110,u252,-110,u252.5,-108,u252,-110,u253,-110
Fri Dec 29 2023,Toronto Raptors,118,Boston Celtics,120,o223.5,-110,o228.5,-110,o228.5,-110,o228.5,-110,o225,-110,o228,-105,o228,-113,o228.5,-110,u223.5,-110,u228.5,-110,u228.5,-110,u228.5,-110,u225,-110,u228,-115,u228,-108,u228.5,-110
Fri Dec 29 2023,Milwaukee Bucks,119,Cleveland Cavaliers,111,o239,-110,o241,-110,o241.5,-110,o241.5,-110,o241,-110,o241,-115,o241.5,-115,o241.5,-110,u239,-110,u241,-110,u241.5,-110,u241.5,-110,u241,-110,u241,-105,u241.5,-115,u241.5,-110
Fri Dec 29 2023,Philadelphia 76ers,131,Houston Rockets,127,o217,-110,o224,-110,o224,-110,o223.5,-115,o224,-110,o224,-110,o224,-113,o224,-110,u217,-110,u224,-110,u224,-110,u223.5,-105,u224,-110,u224,-110,u224,-108,u224,-110
Fri Dec 29 2023,Oklahoma City Thunder,119,Denver Nuggets,93,o229.5,-110,o236.5,-110,o236.5,-110,o236.5,-115,o237.5,-110,o237.5,-110,o236.5,-114,o236.5,-110,u229.5,-110,u236.5,-110,u236.5,-110,u236.5,-105,u237.5,-110,u237.5,-110,u236.5,-109,u236.5,-110
Fri Dec 29 2023,Charlotte Hornets,119,Phoenix Suns,133,o234.5,-110,o231.5,-110,o231.5,-108,o231.5,-110,o232,-110,o231.5,-105,o232,-108,o231.5,-108,u234.5,-110,u231.5,-110,u231.5,-112,u231.5,-110,u232,-110,u231.5,-115,u232,-113,u231.5,-112
Fri Dec 29 2023,San Antonio Spurs,128,Portland Trail Blazers,134,o234,-110,o233,-110,o233.5,-110,o233.5,-110,o233,-110,o233.5,-112,o232,-109,o233.5,-110,u234,-110,u233,-110,u233.5,-110,u233.5,-110,u233,-110,u233.5,-108,u232,-112,u233.5,-110
Fri Dec 29 2023,Memphis Grizzlies,106,Los Angeles Clippers,117,o224.5,-110,o230.5,-110,o230.5,-110,o230.5,-110,o230,-110,o230,-112,o230,-110,o230.5,-110,u224.5,-110,u230.5,-110,u230.5,-110,u230.5,-110,u230,-110,u230,-108,u230,-110,u230.5,-110
Sat Dec 30 2023,Miami Heat,109,Utah Jazz,117,o228.5,-110,o231,-110,o231,-110,o231.5,-105,o231,-110,o231,-118,o230.5,-112,o231,-110,u228.5,-110,u231,-110,u231,-110,u231.5,-115,u231,-110,u231,-102,u230.5,-109,u231,-110
Sat Dec 30 2023,Toronto Raptors,127,Detroit Pistons,129,o229.5,-110,o233,-110,o233.5,-110,o232.5,-110,o233,-110,o233,-110,o232.5,-109,o233.5,-110,u229.5,-110,u233,-110,u233.5,-110,u232.5,-110,u233,-110,u233,-110,u232.5,-112,u233.5,-110
Sat Dec 30 2023,New York Knicks,126,Indiana Pacers,140,o248.5,-110,o249,-110,o248.5,-112,o249.5,-105,o249,-110,o249,-112,o249.5,-112,o248.5,-112,u248.5,-110,u249,-110,u248.5,-108,u249.5,-115,u249,-110,u249,-108,u249.5,-109,u248.5,-108
Sat Dec 30 2023,Philadelphia 76ers,92,Chicago Bulls,105,o222.5,-110,o225,-110,o225.5,-110,o225.5,-110,o225.5,-110,o226,-110,o225,-110,o225.5,-110,u222.5,-110,u225,-110,u225.5,-110,u225.5,-110,u225.5,-110,u226,-110,u225,-110,u225.5,-110
Sat Dec 30 2023,Los Angeles Lakers,106,Minnesota Timberwolves,108,o224.5,-110,o226.5,-110,o227,-110,o226.5,-115,o226.5,-110,o227.5,-110,o225,-112,o227,-110,u224.5,-110,u226.5,-110,u227,-110,u226.5,-105,u226.5,-110,u227.5,-110,u225,-109,u227,-110
Sat Dec 30 2023,Dallas Mavericks,132,Golden State Warriors,122,o240.5,-110,o243.5,-110,o243,-110,o243.5,-110,o244,-110,o243,-115,o243,-110,o243,-110,u240.5,-110,u243.5,-110,u243,-110,u243.5,-110,u244,-110,u243,-105,u243,-110,u243,-110
Sun Dec 31 2023,Atlanta Hawks,130,Washington Wizards,126,o251.5,-110,o252,-110,o252,-110,o251.5,-115,o252,-110,o252,-108,o252.5,-109,o252,-110,u251.5,-110,u252,-110,u252,-110,u251.5,-105,u252,-110,u252,-112,u252.5,-112,u252,-110
Sun Dec 31 2023,Los Angeles Lakers,109,New Orleans Pelicans,129,o227.5,-110,o233.5,-110,o233,-110,o233.5,-110,o233.5,-115,o233,-110,o232.5,-113,o233,-110,u227.5,-110,u233.5,-110,u233,-110,u233.5,-110,u233.5,-105,u233,-110,u232.5,-108,u233,-110
Sun Dec 31 2023,Brooklyn Nets,108,Oklahoma City Thunder,124,o234.5,-108,o234.5,-110,o235,-108,o233.5,-115,o234,-110,o233.5,-110,o234.5,-114,o235,-108,u234.5,-112,u234.5,-110,u235,-112,u233.5,-105,u234,-110,u233.5,-110,u234.5,-117,u235,-112
Sun Dec 31 2023,Boston Celtics,134,San Antonio Spurs,101,o240.5,-110,o240.5,-110,o241.5,-108,o240.5,-110,o240.5,-105,o241,-105,o242,-109,o241.5,-108,u240.5,-110,u240.5,-110,u241.5,-112,u240.5,-110,u240.5,-115,u241,-115,u242,-112,u241.5,-112
Sun Dec 31 2023,Sacramento Kings,123,Memphis Grizzlies,92,o236.5,-110,o236.5,-110,o237,-110,o236.5,-115,o237,-115,o237,-110,o236,-110,o237,-110,u236.5,-110,u236.5,-110,u237,-110,u236.5,-105,u237,-105,u237,-110,u236,-110,u237,-110
Sun Dec 31 2023,Orlando Magic,107,Phoenix Suns,112,o228.5,-110,o232,-110,o232,-110,o231.5,-115,o232,-110,o232.5,-110,o231.5,-112,o232,-110,u228.5,-110,u232,-110,u232,-110,u231.5,-105,u232,-110,u232.5,-110,u231.5,-109,u232,-110
Mon Jan 1 2024,Minnesota Timberwolves,106,New York Knicks,112,o222,-110,o221.5,-110,o222,-110,o222.5,-105,o221.5,-105,o223,-108,o223,-108,o222,-110,u222,-110,u221.5,-110,u222,-110,u222.5,-115,u221.5,-115,u223,-112,u223,-113,u222,-110
Mon Jan 1 2024,Cleveland Cavaliers,121,Toronto Raptors,124,o223.5,-110,o227.5,-110,o227.5,-110,o227.5,-115,o227.5,-115,o228,-108,o227,-108,o227.5,-110,u223.5,-110,u227.5,-110,u227.5,-110,u227.5,-105,u227.5,-105,u228,-112,u227,-113,u227.5,-110
Mon Jan 1 2024,Detroit Pistons,113,Houston Rockets,136,o227.5,-110,o227.5,-110,o227.5,-110,o227.5,-110,o227,-115,o227.5,-105,o228,-110,o227.5,-110,u227.5,-110,u227.5,-110,u227.5,-110,u227.5,-110,u227,-105,u227.5,-115,u228,-110,u227.5,-110
Mon Jan 1 2024,Indiana Pacers,122,Milwaukee Bucks,113,o258.5,-110,o262.5,-110,o261.5,-110,o261.5,-115,o261.5,-110,o261.5,-110,o261.5,-108,o261.5,-110,u258.5,-110,u262.5,-110,u261.5,-110,u261.5,-105,u261.5,-110,u261.5,-110,u261.5,-113,u261.5,-110
Mon Jan 1 2024,Charlotte Hornets,93,Denver Nuggets,111,o227.5,-110,o224.5,-110,o224.5,-110,o224.5,-110,o225.5,-105,o224.5,-112,o225,-113,o224.5,-110,u227.5,-110,u224.5,-110,u224.5,-110,u224.5,-110,u225.5,-115,u224.5,-108,u225,-108,u224.5,-110
Mon Jan 1 2024,Portland Trail Blazers,88,Phoenix Suns,109,o229.5,-110,o229.5,-110,o229,-110,o229.5,-110,o228.5,-110,o229.5,-112,o222,-115,o229,-110,u229.5,-110,u229.5,-110,u229,-110,u229.5,-110,u228.5,-110,u229.5,-108,u222,-118,u229,-110
Mon Jan 1 2024,Dallas Mavericks,90,Utah Jazz,127,o245.5,-110,o247.5,-110,o247.5,-108,o247.5,-110,o247.5,-110,o247.5,-112,o247.5,-110,o247.5,-108,u245.5,-110,u247.5,-110,u247.5,-112,u247.5,-110,u247.5,-110,u247.5,-108,u247.5,-110,u247.5,-112
Mon Jan 1 2024,Miami Heat,104,Los Angeles Clippers,121,o228.5,-110,o228.5,-110,o228.5,-110,o228.5,-110,o228.5,-115,o228.5,-112,o228,-110,o228.5,-110,u228.5,-110,u228.5,-110,u228.5,-110,u228.5,-110,u228.5,-105,u228.5,-108,u228,-110,u228.5,-110
Tue Jan 2 2024,Chicago Bulls,97,Philadelphia 76ers,110,o223.5,-110,o222,-110,o222.5,-110,o222.5,-110,o223.5,-110,o223,-108,o223.5,-109,o222.5,-110,u223.5,-110,u222,-110,u222.5,-110,u222.5,-110,u223.5,-110,u223,-112,u223.5,-112,u222.5,-110
Tue Jan 2 2024,San Antonio Spurs,98,Memphis Grizzlies,106,o229.5,-110,o237,-110,o236.5,-110,o236.5,-115,o235,-110,o237,-110,o236.5,-112,o236.5,-110,u229.5,-110,u237,-110,u236.5,-110,u236.5,-105,u235,-110,u237,-110,u236.5,-109,u236.5,-110
Tue Jan 2 2024,Brooklyn Nets,85,New Orleans Pelicans,112,o231.5,-110,o227,-110,o227,-110,o226.5,-115,o228.5,-110,o227.5,-102,o228.5,-108,o227,-110,u231.5,-110,u227,-110,u227,-110,u226.5,-105,u228.5,-110,u227.5,-118,u228.5,-113,u227,-110
Tue Jan 2 2024,Boston Celtics,123,Oklahoma City Thunder,127,o238.5,-112,o240.5,-110,o240,-110,o239.5,-115,o240,-110,o240,-112,o240.5,-115,o240,-110,u238.5,-108,u240.5,-110,u240,-110,u239.5,-105,u240,-110,u240,-108,u240.5,-115,u240,-110
Tue Jan 2 2024,Orlando Magic,115,Golden State Warriors,121,o230.5,-110,o229.5,-110,o229.5,-110,o230.5,-110,o230.5,-110,o229.5,-110,o230.5,-108,o229.5,-110,u230.5,-110,u229.5,-110,u229.5,-110,u230.5,-110,u230.5,-110,u229.5,-110,u230.5,-113,u229.5,-110
Tue Jan 2 2024,Charlotte Hornets,111,Sacramento Kings,104,o233.5,-110,o233,-110,o233.5,-110,o232.5,-115,o232,-110,o233.5,-112,o233,-110,o233.5,-110,u233.5,-110,u233,-110,u233.5,-110,u232.5,-105,u232,-110,u233.5,-108,u233,-110,u233.5,-110
Wed Jan 3 2024,Washington Wizards,101,Cleveland Cavaliers,140,o240.5,-110,o240,-110,o239.5,-110,o239.5,-115,o239.5,-110,o240,-110,o239.5,-115,o239.5,-110,u240.5,-110,u240,-110,u239.5,-110,u239.5,-105,u239.5,-110,u240,-110,u239.5,-115,u239.5,-110
Wed Jan 3 2024,Milwaukee Bucks,130,Indiana Pacers,142,o258.5,-110,o258,-110,o258,-112,o258.5,-110,o257.5,-115,o257.5,-112,o258.5,-115,o258,-112,u258.5,-110,u258,-110,u258,-108,u258.5,-110,u257.5,-105,u257.5,-108,u258.5,-115,u258,-108
Wed Jan 3 2024,Oklahoma City Thunder,138,Atlanta Hawks,141,o249.5,-110,o248.5,-110,o249,-110,o248.5,-110,o248,-105,o248.5,-108,o249,-108,o249,-110,u249.5,-110,u248.5,-110,u249,-110,u248.5,-110,u248,-115,u248.5,-112,u249,-113,u249,-110
Wed Jan 3 2024,Brooklyn Nets,101,Houston Rockets,112,o222.5,-110,o222,-110,o222,-110,o222.5,-110,o222,-105,o222,-110,o222,-108,o222,-110,u222.5,-110,u222,-110,u222,-110,u222.5,-110,u222,-115,u222,-110,u222,-113,u222,-110
Wed Jan 3 2024,Toronto Raptors,116,Memphis Grizzlies,111,o231.5,-110,o227.5,-110,o228,-112,o227.5,-110,o229.5,-110,o227.5,-108,o227,-109,o228,-112,u231.5,-110,u227.5,-110,u228,-108,u227.5,-110,u229.5,-110,u227.5,-112,u227,-112,u228,-108
Wed Jan 3 2024,New Orleans Pelicans,117,Minnesota Timberwolves,106,o223.5,-110,o220.5,-110,o221,-110,o220.5,-110,o222.5,-110,o220.5,-112,o221.5,-112,o221,-110,u223.5,-110,u220.5,-110,u221,-110,u220.5,-110,u222.5,-110,u220.5,-108,u221.5,-109,u221,-110
Wed Jan 3 2024,Portland Trail Blazers,97,Dallas Mavericks,126,o232.5,-110,o239,-110,o239,-112,o238.5,-110,o237.5,-110,o239,-110,o239,-109,o239,-112,u232.5,-110,u239,-110,u239,-108,u238.5,-110,u237.5,-110,u239,-110,u239,-112,u239,-108
Wed Jan 3 2024,Chicago Bulls,100,New York Knicks,116,o220.5,-110,o220.5,-110,o221,-112,o220.5,-110,o220.5,-110,o220.5,-110,o220.5,-112,o221,-112,u220.5,-110,u220.5,-110,u221,-108,u220.5,-110,u220.5,-110,u220.5,-110,u220.5,-109,u221,-108
Wed Jan 3 2024,Los Angeles Clippers,131,Phoenix Suns,122,o235,-110,o231,-110,o231,-108,o231.5,-105,o232,-110,o231,-110,o230.5,-112,o231,-108,u235,-110,u231,-110,u231,-112,u231.5,-115,u232,-110,u231,-110,u230.5,-109,u231,-112
Wed Jan 3 2024,Detroit Pistons,148,Utah Jazz,154,o239.5,-110,o240.5,-110,o241.5,-110,o240.5,-115,o239.5,-110,o241,-112,o241.5,-110,o241.5,-110,u239.5,-110,u240.5,-110,u241.5,-110,u240.5,-105,u239.5,-110,u241,-108,u241.5,-110,u241.5,-110
Wed Jan 3 2024,Miami Heat,110,Los Angeles Lakers,96,o226.5,-110,o229,-110,o229,-112,o228.5,-115,o227,-110,o229,-112,o229,-109,o229,-112,u226.5,-110,u229,-110,u229,-108,u228.5,-105,u227,-110,u229,-108,u229,-112,u229,-108
Wed Jan 3 2024,Orlando Magic,135,Sacramento Kings,138,o233,-110,o231.5,-110,o232,-110,o231.5,-110,o231,-110,o231.5,-110,o231.5,-108,o232,-110,u233,-110,u231.5,-110,u232,-110,u231.5,-110,u231,-110,u231.5,-110,u231.5,-113,u232,-110
Thu Jan 4 2024,Milwaukee Bucks,125,San Antonio Spurs,121,o250.5,-110,o248,-110,o248,-108,o248.5,-105,o248,-110,o247.5,-105,o248,-113,o248,-108,u250.5,-110,u248,-110,u248,-112,u248.5,-115,u248,-110,u247.5,-115,u248,-108,u248,-112
Thu Jan 4 2024,Denver Nuggets,130,Golden State Warriors,127,o234.5,-110,o234.5,-110,o234,-112,o234.5,-110,o234.5,-115,o234.5,-110,o235,-110,o234,-112,u234.5,-110,u234.5,-110,u234,-108,u234.5,-110,u234.5,-105,u234.5,-110,u235,-110,u234,-108
Fri Jan 5 2024,Utah Jazz,97,Boston Celtics,126,o240.5,-110,o240.5,-110,o240.5,-110,o240.5,-115,o239.5,-110,o241,-110,o240,-113,o240.5,-110,u240.5,-110,u240.5,-110,u240.5,-110,u240.5,-105,u239.5,-110,u241,-110,u240,-108,u240.5,-110
Fri Jan 5 2024,Atlanta Hawks,116,Indiana Pacers,150,o263.5,-110,o262,-110,o262,-108,o261.5,-115,o263,-105,o262,-110,o261.5,-110,o262,-108,u263.5,-110,u262,-110,u262,-112,u261.5,-105,u263,-115,u262,-110,u261.5,-110,u262,-112
Fri Jan 5 2024,Oklahoma City Thunder,115,Brooklyn Nets,124,o233.5,-110,o234,-110,o234,-110,o234.5,-105,o234.5,-110,o234,-110,o234.5,-112,o234,-110,u233.5,-110,u234,-110,u234,-110,u234.5,-115,u234.5,-110,u234,-110,u234.5,-109,u234,-110
Fri Jan 5 2024,Washington Wizards,90,Cleveland Cavaliers,114,o240,-110,o237.5,-110,o237.5,-110,o237.5,-110,o240,-110,o237.5,-110,o238,-108,o237.5,-110,u240,-110,u237.5,-110,u237.5,-110,u237.5,-110,u240,-110,u237.5,-110,u238,-113,u237.5,-110
Fri Jan 5 2024,New York Knicks,128,Philadelphia 76ers,92,o226.5,-110,o233.5,-110,o233.5,-110,o233.5,-110,o229.5,-110,o233.5,-112,o233.5,-108,o233.5,-110,u226.5,-110,u233.5,-110,u233.5,-110,u233.5,-110,u229.5,-110,u233.5,-108,u233.5,-113,u233.5,-110
Fri Jan 5 2024,Charlotte Hornets,91,Chicago Bulls,104,o224,-110,o218,-110,o217.5,-110,o218.5,-105,o223.5,-110,o218,-108,o217.5,-110,o217.5,-110,u224,-110,u218,-110,u217.5,-110,u218.5,-115,u223.5,-110,u218,-112,u217.5,-110,u217.5,-110
Fri Jan 5 2024,Minnesota Timberwolves,122,Houston Rockets,95,o220.5,-108,o216,-110,o215.5,-112,o216.5,-105,o219,-110,o216,-110,o216.5,-115,o215.5,-112,u220.5,-112,u216,-110,u215.5,-108,u216.5,-115,u219,-110,u216,-110,u216.5,-115,u215.5,-108
Fri Jan 5 2024,Los Angeles Clippers,111,New Orleans Pelicans,95,o228.5,-110,o230.5,-110,o230.5,-110,o230.5,-110,o229,-110,o230.5,-110,o230.5,-110,o230.5,-110,u228.5,-110,u230.5,-110,u230.5,-110,u230.5,-110,u229,-110,u230.5,-110,u230.5,-110,u230.5,-110
Fri Jan 5 2024,Portland Trail Blazers,103,Dallas Mavericks,139,o236.5,-110,o234,-110,o234,-110,o234.5,-105,o237.5,-110,o234.5,-110,o234.5,-109,o234,-110,u236.5,-110,u234,-110,u234,-110,u234.5,-115,u237.5,-110,u234.5,-110,u234.5,-112,u234,-110
Fri Jan 5 2024,Orlando Magic,122,Denver Nuggets,120,o225,-108,o224.5,-110,o224,-108,o224.5,-105,N/A,o224,-112,o223,-109,o224,-108,u225,-112,u224.5,-110,u224,-112,u224.5,-115,N/A,u224,-108,u223,-112,u224,-112,,
Fri Jan 5 2024,Miami Heat,97,Phoenix Suns,113,o229.5,-110,o227.5,-110,o227.5,-110,o227.5,-110,N/A,o227.5,-110,o228,-110,o227.5,-110,u229.5,-110,u227.5,-110,u227.5,-110,u227.5,-110,N/A,u227.5,-110,u228,-110,u227.5,-110,,
Fri Jan 5 2024,Detroit Pistons,109,Golden State Warriors,113,o240.5,-110,o240.5,-110,o240.5,-110,o240.5,-110,o239.5,-110,o241,-110,o240,-109,o240.5,-110,u240.5,-110,u240.5,-110,u240.5,-110,u240.5,-110,u239.5,-110,u241,-110,u240,-112,u240.5,-110
Fri Jan 5 2024,Memphis Grizzlies,127,Los Angeles Lakers,113,o229,-110,o224.5,-110,o225.5,-112,o224.5,-110,o227,-110,o225,-110,o225.5,-115,o225.5,-112,u229,-110,u224.5,-110,u225.5,-108,u224.5,-110,u227,-110,u225,-110,u225.5,-115,u225.5,-108
Fri Jan 5 2024,Toronto Raptors,130,Sacramento Kings,135,o237.5,-110,o237.5,-110,o237.5,-110,o237.5,-110,o239.5,-105,o237.5,-112,o239,-117,o237.5,-110,u237.5,-110,u237.5,-110,u237.5,-110,u237.5,-110,u239.5,-115,u237.5,-108,u239,-117,u237.5,-110
Sat Jan 6 2024,Boston Celtics,118,Indiana Pacers,101,N/A,o249.5,-110,o250,-110,o249.5,-115,o250.5,-110,o250,-112,o249,-110,o249.5,-110,o250,-110,N/A,u249.5,-110,u250,-110,u249.5,-105,u250.5,-110,u250,-108,u249,-110,u249.5,-110
Sat Jan 6 2024,New York Knicks,121,Washington Wizards,105,N/A,o240,-110,o239.5,-110,o240.5,-105,o240,-110,o239,-110,o238,-115,o239.5,-115,o239.5,-110,N/A,u240,-110,u239.5,-110,u240.5,-115,u240,-110,u239,-110,u238,-115,u239.5,-105
Sat Jan 6 2024,Utah Jazz,120,Philadelphia 76ers,109,N/A,o236.5,-110,o236.5,-110,o236.5,-110,o236.5,-110,o236.5,-112,o235.5,-115,o235.5,-115,o236.5,-110,N/A,u236.5,-110,u236.5,-110,u236.5,-110,u236.5,-110,u236.5,-108,u235.5,-115,u235.5,-105
Sat Jan 6 2024,Milwaukee Bucks,108,Houston Rockets,112,N/A,o237.5,-110,o237,-110,o237.5,-110,o237.5,-115,o237.5,-108,o237.5,-110,o237.5,-110,o237,-110,N/A,u237.5,-110,u237,-110,u237.5,-110,u237.5,-105,u237.5,-112,u237.5,-110,u237.5,-110
Sun Jan 7 2024,San Antonio Spurs,115,Cleveland Cavaliers,117,o235.5,-110,o232,-110,o232,-112,o232.5,-110,o231.5,-110,o232,-110,o232,-108,o232,-112,u235.5,-110,u232,-110,u232,-108,u232.5,-110,u231.5,-110,u232,-110,u232,-113,u232,-108
Sun Jan 7 2024,Portland Trail Blazers,134,Brooklyn Nets,127,o224,-110,o226,-110,o226.5,-110,o227.5,-105,o226,-110,o227,-112,o217.5,-120,o226.5,-110,u224,-110,u226,-110,u226.5,-110,u227.5,-115,u226,-110,u227,-108,u217.5,-114,u226.5,-110
Sun Jan 7 2024,Atlanta Hawks,110,Orlando Magic,117,o240.5,-110,o240.5,-110,o240,-110,o240.5,-110,o238.5,-105,o240,-110,o239.5,-112,o240,-110,u240.5,-110,u240.5,-110,u240,-110,u240.5,-110,u238.5,-115,u240,-110,u239.5,-109,u240,-110
Sun Jan 7 2024,New Orleans Pelicans,133,Sacramento Kings,100,o234.5,-110,o233,-110,o233.5,-110,o233.5,-110,o235.5,-110,o233,-110,o233.5,-110,o233.5,-110,u234.5,-110,u233,-110,u233.5,-110,u233.5,-110,u235.5,-110,u233,-110,u233.5,-110,u233.5,-110
Sun Jan 7 2024,Minnesota Timberwolves,108,Dallas Mavericks,115,o229,-110,o234.5,-110,o234,-110,o233.5,-115,o234.5,-110,o234,-110,o234,-112,o234,-110,u229,-110,u234.5,-110,u234,-110,u233.5,-105,u234.5,-110,u234,-110,u234,-109,u234,-110
Sun Jan 7 2024,Detroit Pistons,114,Denver Nuggets,131,o237.5,-110,o235.5,-110,o235.5,-110,o235.5,-110,o236,-110,o236,-105,o236,-108,o235.5,-110,u237.5,-110,u235.5,-110,u235.5,-110,u235.5,-110,u236,-110,u236,-115,u236,-113,u235.5,-110
Sun Jan 7 2024,Memphis Grizzlies,121,Phoenix Suns,115,o228,-110,o229.5,-110,o229,-110,o229.5,-105,o228.5,-110,o229,-108,o229.5,-110,o229,-110,u228,-110,u229.5,-110,u229,-110,u229.5,-115,u228.5,-110,u229,-112,u229.5,-110,u229,-110
Sun Jan 7 2024,Toronto Raptors,133,Golden State Warriors,118,o237.5,-110,o236.5,-110,o238,-108,o236.5,-110,o238.5,-115,o237,-110,o248,-114,o238,-108,u237.5,-110,u236.5,-110,u238,-112,u236.5,-110,u238.5,-105,u237,-110,u248,-120,u238,-112
Sun Jan 7 2024,Los Angeles Clippers,103,Los Angeles Lakers,106,o232,-110,o232,-110,o232,-112,o232.5,-110,o232.5,-115,o232,-110,o232.5,-112,o232,-112,u232,-110,u232,-110,u232,-108,u232.5,-110,u232.5,-105,u232,-110,u232.5,-109,u232,-108
Mon Jan 8 2024,Chicago Bulls,119,Charlotte Hornets,112,o216.5,-110,o215.5,-110,o215.5,-108,o216.5,-105,o216,-110,o216,-110,o215,-113,o215.5,-108,u216.5,-110,u215.5,-110,u215.5,-112,u216.5,-115,u216,-110,u216,-110,u215,-108,u215.5,-112
Mon Jan 8 2024,Boston Celtics,131,Indiana Pacers,133,o242.5,-110,o246,-110,o246.5,-110,o245.5,-115,o246,-115,o246,-110,o246.5,-110,o246.5,-110,u242.5,-110,u246,-110,u246.5,-110,u245.5,-105,u246,-105,u246,-110,u246.5,-110,u246.5,-110
Mon Jan 8 2024,Oklahoma City Thunder,136,Washington Wizards,128,o247,-110,o245,-110,o245,-108,o245.5,-110,o246,-115,o245,-122,o245.5,-113,o245,-108,u247,-110,u245,-110,u245,-112,u245.5,-110,u246,-105,u245,+102,u245.5,-108,u245,-112
Mon Jan 8 2024,Houston Rockets,113,Miami Heat,120,o216.5,-110,o218,-110,o218.5,-112,o217.5,-115,o218.5,-110,o217.5,-110,o219,-109,o218.5,-112,u216.5,-110,u218,-110,u218.5,-108,u217.5,-105,u218.5,-110,u217.5,-110,u219,-112,u218.5,-108
Mon Jan 8 2024,Utah Jazz,132,Milwaukee Bucks,116,o247,-110,o242,-110,o242.5,-110,o242.5,-110,o242,-105,o242.5,-110,o242,-112,o242.5,-110,u247,-110,u242,-110,u242.5,-110,u242.5,-110,u242,-115,u242.5,-110,u242,-109,u242.5,-110
Mon Jan 8 2024,Phoenix Suns,111,Los Angeles Clippers,138,o226,-110,o234.5,-110,o235,-110,o234.5,-110,o234.5,-115,o234.5,-112,o234.5,-108,o235,-110,u226,-110,u234.5,-110,u235,-110,u234.5,-110,u234.5,-105,u234.5,-108,u234.5,-113,u235,-110
Tue Jan 9 2024,Sacramento Kings,131,Detroit Pistons,110,o242.5,-110,o241,-110,o241.5,-108,o241.5,-105,o241,-115,o240,-110,o241,-109,o241.5,-108,u242.5,-110,u241,-110,u241.5,-112,u241.5,-115,u241,-105,u240,-110,u241,-112,u241.5,-112
Tue Jan 9 2024,Minnesota Timberwolves,113,Orlando Magic,92,o220.5,-112,o218.5,-110,o217.5,-110,o218.5,-105,o217,-110,o217,-110,o217,-113,o217.5,-110,u220.5,-108,u218.5,-110,u217.5,-110,u218.5,-115,u217,-110,u217,-110,u217,-108,u217.5,-110
Tue Jan 9 2024,Portland Trail Blazers,84,New York Knicks,112,o228,-110,o229.5,-110,o229,-112,o229.5,-110,o229,-110,o229,-110,o229.5,-115,o229,-112,u228,-110,u229.5,-110,u229,-108,u229.5,-110,u229,-110,u229,-110,u229.5,-115,u229,-108
Tue Jan 9 2024,Memphis Grizzlies,120,Dallas Mavericks,103,o236.5,-110,o236.5,-110,o236.5,-112,o236.5,-110,o235,-110,o235,-110,o236.5,-112,o236.5,-112,u236.5,-110,u236.5,-110,u236.5,-108,u236.5,-110,u235,-110,u235,-110,u236.5,-109,u236.5,-108
Tue Jan 9 2024,Toronto Raptors,131,Los Angeles Lakers,132,o230.5,-110,o237.5,-110,o238,-108,o237.5,-110,o237.5,-110,o232,-110,o237.5,-109,o238,-108,u230.5,-110,u237.5,-110,u238,-112,u237.5,-110,u237.5,-110,u232,-110,u237.5,-112,u238,-112
Wed Jan 10 2024,Minnesota Timberwolves,120,Boston Celtics,127,o224,-110,o228.5,-110,o228,-110,o228.5,-110,o223.5,-110,o227.5,-115,o227,-109,o228,-110,u224,-110,u228.5,-110,u228,-110,u228.5,-110,u223.5,-110,u227.5,-105,u227,-112,u228,-110
Wed Jan 10 2024,Sacramento Kings,123,Charlotte Hornets,98,o234.5,-110,o229.5,-110,o230,-110,o230.5,-105,o231.5,-110,o230,-112,o230.5,-112,o230,-110,u234.5,-110,u229.5,-110,u230,-110,u230.5,-115,u231.5,-110,u230,-108,u230.5,-109,u230,-110
Wed Jan 10 2024,San Antonio Spurs,130,Detroit Pistons,108,o240.5,-110,o238.5,-110,o238,-110,o238.5,-110,o238,-105,o238.5,-110,o237.5,-114,o238,-110,u240.5,-110,u238.5,-110,u238,-110,u238.5,-110,u238,-115,u238.5,-110,u237.5,-117,u238,-110
Wed Jan 10 2024,Washington Wizards,104,Indiana Pacers,112,o251.5,-110,o252,-110,o251.5,-112,o252.5,-110,o253,-115,o252,-112,o251.5,-112,o251.5,-112,u251.5,-110,u252,-110,u251.5,-108,u252.5,-110,u253,-105,u252,-108,u251.5,-109,u251.5,-108
Wed Jan 10 2024,Philadelphia 76ers,132,Atlanta Hawks,139,o244.5,-110,o246.5,-110,o246.5,-110,o246.5,-110,o245.5,-110,o246,-115,o246.5,-112,o246.5,-110,u244.5,-110,u246.5,-110,u246.5,-110,u246.5,-110,u245.5,-110,u246,-105,u246.5,-109,u246.5,-110
Wed Jan 10 2024,Oklahoma City Thunder,128,Miami Heat,120,o232.5,-110,o233,-110,o232.5,-110,o232.5,-110,o236,-110,o233,-110,o233.5,-113,o232.5,-110,u232.5,-110,u233,-110,u232.5,-110,u232.5,-110,u236,-110,u233,-110,u233.5,-108,u232.5,-110
Wed Jan 10 2024,Houston Rockets,119,Chicago Bulls,124,o216.5,-110,o216.5,-110,o216.5,-110,o216.5,-110,o217,-110,o216,-105,o216.5,-113,o216.5,-110,u216.5,-110,u216.5,-110,u216.5,-110,u216.5,-110,u217,-110,u216,-115,u216.5,-108,u216.5,-110
Wed Jan 10 2024,New Orleans Pelicans,141,Golden State Warriors,105,o233,-110,o235,-110,o234.5,-110,o235.5,-105,o234,-110,o235,-108,o234.5,-110,o234.5,-110,u233,-110,u235,-110,u234.5,-110,u235.5,-115,u234,-110,u235,-112,u234.5,-110,u234.5,-110
Wed Jan 10 2024,Denver Nuggets,111,Utah Jazz,124,o239,-110,o238.5,-110,o238.5,-110,o238.5,-115,o239,-110,o239,-110,o239,-113,o238.5,-110,u239,-110,u238.5,-110,u238.5,-110,u238.5,-105,u239,-110,u239,-110,u239,-108,u238.5,-110
Wed Jan 10 2024,Toronto Raptors,120,Los Angeles Clippers,126,o236.5,-110,o233.5,-110,o233.5,-110,o233.5,-105,o233.5,-110,o233.5,-105,o232.5,-118,o233.5,-110,u236.5,-110,u233.5,-110,u233.5,-110,u233.5,-115,u233.5,-110,u233.5,-115,u232.5,-113,u233.5,-110
Thu Jan 11 2024,Brooklyn Nets,102,Cleveland Cavaliers,111,o224.5,-110,o221.5,-110,o221.5,-110,o221.5,-115,o224.5,-110,o221.5,-115,o222,-112,o221.5,-110,u224.5,-110,u221.5,-110,u221.5,-110,u221.5,-105,u224.5,-110,u221.5,-105,u222,-109,u221.5,-110
Thu Jan 11 2024,Boston Celtics,102,Milwaukee Bucks,135,o239.5,-110,o247.5,-110,o247.5,-110,o247.5,-110,o247.5,-110,o247.5,-110,o247.5,-113,o247.5,-110,u239.5,-110,u247.5,-110,u247.5,-110,u247.5,-110,u247.5,-110,u247.5,-110,u247.5,-118,u247.5,-110
Thu Jan 11 2024,Portland Trail Blazers,77,Oklahoma City Thunder,139,o232.5,-110,o236.5,-110,o237,-108,o236.5,-110,o236.5,-115,o236.5,-105,o236.5,-112,o237,-108,u232.5,-110,u236.5,-110,u237,-112,u236.5,-110,u236.5,-105,u236.5,-115,u236.5,-109,u237,-112
Thu Jan 11 2024,New York Knicks,124,Dallas Mavericks,128,o229.5,-110,o234.5,-110,o234.5,-110,o234.5,-110,o235,-115,o234.5,-112,o234.5,-113,o234.5,-110,u229.5,-110,u234.5,-110,u234.5,-110,u234.5,-110,u235,-105,u234.5,-108,u234.5,-108,u234.5,-110
Thu Jan 11 2024,Phoenix Suns,127,Los Angeles Lakers,109,o235.5,-110,o238,-110,o238.5,-112,o238.5,-110,o238.5,-110,o238.5,-112,o239,-112,o238.5,-112,u235.5,-110,u238,-110,u238.5,-108,u238.5,-110,u238.5,-110,u238.5,-108,u239,-109,u238.5,-108
Fri Jan 12 2024,Indiana Pacers,126,Atlanta Hawks,108,o254.5,-110,o249.5,-110,o249.5,-110,o250.5,-105,o251.5,-110,o250,-110,o251,-109,o249.5,-110,u254.5,-110,u249.5,-110,u249.5,-110,u250.5,-115,u251.5,-110,u250,-110,u251,-112,u249.5,-110
Fri Jan 12 2024,Houston Rockets,112,Detroit Pistons,110,o227,-110,o224.5,-110,o225,-108,o224.5,-110,o227,-110,o224.5,-105,o225.5,-112,o225,-108,u227,-110,u224.5,-110,u225,-112,u224.5,-110,u227,-110,u224.5,-115,u225.5,-109,u225,-112
Fri Jan 12 2024,Sacramento Kings,93,Philadelphia 76ers,112,o239.5,-110,o242.5,-110,o242.5,-110,o242.5,-110,o241.5,-110,o242.5,-110,o242,-109,o242.5,-110,u239.5,-110,u242.5,-110,u242.5,-110,u242.5,-110,u241.5,-110,u242.5,-110,u242,-112,u242.5,-110
Fri Jan 12 2024,Golden State Warriors,140,Chicago Bulls,131,o228.5,-110,o228.5,-110,o228,-110,o228.5,-110,o228.5,-110,o229,-105,o228,-112,o228,-110,u228.5,-110,u228.5,-110,u228,-110,u228.5,-110,u228.5,-110,u229,-115,u228,-112,u228,-110
Fri Jan 12 2024,Los Angeles Clippers,128,Memphis Grizzlies,119,o227.5,-110,o223.5,-110,o224.5,-112,o223.5,-110,o225.5,-110,o223.5,-115,o225,-109,o224.5,-112,u227.5,-110,u223.5,-110,u224.5,-108,u223.5,-110,u225.5,-110,u223.5,-105,u225,-112,u224.5,-108
Fri Jan 12 2024,Orlando Magic,96,Miami Heat,99,o218,-110,o219.5,-110,o219.5,-112,o219.5,-110,o221,-110,o219,-110,o219.5,-112,o219.5,-112,u218,-110,u219.5,-110,u219.5,-108,u219.5,-110,u221,-110,u219,-110,u219.5,-109,u219.5,-108
Fri Jan 12 2024,Portland Trail Blazers,93,Minnesota Timberwolves,116,o221.5,-110,o220,-110,o220,-110,o220.5,-110,o221.5,-110,o220,-110,o220,-110,o220,-110,u221.5,-110,u220,-110,u220,-110,u220.5,-110,u221.5,-110,u220,-110,u220,-110,u220,-110
Fri Jan 12 2024,Charlotte Hornets,99,San Antonio Spurs,135,o241,-110,o237,-110,o236.5,-112,o236.5,-115,o236,-110,o237,-108,o237,-112,o236.5,-112,u241,-110,u237,-110,u236.5,-108,u236.5,-105,u236,-110,u237,-112,u237,-112,u236.5,-108
Fri Jan 12 2024,Toronto Raptors,113,Utah Jazz,145,o236.5,-110,o242.5,-110,o242.5,-110,o242.5,-110,o240.5,-110,o242.5,-112,o242.5,-112,o242.5,-110,u236.5,-110,u242.5,-110,u242.5,-110,u242.5,-110,u240.5,-110,u242.5,-108,u242.5,-109,u242.5,-110
Fri Jan 12 2024,New Orleans Pelicans,113,Denver Nuggets,125,o230.5,-110,o230,-110,o230,-110,o230.5,-110,o228.5,-110,o230.5,-110,o230,-113,o230,-110,u230.5,-110,u230,-110,u230,-110,u230.5,-110,u228.5,-110,u230.5,-110,u230,-108,u230,-110
Sat Jan 13 2024,Houston Rockets,113,Boston Celtics,145,o230.5,-110,o226.5,-110,o226.5,-110,o226.5,-110,o226.5,-105,o226.5,-110,o227,-113,o226.5,-110,u230.5,-110,u226.5,-110,u226.5,-110,u226.5,-110,u226.5,-115,u226.5,-110,u227,-108,u226.5,-110
Sat Jan 13 2024,Washington Wizards,127,Atlanta Hawks,99,o254.5,-110,o248,-110,o248.5,-108,o247.5,-115,o248,-110,o247.5,-110,o248,-112,o248.5,-108,u254.5,-110,u248,-110,u248.5,-112,u247.5,-105,u248,-110,u247.5,-110,u248,-109,u248.5,-112
Sat Jan 13 2024,New York Knicks,106,Memphis Grizzlies,94,o225.5,-110,o219.5,-110,o219.5,-110,o219.5,-110,o220.5,-105,o219.5,-110,o220.5,-118,o219.5,-110,u225.5,-110,u219.5,-110,u219.5,-110,u219.5,-110,u220.5,-115,u219.5,-110,u220.5,-113,u219.5,-110
Sat Jan 13 2024,Golden State Warriors,118,Milwaukee Bucks,129,o246.5,-110,o241,-110,o241.5,-110,o240.5,-115,o240.5,-110,o240.5,-105,o241.5,-113,o241.5,-110,u246.5,-110,u241,-110,u241.5,-110,u240.5,-105,u240.5,-110,u240.5,-115,u241.5,-108,u241.5,-110
Sat Jan 13 2024,Orlando Magic,100,Oklahoma City Thunder,112,o232.5,-110,o232,-110,o232,-112,o232.5,-105,o232,-110,o232,-112,o231,-118,o232,-112,u232.5,-110,u232,-110,u232,-108,u232.5,-115,u232,-110,u232,-108,u231,-115,u232,-108
Sat Jan 13 2024,New Orleans Pelicans,118,Dallas Mavericks,108,o233.5,-110,o228,-110,o227.5,-110,o227.5,-115,o228,-110,o227.5,-108,o228,-108,o227.5,-110,u233.5,-110,u228,-110,u227.5,-110,u227.5,-105,u228,-110,u227.5,-112,u228,-113,u227.5,-110
Sat Jan 13 2024,Chicago Bulls,122,San Antonio Spurs,116,o223.5,-110,o229,-110,o229.5,-110,o228.5,-115,o229,-115,o229,-110,o229,-109,o229.5,-110,u223.5,-110,u229,-110,u229.5,-110,u228.5,-105,u229,-105,u229,-110,u229,-112,u229.5,-110
Sat Jan 13 2024,Los Angeles Lakers,125,Utah Jazz,132,o235.5,-110,o237.5,-110,o237.5,-110,o237.5,-110,o237.5,-110,o237.5,-110,o238,-108,o237.5,-110,u235.5,-110,u237.5,-110,u237.5,-110,u237.5,-110,u237.5,-110,u237.5,-110,u238,-113,u237.5,-110
Sun Jan 14 2024,Indiana Pacers,109,Denver Nuggets,117,o239.5,-110,o239.5,-110,o239.5,-110,o239.5,-115,o240,-110,o240.5,-108,o240,-110,o239.5,-110,u239.5,-110,u239.5,-110,u239.5,-110,u239.5,-105,u240,-110,u240.5,-112,u240,-110,u239.5,-110
Sun Jan 14 2024,Charlotte Hornets,87,Miami Heat,104,o222.5,-110,o226,-110,o225.5,-110,o225.5,-110,o224,-110,o225,-115,o225.5,-110,o225.5,-110,u222.5,-110,u226,-110,u225.5,-110,u225.5,-110,u224,-110,u225,-105,u225.5,-110,u225.5,-110
Sun Jan 14 2024,Sacramento Kings,142,Milwaukee Bucks,143,o249,-110,o246,-110,o246.5,-110,o245.5,-110,o246.5,-110,o245.5,-115,o245.5,-113,o246.5,-110,u249,-110,u246,-110,u246.5,-110,u245.5,-110,u246.5,-110,u245.5,-105,u245.5,-108,u246.5,-110
Sun Jan 14 2024,Los Angeles Clippers,105,Minnesota Timberwolves,109,o224,-110,o224,-110,o224,-108,o222.5,-110,o223.5,-110,o224,-110,o224,-113,o224,-108,u224,-110,u224,-110,u224,-112,u222.5,-110,u223.5,-110,u224,-110,u224,-108,u224,-112
Sun Jan 14 2024,Phoenix Suns,127,Portland Trail Blazers,116,o229,-112,o234,-110,o234,-110,o234.5,-105,o234.5,-110,o234,-110,o234,-110,o234,-110,u229,-108,u234,-110,u234,-110,u234.5,-115,u234.5,-110,u234,-110,u234,-110,u234,-110
Mon Jan 15 2024,Houston Rockets,115,Philadelphia 76ers,124,o228.5,-110,o228.5,-110,o229.5,-112,o229.5,-105,o227.5,-110,o228.5,-112,o228.5,-109,o229.5,-112,u228.5,-110,u228.5,-110,u229.5,-108,u229.5,-115,u227.5,-110,u228.5,-108,u228.5,-112,u229.5,-108
Mon Jan 15 2024,New Orleans Pelicans,120,Dallas Mavericks,125,o233.5,-110,o236,-110,o236,-108,o235.5,-115,o236.5,-110,o236.5,-108,o236.5,-113,o236,-108,u233.5,-110,u236,-110,u236,-112,u235.5,-105,u236.5,-110,u236.5,-112,u236.5,-108,u236,-112
Mon Jan 15 2024,Orlando Magic,98,New York Knicks,94,o222.5,-110,o217.5,-110,o217,-110,o217.5,-110,o220.5,-110,o217.5,-110,o217.5,-113,o217,-110,u222.5,-110,u217.5,-110,u217,-110,u217.5,-110,u220.5,-110,u217.5,-110,u217.5,-108,u217,-110
Mon Jan 15 2024,Detroit Pistons,129,Washington Wizards,117,o244.5,-110,o239.5,-110,o239,-110,o239.5,-110,o240.5,-110,o239,-108,o238,-115,o239,-110,u244.5,-110,u239.5,-110,u239,-110,u239.5,-110,u240.5,-110,u239,-112,u238,-115,u239,-110
Mon Jan 15 2024,San Antonio Spurs,99,Atlanta Hawks,109,o249,-110,o246,-110,o246,-108,o246.5,-105,o247,-110,o246,-108,o246,-110,o246,-108,u249,-110,u246,-110,u246,-112,u246.5,-115,u247,-110,u246,-112,u246,-110,u246,-112
Mon Jan 15 2024,Golden State Warriors,107,Memphis Grizzlies,116,o227,-110,o226,-110,o226.5,-110,o226.5,-110,o227,-110,o226.5,-110,o226,-112,o226.5,-110,u227,-110,u226,-110,u226.5,-110,u226.5,-110,u227,-110,u226.5,-110,u226,-109,u226.5,-110
Mon Jan 15 2024,Chicago Bulls,91,Cleveland Cavaliers,109,o219,-110,o222,-110,o222.5,-110,o227.5,+145,o222.5,-110,o222.5,-110,o222.5,-110,o222.5,-110,u219,-110,u222,-110,u222.5,-110,u227.5,-175,u222.5,-110,u222.5,-110,u222.5,-110,u222.5,-110
Mon Jan 15 2024,Miami Heat,96,Brooklyn Nets,95,o216.5,-110,o221,-110,o221,-112,o221.5,-105,o221,-110,o221,-112,o221.5,-113,o221,-112,u216.5,-110,u221,-110,u221,-108,u221.5,-115,u221,-110,u221,-108,u221.5,-108,u221,-108
Mon Jan 15 2024,Boston Celtics,105,Toronto Raptors,96,o240,-110,o238.5,-110,o238.5,-110,o238.5,-110,o238.5,-110,o238,-115,o238.5,-112,o238.5,-110,u240,-110,u238.5,-110,u238.5,-110,u238.5,-110,u238.5,-110,u238,-105,u238.5,-108,u238.5,-110
Mon Jan 15 2024,Indiana Pacers,105,Utah Jazz,132,o249,-110,o247.5,-110,o247.5,-118,o248.5,-105,o247.5,-110,o247,-112,o245.5,-110,o247.5,-118,u249,-110,u247.5,-110,u247.5,-110,u248.5,-115,u247.5,-110,u247,-108,u245.5,-110,u247.5,-110
Mon Jan 15 2024,Oklahoma City Thunder,105,Los Angeles Lakers,112,o240,-110,o242.5,-110,o241.5,-110,o242.5,-110,o243,-110,o243,-105,o241,-109,o241.5,-110,u240,-110,u242.5,-110,u241.5,-110,u242.5,-110,u243,-110,u243,-115,u241,-112,u241.5,-110
Tue Jan 16 2024,Denver Nuggets,121,Philadelphia 76ers,126,o229,-110,o232.5,-110,o232.5,-110,o232.5,-110,o232.5,-110,o232,-105,o232.5,-113,o232.5,-110,u229,-110,u232.5,-110,u232.5,-110,u232.5,-110,u232.5,-110,u232,-115,u232.5,-108,u232.5,-110
Tue Jan 16 2024,Sacramento Kings,117,Phoenix Suns,119,o243,-110,o245,-110,o245,-110,o244.5,-115,o244.5,-110,o244.5,-110,o244,-112,o245,-110,u243,-110,u245,-110,u245,-110,u244.5,-105,u244.5,-110,u244.5,-110,u244,-109,u245,-110
Tue Jan 16 2024,Oklahoma City Thunder,117,Los Angeles Clippers,128,o236,-110,o239.5,-110,o240,-110,o240.5,-105,o240,-110,o239.5,-110,o240,-110,o240,-110,u236,-110,u239.5,-110,u240,-110,u240.5,-115,u240,-110,u239.5,-110,u240,-110,u240,-110
Wed Jan 17 2024,Minnesota Timberwolves,124,Detroit Pistons,117,o221.5,-110,o223,-110,o223.5,-110,o223.5,-110,o222.5,-110,o223.5,-115,o223,-110,o223.5,-110,u221.5,-110,u223,-110,u223.5,-110,u223.5,-110,u222.5,-110,u223.5,-105,u223,-110,u223.5,-110
Wed Jan 17 2024,Orlando Magic,104,Atlanta Hawks,106,o236.5,-110,o228,-110,o228.5,-110,o228.5,-110,o228.5,-110,o228,-110,o229,-114,o228.5,-110,u236.5,-110,u228,-110,u228.5,-110,u228.5,-110,u228.5,-110,u228,-110,u229,-109,u228.5,-110
Wed Jan 17 2024,San Antonio Spurs,98,Boston Celtics,117,o238.5,-110,o236.5,-110,o237,-110,o237.5,-110,o237,-110,o237.5,-110,o237,-113,o237,-110,u238.5,-110,u236.5,-110,u237,-110,u237.5,-110,u237,-110,u237.5,-110,u237,-108,u237,-110
Wed Jan 17 2024,Milwaukee Bucks,95,Cleveland Cavaliers,135,o238.5,-110,o236.5,-110,o236.5,-110,o236.5,-110,o236,-110,o237,-108,o235,-112,o236.5,-110,u238.5,-110,u236.5,-110,u236.5,-110,u236.5,-110,u236,-110,u237,-112,u235,-112,u236.5,-110
Wed Jan 17 2024,Houston Rockets,94,New York Knicks,109,o218.5,-110,o223.5,-110,o223.5,-110,o223.5,-115,o224,-110,o224,-110,o223.5,-108,o223.5,-110,u218.5,-110,u223.5,-110,u223.5,-110,u223.5,-105,u224,-110,u224,-110,u223.5,-113,u223.5,-110
Wed Jan 17 2024,Miami Heat,97,Toronto Raptors,121,o226.5,-110,o225,-110,o226,-108,o225.5,-110,o225,-110,o226,-110,o225.5,-112,o226,-108,u226.5,-110,u225,-110,u226,-112,u225.5,-110,u225,-110,u226,-110,u225.5,-109,u226,-112
Wed Jan 17 2024,Charlotte Hornets,112,New Orleans Pelicans,132,o231.5,-108,o229.5,-110,o229.5,-112,o229.5,-110,o229.5,-110,o229.5,-110,o229.5,-115,o229.5,-112,u231.5,-112,u229.5,-110,u229.5,-108,u229.5,-110,u229.5,-110,u229.5,-110,u229.5,-115,u229.5,-108
Wed Jan 17 2024,Dallas Mavericks,110,Los Angeles Lakers,127,o239.5,-110,o244,-110,o245,-110,o244.5,-110,o245.5,-110,o244.5,-112,o245,-112,o245,-110,u239.5,-110,u244,-110,u245,-110,u244.5,-110,u245.5,-110,u244.5,-108,u245,-109,u245,-110
Wed Jan 17 2024,Brooklyn Nets,103,Portland Trail Blazers,105,o224.5,-110,o222.5,-110,o221.5,-110,o221.5,-110,o221.5,-105,o222,-108,o221.5,-113,o221.5,-110,u224.5,-110,u222.5,-110,u221.5,-110,u221.5,-110,u221.5,-115,u222,-112,u221.5,-108,u221.5,-110
Thu Jan 18 2024,Washington Wizards,109,New York Knicks,113,o238.5,-110,o233.5,-110,o233,-110,o234.5,-105,o234,-110,o233.5,-105,o234,-110,o233,-110,u238.5,-110,u233.5,-110,u233,-110,u234.5,-115,u234,-110,u233.5,-115,u234,-110,u233,-110
Thu Jan 18 2024,Chicago Bulls,116,Toronto Raptors,110,o222,-110,o228,-110,o228,-112,o227.5,-115,o228.5,-110,o228.5,-108,o228.5,-113,o228,-112,u222,-110,u228,-110,u228,-108,u227.5,-105,u228.5,-110,u228.5,-112,u228.5,-110,u228,-108
Thu Jan 18 2024,Oklahoma City Thunder,134,Utah Jazz,129,o244.5,-110,o246,-110,o246,-110,o244.5,-105,o245.5,-110,o246,-112,o246,-110,o246,-110,u244.5,-110,u246,-110,u246,-110,u244.5,-115,u245.5,-110,u246,-108,u246,-110,u246,-110
Thu Jan 18 2024,Memphis Grizzlies,103,Minnesota Timberwolves,118,o217.5,-110,o214,-110,o214,-110,o214.5,-110,o213,-110,o214.5,-110,o215,-108,o214,-110,u217.5,-110,u214,-110,u214,-110,u214.5,-110,u213,-110,u214.5,-110,u215,-113,u214,-110
Thu Jan 18 2024,Indiana Pacers,126,Sacramento Kings,121,o243.5,-110,o244,-110,o244.5,-110,o244.5,-110,o244.5,-110,o244,-110,o244,-113,o244.5,-110,u243.5,-110,u244,-110,u244.5,-110,u244.5,-110,u244.5,-110,u244,-110,u244,-108,u244.5,-110
Fri Jan 19 2024,San Antonio Spurs,120,Charlotte Hornets,124,o237.5,-110,o236.5,-110,o236,-110,o235.5,-115,o235.5,-110,o236,-108,o236,-109,o236.5,-110,o236,-110,u237.5,-110,u236.5,-110,u236,-110,u235.5,-105,u235.5,-110,u236,-112,u236,-112
Fri Jan 19 2024,Philadelphia 76ers,124,Orlando Magic,109,o220.5,-110,o222.5,-110,o222.5,-110,o222.5,-110,o222.5,-110,o222,-110,o223,-110,o221.5,-115,o222.5,-110,u220.5,-110,u222.5,-110,u222.5,-110,u222.5,-110,u222.5,-110,u222,-110,u223,-110
Fri Jan 19 2024,Denver Nuggets,102,Boston Celtics,100,o234,-110,o234,-110,o234,-112,o233.5,-110,o234,-110,o233,-105,o234.5,-109,o233.5,-110,o234,-112,u234,-110,u234,-110,u234,-108,u233.5,-110,u234,-110,u233,-115,u234.5,-112
Fri Jan 19 2024,Atlanta Hawks,109,Miami Heat,108,o232.5,-110,o221.5,-110,o222,-108,o221.5,-110,o221.5,-110,o221.5,-110,o221.5,-110,o222.5,-115,o222,-108,u232.5,-110,u221.5,-110,u222,-112,u221.5,-110,u221.5,-110,u221.5,-110,u221.5,-110
Fri Jan 19 2024,Phoenix Suns,123,New Orleans Pelicans,109,o234.5,-110,o237,-110,o237,-112,o237.5,-110,o238,-110,o237,-115,o236.5,-113,o236.5,-115,o237,-112,u234.5,-110,u237,-110,u237,-108,u237.5,-110,u238,-110,u237,-105,u236.5,-108
Fri Jan 19 2024,Indiana Pacers,115,Portland Trail Blazers,118,o237.5,-110,o237,-110,o237.5,-110,o236.5,-115,o237,-110,o237,-110,o237,-112,o236.5,-115,o237.5,-110,u237.5,-110,u237,-110,u237.5,-110,u236.5,-105,u237,-110,u237,-110,u237,-109
Fri Jan 19 2024,Brooklyn Nets,130,Los Angeles Lakers,112,o230.5,-110,o226.5,-110,o226.5,-110,o226.5,-115,o227,-110,o227,-110,o227.5,-112,o226.5,-115,o226.5,-110,u230.5,-110,u226.5,-110,u226.5,-110,u226.5,-105,u227,-110,u227,-110,u227.5,-109
Sat Jan 20 2024,Milwaukee Bucks,141,Detroit Pistons,135,o240.5,-110,o245.5,-110,o245.5,-112,o250.5,+145,o244,-110,o245.5,-110,o245,-112,o244.5,-115,o245.5,-112,u240.5,-110,u245.5,-110,u245.5,-108,u250.5,-175,u244,-110,u245.5,-110,u245,-109
Sat Jan 20 2024,Philadelphia 76ers,97,Charlotte Hornets,89,o232,-110,o227,-110,o227,-110,o227.5,-105,o226,-105,o227,-112,o227,-109,o189.5,-115,o227,-110,u232,-110,u227,-110,u227,-110,u227.5,-115,u226,-115,u227,-108,u227,-112
Sat Jan 20 2024,San Antonio Spurs,131,Washington Wizards,127,o241,-110,o242.5,-110,o241.5,-112,o242.5,-110,o242.5,-115,o242.5,-110,o243,-110,o241.5,-110,o241.5,-112,u241,-110,u242.5,-110,u241.5,-108,u242.5,-110,u242.5,-105,u242.5,-110,u243,-110
Sat Jan 20 2024,Cleveland Cavaliers,116,Atlanta Hawks,95,o232.5,-110,o232,-110,o231.5,-110,o232.5,-105,o232.5,-115,o232,-112,o231,-109,o232.5,-110,o231.5,-110,u232.5,-110,u232,-110,u231.5,-110,u232.5,-115,u232.5,-105,u232,-108,u231,-112
Sat Jan 20 2024,Toronto Raptors,100,New York Knicks,126,o228.5,-110,o230,-110,o229.5,-110,o229.5,-115,o229.5,-110,o230,-112,o229.5,-108,o229.5,-110,o229.5,-110,u228.5,-110,u230,-110,u229.5,-110,u229.5,-105,u229.5,-110,u230,-108,u229.5,-113
Sat Jan 20 2024,Memphis Grizzlies,96,Chicago Bulls,125,o213.5,-110,o215,-110,o215,-112,o215.5,-105,o217,-110,o215,-110,o210,-117,o214.5,-115,o215,-112,u213.5,-110,u215,-110,u215,-108,u215.5,-115,u217,-110,u215,-110,u210,-117
Sat Jan 20 2024,Utah Jazz,126,Houston Rockets,127,o232.5,-110,o235,-110,o235,-108,o234.5,-115,o234,-110,o235,-105,o235.5,-109,o234.5,-115,o235,-108,u232.5,-110,u235,-110,u235,-112,u234.5,-105,u234,-110,u235,-115,u235.5,-112
Sat Jan 20 2024,Oklahoma City Thunder,102,Minnesota Timberwolves,97,o232,-110,o229,-110,o229.5,-110,o229.5,-110,o229,-110,o229.5,-110,o229,-110,o229.5,-110,o229.5,-110,u232,-110,u229,-110,u229.5,-110,u229.5,-110,u229,-110,u229.5,-110,u229,-110
Sun Jan 21 2024,Brooklyn Nets,114,Los Angeles Clippers,125,o227.5,-110,o227.5,-110,o227.5,-110,o227.5,-110,o225,-110,o227.5,-110,o227,-109,o227.5,-110,o227.5,-110,u227.5,-110,u227.5,-110,u227.5,-110,u227.5,-110,u225,-110,u227.5,-110,u227,-112
Sun Jan 21 2024,Miami Heat,87,Orlando Magic,105,o215.5,-110,o213.5,-110,o214,-110,o214.5,-105,o215,-110,o213.5,-115,o213.5,-109,o213.5,-110,o214,-110,u215.5,-110,u213.5,-110,u214,-110,u214.5,-115,u215,-110,u213.5,-105,u213.5,-112
Sun Jan 21 2024,Denver Nuggets,113,Washington Wizards,104,o239,-110,o237,-110,o237,-112,o237.5,-105,o238.5,-110,o238,-110,o238,-109,o237.5,-110,o237,-112,u239,-110,u237,-110,u237,-108,u237.5,-115,u238.5,-110,u238,-110,u238,-112
Sun Jan 21 2024,Boston Celtics,116,Houston Rockets,107,o229,-110,o226.5,-110,o226.5,-110,o226.5,-110,o226.5,-110,o226.5,-110,o226.5,-113,o226.5,-110,o226.5,-110,u229,-110,u226.5,-110,u226.5,-110,u226.5,-110,u226.5,-110,u226.5,-110,u226.5,-108
Sun Jan 21 2024,Indiana Pacers,110,Phoenix Suns,117,o248,-110,o245,-110,o245,-110,o245.5,-110,o246,-110,o245,-120,o246,-110,o245.5,-110,o245,-110,u248,-110,u245,-110,u245,-110,u245.5,-110,u246,-110,u245,even,u246,-110
Sun Jan 21 2024,Portland Trail Blazers,110,Los Angeles Lakers,134,o227,-110,o229,-110,o229.5,-112,o228.5,-110,o229,-110,o229,-105,o230,-110,o230.5,-110,o229.5,-112,u227,-110,u229,-110,u229.5,-108,u228.5,-110,u229,-110,u229,-115,u230,-110
Mon Jan 22 2024,Milwaukee Bucks,122,Detroit Pistons,113,o248.5,-110,o248,-110,o247.5,-112,o247.5,-115,o248.5,-110,o247.5,-110,o247.5,-113,o247.5,-115,o247.5,-112,u248.5,-110,u248,-110,u247.5,-108,u247.5,-105,u248.5,-110,u247.5,-110,u247.5,-108
Mon Jan 22 2024,Cleveland Cavaliers,126,Orlando Magic,99,o214.5,-110,o215,-110,o215.5,-106,o215.5,-105,o215,-110,o215,-112,o215,-113,o215.5,-110,o215.5,-106,u214.5,-110,u215,-110,u215.5,-114,u215.5,-115,u215,-110,u215,-108,u215,-108
Mon Jan 22 2024,San Antonio Spurs,123,Philadelphia 76ers,133,o238,-110,o237.5,-110,o237.5,-112,o237.5,-110,o237.5,-110,o237.5,-110,o237.5,-109,o237.5,-110,o237.5,-112,u238,-110,u237.5,-110,u237.5,-108,u237.5,-110,u237.5,-110,u237.5,-110,u237.5,-112
Mon Jan 22 2024,Memphis Grizzlies,108,Toronto Raptors,100,o227.5,-110,o225.5,-110,o225.5,-110,o225.5,-110,o226,-110,o225,-110,o227,-109,o225.5,-115,o225.5,-110,u227.5,-110,u225.5,-110,u225.5,-110,u225.5,-110,u226,-110,u225,-110,u227,-112
Mon Jan 22 2024,Charlotte Hornets,128,Minnesota Timberwolves,125,o222.5,-110,o221,-110,o221.5,-110,o221.5,-110,o222,-110,o221.5,-108,o222,-108,o221.5,-110,o221.5,-110,u222.5,-110,u221,-110,u221.5,-110,u221.5,-110,u222,-110,u221.5,-112,u222,-113
Mon Jan 22 2024,Boston Celtics,119,Dallas Mavericks,110,o239.5,-110,o240.5,-110,o241,-110,o240.5,-110,o240,-110,o240.5,-115,o240.5,-112,o240.5,-110,o241,-110,u239.5,-110,u240.5,-110,u241,-110,u240.5,-110,u240,-110,u240.5,-105,u240.5,-109
Mon Jan 22 2024,Chicago Bulls,113,Phoenix Suns,115,o230.5,-108,o228,-110,o228.5,-108,o228.5,-105,o226.5,-110,o228.5,-105,o228.5,-109,o227.5,-115,o228.5,-108,u230.5,-112,u228,-110,u228.5,-112,u228.5,-115,u226.5,-110,u228.5,-115,u228.5,-112
Mon Jan 22 2024,Atlanta Hawks,107,Sacramento Kings,122,o239.5,-110,o237.5,-110,o237.5,-110,o237.5,-110,o238,-105,o238,-110,o238,-110,o237.5,-115,o237.5,-110,u239.5,-110,u237.5,-110,u237.5,-110,u237.5,-110,u238,-115,u238,-110,u238,-110
Tue Jan 23 2024,Denver Nuggets,114,Indiana Pacers,109,o241.5,-110,o238.5,-110,o237,-112,o237.5,-110,o237,-110,o237,-112,o237.5,-110,o237.5,-110,o237,-112,u241.5,-110,u238.5,-110,u237,-108,u237.5,-110,u237,-110,u237,-108,u237.5,-110
Tue Jan 23 2024,New York Knicks,108,Brooklyn Nets,103,o225.5,-110,o224,-110,o223.5,-108,o224.5,-105,o224.5,-110,o223,-115,o223,-112,o223.5,-115,o223.5,-108,u225.5,-110,u224,-110,u223.5,-112,u224.5,-115,u224.5,-110,u223,-105,u223,-109
Tue Jan 23 2024,Utah Jazz,124,New Orleans Pelicans,153,o238.5,-110,o239.5,-110,o240,-112,o239.5,-115,o240,-110,o239,-118,o240,-108,o239.5,-110,o240,-112,u238.5,-110,u239.5,-110,u240,-108,u239.5,-105,u240,-110,u239,-102,u240,-113
Tue Jan 23 2024,Portland Trail Blazers,109,Oklahoma City Thunder,111,o237,-110,o232.5,-110,o232,-110,o231.5,-115,o232.5,-110,o231.5,-115,o232,-110,o233.5,-110,o232,-110,u237,-110,u232.5,-110,u232,-110,u231.5,-105,u232.5,-110,u231.5,-105,u232,-110
Tue Jan 23 2024,Los Angeles Lakers,116,Los Angeles Clippers,127,o231.5,-110,o235,-110,o235.5,-112,o235.5,-110,o235,-115,o236,-110,o235.5,-108,o235.5,-110,o235.5,-112,u231.5,-110,u235,-110,u235.5,-108,u235.5,-110,u235,-105,u236,-110,u235.5,-113
Wed Jan 24 2024,Charlotte Hornets,106,Detroit Pistons,113,o234.5,-110,o230,-110,o230,-112,o230.5,-110,o234,-110,o230,-110,o230,-112,o229.5,-115,o230,-112,u234.5,-110,u230,-110,u230,-108,u230.5,-110,u234,-110,u230,-110,u230,-109
Wed Jan 24 2024,Minnesota Timberwolves,118,Washington Wizards,107,o231.5,-112,o229.5,-110,o229.5,-110,o229.5,-110,o229.5,-110,o229.5,-110,o229,-112,o228.5,-110,o229.5,-110,u231.5,-108,u229.5,-110,u229.5,-110,u229.5,-110,u229.5,-110,u229.5,-110,u229,-109
Wed Jan 24 2024,Memphis Grizzlies,105,Miami Heat,96,o215,-110,o215,-110,o215,-110,o215.5,-105,o212.5,-110,o215,-115,o214.5,-112,o214.5,-110,o215,-110,u215,-110,u215,-110,u215,-110,u215.5,-115,u212.5,-110,u215,-105,u214.5,-109
Wed Jan 24 2024,Portland Trail Blazers,137,Houston Rockets,131,o221,-110,o220,-110,o220,-108,o219.5,-115,o223,-110,o219.5,-108,o220.5,-109,o220.5,-110,o220,-108,u221,-110,u220,-110,u220,-112,u219.5,-105,u223,-110,u219.5,-112,u220.5,-112
Wed Jan 24 2024,Cleveland Cavaliers,116,Milwaukee Bucks,126,o237,-110,o238,-110,o238,-108,o237.5,-115,o236.5,-110,o237.5,-118,o237.5,-110,o237.5,-110,o238,-108,u237,-110,u238,-110,u238,-112,u237.5,-105,u236.5,-110,u237.5,-102,u237.5,-110
Wed Jan 24 2024,Phoenix Suns,132,Dallas Mavericks,109,o240,-110,o241.5,-110,o241.5,-110,o242.5,-105,o240.5,-110,o241.5,-112,o241.5,-109,o241.5,-110,o241.5,-110,u240,-110,u241.5,-110,u241.5,-110,u242.5,-115,u240.5,-110,u241.5,-108,u241.5,-112
Wed Jan 24 2024,Oklahoma City Thunder,140,San Antonio Spurs,114,o241.5,-110,o241,-110,o241,-112,o240.5,-115,o242,-110,o241,-112,o241,-115,o241.5,-110,o241,-112,u241.5,-110,u241,-110,u241,-108,u240.5,-105,u242,-110,u241,-108,u241,-115
Wed Jan 24 2024,Atlanta Hawks,112,Golden State Warriors,134,o235.5,-110,o235.5,-110,o235,-110,o236.5,-105,o234,-110,o235,-115,o235,-112,o235.5,-110,o235,-110,u235.5,-110,u235.5,-110,u235,-110,u236.5,-115,u234,-110,u235,-105,u235,-109
Thu Jan 25 2024,Philadelphia 76ers,122,Indiana Pacers,134,o236.5,-110,o240,-110,o240.5,-110,o240.5,-110,o237.5,-110,o240.5,-110,o239,-110,o239.5,-115,o240.5,-110,u236.5,-110,u240,-110,u240.5,-110,u240.5,-110,u237.5,-110,u240.5,-110,u239,-110
Thu Jan 25 2024,Utah Jazz,123,Washington Wizards,108,o243.5,-110,o247,-110,o247.5,-110,o247.5,-110,o245,-110,o247,-110,o247,-113,o245.5,-115,o247.5,-110,u243.5,-110,u247,-110,u247.5,-110,u247.5,-110,u245,-110,u247,-110,u247,-108
Thu Jan 25 2024,Minnesota Timberwolves,96,Brooklyn Nets,94,o219.5,-110,o218,-110,o218,-112,o218.5,-110,o216.5,-110,o218.5,-108,o217.5,-113,o217.5,-115,o218,-112,u219.5,-110,u218,-110,u218,-108,u218.5,-110,u216.5,-110,u218.5,-112,u217.5,-108
Thu Jan 25 2024,Boston Celtics,143,Miami Heat,110,o225,-110,o225,-110,o224.5,-110,o225.5,-110,o224,-110,o225,-112,o225,-110,o224.5,-115,o224.5,-110,u225,-110,u225,-110,u224.5,-110,u225.5,-110,u224,-110,u225,-108,u225,-110
Thu Jan 25 2024,Denver Nuggets,84,New York Knicks,122,o225.5,-110,o222.5,-110,o222.5,-112,o223.5,-105,o222,-110,o223,-110,o221,-112,o222.5,-115,o222.5,-112,u225.5,-110,u222.5,-110,u222.5,-108,u223.5,-115,u222,-110,u223,-110,u221,-109
Thu Jan 25 2024,Sacramento Kings,134,Golden State Warriors,133,o240.5,-110,o244,-110,o244,-110,o244.5,-105,o244,-110,o244,-112,o243.5,-112,o243.5,-110,o244,-110,u240.5,-110,u244,-110,u244,-110,u244.5,-115,u244,-110,u244,-108,u243.5,-109
Thu Jan 25 2024,Chicago Bulls,132,Los Angeles Lakers,141,o223,-110,o230,-110,o229.5,-110,o229.5,-110,o230,-110,o229,-110,o228.5,-110,o229.5,-110,o229.5,-110,u223,-110,u230,-110,u229.5,-110,u229.5,-110,u230,-110,u229,-110,u228.5,-110
Fri Jan 26 2024,Dallas Mavericks,148,Atlanta Hawks,143,o239.5,-110,o246.5,-110,o246,-112,o246.5,-110,o246.5,-110,o246.5,-108,o247,-114,o245.5,-110,o246,-112,u239.5,-110,u246.5,-110,u246,-108,u246.5,-110,u246.5,-110,u246.5,-112,u247,-117
Fri Jan 26 2024,Houston Rockets,138,Charlotte Hornets,104,o225,-110,o222.5,-110,o223.5,-108,o223.5,-105,o222.5,-110,o223.5,-112,o224,-109,o223.5,-110,o223.5,-108,u225,-110,u222.5,-110,u223.5,-112,u223.5,-115,u222.5,-110,u223.5,-108,u224,-112
Fri Jan 26 2024,Phoenix Suns,131,Indiana Pacers,133,o240.5,-108,o244.5,-110,o244,-110,o244.5,-110,o244,-110,o244.5,-108,o243.5,-108,o243.5,-110,o244,-110,u240.5,-112,u244.5,-110,u244,-110,u244.5,-110,u244,-110,u244.5,-112,u243.5,-113
Fri Jan 26 2024,Los Angeles Clippers,127,Toronto Raptors,107,o234,-110,o236.5,-110,o236.5,-108,o236.5,-110,o236.5,-110,o236.5,-108,o236.5,-110,o236.5,-115,o236.5,-108,u234,-110,u236.5,-110,u236.5,-112,u236.5,-110,u236.5,-110,u236.5,-112,u236.5,-110
Fri Jan 26 2024,Orlando Magic,106,Memphis Grizzlies,107,o213,-110,o211.5,-110,o212,-108,o212.5,-105,o212.5,-110,o212,-112,o212,-112,o211.5,-115,o212,-108,u213,-110,u211.5,-110,u212,-112,u212.5,-115,u212.5,-110,u212,-108,u212,-109
Fri Jan 26 2024,Cleveland Cavaliers,112,Milwaukee Bucks,100,o238.5,-110,o238,-110,o237.5,-110,o238.5,-110,o237.5,-110,o238.5,-110,o237,-109,o238.5,-110,o237.5,-110,u238.5,-110,u238,-110,u237.5,-110,u238.5,-110,u237.5,-110,u238.5,-110,u237,-112
Fri Jan 26 2024,Oklahoma City Thunder,107,New Orleans Pelicans,83,o240.5,-110,o238,-110,o238,-112,o237.5,-115,o238.5,-110,o237.5,-112,o237.5,-118,o237.5,-115,o238,-112,u240.5,-110,u238,-110,u238,-118,u237.5,-105,u238.5,-110,u237.5,-108,u237.5,-113
Fri Jan 26 2024,Portland Trail Blazers,100,San Antonio Spurs,116,o233,-110,o232,-110,o232,-112,o232.5,-105,o229.5,-110,o231.5,-112,o231,-110,o232.5,-110,o232,-112,u233,-110,u232,-110,u232,-108,u232.5,-115,u229.5,-110,u231.5,-108,u231,-110
Sat Jan 27 2024,Washington Wizards,118,Detroit Pistons,104,o241.5,-110,o241,-110,o241,-108,o240.5,-110,o240,-110,o240.5,-108,o241,-109,o240.5,-115,o241,-108,u241.5,-110,u241,-110,u241,-112,u240.5,-110,u240,-110,u240.5,-112,u241,-112
Sat Jan 27 2024,Miami Heat,109,New York Knicks,125,o215.5,-110,o220.5,-110,o220,-110,o220.5,-105,o218,-110,o220.5,-112,o220,-112,o220.5,-110,o220,-110,u215.5,-110,u220.5,-110,u220,-110,u220.5,-115,u218,-110,u220.5,-108,u220,-109
Sat Jan 27 2024,Philadelphia 76ers,105,Denver Nuggets,111,o229.5,-110,o223.5,-110,o223.5,-110,o223.5,-110,o228,-110,o223.5,-105,o225,-113,o223.5,-115,o223.5,-110,u229.5,-110,u223.5,-110,u223.5,-110,u223.5,-110,u228,-110,u223.5,-115,u225,-108
Sat Jan 27 2024,Houston Rockets,104,Brooklyn Nets,106,o219.5,-110,o221.5,-110,o221.5,-110,o222.5,-105,o220.5,-110,o222,-112,o221,-110,o221.5,-110,o221.5,-110,u219.5,-110,u221.5,-110,u221.5,-110,u222.5,-115,u220.5,-110,u222,-108,u221,-110
Sat Jan 27 2024,Los Angeles Clippers,115,Boston Celtics,96,o234.5,-110,o231.5,-110,o232,-110,o232.5,-105,o232,-110,o232,-105,o231.5,-113,o232.5,-110,o232,-110,u234.5,-110,u231.5,-110,u232,-110,u232.5,-115,u232,-110,u232,-115,u231.5,-108
Sat Jan 27 2024,Utah Jazz,134,Charlotte Hornets,122,o238.5,-110,o231,-110,o231.5,-110,o230.5,-115,o230.5,-110,o231,-105,o231,-113,o231.5,-110,o231.5,-110,u238.5,-110,u231,-110,u231.5,-110,u230.5,-105,u230.5,-110,u231,-115,u231,-108
Sat Jan 27 2024,New Orleans Pelicans,117,Milwaukee Bucks,141,o237,-110,o243,-110,o242.5,-112,o243.5,-105,o243,-110,o243,-110,o243,-112,o242.5,-110,o242.5,-112,u237,-110,u243,-110,u242.5,-108,u243.5,-115,u243,-110,u243,-110,u243,-109
Sat Jan 27 2024,Los Angeles Lakers,145,Golden State Warriors,144,o238.5,-110,o245.5,-110,o245.5,-110,o244.5,-105,o245,-110,o245.5,-110,o245.5,-110,o245.5,-110,o245.5,-110,u238.5,-110,u245.5,-110,u245.5,-110,u244.5,-115,u245,-110,u245.5,-110,u245.5,-110
Sat Jan 27 2024,Minnesota Timberwolves,112,San Antonio Spurs,113,o226.5,-110,o227.5,-110,o228,-110,o227.5,-115,o227,-110,o228,-112,o227.5,-112,o228.5,-110,o228,-110,u226.5,-110,u227.5,-110,u228,-110,u227.5,-105,u227,-110,u228,-108,u227.5,-109
Sat Jan 27 2024,Sacramento Kings,120,Dallas Mavericks,115,o240,-110,o246.5,-110,o246.5,-112,o244.5,-115,o245.5,-110,o245.5,-110,o246,-112,o245.5,-110,o246.5,-112,u240,-110,u246.5,-110,u246.5,-108,u244.5,-105,u245.5,-110,u245.5,-110,u246,-109
Sun Jan 28 2024,Oklahoma City Thunder,104,Detroit Pistons,120,o241.5,-110,o237,-110,o237.5,-110,o237.5,-110,o239.5,-110,o237,-115,o237,-109,o237.5,-110,o237.5,-110,u241.5,-110,u237,-110,u237.5,-110,u237.5,-110,u239.5,-110,u237,-105,u237,-112
Sun Jan 28 2024,Memphis Grizzlies,110,Indiana Pacers,116,o236.5,-110,o229,-110,o229,-112,o229.5,-110,o230.5,-105,o228.5,-115,o228.5,-112,o228.5,-115,o229,-112,u236.5,-110,u229,-110,u229,-108,u229.5,-110,u230.5,-115,u228.5,-105,u228.5,-109
Sun Jan 28 2024,Toronto Raptors,125,Atlanta Hawks,126,o233.5,-110,o239.5,-110,o240,-110,o239.5,-110,o243,-110,o239.5,-105,o241.5,-109,o240.5,-110,o240,-110,u233.5,-110,u239.5,-110,u240,-110,u239.5,-110,u243,-110,u239.5,-115,u241.5,-112
Sun Jan 28 2024,Phoenix Suns,98,Orlando Magic,113,o227.5,-110,o227,-110,o227.5,-110,o227.5,-105,o227.5,-105,o227,-110,o226,-109,o228.5,-110,o227.5,-110,u227.5,-110,u227,-110,u227.5,-110,u227.5,-115,u227.5,-115,u227,-110,u226,-112
Sun Jan 28 2024,Chicago Bulls,104,Portland Trail Blazers,96,o215.5,-110,o222,-110,o222,-110,o221.5,-115,o221.5,-110,o222.5,-110,o222,-113,o222.5,-110,o222,-110,u215.5,-110,u222,-110,u222,-110,u221.5,-105,u221.5,-110,u222.5,-110,u222,-108
Mon Jan 29 2024,New York Knicks,113,Charlotte Hornets,92,o224,-108,o218.5,-110,o218.5,-110,o218.5,-110,o223,-110,o219,-108,o219,-112,o218.5,-110,o218.5,-110,u224,-112,u218.5,-110,u218.5,-110,u218.5,-110,u223,-110,u219,-112,u219,-109
Mon Jan 29 2024,Los Angeles Clippers,108,Cleveland Cavaliers,118,o227.5,-110,o227,-110,o226.5,-112,o226.5,-115,o225.5,-110,o226.5,-110,o226.5,-112,o226.5,-110,o226.5,-112,u227.5,-110,u227,-110,u226.5,-108,u226.5,-105,u225.5,-110,u226.5,-110,u226.5,-109
Mon Jan 29 2024,New Orleans Pelicans,112,Boston Celtics,118,o233,-110,o232.5,-110,o232.5,-110,o232.5,-115,o234,-110,o233.5,-105,o234.5,-108,o232.5,-115,o232.5,-110,u233,-110,u232.5,-110,u232.5,-110,u232.5,-105,u234,-110,u233.5,-115,u234.5,-113
Mon Jan 29 2024,Utah Jazz,114,Brooklyn Nets,147,o232.5,-110,o236.5,-110,o236.5,-108,o236.5,-110,o235,-110,o236,-115,o236,-112,o236.5,-110,o236.5,-108,u232.5,-110,u236.5,-110,u236.5,-112,u236.5,-110,u235,-110,u236,-105,u236,-109
Mon Jan 29 2024,Phoenix Suns,118,Miami Heat,105,o228.5,-112,o230,-110,o230.5,-108,o229.5,-115,o229.5,-110,o230,-115,o230,-108,o230.5,-110,o230.5,-108,u228.5,-108,u230,-110,u230.5,-112,u229.5,-105,u229.5,-110,u230,-105,u230,-112
Mon Jan 29 2024,Los Angeles Lakers,119,Houston Rockets,135,o227.5,-110,o235,-110,o235,-110,o235.5,-110,o230.5,-110,o235.5,-115,o235.5,-110,o235.5,-110,o235,-110,u227.5,-110,u235,-110,u235,-110,u235.5,-110,u230.5,-110,u235.5,-105,u235.5,-110
Mon Jan 29 2024,Sacramento Kings,103,Memphis Grizzlies,94,o226.5,-110,o223.5,-110,o223.5,-108,o223.5,-110,o225,-110,o223.5,-108,o223,-117,o223.5,-110,o223.5,-108,u226.5,-110,u223.5,-110,u223.5,-112,u223.5,-110,u225,-110,u223.5,-112,u223,-114
Mon Jan 29 2024,Minnesota Timberwolves,107,Oklahoma City Thunder,101,o225.5,-110,o224.5,-110,o225.5,-110,o224.5,-110,o224.5,-110,o224.5,-108,o224,-113,o225.5,-110,o225.5,-110,u225.5,-110,u224.5,-110,u225.5,-110,u224.5,-110,u224.5,-110,u224.5,-112,u224,-108
Mon Jan 29 2024,Washington Wizards,118,San Antonio Spurs,113,o243,-110,o241.5,-110,o242,-108,o241.5,-110,o240,-110,o242,-110,o241,-113,o241.5,-110,o242,-108,u243,-110,u241.5,-110,u242,-112,u241.5,-110,u240,-110,u242,-110,u241,-108
Mon Jan 29 2024,Orlando Magic,129,Dallas Mavericks,131,o228.5,-110,o227,-110,o227.5,-108,o226.5,-115,o229.5,-110,o227,-110,o227,-113,o227.5,-110,o227.5,-108,u228.5,-110,u227,-110,u227.5,-112,u226.5,-105,u229.5,-110,u227,-110,u227,-108
Mon Jan 29 2024,Milwaukee Bucks,107,Denver Nuggets,113,o240.5,-108,o238,-110,o238,-110,o237.5,-110,o238.5,-110,o237.5,-108,o238,-109,o237.5,-110,o238,-110,u240.5,-112,u238,-110,u238,-110,u237.5,-110,u238.5,-110,u237.5,-112,u238,-112
Mon Jan 29 2024,Philadelphia 76ers,104,Portland Trail Blazers,130,o224.5,-110,o221,-110,o221,-108,o221.5,-110,o220,-110,o221.5,-108,o220.5,-108,o221.5,-110,o221,-108,u224.5,-110,u221,-110,u221,-112,u221.5,-110,u220,-110,u221.5,-112,u220.5,-113
Tue Jan 30 2024,Los Angeles Lakers,122,Atlanta Hawks,138,o244.5,-110,o247.5,-110,o248.5,-110,o247.5,-115,o248,-115,o248,-110,o248,-112,o247.5,-110,o248.5,-110,u244.5,-110,u247.5,-110,u248.5,-110,u247.5,-105,u248,-105,u248,-110,u248,-109
Tue Jan 30 2024,Indiana Pacers,124,Boston Celtics,129,o241.5,-112,o249,-110,o249,-108,o249.5,-110,o249,-115,o249,-105,o248.5,-109,o247.5,-110,o249,-108,u241.5,-108,u249,-110,u249,-112,u249.5,-110,u249,-105,u249,-115,u248.5,-112
Tue Jan 30 2024,Utah Jazz,103,New York Knicks,118,o233.5,-110,o229,-110,o230,-110,o230.5,-105,o230,-110,o229,-118,o229.5,-112,o229.5,-110,o230,-110,u233.5,-110,u229,-110,u230,-110,u230.5,-115,u230,-110,u229,-102,u229.5,-109
Tue Jan 30 2024,Toronto Raptors,118,Chicago Bulls,107,o225.5,-110,o226,-110,o226,-112,o226.5,-110,o227,-110,o227,-110,o228,-108,o226.5,-115,o226,-112,u225.5,-110,u226,-110,u226,-108,u226.5,-110,u227,-110,u227,-110,u228,-113
Tue Jan 30 2024,Philadelphia 76ers,107,Golden State Warriors,119,o234.5,-110,o233,-110,o233.5,-110,o232.5,-115,o234,-110,o233,-108,o233.5,-108,o232.5,-115,o233.5,-110,u234.5,-110,u233,-110,u233.5,-110,u232.5,-105,u234,-110,u233,-112,u233.5,-113
Wed Jan 31 2024,Chicago Bulls,117,Charlotte Hornets,110,o217.5,-110,o215,-110,o214,-110,o215.5,-105,o214,-110,o214.5,-112,o215,-109,o214.5,-110,o214,-110,u217.5,-110,u215,-110,u214,-110,u215.5,-115,u214,-110,u214.5,-108,u215,-114
Wed Jan 31 2024,Detroit Pistons,121,Cleveland Cavaliers,128,o228.5,-110,o231,-110,o231,-110,o230.5,-115,o231,-110,o231,-110,o231.5,-110,o231.5,-110,o231,-110,u228.5,-110,u231,-110,u231,-110,u230.5,-105,u231,-110,u231,-110,u231.5,-110
Wed Jan 31 2024,Los Angeles Clippers,125,Washington Wizards,109,o239.5,-110,o236,-110,o235.5,-110,o235.5,-110,o234,-110,o235.5,-112,o235,-114,o235.5,-115,o235.5,-110,u239.5,-110,u236,-110,u235.5,-110,u235.5,-110,u234,-110,u235.5,-108,u235,-109
Wed Jan 31 2024,Sacramento Kings,106,Miami Heat,115,o231.5,-110,o228,-110,o229,-110,o228.5,-110,o229,-110,o228.5,-108,o228,-110,o227.5,-115,o229,-110,u231.5,-110,u228,-110,u229,-110,u228.5,-110,u229,-110,u228.5,-112,u228,-110
Wed Jan 31 2024,New Orleans Pelicans,110,Houston Rockets,99,o227.5,-110,o230.5,-110,o230.5,-110,o230.5,-115,o230.5,-110,o231,-108,o230.5,-112,o230.5,-110,o230.5,-110,u227.5,-110,u230.5,-110,u230.5,-110,u230.5,-105,u230.5,-110,u231,-112,u230.5,-109
Wed Jan 31 2024,Dallas Mavericks,87,Minnesota Timberwolves,121,o224.5,-110,o221,-110,o221.5,-110,o221.5,-105,o221.5,-110,o221,-108,o221.5,-109,o220.5,-115,o221.5,-110,u224.5,-110,u221,-110,u221.5,-110,u221.5,-115,u221.5,-110,u221,-112,u221.5,-112
Wed Jan 31 2024,Denver Nuggets,100,Oklahoma City Thunder,105,o231.5,-110,o222.5,-110,o223,-108,o222.5,-110,o222.5,-105,o222,-115,o223.5,-110,o223.5,-110,o223,-108,u231.5,-110,u222.5,-110,u223,-112,u222.5,-110,u222.5,-115,u222,-105,u223.5,-110
Wed Jan 31 2024,Orlando Magic,108,San Antonio Spurs,98,o228,-110,o226,-110,o226,-110,o226.5,-105,o225.5,-110,o226,-110,o226,-108,o226.5,-110,o226,-110,u228,-110,u226,-110,u226,-110,u226.5,-115,u225.5,-110,u226,-110,u226,-113
Wed Jan 31 2024,Phoenix Suns,136,Brooklyn Nets,120,o232.5,-110,o234,-110,o234,-110,o232.5,-115,o234,-110,o234,-112,o234,-110,o232.5,-110,o234,-110,u232.5,-110,u234,-110,u234,-110,u232.5,-105,u234,-110,u234,-108,u234,-110
Wed Jan 31 2024,Milwaukee Bucks,116,Portland Trail Blazers,119,o236.5,-110,o238.5,-110,o238,-108,o237.5,-110,o239.5,-115,o237.5,-112,o237.5,-109,o237.5,-115,o238,-108,u236.5,-110,u238.5,-110,u238,-112,u237.5,-110,u239.5,-105,u237.5,-108,u237.5,-112
Thu Feb 1 2024,Los Angeles Lakers,114,Boston Celtics,105,o236.5,-110,o238,-110,o237.5,-110,o238.5,-120,o237,-115,o237.5,-112,o238.5,-109,o237.5,-115,o237.5,-110,u236.5,-110,u238,-110,u237.5,-110,u238.5,-110,u237,-105,u237.5,-108,u238.5,-112
Thu Feb 1 2024,Indiana Pacers,105,New York Knicks,109,o242,-110,o235,-110,o235,-110,o235.5,-110,o235,-110,o235,-108,o234,-112,o235.5,-110,o235,-110,u242,-110,u235,-110,u235,-110,u235.5,-110,u235,-110,u235,-112,u234,-109
Thu Feb 1 2024,Cleveland Cavaliers,108,Memphis Grizzlies,101,o218.5,-108,o215,-110,o215,-110,o215.5,-105,o214,-115,o215,-112,o215.5,-109,o215.5,-110,o215,-110,u218.5,-112,u215,-110,u215,-110,u215.5,-115,u214,-105,u215,-108,u215.5,-112
Thu Feb 1 2024,Philadelphia 76ers,127,Utah Jazz,124,o234.5,-110,o241.5,-110,o243,-110,o242.5,-110,o242,-115,o241.5,-118,o242,-113,o242.5,-110,o243,-110,u234.5,-110,u241.5,-110,u243,-110,u242.5,-110,u242,-105,u241.5,-102,u242,-108
Fri Feb 2 2024,Los Angeles Clippers,136,Detroit Pistons,125,N/A,o240,-110,o240,-108,o239.5,-110,o238,-110,o239.5,-112,o239,-112,o239.5,-110,o240,-108,N/A,u240,-110,u240,-112,u239.5,-110,u238,-110,u239.5,-108,u239,-109,u239.5,-110
Fri Feb 2 2024,Miami Heat,110,Washington Wizards,102,N/A,o228,-110,o228.5,-110,o228.5,-105,o227.5,-110,o228,-108,o228.5,-113,o228.5,-110,o228.5,-110,N/A,u228,-110,u228.5,-110,u228.5,-115,u227.5,-110,u228,-112,u228.5,-108,u228.5,-110
Fri Feb 2 2024,Phoenix Suns,120,Atlanta Hawks,129,N/A,o251,-110,o249.5,-112,o251.5,-105,o250.5,-110,o251,-112,o249,-108,o250,-110,o249.5,-112,N/A,u251,-110,u249.5,-108,u251.5,-115,u250.5,-110,u251,-108,u249,-113,u250,-110
Fri Feb 2 2024,Sacramento Kings,133,Indiana Pacers,122,N/A,o249,-110,o250.5,-110,o248.5,-110,o250.5,-110,o248,-110,o249.5,-112,o250.5,-110,o250.5,-110,N/A,u249,-110,u250.5,-110,u248.5,-110,u250.5,-110,u248,-110,u249.5,-109,u250.5,-110
Fri Feb 2 2024,Toronto Raptors,106,Houston Rockets,135,N/A,o233,-110,o233.5,-112,o232.5,-115,o234,-105,o233,-105,o234,-108,o232.5,-115,o233.5,-112,N/A,u233,-110,u233.5,-108,u232.5,-105,u234,-115,u233,-115,u234,-113,u232.5,-105
Fri Feb 2 2024,Golden State Warriors,121,Memphis Grizzlies,101,N/A,o225.5,-110,o225,-110,o225.5,-110,o225.5,-110,o225.5,-112,o224.5,-112,o224.5,-110,o225,-110,N/A,u225.5,-110,u225,-110,u225.5,-110,u225.5,-110,u225.5,-108,u224.5,-108,u224.5,-110
Fri Feb 2 2024,Orlando Magic,108,Minnesota Timberwolves,106,N/A,o212.5,-110,o213.5,-112,o212.5,-110,o213.5,-110,o213.5,-102,o213,-112,o214,-110,o213.5,-112,N/A,u212.5,-110,u213.5,-108,u212.5,-110,u213.5,-110,u213.5,-118,u213,-109,u214,-110
Fri Feb 2 2024,Charlotte Hornets,106,Oklahoma City Thunder,126,N/A,o225,-110,o225,-110,o225.5,-105,o224,-105,o225,-110,o225.5,-110,o225,-110,o225,-110,N/A,u225,-110,u225,-110,u225.5,-115,u224,-115,u225,-110,u225.5,-110,u225,-110
Fri Feb 2 2024,New Orleans Pelicans,114,San Antonio Spurs,113,N/A,o234.5,-110,o233.5,-110,o235.5,-105,o233.5,-110,o233.5,-125,o233.5,-112,o232.5,-110,o233.5,-110,N/A,u234.5,-110,u233.5,-110,u235.5,-115,u233.5,-110,u233.5,+105,u233.5,-109,u232.5,-110
Fri Feb 2 2024,Portland Trail Blazers,108,Denver Nuggets,120,N/A,o220,-110,o219,-110,o219.5,-110,o219,-110,o220,-115,o219.5,-108,o219.5,-110,o219,-110,N/A,u220,-110,u219,-110,u219.5,-110,u219,-110,u220,-105,u219.5,-113,u219.5,-110
Sat Feb 3 2024,Brooklyn Nets,136,Philadelphia 76ers,121,N/A,o231.5,-110,o232,-110,o231.5,-110,o232.5,-110,o231,-115,o231.5,-112,o231.5,-110,o232,-110,N/A,u231.5,-110,u232,-110,u231.5,-110,u232.5,-110,u231,-105,u231.5,-109,u231.5,-110
Sat Feb 3 2024,Golden State Warriors,134,Atlanta Hawks,141,N/A,o246,-110,o246,-110,o246.5,-105,o244.5,-110,o246,-112,o246,-110,o245.5,-115,o246,-110,N/A,u246,-110,u246,-110,u246.5,-115,u244.5,-110,u246,-108,u246,-109,u245.5,-105
Sat Feb 3 2024,Sacramento Kings,123,Chicago Bulls,115,N/A,o229.5,-110,o228.5,-110,o229.5,-105,o229.5,-110,o228.5,-112,o230,-110,o228.5,-115,o228.5,-110,N/A,u229.5,-110,u228.5,-110,u229.5,-115,u229.5,-110,u228.5,-108,u230,-110,u228.5,-105
Sat Feb 3 2024,Milwaukee Bucks,129,Dallas Mavericks,117,N/A,o248,-110,o248,-112,o248.5,-110,o246,-110,o246.5,-130,o248,-109,o248.5,-110,o248,-112,N/A,u248,-110,u248,-108,u248.5,-110,u246,-110,u246.5,+110,u248,-112,u248.5,-110
Sat Feb 3 2024,Los Angeles Lakers,113,New York Knicks,105,N/A,o227,-110,o227.5,-110,o227.5,-105,o226,-110,o226,-122,o227.5,-108,o227.5,-110,o227.5,-110,N/A,u227,-110,u227.5,-110,u227.5,-115,u226,-110,u226,+102,u227.5,-113,u227.5,-110
Sat Feb 3 2024,Cleveland Cavaliers,117,San Antonio Spurs,101,N/A,o232,-110,o232,-110,o231.5,-115,o229,-110,o232,-110,o231.5,-110,o231.5,-115,o232,-110,N/A,u232,-110,u232,-110,u231.5,-105,u229,-110,u232,-110,u231.5,-110,u231.5,-105
Sun Feb 4 2024,Orlando Magic,111,Detroit Pistons,99,o227,-110,o231,-110,o230.5,-112,o231.5,-105,o228.5,-110,o230.5,-108,o230,-110,o229.5,-115,o230.5,-112,u227,-110,u231,-110,u230.5,-108,u231.5,-115,u228.5,-110,u230.5,-112,u230,-110
Sun Feb 4 2024,Phoenix Suns,140,Washington Wizards,112,o243,-110,o240,-110,o240,-110,o240.5,-105,o238,-110,o240,-110,o241,-108,o239.5,-110,o240,-110,u243,-110,u240,-110,u240,-110,u240.5,-115,u238,-110,u240,-110,u241,-113
Sun Feb 4 2024,Memphis Grizzlies,91,Boston Celtics,131,o221,-110,o220,-110,o219,-112,o220.5,-105,o219,-110,o219,-115,o218.5,-112,o218.5,-110,o219,-112,u221,-110,u220,-110,u219,-108,u220.5,-115,u219,-110,u219,-105,u218.5,-109
Sun Feb 4 2024,Indiana Pacers,115,Charlotte Hornets,99,o244,-110,o237.5,-110,o237,-110,o237.5,-110,o237,-110,o237,-108,o237.5,-108,o236,-110,o237,-110,u244,-110,u237.5,-110,u237,-110,u237.5,-110,u237,-110,u237,-112,u237.5,-113
Sun Feb 4 2024,Los Angeles Clippers,103,Miami Heat,95,o224,-110,o223.5,-110,o223.5,-112,o223.5,-110,o224.5,-110,o223.5,-105,o223.5,-115,o222.5,-115,o223.5,-112,u224,-110,u223.5,-110,u223.5,-108,u223.5,-110,u224.5,-110,u223.5,-115,u223.5,-115
Sun Feb 4 2024,Houston Rockets,90,Minnesota Timberwolves,111,o219.5,-110,o222,-110,o222,-112,o222.5,-110,o222,-110,o221.5,-115,o221.5,-112,o221,-115,o222,-112,u219.5,-110,u222,-110,u222,-108,u222.5,-110,u222,-110,u221.5,-105,u221.5,-109
Sun Feb 4 2024,Toronto Raptors,127,Oklahoma City Thunder,135,o236.5,-110,o237.5,-110,o237,-110,o237.5,-110,o237,-110,o236.5,-120,o237.5,-109,o237.5,-110,o237,-110,u236.5,-110,u237.5,-110,u237,-110,u237.5,-110,u237,-110,u236.5,even,u237.5,-112
Sun Feb 4 2024,Milwaukee Bucks,108,Utah Jazz,123,o244,-110,o249.5,-110,o249.5,-108,o246.5,-105,o251,-110,o249.5,-108,o248.5,-110,o248.5,-115,o249.5,-108,u244,-110,u249.5,-110,u249.5,-112,u246.5,-115,u251,-110,u249.5,-112,u248.5,-110
Sun Feb 4 2024,Portland Trail Blazers,103,Denver Nuggets,112,o220,-110,o221.5,-110,o220.5,-110,o219.5,-110,o220.5,-110,o220.5,-108,o220,-113,o220.5,-115,o220.5,-110,u220,-110,u221.5,-110,u220.5,-110,u219.5,-110,u220.5,-110,u220.5,-112,u220,-108
Mon Feb 5 2024,Los Angeles Lakers,124,Charlotte Hornets,118,o232,-110,o227.5,-110,o228.5,-108,o228.5,-105,o227.5,-110,o227.5,-115,o227,-112,o227,-110,o228.5,-108,u232,-110,u227.5,-110,u228.5,-112,u228.5,-115,u227.5,-110,u227.5,-105,u227,-109
Mon Feb 5 2024,Sacramento Kings,110,Cleveland Cavaliers,136,o231,-110,o235,-110,o235,-110,o234.5,-115,o235,-110,o235,-108,o235,-108,o235.5,-110,o235,-110,u231,-110,u235,-110,u235,-110,u234.5,-105,u235,-110,u235,-112,u235,-113
Mon Feb 5 2024,Dallas Mavericks,118,Philadelphia 76ers,102,o241.5,-110,o242.5,-110,o241.5,-110,o242.5,-105,o242,-110,o242.5,-105,o242.5,-109,o243,-110,o241.5,-110,u241.5,-110,u242.5,-110,u241.5,-110,u242.5,-115,u242,-110,u242.5,-115,u242.5,-112
Mon Feb 5 2024,Los Angeles Clippers,149,Atlanta Hawks,144,o244.5,-110,o245.5,-110,o245.5,-110,o245.5,-110,o245,-110,o245.5,-112,o245.5,-112,o245.5,-110,o245.5,-110,u244.5,-110,u245.5,-110,u245.5,-110,u245.5,-110,u245,-110,u245.5,-108,u245.5,-109
Mon Feb 5 2024,Golden State Warriors,109,Brooklyn Nets,98,o236.5,-110,o238.5,-110,o238.5,-112,o238.5,-110,o238,-110,o238,-115,o239,-109,o238.5,-115,o238.5,-112,u236.5,-110,u238.5,-110,u238.5,-108,u238.5,-110,u238,-110,u238,-105,u239,-112
Mon Feb 5 2024,Toronto Raptors,100,New Orleans Pelicans,138,o235.5,-110,o231.5,-110,o231.5,-113,o231.5,-110,o232.5,-110,o232.5,-105,o232,-108,o231.5,-115,o231.5,-113,u235.5,-110,u231.5,-110,u231.5,-115,u231.5,-110,u232.5,-110,u232.5,-115,u232,-113
Tue Feb 6 2024,Houston Rockets,129,Indiana Pacers,132,o240.5,-110,o245,-110,o245,-108,o244.5,-110,o244.5,-110,o244.5,-112,o244.5,-112,o244.5,-115,o245,-108,u240.5,-110,u245,-110,u245,-112,u244.5,-110,u244.5,-110,u244.5,-108,u244.5,-109
Tue Feb 6 2024,Dallas Mavericks,119,Brooklyn Nets,107,o235.5,-110,o237,-110,o236,-110,o236.5,-110,o236.5,-110,o236,-108,o236,-114,o235.5,-115,o236,-110,u235.5,-110,u237,-110,u236,-110,u236.5,-110,u236.5,-110,u236,-112,u236,-117
Tue Feb 6 2024,Orlando Magic,95,Miami Heat,121,o213,-110,o213.5,-110,o214,-110,o214.5,-110,o213.5,-110,o213.5,-118,o214,-109,o213.5,-110,o214,-110,u213,-110,u213.5,-110,u214,-110,u214.5,-110,u213.5,-110,u213.5,-102,u214,-112
Tue Feb 6 2024,Memphis Grizzlies,113,New York Knicks,123,o215.5,-110,o213,-110,o212.5,-112,o213.5,-105,o212.5,-110,o213,-110,o213,-110,o212,-115,o212.5,-112,u215.5,-110,u213,-110,u212.5,-108,u213.5,-115,u212.5,-110,u213,-110,u213,-110
Tue Feb 6 2024,Minnesota Timberwolves,123,Chicago Bulls,129,o214.5,-110,o216,-110,o216,-108,o215.5,-115,o216,-110,o216.5,-102,o216,-112,o215.5,-115,o216,-108,u214.5,-110,u216,-110,u216,-112,u215.5,-105,u216,-110,u216.5,-118,u216,-109
Tue Feb 6 2024,Oklahoma City Thunder,117,Utah Jazz,124,o244.5,-108,o237,-110,o237,-112,o237.5,-110,o238,-110,o237,-115,o237.5,-109,o237.5,-110,o237,-112,u244.5,-112,u237,-110,u237,-108,u237.5,-110,u238,-110,u237,-105,u237.5,-112
Tue Feb 6 2024,Milwaukee Bucks,106,Phoenix Suns,114,o246,-110,o242.5,-110,o242.5,-110,o242.5,-110,o242,-110,o242,-115,o242.5,-110,o242.5,-110,o242.5,-110,u246,-110,u242.5,-110,u242.5,-110,u242.5,-110,u242,-110,u242,-105,u242.5,-110
Wed Feb 7 2024,Toronto Raptors,123,Charlotte Hornets,117,o225.5,-110,o227,-110,o227,-110,o227.5,-110,o225.5,-110,o227,-108,o226.5,-112,o226.5,-110,o227,-110,u225.5,-110,u227,-110,u227,-110,u227.5,-110,u225.5,-110,u227,-112,u226.5,-109
Wed Feb 7 2024,Cleveland Cavaliers,114,Washington Wizards,106,o238.5,-110,o234.5,-110,o234.5,-108,o234.5,-110,o234,-110,o234.5,-108,o234.5,-108,o234.5,-110,o234.5,-108,u238.5,-110,u234.5,-110,u234.5,-112,u234.5,-110,u234,-110,u234.5,-112,u234.5,-113
Wed Feb 7 2024,Atlanta Hawks,117,Boston Celtics,125,o243.5,-110,o244,-110,o244,-108,o244.5,-105,o244.5,-110,o244,-112,o245.5,-110,o244.5,-110,o244,-108,u243.5,-110,u244,-110,u244,-112,u244.5,-115,u244.5,-110,u244,-108,u245.5,-110
Wed Feb 7 2024,San Antonio Spurs,104,Miami Heat,116,o224.5,-110,o228,-110,o228,-110,o228.5,-105,o226,-110,o228,-108,o227,-108,o227.5,-110,o228,-110,u224.5,-110,u228,-110,u228,-110,u228.5,-115,u226,-110,u228,-112,u227,-113
Wed Feb 7 2024,Golden State Warriors,127,Philadelphia 76ers,104,o234.5,-110,o236,-110,o235.5,-112,o236.5,-105,o237.5,-110,o236,-105,o236,-108,o236.5,-110,o235.5,-112,u234.5,-110,u236,-110,u235.5,-108,u236.5,-115,u237.5,-110,u236,-115,u236,-113
Wed Feb 7 2024,New Orleans Pelicans,117,Los Angeles Clippers,106,o235.5,-110,o234,-110,o234.5,-114,o234.5,-110,o235.5,-115,o234.5,-120,o234.5,-109,o230.5,-115,o234.5,-114,u235.5,-110,u234,-110,u234.5,-106,u234.5,-110,u235.5,-105,u234.5,even,u234.5,-112
Wed Feb 7 2024,Detroit Pistons,133,Sacramento Kings,120,o244.5,-110,o239,-110,o239,-108,o238.5,-110,o237.5,-110,o238.5,-108,o239,-112,o241.5,-115,o239,-108,u244.5,-110,u239,-110,u239,-112,u238.5,-110,u237.5,-110,u238.5,-112,u239,-109
Thu Feb 8 2024,Golden State Warriors,131,Indiana Pacers,109,o251.5,-110,o248.5,-110,o249,-112,o248.5,-110,o250,-110,o248.5,-112,o248.5,-113,o248.5,-115,o249,-112,u251.5,-110,u248.5,-110,u249,-108,u248.5,-110,u250,-110,u248.5,-108,u248.5,-108
Thu Feb 8 2024,San Antonio Spurs,111,Orlando Magic,127,o225.5,-112,o225,-110,o224.5,-110,o224.5,-110,o225,-110,o224.5,-112,o224.5,-113,o224.5,-110,o224.5,-110,u225.5,-108,u225,-110,u224.5,-110,u224.5,-110,u225,-110,u224.5,-108,u224.5,-108
Thu Feb 8 2024,Cleveland Cavaliers,118,Brooklyn Nets,95,o224,-110,o224,-110,o224,-112,o224.5,-110,o225.5,-110,o224,-108,o223.5,-110,o223.5,-115,o224,-112,u224,-110,u224,-110,u224,-108,u224.5,-110,u225.5,-110,u224,-112,u223.5,-110
Thu Feb 8 2024,Dallas Mavericks,122,New York Knicks,108,o232,-110,o223.5,-110,o224,-108,o223.5,-110,o229,-110,o223,-115,o220.5,-117,o222.5,-115,o224,-108,u232,-110,u223.5,-110,u224,-112,u223.5,-110,u229,-110,u223,-105,u220.5,-115
Thu Feb 8 2024,Chicago Bulls,118,Memphis Grizzlies,110,o211.5,-110,o216.5,-110,o217,-110,o216.5,-110,o216,-110,o216.5,-110,o216.5,-108,o217.5,-110,o217,-110,u211.5,-110,u216.5,-110,u217,-110,u216.5,-110,u216,-110,u216.5,-110,u216.5,-113
Thu Feb 8 2024,Minnesota Timberwolves,129,Milwaukee Bucks,105,o228.5,-110,o222.5,-110,o222.5,-108,o222.5,-110,o228,-110,o222.5,-105,o223.5,-108,o222.5,-110,o222.5,-108,u228.5,-110,u222.5,-110,u222.5,-112,u222.5,-110,u228,-110,u222.5,-115,u223.5,-113
Thu Feb 8 2024,Utah Jazz,115,Phoenix Suns,129,o242.5,-110,o237.5,-110,o238,-112,o238.5,-105,o243.5,-110,o239,-112,o239,-108,o239.5,-115,o238,-112,u242.5,-110,u237.5,-110,u238,-110,u238.5,-115,u243.5,-110,u239,-108,u239,-113
Thu Feb 8 2024,Denver Nuggets,114,Los Angeles Lakers,106,o230.5,-110,o233,-110,o232.5,-110,o233.5,-105,o229.5,-110,o233,-110,o232.5,-109,o232.5,-115,o232.5,-110,u230.5,-110,u233,-110,u232.5,-110,u233.5,-115,u229.5,-110,u233,-110,u232.5,-112
Thu Feb 8 2024,Detroit Pistons,128,Portland Trail Blazers,122,o230,-110,o225.5,-110,o225.5,-110,o225.5,-115,o228.5,-110,o226,-110,o227,-114,o225.5,-110,o225.5,-110,u230,-110,u225.5,-110,u225.5,-110,u225.5,-105,u228.5,-110,u226,-110,u227,-120
Fri Feb 9 2024,Atlanta Hawks,127,Philadelphia 76ers,121,o239.5,-110,o244.5,-110,o244.5,-110,o244.5,-110,o244.5,-110,o243.5,-115,o244.5,-109,o244.5,-110,o244.5,-110,u239.5,-110,u244.5,-110,u244.5,-110,u244.5,-110,u244.5,-110,u243.5,-105,u244.5,-112
Fri Feb 9 2024,Washington Wizards,129,Boston Celtics,133,o239.5,-110,o236.5,-110,o236.5,-110,o237.5,-105,o236,-110,o236.5,-115,o236.5,-112,o236.5,-110,o236.5,-110,u239.5,-110,u236.5,-110,u236.5,-110,u237.5,-115,u236,-110,u236.5,-105,u236.5,-109
Fri Feb 9 2024,Houston Rockets,104,Toronto Raptors,107,o230.5,-110,o235.5,-110,o235,-110,o235.5,-110,o237,-110,o235.5,-110,o235,-110,o234.5,-115,o235,-110,u230.5,-110,u235.5,-110,u235,-110,u235.5,-110,u237,-110,u235.5,-110,u235,-110
Fri Feb 9 2024,Charlotte Hornets,84,Milwaukee Bucks,120,o232,-110,o229,-110,o229.5,-110,o229.5,-110,o228.5,-110,o229,-115,o229,-112,o228.5,-110,o229.5,-110,u232,-110,u229,-110,u229.5,-110,u229.5,-110,u228.5,-110,u229,-105,u229,-108
Fri Feb 9 2024,Denver Nuggets,106,Sacramento Kings,135,o233.5,-110,o230,-110,o231,-110,o229.5,-115,o230.5,-115,o230.5,-108,o230.5,-112,o231.5,-110,o231,-110,u233.5,-110,u230,-110,u231,-110,u229.5,-105,u230.5,-105,u230.5,-112,u230.5,-109
Fri Feb 9 2024,New Orleans Pelicans,122,Los Angeles Lakers,139,o238,-110,o237,-110,o237.5,-108,o237.5,-110,o237,-110,o237.5,-110,o235.5,-112,o237.5,-110,o237.5,-108,u238,-110,u237,-110,u237.5,-112,u237.5,-110,u237,-110,u237.5,-110,u235.5,-109
Sat Feb 10 2024,Oklahoma City Thunder,111,Dallas Mavericks,146,o240,-110,o239,-110,o238.5,-110,o239.5,-105,o239,-110,o239,-110,o238.5,-112,o238.5,-115,o238.5,-110,u240,-110,u239,-110,u238.5,-110,u239.5,-115,u239,-110,u239,-110,u238.5,-109
Sat Feb 10 2024,Detroit Pistons,106,Los Angeles Clippers,112,o237.5,-110,o236,-110,o236,-108,o236.5,-105,o235.5,-110,o236,-108,o236,-108,o235.5,-115,o236,-108,u237.5,-110,u236,-110,u236,-112,u236.5,-115,u235.5,-110,u236,-112,u236,-113
Sat Feb 10 2024,San Antonio Spurs,103,Brooklyn Nets,123,o230,-110,o232,-110,o232,-110,o231.5,-115,o232,-110,o232,-105,o232,-113,o231.5,-115,o232,-110,u230,-110,u232,-110,u232,-110,u231.5,-105,u232,-110,u232,-115,u232,-108
Sat Feb 10 2024,Memphis Grizzlies,106,Charlotte Hornets,115,o222.5,-110,o216,-110,o216,-110,o215.5,-110,o215,-110,o216,-112,o216,-112,o216.5,-110,o216,-110,u222.5,-110,u216,-110,u216,-110,u215.5,-110,u215,-110,u216,-108,u216,-109
Sat Feb 10 2024,Chicago Bulls,108,Orlando Magic,114,o215.5,-110,o218,-110,o218,-112,o217.5,-115,o218,-110,o218,-108,o217.5,-110,o218.5,-110,o218,-112,u215.5,-110,u218,-110,u218,-108,u217.5,-105,u218,-110,u218,-112,u217.5,-110
Sat Feb 10 2024,Philadelphia 76ers,119,Washington Wizards,113,o238.5,-110,o243.5,-110,o243.5,-110,o243.5,-110,o243.5,-110,o243,-112,o243.5,-110,o243.5,-110,o243.5,-110,u238.5,-110,u243.5,-110,u243.5,-110,u243.5,-110,u243.5,-110,u243,-108,u243.5,-110
Sat Feb 10 2024,Houston Rockets,113,Atlanta Hawks,122,o236.5,-110,o241.5,-110,o241,-112,o241.5,-110,o240,-110,o241,-115,o242.5,-109,o241.5,-110,o241,-112,u236.5,-110,u241.5,-110,u241,-108,u241.5,-110,u240,-110,u241,-105,u242.5,-112
Sat Feb 10 2024,Indiana Pacers,125,New York Knicks,111,o231,-110,o237.5,-110,o237.5,-110,o237.5,-110,o238,-110,o237.5,-110,o237.5,-112,o235.5,-110,o237.5,-110,u231,-110,u237.5,-110,u237.5,-110,u237.5,-110,u238,-110,u237.5,-110,u237.5,-109
Sat Feb 10 2024,Cleveland Cavaliers,119,Toronto Raptors,95,o228.5,-110,o230,-110,o230.5,-110,o229.5,-115,o230,-110,o230,-110,o230,-109,o230.5,-110,o230.5,-110,u228.5,-110,u230,-110,u230.5,-110,u229.5,-105,u230,-110,u230,-110,u230,-112
Sat Feb 10 2024,Phoenix Suns,112,Golden State Warriors,113,o240,-110,o242.5,-110,o242.5,-110,o242.5,-110,o243.5,-110,o242,-112,o242.5,-110,o241.5,-115,o242.5,-110,u240,-110,u242.5,-110,u242.5,-110,u242.5,-110,u243.5,-110,u242,-108,u242.5,-110
Sat Feb 10 2024,New Orleans Pelicans,93,Portland Trail Blazers,84,o225.5,-110,o219,-110,o219,-112,o218.5,-115,o219.5,-110,o219,-112,o219.5,-108,o219.5,-115,o219,-112,u225.5,-110,u219,-110,u219,-108,u218.5,-105,u219.5,-110,u219,-108,u219.5,-113
Sun Feb 11 2024,Boston Celtics,110,Miami Heat,106,o224.5,-108,o225,-110,o225,-108,o220.5,-165,o226,-110,o225,-112,o224,-113,o224.5,-115,o225,-108,u224.5,-112,u225,-110,u225,-114,u220.5,+140,u226,-110,u225,-108,u224,-108
Sun Feb 11 2024,Sacramento Kings,113,Oklahoma City Thunder,127,o237.5,-110,o240,-110,o239.5,-112,o239.5,-110,o240,-110,o240,-112,o239.5,-112,o239.5,-110,o239.5,-112,u237.5,-110,u240,-110,u239.5,-108,u239.5,-110,u240,-110,u240,-108,u239.5,-109
Mon Feb 12 2024,Indiana Pacers,102,Charlotte Hornets,111,o239,-110,o238.5,-110,o239,-108,o238.5,-110,o238.5,-110,o238.5,-112,o240,-109,o238.5,-110,o239,-108,u239,-110,u238.5,-110,u239,-112,u238.5,-110,u238.5,-110,u238.5,-108,u240,-112
Mon Feb 12 2024,Philadelphia 76ers,123,Cleveland Cavaliers,121,o227,-108,o231,-110,o231,-110,o231.5,-110,o230,-110,o231,-110,o230.5,-112,o230.5,-115,o231,-110,u227,-112,u231,-110,u231,-110,u231.5,-110,u230,-110,u231,-110,u230.5,-109
Mon Feb 12 2024,Chicago Bulls,136,Atlanta Hawks,126,o237,-110,o240,-110,o240.5,-110,o240.5,-110,o238,-110,o240,-110,o240,-110,o240.5,-110,o240.5,-110,u237,-110,u240,-110,u240.5,-110,u240.5,-110,u238,-110,u240,-110,u240,-110
Mon Feb 12 2024,San Antonio Spurs,122,Toronto Raptors,99,o233.5,-110,o236,-110,o235.5,-112,o236.5,-105,o236.5,-110,o236.5,-110,o236,-117,o236.5,-110,o235.5,-112,u233.5,-110,u236,-110,u235.5,-108,u236.5,-115,u236.5,-110,u236.5,-110,u236,-114
Mon Feb 12 2024,New York Knicks,103,Houston Rockets,105,o221,-110,o224.5,-110,o224.5,-110,o224.5,-110,o221.5,-110,o224,-112,o224.5,-110,o224.5,-110,o224.5,-110,u221,-110,u224.5,-110,u224.5,-110,u224.5,-110,u221.5,-110,u224,-108,u224.5,-110
Mon Feb 12 2024,New Orleans Pelicans,96,Memphis Grizzlies,87,o222,-110,o221,-110,o220.5,-110,o220.5,-115,o222,-110,o221,-110,o221,-108,o221.5,-110,o220.5,-110,u222,-110,u221,-110,u220.5,-110,u220.5,-105,u222,-110,u221,-110,u221,-113
Mon Feb 12 2024,Denver Nuggets,95,Milwaukee Bucks,112,o234,-110,o230,-110,o230,-108,o229.5,-115,o231.5,-110,o230,-108,o230,-109,o229.5,-110,o230,-108,u234,-110,u230,-110,u230,-112,u229.5,-105,u231.5,-110,u230,-112,u230,-112
Mon Feb 12 2024,Washington Wizards,104,Dallas Mavericks,112,o246.5,-110,o247.5,-110,o247.5,-110,o247.5,-110,o247.5,-110,o247.5,-112,o247,-112,o247.5,-110,o247.5,-110,u246.5,-110,u247.5,-110,u247.5,-110,u247.5,-110,u247.5,-110,u247.5,-108,u247,-109
Mon Feb 12 2024,Golden State Warriors,129,Utah Jazz,107,o242.5,-110,o240,-110,o240,-110,o240.5,-110,o241,-110,o240,-112,o240.5,-109,o240.5,-115,o240,-110,u242.5,-110,u240,-110,u240,-110,u240.5,-110,u241,-110,u240,-108,u240.5,-112
Mon Feb 12 2024,Minnesota Timberwolves,121,Los Angeles Clippers,100,o222.5,-112,o224,-110,o224,-110,o224.5,-105,o225,-110,o223.5,-115,o223,-118,o223.5,-115,o224,-110,u222.5,-108,u224,-110,u224,-110,u224.5,-115,u225,-110,u223.5,-105,u223,-113
Tue Feb 13 2024,Boston Celtics,118,Brooklyn Nets,110,o232.5,-108,o227,-110,o227,-112,o227.5,-110,o228,-110,o226.5,-118,o226.5,-113,o226.5,-110,o227,-112,u232.5,-112,u227,-110,u227,-108,u227.5,-110,u228,-110,u226.5,-102,u226.5,-108
Tue Feb 13 2024,Oklahoma City Thunder,127,Orlando Magic,113,o227.5,-110,o222.5,-110,o222.5,-110,o223.5,-105,o223.5,-110,o223,even,o223.5,-109,o223.5,-110,o222.5,-110,u227.5,-110,u222.5,-110,u222.5,-110,u223.5,-115,u223.5,-110,u223,-120,u223.5,-112
Tue Feb 13 2024,Miami Heat,123,Milwaukee Bucks,97,o229,-110,o224,-110,o224,-112,o224.5,-105,o222.5,-110,o223.5,-115,o224,-108,o223.5,-115,o224,-112,u229,-110,u224,-110,u224,-108,u224.5,-115,u222.5,-110,u223.5,-105,u224,-113
Tue Feb 13 2024,Sacramento Kings,125,Phoenix Suns,130,o243.5,-110,o245,-110,o245.5,-110,o244.5,-115,o245.5,-110,o245,-112,o245.5,-112,o245.5,-110,o245.5,-110,u243.5,-110,u245,-110,u245.5,-110,u244.5,-105,u245.5,-110,u245,-108,u245.5,-109
Tue Feb 13 2024,Minnesota Timberwolves,121,Portland Trail Blazers,109,o214.5,-110,o214.5,-110,o213.5,-112,o213.5,-115,o215,-110,o213.5,-112,o213.5,-112,o213.5,-115,o213.5,-112,u214.5,-110,u214.5,-110,u213.5,-108,u213.5,-105,u215,-110,u213.5,-108,u213.5,-109
Tue Feb 13 2024,Detroit Pistons,111,Los Angeles Lakers,125,o237,-110,o243.5,-110,o244,-110,o243.5,-115,o241.5,-110,o244,-108,o243,-110,o243.5,-110,o244,-110,u237,-110,u243.5,-110,u244,-110,u243.5,-105,u241.5,-110,u244,-112,u243,-110
Wed Feb 14 2024,Atlanta Hawks,99,Charlotte Hornets,122,o241.5,-110,o238.5,-110,o238.5,-108,o238.5,-110,o238,-110,o239,-105,o238.5,-112,o238.5,-110,o238.5,-108,u241.5,-110,u238.5,-110,u238.5,-112,u238.5,-110,u238,-110,u239,-115,u238.5,-109
Wed Feb 14 2024,New York Knicks,100,Orlando Magic,118,o215,-110,o211,-110,o210.5,-112,o211.5,-105,o210.5,-110,o210.5,-112,o210,-112,o210.5,-115,o210.5,-112,u215,-110,u211,-110,u210.5,-108,u211.5,-115,u210.5,-110,u210.5,-108,u210,-109
Wed Feb 14 2024,Miami Heat,109,Philadelphia 76ers,104,o225,-110,o226,-110,o226,-114,o226.5,-110,o223.5,-110,o227,-105,o226,-110,o227.5,-110,o226,-114,u225,-110,u226,-110,u226,-106,u226.5,-110,u223.5,-110,u227,-115,u226,-110
Wed Feb 14 2024,Brooklyn Nets,86,Boston Celtics,136,o226.5,-110,o227.5,-110,o227,-112,o227.5,-110,o227,-110,o227,-112,o227,-112,o226.5,-115,o227,-112,u226.5,-110,u227.5,-110,u227,-108,u227.5,-110,u227,-110,u227,-108,u227,-109
Wed Feb 14 2024,Chicago Bulls,105,Cleveland Cavaliers,108,o220.5,-110,o223,-110,o223,-108,o222.5,-110,o224.5,-110,o223,-108,o223,-109,o222.5,-110,o223,-108,u220.5,-110,u223,-110,u223,-112,u222.5,-110,u224.5,-110,u223,-112,u223,-112
Wed Feb 14 2024,Indiana Pacers,127,Toronto Raptors,125,o243,-110,o246.5,-110,o246.5,-112,o247.5,-110,o245,-110,o246.5,-115,o246.5,-113,o246.5,-115,o246.5,-112,u243,-110,u246.5,-110,u246.5,-108,u247.5,-110,u245,-110,u246.5,-105,u246.5,-108
Wed Feb 14 2024,Houston Rockets,113,Memphis Grizzlies,121,o215.5,-110,o218.5,-110,o218,-112,o217.5,-115,o219.5,-110,o218,-112,o217.5,-112,o217.5,-115,o218,-112,u215.5,-110,u218.5,-110,u218,-108,u217.5,-105,u219.5,-110,u218,-108,u217.5,-109
Wed Feb 14 2024,Washington Wizards,126,New Orleans Pelicans,133,o237.5,-110,o234.5,-110,o234.5,-110,o234.5,-110,o233.5,-110,o234.5,-108,o234.5,-112,o234.5,-110,o234.5,-110,u237.5,-110,u234.5,-110,u234.5,-110,u234.5,-110,u233.5,-110,u234.5,-112,u234.5,-109
Wed Feb 14 2024,San Antonio Spurs,93,Dallas Mavericks,116,o244.5,-110,o243,-110,o242,-110,o243.5,-110,o240.5,-110,o244,-105,o243,-110,o243.5,-110,o242,-110,u244.5,-110,u243,-110,u242,-110,u243.5,-110,u240.5,-110,u244,-115,u243,-110
Wed Feb 14 2024,Sacramento Kings,102,Denver Nuggets,98,o230.5,-110,o228.5,-110,o228,-112,o229.5,-105,o229.5,-110,o228.5,-110,o228.5,-112,o228.5,-110,o228,-112,u230.5,-110,u228.5,-110,u228,-108,u229.5,-115,u229.5,-110,u228.5,-110,u228.5,-109
Wed Feb 14 2024,Detroit Pistons,100,Phoenix Suns,116,o238.5,-110,o237.5,-110,o238,-110,o237.5,-110,o234.5,-110,o238,-108,o237.5,-113,o238,-110,o238,-110,u238.5,-110,u237.5,-110,u238,-110,u237.5,-110,u234.5,-110,u238,-112,u237.5,-108
Wed Feb 14 2024,Los Angeles Lakers,138,Utah Jazz,122,o239.5,-110,o240.5,-110,o240.5,-110,o240.5,-110,o239.5,-110,o241,-108,o240,-110,o240.5,-110,o240.5,-110,u239.5,-110,u240.5,-110,u240.5,-110,u240.5,-110,u239.5,-110,u241,-112,u240,-110
Wed Feb 14 2024,Los Angeles Clippers,130,Golden State Warriors,125,o237.5,-110,o236,-110,o237.5,-110,o237.5,-110,o234.5,-110,o237.5,-115,o237,-112,o236.5,-110,o237.5,-110,u237.5,-110,u236,-110,u237.5,-110,u237.5,-110,u234.5,-110,u237.5,-105,u237,-109
Thu Feb 15 2024,Milwaukee Bucks,110,Memphis Grizzlies,113,o226.5,-110,o223,-110,o222.5,-112,o222.5,-110,o222.5,-110,o222.5,-110,o223,-110,o222.5,-115,o222.5,-112,u226.5,-110,u223,-110,u222.5,-108,u222.5,-110,u222.5,-110,u222.5,-110,u223,-110
Thu Feb 15 2024,Golden State Warriors,140,Utah Jazz,137,o238.5,-110,o241.5,-110,o241.5,-110,o241.5,-110,o241.5,-115,o242,-105,o240,-113,o240.5,-110,o241.5,-110,u238.5,-110,u241.5,-110,u241.5,-110,u241.5,-110,u241.5,-105,u242,-115,u240,-108
Thu Feb 15 2024,Minnesota Timberwolves,128,Portland Trail Blazers,91,o215.5,-110,o217,-110,o216.5,-108,o216.5,-115,o217,-110,o217,-102,o216,-110,o215.5,-115,o216.5,-108,u215.5,-110,u217,-110,u216.5,-112,u216.5,-105,u217,-110,u217,-118,u216,-110
Thu Feb 22 2024,Orlando Magic,116,Cleveland Cavaliers,109,o215.5,-110,o214.5,-110,o214.5,-110,o214.5,-110,o215.5,-115,o214,-112,o215,-110,o214.5,-115,o214.5,-110,u215.5,-110,u214.5,-110,u214.5,-110,u214.5,-110,u215.5,-105,u214,-108,u215,-110
Thu Feb 22 2024,Detroit Pistons,115,Indiana Pacers,129,o247,-110,o247.5,-110,o248,-110,o247.5,-110,o246.5,-110,o246.5,-115,o246.5,-108,o246.5,-115,o248,-110,u247,-110,u247.5,-110,u248,-110,u247.5,-110,u246.5,-110,u246.5,-105,u246.5,-113
Thu Feb 22 2024,New York Knicks,110,Philadelphia 76ers,96,o226.5,-110,o228,-110,o228,-110,o228.5,-105,o226.5,-110,o228.5,-105,o228.5,-113,o228.5,-110,o228,-110,u226.5,-110,u228,-110,u228,-110,u228.5,-115,u226.5,-110,u228.5,-115,u228.5,-118
Thu Feb 22 2024,Brooklyn Nets,93,Toronto Raptors,121,o230.5,-110,o231.5,-110,o231.5,-110,o231.5,-110,o231.5,-110,o231,-115,o231,-110,o231.5,-110,o231.5,-110,u230.5,-110,u231.5,-110,u231.5,-110,u231.5,-110,u231.5,-110,u231,-105,u231,-110
Thu Feb 22 2024,Phoenix Suns,113,Dallas Mavericks,123,o243.5,-110,o244.5,-110,o244.5,-112,o245.5,-105,o245,-110,o244.5,-112,o244.5,-110,o244.5,-110,o244.5,-112,u243.5,-110,u244.5,-110,u244.5,-108,u245.5,-115,u245,-110,u244.5,-108,u244.5,-110
Thu Feb 22 2024,Boston Celtics,129,Chicago Bulls,112,o226,-110,o224.5,-110,o224,-112,o224.5,-110,o225.5,-110,o224,-108,o223.5,-110,o223.5,-110,o224,-112,u226,-110,u224.5,-110,u224,-108,u224.5,-110,u225.5,-110,u224,-112,u223.5,-110
Thu Feb 22 2024,Houston Rockets,105,New Orleans Pelicans,127,o227,-110,o227.5,-110,o227,-110,o227.5,-110,o228.5,-115,o227.5,-108,o227,-113,o226.5,-110,o227,-110,u227,-110,u227.5,-110,u227,-110,u227.5,-110,u228.5,-105,u227.5,-112,u227,-108
Thu Feb 22 2024,Los Angeles Clippers,107,Oklahoma City Thunder,129,o239.5,-110,o235.5,-110,o235.5,-112,o235.5,-110,o236,-110,o236,-108,o236,-114,o235.5,-110,o235.5,-112,u239.5,-110,u235.5,-110,u235.5,-108,u235.5,-110,u236,-110,u236,-112,u236,-117
Thu Feb 22 2024,Washington Wizards,110,Denver Nuggets,130,o229.5,-110,o233,-110,o232.5,-110,o232.5,-115,o232,-110,o233,-108,o233,-112,o232.5,-115,o232.5,-110,u229.5,-110,u233,-110,u232.5,-110,u232.5,-105,u232,-110,u233,-112,u233,-112
Thu Feb 22 2024,Charlotte Hornets,115,Utah Jazz,107,o231.5,-110,o229,-110,o229,-110,o229.5,-110,o230.5,-110,o229.5,-108,o229,-110,o229.5,-110,o229,-110,u231.5,-110,u229,-110,u229,-110,u229.5,-110,u230.5,-110,u229.5,-112,u229,-110
Thu Feb 22 2024,Los Angeles Lakers,110,Golden State Warriors,128,o241.5,-110,o242.5,-110,o243,-110,o243.5,-110,o243,-110,o243.5,-110,o242,-112,o243.5,-110,o243,-110,u241.5,-110,u242.5,-110,u243,-110,u243.5,-110,u243,-110,u243.5,-110,u242,-109
Thu Feb 22 2024,San Antonio Spurs,122,Sacramento Kings,127,o244.5,-110,o242.5,-110,o243,-108,o243.5,-105,o240.5,-110,o243,-108,o243,-117,o242.5,-110,o243,-108,u244.5,-110,u242.5,-110,u243,-112,u243.5,-115,u240.5,-110,u243,-112,u243,-114
Fri Feb 23 2024,Toronto Raptors,123,Atlanta Hawks,121,o243.5,-110,o243.5,-110,o244.5,-110,o244.5,-110,o243.5,-110,o244,-108,o243.5,-109,o244.5,-115,o244.5,-110,u243.5,-110,u243.5,-110,u244.5,-110,u244.5,-110,u243.5,-110,u244,-112,u243.5,-112
Fri Feb 23 2024,Cleveland Cavaliers,97,Philadelphia 76ers,104,o229.5,-108,o225.5,-110,o225,-110,o225.5,-110,o225.5,-110,o225.5,-112,o226,-112,o225.5,-110,o225,-110,u229.5,-112,u225.5,-110,u225,-110,u225.5,-110,u225.5,-110,u225.5,-108,u226,-109
Fri Feb 23 2024,Phoenix Suns,110,Houston Rockets,114,o229.5,-110,o235,-110,o235,-110,o235.5,-105,o235.5,-110,o235,-108,o234,-113,o234.5,-110,o235,-110,u229.5,-110,u235,-110,u235,-110,u235.5,-115,u235.5,-110,u235,-112,u234,-108
Fri Feb 23 2024,Los Angeles Clippers,101,Memphis Grizzlies,95,o224.5,-110,o224.5,-110,o224,-110,o224.5,-110,o224,-110,o224.5,-110,o224.5,-115,o223.5,-110,o224,-110,u224.5,-110,u224.5,-110,u224,-110,u224.5,-110,u224,-110,u224.5,-110,u224.5,-115
Fri Feb 23 2024,Miami Heat,106,New Orleans Pelicans,95,o224.5,-110,o220.5,-110,o220.5,-112,o220.5,-110,o219,-110,o220,-112,o220.5,-110,o219.5,-110,o220.5,-112,u224.5,-110,u220.5,-110,u220.5,-108,u220.5,-110,u219,-110,u220,-108,u220.5,-110
Fri Feb 23 2024,Washington Wizards,106,Oklahoma City Thunder,147,o241.5,-110,o243.5,-110,o243,-108,o243.5,-110,o242,-110,o242.5,-110,o242.5,-112,o241.5,-110,o243,-108,u241.5,-110,u243.5,-110,u243,-112,u243.5,-110,u242,-110,u242.5,-110,u242.5,-109
Fri Feb 23 2024,Charlotte Hornets,84,Golden State Warriors,97,o229.5,-110,o228,-110,o228,-112,o228.5,-105,o228,-110,o228,-110,o228.5,-117,o228.5,-110,o228,-112,u229.5,-110,u228,-110,u228,-108,u228.5,-115,u228,-110,u228,-110,u228.5,-114
Fri Feb 23 2024,Milwaukee Bucks,112,Minnesota Timberwolves,107,o224.5,-110,o225.5,-110,o225.5,-110,o225.5,-110,o226,-110,o225,-115,o226.5,-108,o225.5,-115,o225.5,-110,u224.5,-110,u225.5,-110,u225.5,-110,u225.5,-110,u226,-110,u225,-105,u226.5,-113
Fri Feb 23 2024,Denver Nuggets,127,Portland Trail Blazers,112,o219,-110,o216.5,-110,o215.5,-110,o216.5,-110,o215.5,-110,o216.5,-108,o215.5,-109,o215.5,-115,o215.5,-110,u219,-110,u216.5,-110,u215.5,-110,u216.5,-110,u215.5,-110,u216.5,-112,u215.5,-112
Fri Feb 23 2024,San Antonio Spurs,118,Los Angeles Lakers,123,o239,-110,o241,-110,o241.5,-110,o240.5,-115,o241.5,-110,o241,-108,o240.5,-110,o240.5,-115,o241.5,-110,u239,-110,u241,-110,u241.5,-110,u240.5,-105,u241.5,-110,u241,-112,u240.5,-110
Sat Feb 24 2024,Orlando Magic,112,Detroit Pistons,109,o227,-110,o224.5,-110,o224.5,-110,o225.5,-105,o225,-110,o225.5,-105,o225.5,-109,o224.5,-110,o224.5,-110,u227,-110,u224.5,-110,u224.5,-110,u225.5,-115,u225,-110,u225.5,-115,u225.5,-112
Sat Feb 24 2024,Boston Celtics,116,New York Knicks,102,o223,-110,o225,-110,o224,-110,o224.5,-110,o224,-110,o225,-110,o224.5,-113,o223.5,-115,o224,-110,u223,-110,u225,-110,u224,-110,u224.5,-110,u224,-110,u225,-110,u224.5,-108
Sat Feb 24 2024,Brooklyn Nets,86,Minnesota Timberwolves,101,o217.5,-110,o221.5,-110,o221,-112,o229.5,+190,o221.5,-110,o221,-112,o221,-108,o219.5,-115,o221,-112,u217.5,-110,u221.5,-110,u221,-108,u229.5,-250,u221.5,-110,u221,-108,u221,-113
Sun Feb 25 2024,Milwaukee Bucks,119,Philadelphia 76ers,98,o227,-108,o234.5,-110,o234,-110,o241.5,+170,o235,-110,o234.5,-105,o235,-109,o234.5,-110,o234,-110,u227,-112,u234.5,-110,u234,-110,u241.5,-210,u235,-110,u234.5,-115,u235,-112
Sun Feb 25 2024,Los Angeles Lakers,113,Phoenix Suns,123,o239.5,-110,o241,-110,o241,-110,o240.5,-115,o241,-110,o241.5,-102,o241,-108,o241.5,-110,o241,-110,u239.5,-110,u241,-110,u241,-110,u240.5,-105,u241,-110,u241.5,-118,u241,-113
Sun Feb 25 2024,Dallas Mavericks,111,Indiana Pacers,133,o250,-110,o252,-110,o252,-110,o251.5,-115,o252,-110,o251.5,-112,o252,-113,o251.5,-115,o252,-110,u250,-110,u252,-110,u252,-110,u251.5,-105,u252,-110,u251.5,-108,u252,-108
Sun Feb 25 2024,Cleveland Cavaliers,114,Washington Wizards,105,o232.5,-110,o234,-110,o234.5,-110,o234.5,-110,o234.5,-110,o235,-108,o235,-109,o234.5,-110,o234.5,-110,u232.5,-110,u234,-110,u234.5,-110,u234.5,-110,u234.5,-110,u235,-112,u235,-112
Sun Feb 25 2024,Orlando Magic,92,Atlanta Hawks,109,o227,-110,o223,-110,o223,-110,o222.5,-115,o225,-110,o223,-108,o223,-112,o222.5,-110,o223,-110,u227,-110,u223,-110,u223,-110,u222.5,-105,u225,-110,u223,-112,u223,-109
Sun Feb 25 2024,Denver Nuggets,119,Golden State Warriors,103,o234,-110,o232.5,-110,o233,-108,o233.5,-105,o230.5,-110,o232.5,-110,o232,-112,o232.5,-115,o233,-108,u234,-110,u232.5,-110,u233,-112,u233.5,-115,u230.5,-110,u232.5,-110,u232,-109
Sun Feb 25 2024,Oklahoma City Thunder,123,Houston Rockets,110,o235,-110,o233,-110,o233,-110,o233.5,-105,o234,-110,o233,-112,o234,-110,o232.5,-115,o233,-110,u235,-110,u233,-110,u233,-110,u233.5,-115,u234,-110,u233,-108,u234,-110
Sun Feb 25 2024,Chicago Bulls,114,New Orleans Pelicans,106,o223,-110,o224.5,-110,o225,-110,o224.5,-110,o222.5,-110,o224.5,-112,o224.5,-113,o224.5,-105,o225,-110,u223,-110,u224.5,-110,u225,-110,u224.5,-110,u222.5,-110,u224.5,-108,u224.5,-108
Sun Feb 25 2024,San Antonio Spurs,109,Utah Jazz,128,o239.5,-110,o239.5,-110,o239.5,-110,o239.5,-110,o240,-110,o239.5,-112,o239.5,-109,o239.5,-110,o239.5,-110,u239.5,-110,u239.5,-110,u239.5,-110,u239.5,-110,u240,-110,u239.5,-108,u239.5,-112
Sun Feb 25 2024,Charlotte Hornets,93,Portland Trail Blazers,80,o219,-110,o213.5,-110,o213.5,-108,o214.5,-105,o214,-110,o213.5,-112,o213.5,-112,o213.5,-110,o213.5,-108,u219,-110,u213.5,-110,u213.5,-112,u214.5,-115,u214,-110,u213.5,-108,u213.5,-109
Sun Feb 25 2024,Sacramento Kings,123,Los Angeles Clippers,107,o237.5,-110,o240,-110,o239,-110,o239.5,-115,o239.5,-110,o239,-110,o238.5,-113,o239.5,-115,o239,-110,u237.5,-110,u240,-110,u239,-110,u239.5,-105,u239.5,-110,u239,-110,u238.5,-108
Mon Feb 26 2024,Toronto Raptors,130,Indiana Pacers,122,o245,-110,o246.5,-110,o246.5,-110,o246.5,-115,o246.5,-115,o246,-115,o246,-109,o245.5,-115,o246.5,-110,u245,-110,u246.5,-110,u246.5,-110,u246.5,-105,u246.5,-105,u246,-105,u246,-112
Mon Feb 26 2024,Detroit Pistons,111,New York Knicks,113,o224.5,-110,o225,-110,o226,-112,o225.5,-110,o225,-110,o225,-112,o225,-110,o225.5,-110,o226,-112,u224.5,-110,u225,-110,u226,-108,u225.5,-110,u225,-110,u225,-108,u225,-110
Mon Feb 26 2024,Brooklyn Nets,111,Memphis Grizzlies,86,o215,-110,o214.5,-110,o214.5,-112,o215.5,-105,o214.5,-115,o214.5,-112,o214.5,-110,o214.5,-115,o214.5,-112,u215,-110,u214.5,-110,u214.5,-108,u215.5,-115,u214.5,-105,u214.5,-108,u214.5,-110
Mon Feb 26 2024,Miami Heat,121,Sacramento Kings,110,o227,-110,o223.5,-110,o224.5,-108,o224.5,-105,o223.5,-115,o223.5,-115,o224.5,-108,o224.5,-110,o224.5,-108,u227,-110,u223.5,-110,u224.5,-112,u224.5,-115,u223.5,-105,u223.5,-105,u224.5,-113
Tue Feb 27 2024,Dallas Mavericks,119,Cleveland Cavaliers,121,o232.5,-110,o231,-110,o231.5,-110,o230.5,-115,o232.5,-110,o230.5,-115,o230.5,-112,o230.5,-115,o231.5,-110,u232.5,-110,u231,-110,u231.5,-110,u230.5,-105,u232.5,-110,u230.5,-105,u230.5,-109
Tue Feb 27 2024,Brooklyn Nets,81,Orlando Magic,108,o217.5,-110,o210,-110,o210,-112,o210.5,-110,o213.5,-110,o210,-115,o209.5,-115,o210.5,-110,o210,-112,u217.5,-110,u210,-110,u210,-108,u210.5,-110,u213.5,-110,u210,-105,u209.5,-115
Tue Feb 27 2024,Golden State Warriors,123,Washington Wizards,112,o241.5,-110,o245,-110,o245,-110,o245.5,-110,o240.5,-110,o245.5,-112,o241,-115,o244.5,-110,o245,-110,u241.5,-110,u245,-110,u245,-110,u245.5,-110,u240.5,-110,u245.5,-108,u241,-115
Tue Feb 27 2024,Utah Jazz,97,Atlanta Hawks,124,o239.5,-110,o238,-110,o238.5,-108,o238.5,-110,o236.5,-110,o238,-110,o238,-113,o237.5,-115,o238.5,-108,u239.5,-110,u238,-110,u238.5,-112,u238.5,-110,u236.5,-110,u238,-110,u238,-108
Tue Feb 27 2024,Philadelphia 76ers,99,Boston Celtics,117,o229.5,-110,o231.5,-110,o231.5,-108,o231.5,-110,o230.5,-110,o231.5,-110,o231,-113,o231.5,-110,o231.5,-108,u229.5,-110,u231.5,-110,u231.5,-112,u231.5,-110,u230.5,-110,u231.5,-110,u231,-108
Tue Feb 27 2024,New Orleans Pelicans,115,New York Knicks,92,o220,-110,o215,-110,o215,-110,o214.5,-115,o218.5,-110,o214,-115,o214,-113,o214.5,-115,o215,-110,u220,-110,u215,-110,u215,-110,u214.5,-105,u218.5,-110,u214,-105,u214,-108
Tue Feb 27 2024,Detroit Pistons,105,Chicago Bulls,95,o229,-110,o223.5,-110,o223.5,-108,o223.5,-110,o225,-110,o223.5,-108,o224,-109,o223.5,-110,o223.5,-108,u229,-110,u223.5,-110,u223.5,-112,u223.5,-110,u225,-110,u223.5,-112,u224,-112
Tue Feb 27 2024,Charlotte Hornets,85,Milwaukee Bucks,123,o224.5,-110,o220,-110,o219.5,-108,o219.5,-110,o220.5,-110,o219.5,-108,o220,-112,o219.5,-115,o219.5,-108,u224.5,-110,u220,-110,u219.5,-112,u219.5,-110,u220.5,-110,u219.5,-112,u220,-109
Tue Feb 27 2024,San Antonio Spurs,105,Minnesota Timberwolves,114,o223.5,-110,o222.5,-110,o222,-112,o221.5,-115,o225.5,-110,o221.5,-115,o222,-113,o222.5,-110,o222,-112,u223.5,-110,u222.5,-110,u222,-108,u221.5,-105,u225.5,-110,u221.5,-105,u222,-108
Tue Feb 27 2024,Houston Rockets,95,Oklahoma City Thunder,112,o234,-110,o233.5,-110,o234,-110,o234.5,-105,o235.5,-110,o233.5,-118,o234,-110,o233.5,-115,o234,-110,u234,-110,u233.5,-110,u234,-110,u234.5,-115,u235.5,-110,u233.5,-102,u234,-110
Tue Feb 27 2024,Miami Heat,106,Portland Trail Blazers,96,o215,-110,o212.5,-110,o212,-110,o212.5,-110,o213,-110,o212.5,-108,o212,-109,o212.5,-115,o212,-110,u215,-110,u212.5,-110,u212,-110,u212.5,-110,u213,-110,u212.5,-112,u212,-112
Wed Feb 28 2024,New Orleans Pelicans,114,Indiana Pacers,123,o242.5,-110,o239.5,-110,o239.5,-108,o239.5,-110,o239,-115,o239.5,-112,o232,-121,o239.5,-110,o239.5,-108,u242.5,-110,u239.5,-110,u239.5,-112,u239.5,-110,u239,-105,u239.5,-108,u232,-112
Wed Feb 28 2024,Dallas Mavericks,136,Toronto Raptors,125,o242,-110,o241.5,-110,o241.5,-108,o241.5,-110,o241,-110,o241,-112,o241,-108,o240.5,-115,o241.5,-108,u242,-110,u241.5,-110,u241.5,-112,u241.5,-110,u241,-110,u241,-108,u241,-113
Wed Feb 28 2024,Cleveland Cavaliers,123,Chicago Bulls,132,o219.5,-110,o217,-110,o216.5,-112,o217.5,-105,o217,-110,o217,-112,o217.5,-115,o216.5,-115,o216.5,-112,u219.5,-110,u217,-110,u216.5,-108,u217.5,-115,u217,-110,u217,-108,u217.5,-115
Wed Feb 28 2024,Memphis Grizzlies,101,Minnesota Timberwolves,110,o216.5,-110,o209.5,-110,o209.5,-110,o210.5,-105,o208,-110,o209.5,-112,o209,-110,o209.5,-110,o209.5,-110,u216.5,-110,u209.5,-110,u209.5,-110,u210.5,-115,u208,-110,u209.5,-108,u209,-110
Wed Feb 28 2024,Sacramento Kings,96,Denver Nuggets,117,o231,-110,o226.5,-110,o227,-108,o226.5,-115,o231.5,-110,o227,-108,o226.5,-113,o227.5,-110,o227,-108,u231,-110,u226.5,-110,u227,-112,u226.5,-105,u231.5,-110,u227,-112,u226.5,-108
Wed Feb 28 2024,Los Angeles Lakers,116,Los Angeles Clippers,112,o236.5,-110,o236,-110,o236.5,-110,o236.5,-105,o234.5,-110,o236,-112,o236,-113,o236.5,-110,o236.5,-110,u236.5,-110,u236,-110,u236.5,-110,u236.5,-115,u234.5,-110,u236,-108,u236,-108
Thu Feb 29 2024,Milwaukee Bucks,111,Charlotte Hornets,99,o219.5,-110,o218.5,-110,o219,-108,o218.5,-115,o219,-110,o218.5,-110,o219.5,-108,o218.5,-110,o219,-108,u219.5,-110,u218.5,-110,u219,-112,u218.5,-105,u219,-110,u218.5,-110,u219.5,-113
Thu Feb 29 2024,Utah Jazz,107,Orlando Magic,115,o225.5,-110,o225.5,-110,o226,-110,o226.5,-110,o225.5,-110,o226,-108,o224.5,-115,o226.5,-110,o226,-110,u225.5,-110,u225.5,-110,u226,-110,u226.5,-110,u225.5,-110,u226,-112,u224.5,-115
Thu Feb 29 2024,Atlanta Hawks,97,Brooklyn Nets,124,o227.5,-110,o220,-110,o220.5,-110,o219.5,-115,o220,-110,o219.5,-110,o220.5,-112,o219.5,-115,o220.5,-110,u227.5,-110,u220,-110,u220.5,-110,u219.5,-105,u220,-110,u219.5,-110,u220.5,-109
Thu Feb 29 2024,Golden State Warriors,110,New York Knicks,99,o224.5,-112,o223,-110,o223,-110,o223.5,-105,o223,-110,o223.5,-105,o223,-109,o223.5,-110,o223,-110,u224.5,-108,u223,-110,u223,-110,u223.5,-115,u223,-110,u223.5,-115,u223,-112
Thu Feb 29 2024,Oklahoma City Thunder,118,San Antonio Spurs,132,o239.5,-110,o238.5,-110,o238.5,-112,o238.5,-110,o238.5,-110,o239,-110,o238.5,-110,o238.5,-110,o238.5,-112,u239.5,-110,u238.5,-110,u238.5,-108,u238.5,-110,u238.5,-110,u239,-110,u238.5,-110
Thu Feb 29 2024,Houston Rockets,105,Phoenix Suns,110,o233.5,-110,o231,-110,o230.5,-110,o230.5,-115,o231.5,-110,o230.5,-110,o231,-112,o230.5,-110,o230.5,-110,u233.5,-110,u231,-110,u230.5,-110,u230.5,-105,u231.5,-110,u230.5,-110,u231,-109
Thu Feb 29 2024,Miami Heat,97,Denver Nuggets,103,o221.5,-110,o214.5,-110,o214.5,-110,o214.5,-110,o214.5,-110,o214,-108,o214.5,-113,o214.5,-115,o214.5,-110,u221.5,-110,u214.5,-110,u214.5,-110,u214.5,-110,u214.5,-110,u214,-112,u214.5,-108
Thu Feb 29 2024,Washington Wizards,131,Los Angeles Lakers,134,o241.5,-110,o244.5,-110,o244.5,-110,o243.5,-115,o245.5,-110,o244.5,-110,o244,-113,o244.5,-110,o244.5,-110,u241.5,-110,u244.5,-110,u244.5,-110,u243.5,-105,u245.5,-110,u244.5,-110,u244,-108
Fri Mar 1 2024,Cleveland Cavaliers,110,Detroit Pistons,100,o223.5,-110,o219,-110,o219,-110,o219.5,-105,o219,-110,o219,-112,o218.5,-110,o219.5,-115,o219,-110,u223.5,-110,u219,-110,u219,-110,u219.5,-115,u219,-110,u219,-108,u218.5,-110
Fri Mar 1 2024,Charlotte Hornets,114,Philadelphia 76ers,121,o218.5,-110,o213,-110,o213,-108,o212.5,-115,o213.5,-110,o213,-108,o213.5,-108,o213.5,-110,o213,-108,u218.5,-110,u213,-110,u213,-112,u212.5,-105,u213.5,-110,u213,-112,u213.5,-113
Fri Mar 1 2024,Dallas Mavericks,110,Boston Celtics,138,o238.5,-110,o237.5,-110,o237.5,-112,o237.5,-110,o238,-110,o237,-110,o237.5,-110,o237.5,-110,o237.5,-112,u238.5,-110,u237.5,-110,u237.5,-108,u237.5,-110,u238,-110,u237,-110,u237.5,-110
Fri Mar 1 2024,Golden State Warriors,120,Toronto Raptors,105,o237.5,-110,o237,-110,o237,-110,o237.5,-105,o237,-110,o237.5,-105,o237.5,-113,o236.5,-115,o237,-110,u237.5,-110,u237,-110,u237,-110,u237.5,-115,u237,-110,u237.5,-115,u237.5,-108
Fri Mar 1 2024,Portland Trail Blazers,122,Memphis Grizzlies,92,o209.5,-110,o209,-110,o209,-112,o209.5,-105,o208,-110,o209,-115,o208.5,-109,o208.5,-110,o209,-112,u209.5,-110,u209,-110,u209,-108,u209.5,-115,u208,-110,u209,-105,u208.5,-112
Fri Mar 1 2024,Sacramento Kings,124,Minnesota Timberwolves,120,o224.5,-110,o222.5,-110,o222.5,-112,o222.5,-110,o222.5,-110,o222,-112,o222,-112,o222.5,-110,o222.5,-112,u224.5,-110,u222.5,-110,u222.5,-108,u222.5,-110,u222.5,-110,u222,-108,u222,-109
Fri Mar 1 2024,Indiana Pacers,102,New Orleans Pelicans,129,o238,-110,o238.5,-110,o238.5,-110,o237.5,-115,o239,-110,o238.5,-102,o239,-108,o238.5,-110,o238.5,-110,u238,-110,u238.5,-110,u238.5,-110,u237.5,-105,u239,-110,u238.5,-118,u239,-113
Fri Mar 1 2024,Milwaukee Bucks,113,Chicago Bulls,97,o224.5,-110,o222,-110,o222,-110,o222.5,-105,o221.5,-110,o221.5,-110,o222.5,-108,o221.5,-110,o222,-110,u224.5,-110,u222,-110,u222,-110,u222.5,-115,u221.5,-110,u221.5,-110,u222.5,-113
Fri Mar 1 2024,Washington Wizards,115,Los Angeles Clippers,140,o240.5,-110,o238.5,-110,o239,-110,o239.5,-105,o238.5,-110,o238.5,-112,o238,-110,o238.5,-110,o239,-110,u240.5,-110,u238.5,-110,u239,-110,u239.5,-115,u238.5,-110,u238.5,-108,u238,-110
Sat Mar 2 2024,Atlanta Hawks,102,Brooklyn Nets,114,o221.5,-110,o218.5,-110,o218.5,-108,o218.5,-110,o219,-110,o218,-110,o218.5,-112,o218.5,-110,o218.5,-108,u221.5,-110,u218.5,-110,u218.5,-112,u218.5,-110,u219,-110,u218,-110,u218.5,-109
Sat Mar 2 2024,Utah Jazz,120,Miami Heat,126,o226.5,-110,o224,-110,o223.5,-112,o224.5,-105,o223.5,-110,o223.5,-110,o224,-113,o223.5,-115,o223.5,-112,u226.5,-110,u224,-110,u223.5,-108,u224.5,-115,u223.5,-110,u223.5,-110,u224,-108
Sat Mar 2 2024,Portland Trail Blazers,107,Memphis Grizzlies,100,o209,-110,o211,-110,o210,-112,o210.5,-115,o211.5,-110,o210,-118,o210,-117,o210.5,-110,o210,-112,u209,-110,u211,-110,u210,-108,u210.5,-105,u211.5,-110,u210,-102,u210,-114
Sat Mar 2 2024,Denver Nuggets,124,Los Angeles Lakers,114,o231,-110,o230.5,-110,o230.5,-110,o231.5,-105,o231,-110,o230.5,-108,o229.5,-109,o229.5,-115,o230.5,-110,u231,-110,u230.5,-110,u230.5,-110,u231.5,-115,u231,-110,u230.5,-112,u229.5,-112
Sat Mar 2 2024,Houston Rockets,118,Phoenix Suns,109,o228.5,-110,o231.5,-110,o232,-108,o231.5,-110,o231,-105,o231.5,-110,o232,-113,o231.5,-115,o232,-108,u228.5,-110,u231.5,-110,u232,-112,u231.5,-110,u231,-115,u231.5,-110,u232,-108
Sun Mar 3 2024,Philadelphia 76ers,120,Dallas Mavericks,116,o238,-110,o238,-110,o239,-108,o238.5,-105,o237,-110,o238,-110,o237.5,-112,o238.5,-115,o239,-108,u238,-110,u238,-110,u239,-112,u238.5,-115,u237,-110,u238,-110,u237.5,-109
Sun Mar 3 2024,Golden State Warriors,88,Boston Celtics,140,o233.5,-110,o231,-110,o231,-110,o231.5,-105,o231,-110,o231,-110,o231,-118,o230.5,-115,o231,-110,u233.5,-110,u231,-110,u231,-110,u231.5,-115,u231,-110,u231,-110,u231,-113
Sun Mar 3 2024,Los Angeles Clippers,89,Minnesota Timberwolves,88,o220.5,-110,o219.5,-110,o219.5,-110,o219.5,-110,o220,-110,o219.5,-112,o219.5,-113,o219.5,-115,o219.5,-110,u220.5,-110,u219.5,-110,u219.5,-110,u219.5,-110,u220,-110,u219.5,-108,u219.5,-108
Sun Mar 3 2024,Detroit Pistons,91,Orlando Magic,113,o220,-110,o216.5,-110,o216.5,-112,o216.5,-110,o217.5,-110,o217,-105,o217,-109,o216.5,-115,o216.5,-112,u220,-110,u216.5,-110,u216.5,-108,u216.5,-110,u217.5,-110,u217,-115,u217,-112
Sun Mar 3 2024,Charlotte Hornets,106,Toronto Raptors,111,o225.5,-110,o223.5,-110,o224,-108,o223.5,-110,o223,-110,o223.5,-115,o223.5,-113,o223.5,-110,o224,-108,u225.5,-110,u223.5,-110,u224,-112,u223.5,-110,u223,-110,u223.5,-105,u223.5,-108
Sun Mar 3 2024,New York Knicks,107,Cleveland Cavaliers,98,o211.5,-110,o208.5,-110,o208.5,-110,o208.5,-110,o208.5,-110,o208.5,-112,o209,-113,o209.5,-110,o208.5,-110,u211.5,-110,u208.5,-110,u208.5,-110,u208.5,-110,u208.5,-110,u208.5,-108,u209,-108
Sun Mar 3 2024,Indiana Pacers,105,San Antonio Spurs,117,o245,-110,o244.5,-110,o244.5,-110,o244.5,-110,o244.5,-115,o243,-108,o244,-108,o243.5,-110,o244.5,-110,u245,-110,u244.5,-110,u244.5,-110,u244.5,-110,u244.5,-105,u243,-112,u244,-113
Sun Mar 3 2024,Oklahoma City Thunder,118,Phoenix Suns,110,o236.5,-110,o232.5,-110,o233,-110,o233.5,-105,o232.5,-115,o232.5,-118,o233,-109,o233.5,-110,o233,-110,u236.5,-110,u232.5,-110,u233,-110,u233.5,-115,u232.5,-105,u232.5,-102,u233,-112
Mon Mar 4 2024,Memphis Grizzlies,106,Brooklyn Nets,102,o212.5,-110,o206.5,-110,o206,-108,o206.5,-110,o206.5,-115,o206.5,-108,o206,-109,o205.5,-115,o206,-108,u212.5,-110,u206.5,-110,u206,-112,u206.5,-110,u206.5,-105,u206.5,-112,u206,-112
Mon Mar 4 2024,Los Angeles Clippers,106,Milwaukee Bucks,113,o229.5,-110,o223,-110,o222.5,-110,o222.5,-110,o222,-115,o222,-110,o223,-108,o223.5,-110,o222.5,-110,u229.5,-110,u223,-110,u222.5,-110,u222.5,-110,u222,-105,u222,-110,u223,-113
Mon Mar 4 2024,Portland Trail Blazers,114,Minnesota Timberwolves,119,o214.5,-110,o210.5,-110,o210.5,-110,o210.5,-105,o210.5,-115,o210.5,-112,o210.5,-108,o210.5,-110,o210.5,-110,u214.5,-110,u210.5,-110,u210.5,-110,u210.5,-115,u210.5,-105,u210.5,-108,u210.5,-113
Mon Mar 4 2024,Washington Wizards,115,Utah Jazz,127,o245.5,-110,o241.5,-110,o240.5,-110,o242.5,even,o241.5,-115,o241.5,-112,o241,-112,o241.5,-110,o240.5,-110,u245.5,-110,u241.5,-110,u240.5,-110,u242.5,-120,u241.5,-105,u241.5,-108,u241,-109
Mon Mar 4 2024,Chicago Bulls,113,Sacramento Kings,109,o229.5,-110,o230,-110,o230,-108,o229.5,-115,o230,-110,o229.5,-118,o230,-117,o230.5,-110,o230,-108,u229.5,-110,u230,-110,u230,-112,u229.5,-105,u230,-110,u229.5,-102,u230,-114
Mon Mar 4 2024,Oklahoma City Thunder,104,Los Angeles Lakers,116,o240.5,-110,o240.5,-110,o241.5,-110,o239.5,-110,o239.5,-110,o239,-115,o240,-109,o239.5,-110,o241.5,-110,u240.5,-110,u240.5,-110,u241.5,-110,u239.5,-110,u239.5,-110,u239,-105,u240,-112
Tue Mar 5 2024,Orlando Magic,101,Charlotte Hornets,89,o209,-110,o208,-110,o208,-110,o208.5,-105,o208,-110,o208,-108,o207.5,-113,o207.5,-115,o208,-110,u209,-110,u208,-110,u208,-110,u208.5,-115,u208,-110,u208,-112,u207.5,-108
Tue Mar 5 2024,Philadelphia 76ers,107,Brooklyn Nets,112,o220,-110,o212.5,-110,o212.5,-110,o212.5,-110,o213.5,-110,o212.5,-112,o212.5,-113,o212.5,-115,o212.5,-110,u220,-110,u212.5,-110,u212.5,-110,u212.5,-110,u213.5,-110,u212.5,-108,u212.5,-108
Tue Mar 5 2024,Boston Celtics,104,Cleveland Cavaliers,105,o222,-110,o217,-110,o217,-112,o217.5,-110,o217,-110,o219,-110,o217.5,-110,o216.5,-115,o217,-112,u222,-110,u217,-110,u217,-108,u217.5,-110,u217,-110,u219,-110,u217.5,-110
Tue Mar 5 2024,Detroit Pistons,110,Miami Heat,118,o220.5,-110,o217.5,-110,o217,-112,o218.5,-105,o217,-115,o218,-110,o217.5,-108,o217.5,-115,o217,-112,u220.5,-110,u217.5,-110,u217,-108,u218.5,-115,u217,-105,u218,-110,u217.5,-113
Tue Mar 5 2024,Atlanta Hawks,116,New York Knicks,100,o218.5,-110,o213.5,-110,o213.5,-110,o213.5,-110,o213.5,-110,o213.5,-110,o212.5,-113,o213.5,-110,o213.5,-110,u218.5,-110,u213.5,-110,u213.5,-110,u213.5,-110,u213.5,-110,u213.5,-110,u212.5,-108
Tue Mar 5 2024,New Orleans Pelicans,139,Toronto Raptors,98,o229,-110,o231.5,-110,o230.5,-110,o229.5,-115,o231.5,-110,o230.5,-115,o230,-110,o229.5,-110,o230.5,-110,u229,-110,u231.5,-110,u230.5,-110,u229.5,-105,u231.5,-110,u230.5,-105,u230,-110
Tue Mar 5 2024,San Antonio Spurs,101,Houston Rockets,114,o227.5,-110,o228,-110,o227.5,-110,o228.5,-105,o228,-105,o227,-118,o228,-108,o228.5,-110,o227.5,-110,u227.5,-110,u228,-110,u227.5,-110,u228.5,-115,u228,-115,u227,-102,u228,-113
Tue Mar 5 2024,Indiana Pacers,137,Dallas Mavericks,120,o247.5,-110,o247.5,-110,o247.5,-112,o247.5,-115,o247.5,-110,o247.5,-115,o248,-109,o247.5,-110,o247.5,-112,u247.5,-110,u247.5,-110,u247.5,-108,u247.5,-105,u247.5,-110,u247.5,-105,u248,-112
Tue Mar 5 2024,Phoenix Suns,117,Denver Nuggets,107,o223.5,-110,o225,-110,o225,-110,o223.5,-115,o225.5,-115,o225,-112,o224,-110,o224.5,-110,o225,-110,u223.5,-110,u225,-110,u225,-110,u223.5,-105,u225.5,-105,u225,-108,u224,-110
Wed Mar 6 2024,Orlando Magic,119,Washington Wizards,109,o228.5,-110,o224.5,-110,o224.5,-110,o225.5,-105,o223.5,-110,o225,-105,o223.5,-110,o224.5,-115,o224.5,-110,u228.5,-110,u224.5,-110,u224.5,-110,u225.5,-115,u223.5,-110,u225,-115,u223.5,-110
Wed Mar 6 2024,Cleveland Cavaliers,101,Atlanta Hawks,112,o221.5,-110,o217,-110,o217.5,-108,o217.5,-110,o217,-110,o217,-115,o218,-112,o216.5,-115,o217.5,-108,u221.5,-110,u217,-110,u217.5,-112,u217.5,-110,u217,-110,u217,-105,u218,-109
Wed Mar 6 2024,Los Angeles Clippers,122,Houston Rockets,116,o225.5,-110,o222.5,-110,o222.5,-110,o222.5,-110,o222.5,-105,o222.5,-108,o222.5,-110,o222.5,-110,o222.5,-110,u225.5,-110,u222.5,-110,u222.5,-110,u222.5,-110,u222.5,-115,u222.5,-112,u222.5,-110
Wed Mar 6 2024,Memphis Grizzlies,115,Philadelphia 76ers,109,o212.5,-110,o213,-110,o214,-108,o213.5,-110,o213.5,-110,o214,-105,o213.5,-109,o213.5,-110,o214,-108,u212.5,-110,u213,-110,u214,-112,u213.5,-110,u213.5,-110,u214,-115,u213.5,-112
Wed Mar 6 2024,Chicago Bulls,119,Utah Jazz,117,o230.5,-110,o223.5,-110,o224,-110,o224.5,-105,o224,-110,o224.5,-112,o224,-112,o224.5,-110,o224,-110,u230.5,-110,u223.5,-110,u224,-110,u224.5,-115,u224,-110,u224.5,-108,u224,-109
Wed Mar 6 2024,Milwaukee Bucks,90,Golden State Warriors,125,o230.5,-110,o230,-110,o230,-112,o230.5,-110,o230.5,-115,o230.5,-105,o230,-113,o229.5,-115,o230,-112,u230.5,-110,u230,-110,u230,-108,u230.5,-110,u230.5,-105,u230.5,-115,u230,-118
Wed Mar 6 2024,Oklahoma City Thunder,128,Portland Trail Blazers,120,o225,-110,o225,-110,o224.5,-108,o225.5,-110,o225,-110,o225,-108,o224.5,-113,o224.5,-115,o224.5,-108,u225,-110,u225,-110,u224.5,-112,u225.5,-110,u225,-110,u225,-112,u224.5,-108
Wed Mar 6 2024,Sacramento Kings,130,Los Angeles Lakers,120,o239.5,-110,o240,-110,o240,-112,o240.5,-110,o240.5,-110,o241,-105,o239.5,-110,o239.5,-110,o240,-112,u239.5,-110,u240,-110,u240,-108,u240.5,-110,u240.5,-110,u241,-115,u239.5,-110
Thu Mar 7 2024,Brooklyn Nets,112,Detroit Pistons,118,o218,-112,o215.5,-110,o216,-110,o215.5,-110,o214.5,-110,o215,-112,o216,-110,o215.5,-110,o216,-110,u218,-108,u215.5,-110,u216,-110,u215.5,-110,u214.5,-110,u215,-108,u216,-110
Thu Mar 7 2024,Minnesota Timberwolves,113,Indiana Pacers,111,o230.5,-110,o228,-110,o227.5,-112,o228.5,-105,o228,-110,o228,-108,o228.5,-115,o227.5,-110,o227.5,-112,u230.5,-110,u228,-110,u227.5,-108,u228.5,-115,u228,-110,u228,-112,u228.5,-115
Thu Mar 7 2024,Miami Heat,108,Dallas Mavericks,114,o229,-110,o230.5,-110,o231,-110,o240.5,+220,o231.5,-115,o231,-108,o239,-120,o229.5,-115,o231,-110,u229,-110,u230.5,-110,u231,-110,u240.5,-275,u231.5,-105,u231,-112,u239,-114
Thu Mar 7 2024,Toronto Raptors,113,Phoenix Suns,120,o232.5,-110,o235.5,-110,o235.5,-110,o236.5,-105,o234,-110,o236,-115,o237,-109,o235.5,-110,o235.5,-110,u232.5,-110,u235.5,-110,u235.5,-110,u236.5,-115,u234,-110,u236,-105,u237,-112
Thu Mar 7 2024,Boston Celtics,109,Denver Nuggets,115,o221.5,-110,o222,-110,o222.5,-110,o221.5,-110,o221.5,-110,o221,-110,o222.5,-112,o221.5,-110,o222.5,-110,u221.5,-110,u222,-110,u222.5,-110,u221.5,-110,u221.5,-110,u221,-110,u222.5,-109
Thu Mar 7 2024,Chicago Bulls,125,Golden State Warriors,122,o223.5,-110,o223,-110,o223.5,-110,o223.5,-110,o223,-110,o223,-108,o223.5,-108,o223.5,-115,o223.5,-110,u223.5,-110,u223,-110,u223.5,-110,u223.5,-110,u223,-110,u223,-112,u223.5,-113
Thu Mar 7 2024,San Antonio Spurs,129,Sacramento Kings,131,o237,-110,o235.5,-110,o234.5,-112,o235.5,-110,o235,-110,o235.5,-112,o235.5,-113,o235.5,-110,o234.5,-112,u237,-110,u235.5,-110,u234.5,-108,u235.5,-110,u235,-110,u235.5,-108,u235.5,-118
Fri Mar 8 2024,New Orleans Pelicans,103,Philadelphia 76ers,95,o226,-110,o222,-110,o221,-110,o222.5,-105,o220.5,-105,o222,-105,o222,-109,o222.5,-110,o221,-110,u226,-110,u222,-110,u221,-110,u222.5,-115,u220.5,-115,u222,-115,u222,-112
Fri Mar 8 2024,Charlotte Hornets,100,Washington Wizards,112,o228,-110,o225,-110,o225,-110,o225.5,-105,o225,-110,o225.5,-105,o226,-112,o225.5,-110,o225,-110,u228,-110,u225,-110,u225,-110,u225.5,-115,u225,-110,u225.5,-115,u226,-109
Fri Mar 8 2024,Minnesota Timberwolves,104,Cleveland Cavaliers,113,o210,-110,o206.5,-110,o206.5,-108,o205.5,-125,o206.5,-110,o206,-110,o206.5,-113,o205.5,-110,o206.5,-108,u210,-110,u206.5,-110,u206.5,-112,u205.5,+105,u206.5,-110,u206,-110,u206.5,-108
Fri Mar 8 2024,Orlando Magic,74,New York Knicks,98,o211,-110,o207,-110,o207.5,-110,o207.5,-110,o207.5,-110,o207.5,-115,o207,-109,o206.5,-115,o207.5,-110,u211,-110,u207,-110,u207.5,-108,u207.5,-110,u207.5,-110,u207.5,-105,u207,-112
Fri Mar 8 2024,Atlanta Hawks,99,Memphis Grizzlies,92,o215,-110,o215,-110,o215,-110,o214.5,-115,o214,-110,o215,-110,o215,-113,o215,-110,o215,-110,u215,-110,u215,-110,u215,-110,u214.5,-105,u214,-110,u215,-110,u215,-108
Fri Mar 8 2024,Miami Heat,100,Oklahoma City Thunder,107,o226.5,-110,o226,-110,o226,-110,o225.5,-115,o226.5,-110,o226.5,-110,o227,-109,o226,-110,o226,-110,u226.5,-110,u226,-110,u226,-110,u225.5,-105,u226.5,-110,u226.5,-110,u227,-112
Fri Mar 8 2024,Milwaukee Bucks,122,Los Angeles Lakers,123,o236.5,-110,o229,-110,o229,-110,o229.5,-110,o229,-110,o229,-110,o229,-109,o226.5,-110,o229,-110,u236.5,-110,u229,-110,u229,-110,u229.5,-110,u229,-110,u229,-110,u229,-112
Fri Mar 8 2024,Houston Rockets,123,Portland Trail Blazers,107,o219,-110,o218.5,-110,o219,-110,o218.5,-115,o218,-105,o219,-110,o218.5,-110,o218.5,-110,o219,-110,u219,-110,u218.5,-110,u219,-110,u218.5,-105,u218,-115,u219,-110,u218.5,-110
Sat Mar 9 2024,Chicago Bulls,102,Los Angeles Clippers,112,o221.5,-110,o219.5,-110,o219.5,-110,o219.5,-110,o220.5,-110,o220,even,o220.5,-112,o219.5,-115,o219.5,-110,u221.5,-110,u219.5,-110,u219.5,-110,u219.5,-110,u220.5,-110,u220,-120,u220.5,-109
Sat Mar 9 2024,Brooklyn Nets,99,Charlotte Hornets,110,o213.5,-110,o207,-110,o207.5,-110,o206.5,-110,o207,-110,o206.5,-110,o207.5,-109,o206.5,-110,o207.5,-110,u213.5,-110,u207,-110,u207.5,-110,u206.5,-110,u207,-110,u206.5,-110,u207.5,-112
Sat Mar 9 2024,Dallas Mavericks,142,Detroit Pistons,124,o237.5,-110,o238,-110,o238,-110,o235.5,-105,o238,-110,o238,-110,o238,-108,o237.5,-115,o238,-110,u237.5,-110,u238,-110,u238,-110,u235.5,-115,u238,-110,u238,-110,u238,-113
Sat Mar 9 2024,San Antonio Spurs,126,Golden State Warriors,113,o235,-110,o226,-110,o225.5,-110,o227.5,-105,o226,-110,o226.5,-108,o226,-112,o225.5,-110,o225.5,-110,u235,-110,u226,-110,u225.5,-110,u227.5,-115,u226,-110,u226.5,-112,u226,-109
Sat Mar 9 2024,Boston Celtics,117,Phoenix Suns,107,o228.5,-110,o226,-110,o226,-112,o226.5,-110,o226,-110,o226,-110,o226,-114,o226.5,-110,o226,-112,u228.5,-110,u226,-110,u226,-108,u226.5,-110,u226,-110,u226,-110,u226,-117
Sat Mar 9 2024,Utah Jazz,121,Denver Nuggets,142,o235,-110,o227,-110,o227,-108,o228.5,-110,o227,-110,o227,-105,o227.5,-108,o226.5,-115,o227,-108,u235,-110,u227,-110,u227,-112,u228.5,-110,u227,-110,u227,-115,u227.5,-113
Sat Mar 9 2024,Toronto Raptors,118,Portland Trail Blazers,128,o224,-110,o228,-110,o228,-110,o227.5,-115,o228.5,-110,o228.5,-110,o228.5,-113,o228.5,-115,o228,-110,u224,-110,u228,-110,u228,-110,u227.5,-105,u228.5,-110,u228.5,-110,u228.5,-108
Sun Mar 10 2024,Milwaukee Bucks,124,Los Angeles Clippers,117,o228.5,-110,o221,-110,o221,-110,o221.5,-110,o222.5,-110,o221.5,-108,o221.5,-108,o221.5,-110,o221,-110,u228.5,-110,u221,-110,u221,-110,u221.5,-110,u222.5,-110,u221.5,-112,u221.5,-113
Sun Mar 10 2024,New Orleans Pelicans,116,Atlanta Hawks,103,o222.5,-110,o221.5,-110,o222,-114,o222.5,-105,o220.5,-110,o222,-115,o221.5,-109,o222.5,-110,o222,-114,u222.5,-110,u221.5,-110,u222,-112,u222.5,-115,u220.5,-110,u222,-105,u221.5,-112
Sun Mar 10 2024,Washington Wizards,110,Miami Heat,108,o229.5,-110,o228.5,-110,o228.5,-110,o228.5,-110,o227.5,-110,o228.5,-110,o228.5,-113,o228.5,-115,o228.5,-110,u229.5,-110,u228.5,-110,u228.5,-110,u228.5,-110,u227.5,-110,u228.5,-110,u228.5,-118
Sun Mar 10 2024,Indiana Pacers,111,Orlando Magic,97,o228.5,-110,o222.5,-110,o222.5,-112,o223.5,-105,o223.5,-110,o222,-115,o222,-109,o222.5,-110,o222.5,-112,u228.5,-110,u222.5,-110,u222.5,-108,u223.5,-115,u223.5,-110,u222,-105,u222,-112
Sun Mar 10 2024,Houston Rockets,112,Sacramento Kings,104,o231.5,-110,o234,-110,o234,-110,o234.5,-110,o233.5,-110,o234,-108,o234,-110,o234.5,-110,o234,-110,u231.5,-110,u234,-110,u234,-110,u234.5,-110,u233.5,-110,u234,-112,u234,-110
Sun Mar 10 2024,Brooklyn Nets,120,Cleveland Cavaliers,101,o209,-110,o208,-110,o208.5,-112,o208.5,-110,o207.5,-110,o208.5,-112,o208,-110,o209.5,-110,o208.5,-112,u209,-110,u208,-110,u208.5,-108,u208.5,-110,u207.5,-110,u208.5,-108,u208,-110
Sun Mar 10 2024,Philadelphia 76ers,79,New York Knicks,73,o211.5,-110,o211.5,-110,o211.5,-112,o211.5,-115,o211.5,-110,o212,-110,o211.5,-112,o211.5,-115,o211.5,-112,u211.5,-110,u211.5,-110,u211.5,-108,u211.5,-105,u211.5,-110,u212,-110,u211.5,-109
Sun Mar 10 2024,Memphis Grizzlies,93,Oklahoma City Thunder,124,o221.5,-110,o219.5,-110,o219.5,-110,o219.5,-110,o219,-110,o219.5,-110,o219.5,-112,o219.5,-105,o219.5,-110,u221.5,-110,u219.5,-110,u219.5,-110,u219.5,-110,u219,-110,u219.5,-110,u219.5,-109
Sun Mar 10 2024,Minnesota Timberwolves,109,Los Angeles Lakers,120,o223.5,-110,o226.5,-110,o226,-110,o226.5,-110,o226.5,-110,o225,-112,o225,-109,o226.5,-110,o226,-110,u223.5,-110,u226.5,-110,u226,-110,u226.5,-110,u226.5,-110,u225,-108,u225,-112
Mon Mar 11 2024,Charlotte Hornets,97,Detroit Pistons,114,o218.5,-110,o217.5,-110,o217.5,-110,o216.5,-110,o217,-110,o217.5,-110,o217.5,-112,o216.5,-115,o217.5,-110,u218.5,-110,u217.5,-110,u217.5,-110,u216.5,-110,u217,-110,u217.5,-110,u217.5,-109
Mon Mar 11 2024,Phoenix Suns,117,Cleveland Cavaliers,111,o225.5,-110,o220.5,-110,o221,-110,o222.5,-110,o221,-105,o220.5,-118,o220.5,-109,o221.5,-110,o221,-110,u225.5,-110,u220.5,-110,u221,-110,u222.5,-110,u221,-115,u220.5,-102,u220.5,-112
Mon Mar 11 2024,Dallas Mavericks,127,Chicago Bulls,92,o232,-110,o233,-110,o233,-110,o233.5,-105,o233,-110,o233,-108,o232.5,-110,o232.5,-110,o233,-110,u232,-110,u233,-110,u233,-110,u233.5,-115,u233,-110,u233,-112,u232.5,-110
Mon Mar 11 2024,Golden State Warriors,112,San Antonio Spurs,102,o229.5,-110,o226,-110,o226,-108,o229.5,-105,o226,-110,o225.5,-110,o226.5,-110,o224.5,-115,o226,-108,u229.5,-110,u226,-110,u226,-112,u229.5,-115,u226,-110,u225.5,-110,u226.5,-110
Mon Mar 11 2024,Toronto Raptors,119,Denver Nuggets,125,o225.5,-110,o232,-110,o233,-108,o232.5,-110,o232,-110,o232,-112,o231,-108,o231.5,-110,o233,-108,u225.5,-110,u232,-110,u233,-112,u232.5,-120,u232,-110,u232,-108,u231,-113
Mon Mar 11 2024,Boston Celtics,121,Portland Trail Blazers,99,o218.5,-112,o221,-110,o220.5,-110,o220.5,-110,o221,-110,o221,-110,o221,-110,o219.5,-115,o220.5,-110,u218.5,-108,u221,-110,u220.5,-110,u220.5,-110,u221,-110,u221,-110,u221,-110
Tue Mar 12 2024,Philadelphia 76ers,79,New York Knicks,106,o212.5,-110,o209,-110,o208.5,-110,o209.5,-105,o208.5,-105,o208.5,-110,o209,-109,o209.5,-110,o208.5,-110,u212.5,-110,u209,-110,u208.5,-110,u209.5,-115,u208.5,-115,u208.5,-110,u209,-112
Tue Mar 12 2024,Washington Wizards,97,Memphis Grizzlies,109,o218.5,-110,o222,-110,o223,-110,o222.5,-110,o222,-115,o222.5,-108,o222,-110,o222.5,-110,o223,-110,u218.5,-110,u222,-110,u223,-110,u222.5,-110,u222,-105,u222.5,-112,u222,-110
Tue Mar 12 2024,Indiana Pacers,121,Oklahoma City Thunder,111,o235.5,-110,o240.5,-110,o240.5,-110,o240.5,-115,o240.5,-110,o241,-102,o240.5,-112,o240.5,-115,o240.5,-110,u235.5,-110,u240.5,-110,u240.5,-110,u240.5,-105,u240.5,-110,u241,-118,u240.5,-109
Tue Mar 12 2024,Houston Rockets,103,San Antonio Spurs,101,o224,-110,o221,-110,o221,-110,o221.5,-105,o221,-105,o221,-112,o221.5,-109,o221.5,-115,o221,-110,u224,-110,u221,-110,u221,-110,u221.5,-115,u221,-115,u221,-108,u221.5,-112
Tue Mar 12 2024,Boston Celtics,123,Utah Jazz,107,o234.5,-110,o230,-110,o230,-110,o230.5,-110,o230,-115,o230.5,-108,o230,-108,o230.5,-115,o230,-110,u234.5,-110,u230,-110,u230,-110,u230.5,-110,u230,-105,u230.5,-112,u230,-113
Tue Mar 12 2024,Minnesota Timberwolves,118,Los Angeles Clippers,100,o218.5,-110,o213.5,-110,o213.5,-112,o214.5,-105,o213.5,-105,o214,-102,o214,-110,o213.5,-110,o213.5,-112,u218.5,-110,u213.5,-110,u213.5,-108,u214.5,-115,u213.5,-115,u214,-118,u214,-110
Tue Mar 12 2024,Milwaukee Bucks,94,Sacramento Kings,129,o234.5,-110,o235.5,-110,o235.5,-110,o235.5,-110,o236,-115,o235,-115,o235.5,-110,o234.5,-110,o235.5,-110,u234.5,-110,u235.5,-110,u235.5,-110,u235.5,-110,u236,-105,u235,-105,u235.5,-110
Wed Mar 13 2024,Toronto Raptors,104,Detroit Pistons,113,o232.5,-110,o233,-110,o233,-108,o232.5,-115,o232,-105,o232.5,-112,o233,-113,o233.5,-115,o233,-108,u232.5,-110,u233,-110,u233,-112,u232.5,-105,u232,-115,u232.5,-108,u233,-108
Wed Mar 13 2024,Brooklyn Nets,106,Orlando Magic,114,o206.5,-110,o205,-110,o205,-110,o205.5,-110,o206,-110,o206,even,o205.5,-110,o205.5,-110,o205,-110,u206.5,-110,u205,-110,u205,-110,u205.5,-110,u206,-110,u206,-120,u205.5,-110
Wed Mar 13 2024,Chicago Bulls,132,Indiana Pacers,129,o233.5,-110,o229,-110,o228.5,-110,o228.5,-115,o229.5,-110,o228.5,-112,o228.5,-112,o228.5,-115,o228.5,-110,u233.5,-110,u229,-110,u228.5,-110,u228.5,-105,u229.5,-110,u228.5,-108,u228.5,-109
Wed Mar 13 2024,Denver Nuggets,100,Miami Heat,88,o215.5,-110,o217,-110,o216.5,-110,o217.5,-105,o216,-110,o217,-112,o217,-112,o217.5,-110,o216.5,-110,u215.5,-110,u217,-110,u216.5,-110,u217.5,-115,u216,-110,u217,-108,u217,-109
Wed Mar 13 2024,Charlotte Hornets,110,Memphis Grizzlies,98,o205,-110,o202.5,-110,o201.5,-112,o202.5,-115,o203,-105,o202.5,-108,o202.5,-108,o202.5,-110,o201.5,-112,u205,-110,u202.5,-110,u201.5,-108,u202.5,-105,u203,-115,u202.5,-112,u202.5,-113
Wed Mar 13 2024,Cleveland Cavaliers,116,New Orleans Pelicans,95,o215.5,-110,o217.5,-110,o218,-108,o217.5,-110,o216,-105,o217.5,-112,o217.5,-112,o216.5,-115,o218,-108,u215.5,-110,u217.5,-110,u218,-112,u217.5,-110,u216,-115,u217.5,-108,u217.5,-109
Wed Mar 13 2024,Golden State Warriors,99,Dallas Mavericks,109,o236.5,-110,o234,-110,o233.5,-110,o234.5,-110,o233,-110,o234,-115,o233,-112,o233.5,-115,o233.5,-110,u236.5,-110,u234,-110,u233.5,-110,u234.5,-110,u233,-110,u234,-105,u233,-109
Wed Mar 13 2024,Atlanta Hawks,102,Portland Trail Blazers,106,o218.5,-110,o217,-110,o216.5,-110,o217.5,-105,o216,-110,o217,even,o216,-112,o215.5,-115,o216.5,-110,u218.5,-110,u217,-110,u216.5,-110,u217.5,-115,u216,-110,u217,-120,u216,-109
Wed Mar 13 2024,Los Angeles Lakers,107,Sacramento Kings,120,o239.5,-110,o237,-110,o237.5,-108,o237.5,-110,o237.5,-110,o237.5,-115,o238.5,-110,o236.5,-115,o237.5,-108,u239.5,-110,u237,-110,u237.5,-112,u237.5,-110,u237.5,-110,u237.5,-105,u238.5,-110
Thu Mar 14 2024,Phoenix Suns,112,Boston Celtics,127,o230.5,-112,o227,-110,o227,-110,o227.5,-105,o226,-105,o227.5,-105,o227.5,-109,o226.5,-110,o227,-110,u230.5,-108,u227,-110,u227,-110,u227.5,-115,u226,-115,u227.5,-115,u227.5,-112
Thu Mar 14 2024,Los Angeles Clippers,126,Chicago Bulls,111,o220.5,-110,o214,-110,o214.5,-110,o214.5,-105,o214,-105,o214,-112,o214.5,-110,o214.5,-115,o214.5,-110,u220.5,-110,u214,-110,u214.5,-110,u214.5,-115,u214,-115,u214,-108,u214.5,-110
Thu Mar 14 2024,Washington Wizards,119,Houston Rockets,135,o226.5,-110,o229,-110,o228.5,-110,o229.5,-105,o229,-115,o227.5,-112,o227.5,-110,o227.5,-110,o228.5,-110,u226.5,-110,u229,-110,u228.5,-110,u229.5,-115,u229,-105,u227.5,-108,u227.5,-110
Thu Mar 14 2024,Philadelphia 76ers,105,Milwaukee Bucks,114,o223.5,-110,o219.5,-110,o219,-110,o220.5,-105,o220,-110,o220,-108,o219,-112,o219.5,-110,o219,-110,u223.5,-110,u219.5,-110,u219,-110,u220.5,-115,u220,-110,u220,-112,u219,-109
Thu Mar 14 2024,Dallas Mavericks,119,Oklahoma City Thunder,126,o242.5,-110,o233.5,-110,o233.5,-112,o234.5,-105,o233,-110,o234,-108,o233.5,-109,o233.5,-115,o233.5,-112,u242.5,-110,u233.5,-110,u233.5,-108,u234.5,-115,u233,-110,u234,-112,u233.5,-112
Thu Mar 14 2024,New York Knicks,105,Portland Trail Blazers,93,o213.5,-110,o203,-110,o203,-112,o203.5,-105,o203,-110,o202.5,-115,o203,-109,o202.5,-115,o203,-112,u213.5,-110,u203,-110,u203,-108,u203.5,-115,u203,-110,u202.5,-105,u203,-112
Fri Mar 15 2024,Phoenix Suns,107,Charlotte Hornets,96,o219,-110,o221,-110,o220.5,-110,o220.5,-110,o218,-110,o220.5,-108,o220,-113,o220.5,-110,o220.5,-110,u219,-110,u221,-110,u220.5,-110,u220.5,-110,u218,-110,u220.5,-112,u220,-108
Fri Mar 15 2024,Miami Heat,108,Detroit Pistons,95,o217,-110,o216.5,-110,o217,-110,o217.5,-105,o215,-110,o217,-110,o217.5,-109,o216.5,-115,o217,-110,u217,-110,u216.5,-110,u217,-110,u217.5,-115,u215,-110,u217,-110,u217.5,-112
Fri Mar 15 2024,Orlando Magic,113,Toronto Raptors,103,o225,-110,o218,-110,o218,-110,o218.5,-105,o217,-110,o218.5,-110,o218,-109,o217.5,-115,o218,-110,u225,-110,u218,-110,u218,-110,u218.5,-115,u217,-110,u218.5,-110,u218,-112
Fri Mar 15 2024,Los Angeles Clippers,104,New Orleans Pelicans,112,o223.5,-110,o218.5,-110,o219,-112,o218.5,-110,o218.5,-110,o218.5,-110,o219,-110,o218.5,-110,o219,-112,u223.5,-110,u218.5,-110,u219,-108,u218.5,-110,u218.5,-110,u218.5,-110,u219,-110
Fri Mar 15 2024,Denver Nuggets,117,San Antonio Spurs,106,o221,-110,o225,-110,o224.5,-110,o224.5,-115,o225,-110,o225,-108,o225,-109,o223.5,-115,o224.5,-110,u221,-110,u225,-110,u224.5,-110,u224.5,-105,u225,-110,u225,-112,u225,-112
Fri Mar 15 2024,Atlanta Hawks,122,Utah Jazz,124,o227.5,-110,o223,-110,o223,-110,o223.5,-110,o223,-110,o223,-108,o223,-109,o222.5,-110,o223,-110,u227.5,-110,u223,-110,u223,-110,u223.5,-110,u223,-110,u223,-112,u223,-112
Sat Mar 16 2024,Cleveland Cavaliers,103,Houston Rockets,117,o216.5,-110,o216,-110,o216,-110,o216.5,-105,o214.5,-105,o215.5,-108,o214.5,-113,o214.5,-115,o216,-110,u216.5,-110,u216,-110,u216,-110,u216.5,-115,u214.5,-115,u215.5,-112,u214.5,-108
Sat Mar 16 2024,Brooklyn Nets,100,Indiana Pacers,121,o229.5,-110,o228.5,-110,o229,-108,o228.5,-115,o228,-110,o228.5,-110,o228.5,-108,o228.5,-115,o229,-108,u229.5,-110,u228.5,-110,u229,-112,u228.5,-105,u228,-110,u228.5,-110,u228.5,-113
Sat Mar 16 2024,Portland Trail Blazers,107,New Orleans Pelicans,126,o215.5,-110,o215.5,-110,o215.5,-112,o215.5,-110,o215.5,-110,o215.5,-110,o216,-110,o215.5,-115,o215.5,-112,u215.5,-110,u215.5,-110,u215.5,-108,u215.5,-110,u215.5,-110,u215.5,-110,u216,-110
Sat Mar 16 2024,Charlotte Hornets,98,Philadelphia 76ers,109,o208.5,-110,o209,-110,o209,-110,o208.5,-115,o209,-110,o209.5,-108,o209.5,-110,o209.5,-115,o209,-110,u208.5,-110,u209,-110,u209,-110,u208.5,-105,u209,-110,u209.5,-112,u209.5,-110
Sat Mar 16 2024,Washington Wizards,98,Chicago Bulls,127,o225.5,-110,o223.5,-110,o223.5,-110,o223.5,-115,o223.5,-110,o224,-110,o224,-110,o223.5,-105,o223.5,-110,u225.5,-110,u223.5,-110,u223.5,-110,u223.5,-105,u223.5,-110,u224,-110,u224,-110
Sat Mar 16 2024,Oklahoma City Thunder,118,Memphis Grizzlies,112,o218.5,-110,o220,-110,o219.5,-112,o220.5,-110,o219.5,-110,o219.5,-110,o219,-108,o218.5,-110,o219.5,-112,u218.5,-110,u220,-110,u219.5,-108,u220.5,-110,u219.5,-110,u219.5,-110,u219,-113
Sat Mar 16 2024,Golden State Warriors,128,Los Angeles Lakers,121,o240.5,-110,o233,-110,o233.5,-110,o233.5,-110,o233.5,-105,o234,-110,o233.5,-110,o233.5,-115,o233.5,-110,u240.5,-110,u233,-110,u233.5,-110,u233.5,-110,u233.5,-115,u234,-110,u233.5,-110
Sat Mar 16 2024,Minnesota Timberwolves,119,Utah Jazz,100,o224,-110,o224,-110,o224.5,-108,o223.5,-115,o225.5,-110,o224.5,-108,o225,-110,o224.5,-115,o224.5,-108,u224,-110,u224,-110,u224.5,-112,u223.5,-105,u225.5,-110,u224.5,-112,u225,-110
Sat Mar 16 2024,New York Knicks,98,Sacramento Kings,91,o220.5,-110,o217,-110,o216.5,-110,o217.5,-105,o217,-110,o217,-102,o217,-113,o216.5,-115,o216.5,-110,u220.5,-110,u217,-110,u216.5,-110,u217.5,-115,u217,-110,u217,-118,u217,-108
Sun Mar 17 2024,Phoenix Suns,129,Milwaukee Bucks,140,o230.5,-110,o227,-110,o227.5,-105,o227.5,-110,o227,-110,o227.5,-108,o227.5,-108,o226.5,-115,o227.5,-105,u230.5,-110,u227,-110,u227.5,-115,u227.5,-110,u227,-110,u227.5,-112,u227.5,-113
Sun Mar 17 2024,Miami Heat,104,Detroit Pistons,101,o216,-112,o214,-110,o214,-112,o214.5,-105,o214,-110,o214,-110,o213.5,-113,o213.5,-115,o214,-112,u216,-108,u214,-110,u214,-108,u214.5,-115,u214,-110,u214,-110,u213.5,-108
Sun Mar 17 2024,Denver Nuggets,105,Dallas Mavericks,107,o226.5,-110,o231,-110,o231.5,-110,o231.5,-110,o231.5,-110,o231.5,-110,o232,-110,o231.5,-110,o231.5,-110,u226.5,-110,u231,-110,u231.5,-110,u231.5,-110,u231.5,-110,u231.5,-110,u232,-110
Sun Mar 17 2024,Toronto Raptors,96,Orlando Magic,111,o217.5,-110,o219,-110,o219,-110,o218.5,-115,o218.5,-115,o219,-108,o218.5,-112,o218.5,-110,o219,-110,u217.5,-110,u219,-110,u219,-110,u218.5,-105,u218.5,-105,u219,-112,u218.5,-109
Sun Mar 17 2024,Boston Celtics,130,Washington Wizards,104,o233,-110,o226.5,-110,o225.5,-110,o226.5,-105,o227.5,-110,o226,-108,o226.5,-109,o226.5,-110,o225.5,-110,u233,-110,u226.5,-110,u225.5,-110,u226.5,-115,u227.5,-110,u226,-112,u226.5,-112
Sun Mar 17 2024,Brooklyn Nets,115,San Antonio Spurs,122,o221.5,-112,o218.5,-110,o218,-110,o217.5,-115,o218,-110,o218,-112,o218,-112,o218.5,-110,o218,-110,u221.5,-110,u218.5,-110,u218,-110,u217.5,-105,u218,-110,u218,-108,u218,-109
Sun Mar 17 2024,Atlanta Hawks,110,Los Angeles Clippers,93,o229,-110,o221,-110,o221,-110,o221.5,-105,o221,-115,o221,-112,o221.5,-108,o220.5,-115,o221,-110,u229,-110,u221,-110,u221,-110,u221.5,-115,u221,-105,u221,-108,u221.5,-113
Mon Mar 18 2024,Cleveland Cavaliers,108,Indiana Pacers,103,N/A,o225,-110,o225.5,-110,o225.5,-110,o225.5,-115,o225.5,-112,o225,-112,o225.5,-115,o225.5,-110,N/A,u225,-110,u225.5,-112,u225.5,-110,u225.5,-105,u225.5,-108,u225,-109,u225.5,-105
Mon Mar 18 2024,Detroit Pistons,94,Boston Celtics,119,N/A,o222,-110,o221,-112,o221.5,-110,o223.5,-110,o222,-102,o221.5,-113,o223.5,-110,o221,-112,N/A,u222,-110,u221,-108,u221.5,-110,u223.5,-120,u222,-118,u221.5,-108,u223.5,-110
Mon Mar 18 2024,Miami Heat,91,Philadelphia 76ers,98,N/A,o206,-110,o205.5,-108,o205.5,-115,o205.5,-115,o206.5,-108,o205.5,-112,o205.5,-115,o205.5,-108,N/A,u206,-110,u205.5,-112,u205.5,-105,u205.5,-105,u206.5,-112,u205.5,-109,u205.5,-105
Mon Mar 18 2024,Portland Trail Blazers,107,Chicago Bulls,110,N/A,o213.5,-110,o213.5,-110,o213.5,-110,o214.5,-105,o213,-112,o214,-110,o213.5,-110,o213.5,-110,N/A,u213.5,-110,u213.5,-110,u213.5,-110,u214.5,-115,u213,-108,u214,-110,u213.5,-110
Mon Mar 18 2024,Minnesota Timberwolves,114,Utah Jazz,104,N/A,o225.5,-110,o225.5,-108,o225.5,-110,o225.5,-110,o225.5,-110,o225.5,-112,o225.5,-110,o225.5,-108,N/A,u225.5,-110,u225.5,-112,u225.5,-110,u225.5,-110,u225.5,-110,u225.5,-109,u225.5,-110
Mon Mar 18 2024,New York Knicks,119,Golden State Warriors,112,N/A,o212.5,-110,o213,-106,o212.5,-110,o213.5,-110,o212,-110,o211.5,-112,o213.5,-110,o213,-106,N/A,u212.5,-110,u213,-114,u212.5,-110,u213.5,-110,u212,-110,u211.5,-109,u213.5,-110
Mon Mar 18 2024,Memphis Grizzlies,111,Sacramento Kings,121,N/A,o221,-110,o220.5,-110,o221.5,-105,o221.5,-105,o220.5,-108,o220,-110,o220.5,-115,o220.5,-110,N/A,u221,-110,u220.5,-110,u221.5,-115,u221.5,-115,u220.5,-112,u220,-110,u220.5,-105
Mon Mar 18 2024,Atlanta Hawks,105,Los Angeles Lakers,136,N/A,o226.5,-110,o226.5,-110,o226.5,-110,o226.5,-115,o226,-112,o226.5,-112,o226.5,-115,o226.5,-110,N/A,u226.5,-110,u226.5,-110,u226.5,-110,u226.5,-105,u226,-108,u226.5,-109,u226.5,-105
Tue Mar 19 2024,Charlotte Hornets,92,Orlando Magic,112,o204,-110,o204,-110,o204,-112,o203.5,-105,o204,-108,o203.5,-108,o203.5,-110,o204,-112,u204,-110,u204,-110,u204,-108,u203.5,-115,u204,-112,u203.5,-113,u203.5,-110,u204,-108
Tue Mar 19 2024,Houston Rockets,137,Washington Wizards,114,o229,-110,o228,-110,o228,-110,o228.5,-110,o227.5,-105,o226.5,-110,o226.5,-115,o228,-110,u229,-110,u228,-110,u228,-110,u228.5,-110,u227.5,-115,u226.5,-110,u226.5,-105,u228,-110
Tue Mar 19 2024,New Orleans Pelicans,104,Brooklyn Nets,91,o217.5,-110,o216,-110,o216,-108,o216.5,-110,o216,-108,o216,-113,o215.5,-115,o216,-108,u217.5,-110,u216,-110,u216,-112,u216.5,-110,u216,-112,u216,-109,u215.5,-105,u216,-112
Tue Mar 19 2024,Dallas Mavericks,113,San Antonio Spurs,107,o236.5,-110,o236,-110,o236.5,-110,o236.5,-105,o235.5,-112,o236,-109,o235.5,-115,o236.5,-110,u236.5,-110,u236,-110,u236.5,-110,u236.5,-115,u235.5,-108,u236,-112,u235.5,-105,u236.5,-110
Tue Mar 19 2024,Denver Nuggets,115,Minnesota Timberwolves,112,o214,-110,o216,-110,o216.5,-110,o216.5,-110,o216,-110,o215.5,-110,o215.5,-115,o216.5,-110,u214,-110,u216,-110,u216.5,-110,u216.5,-110,u216,-110,u215.5,-110,u215.5,-105,u216.5,-110
Wed Mar 20 2024,Miami Heat,107,Cleveland Cavaliers,104,o204.5,-110,o208,-110,o208,-110,o201.5,-110,o208,-108,o207.5,-108,o206.5,-110,o208,-110,u204.5,-110,u208,-110,u208,-110,u201.5,-110,u208,-112,u207.5,-113,u206.5,-110,u208,-110
Wed Mar 20 2024,Indiana Pacers,122,Detroit Pistons,103,o233.5,-110,o235,-110,o235,-108,o233.5,-110,o235,-112,o235.5,-110,o235.5,-110,o235,-108,u233.5,-110,u235,-110,u235,-112,u233.5,-110,u235,-108,u235.5,-110,u235.5,-110,u235,-112
Wed Mar 20 2024,Milwaukee Bucks,119,Boston Celtics,122,o222.5,-110,o226,-110,o226,-110,o222.5,-115,o225.5,-112,o225.5,-109,o226.5,-110,o226,-110,u222.5,-110,u226,-110,u226,-110,u222.5,-105,u225.5,-108,u225.5,-112,u226.5,-110,u226,-110
Wed Mar 20 2024,Sacramento Kings,123,Toronto Raptors,89,o234,-110,o234,-110,o234,-108,o231.5,-115,o234.5,-108,o235,-108,o233.5,-110,o234,-108,u234,-110,u234,-110,u234,-112,u231.5,-105,u234.5,-112,u235,-113,u233.5,-110,u234,-112
Wed Mar 20 2024,Utah Jazz,107,Oklahoma City Thunder,119,o236.5,-110,o231.5,-110,o232.5,-108,o231.5,-115,o232,-112,o232,-112,o231.5,-115,o232.5,-108,u236.5,-110,u231.5,-110,u232.5,-112,u231.5,-105,u232,-108,u232,-109,u231.5,-105,u232.5,-112
Wed Mar 20 2024,Memphis Grizzlies,116,Golden State Warriors,137,o219.5,-110,o220,-110,o220,-112,o219.5,-115,o220.5,-110,o219.5,-112,o218.5,-115,o220,-112,u219.5,-110,u220,-110,u220,-108,u219.5,-105,u220.5,-110,u219.5,-109,u218.5,-105,u220,-108
Wed Mar 20 2024,Philadelphia 76ers,102,Phoenix Suns,115,o220.5,-110,o222,-110,o222.5,-110,o222.5,-110,o222.5,-110,o222,-112,o221.5,-110,o222.5,-110,u220.5,-110,u222,-110,u222.5,-110,u222.5,-110,u222.5,-110,u222,-109,u221.5,-110,u222.5,-110
Wed Mar 20 2024,Los Angeles Clippers,116,Portland Trail Blazers,103,o215,-110,o216.5,-110,o216,-112,o215.5,-115,o216.5,-108,o215.5,-113,o216.5,-110,o216,-112,u215,-110,u216.5,-110,u216,-108,u215.5,-105,u216.5,-112,u215.5,-108,u216.5,-110,u216,-108
Thu Mar 21 2024,New Orleans Pelicans,106,Orlando Magic,121,N/A,o207.5,-110,o208,-110,o207.5,-110,o207.5,-110,o208,-108,o207.5,-110,o207.5,-110,o208,-110,N/A,u207.5,-110,u208,-110,u207.5,-110,u207.5,-110,u208,-112,u207.5,-110,u207.5,-110
Thu Mar 21 2024,Sacramento Kings,102,Washington Wizards,109,N/A,o238.5,-110,o238.5,-110,o238.5,-110,o238.5,-110,o238.5,-108,o237.5,-113,o238.5,-110,o238.5,-110,N/A,u238.5,-110,u238.5,-110,u238.5,-110,u238.5,-110,u238.5,-112,u237.5,-108,u238.5,-110
Thu Mar 21 2024,Chicago Bulls,117,Houston Rockets,127,o214.5,-110,o219,-110,o219.5,-110,o218.5,-115,o220.5,-105,o219.5,-108,o219.5,-110,o219.5,-115,o219.5,-110,u214.5,-110,u219,-110,u219.5,-110,u218.5,-105,u220.5,-115,u219.5,-112,u219.5,-110
Thu Mar 21 2024,Brooklyn Nets,108,Milwaukee Bucks,115,N/A,o221.5,-110,o222,-110,o222.5,-105,o221.5,-110,o222,-108,o221.5,-112,o221.5,-110,o222,-110,N/A,u221.5,-110,u222,-110,u222.5,-115,u221.5,-110,u222,-112,u221.5,-109,u221.5,-110
Thu Mar 21 2024,Utah Jazz,97,Dallas Mavericks,113,N/A,o236.5,-110,o236.5,-110,o236.5,-110,o236.5,-105,o236.5,-110,o237,-108,o235.5,-115,o236.5,-110,N/A,u236.5,-110,u236.5,-110,u236.5,-110,u236.5,-115,u236.5,-110,u237,-113,u235.5,-105
Thu Mar 21 2024,New York Knicks,100,Denver Nuggets,113,N/A,o208.5,-110,o208.5,-110,o209.5,-105,o209.5,-110,o209,-110,o208,-112,o209.5,-110,o208.5,-110,N/A,u208.5,-110,u208.5,-110,u209.5,-115,u209.5,-110,u209,-110,u208,-109,u209.5,-110
Thu Mar 21 2024,Atlanta Hawks,115,Phoenix Suns,128,N/A,o227.5,-110,o227,-110,o227.5,-110,o226.5,-115,o227,-110,o227,-113,o226.5,-115,o227,-110,N/A,u227.5,-110,u227,-110,u227.5,-110,u226.5,-105,u227,-110,u227,-108,u226.5,-105
Fri Mar 22 2024,Boston Celtics,129,Detroit Pistons,102,o224.5,-110,o224,-110,o224,-112,o234.5,+240,o224,-108,o223,-109,o223.5,-115,o224,-112,u224.5,-110,u224,-110,u224,-108,u234.5,-300,u224,-112,u223,-112,u223.5,-105,u224,-108
Fri Mar 22 2024,Oklahoma City Thunder,123,Toronto Raptors,103,o230,-110,o230,-110,o229.5,-110,o229.5,-115,o230,-108,o230,-109,o230.5,-105,o229.5,-110,u230,-110,u230,-110,u229.5,-110,u229.5,-105,u230,-112,u230,-112,u230.5,-115,u229.5,-110
Fri Mar 22 2024,New Orleans Pelicans,111,Miami Heat,88,o210.5,-110,o207.5,-110,o207.5,-110,o207.5,-110,o207.5,-112,o208.5,-109,o208.5,-115,o207.5,-110,u210.5,-110,u207.5,-110,u207.5,-110,u207.5,-110,u207.5,-108,u208.5,-112,u208.5,-105,u207.5,-110
Fri Mar 22 2024,Cleveland Cavaliers,91,Minnesota Timberwolves,104,o211.5,-110,o206,-110,o206.5,-110,o205.5,-115,o206.5,-108,o207,-108,o206.5,-110,o206.5,-110,u211.5,-110,u206,-110,u206.5,-110,u205.5,-105,u206.5,-112,u207,-113,u206.5,-110,u206.5,-110
Fri Mar 22 2024,Memphis Grizzlies,99,San Antonio Spurs,97,o221,-108,o216,-110,o216.5,-110,o215.5,-115,o216.5,-108,o216,-113,o216.5,-115,o216.5,-110,u221,-112,u216,-110,u216.5,-110,u215.5,-105,u216.5,-112,u216,-108,u216.5,-105,u216.5,-110
Fri Mar 22 2024,Indiana Pacers,123,Golden State Warriors,111,o237,-110,o242,-110,o243,-108,o242.5,-110,o242.5,-110,o241,-112,o241.5,-115,o243,-108,u237,-110,u242,-110,u243,-112,u242.5,-110,u242.5,-110,u241,-109,u241.5,-105,u243,-112
Fri Mar 22 2024,Los Angeles Clippers,125,Portland Trail Blazers,117,o218.5,-110,o216,-110,o216,-108,o216.5,-105,o216,-108,o216,-109,o215.5,-115,o216,-108,u218.5,-110,u216,-110,u216,-112,u216.5,-115,u216,-112,u216,-112,u215.5,-105,u216,-112
Fri Mar 22 2024,Philadelphia 76ers,94,Los Angeles Lakers,101,o226,-110,o227.5,-110,o228.5,-110,o228.5,-105,o227.5,-112,o227,-110,o227.5,-110,o228.5,-110,u226,-110,u227.5,-110,u228.5,-110,u228.5,-115,u227.5,-108,u227,-110,u227.5,-110,u228.5,-110
Sat Mar 23 2024,Brooklyn Nets,93,New York Knicks,105,o205,-110,o204.5,-110,o205,-110,o204.5,-115,o205,-110,o205,-108,o204.5,-115,o205,-110,u205,-110,u204.5,-110,u205,-110,u204.5,-105,u205,-110,u205,-113,u204.5,-105,u205,-110
Sat Mar 23 2024,Sacramento Kings,109,Orlando Magic,107,o220,-110,o219,-110,o219,-110,o217.5,-115,o219,-112,o219.5,-113,o218.5,-115,o219,-110,u220,-110,u219,-110,u219,-110,u217.5,-105,u219,-108,u219.5,-118,u218.5,-105,u219,-110
Sat Mar 23 2024,Charlotte Hornets,91,Atlanta Hawks,132,o216.5,-110,o212,-110,o211.5,-110,o213.5,-110,o212,-112,o213,-112,o212.5,-110,o211.5,-110,u216.5,-110,u212,-110,u211.5,-110,u213.5,-110,u212,-108,u213,-110,u212.5,-110,u211.5,-110
Sat Mar 23 2024,Boston Celtics,124,Chicago Bulls,113,o221,-110,o219.5,-110,o219,-110,o218.5,-105,o219,-112,o218.5,-110,o219.5,-110,o219,-110,u221,-110,u219.5,-110,u219,-110,u218.5,-115,u219,-108,u218.5,-110,u219.5,-110,u219,-110
Sat Mar 23 2024,Utah Jazz,119,Houston Rockets,147,o227,-110,o228,-110,o227.5,-110,o228.5,-110,o227,-112,o228,-112,o226.5,-115,o227.5,-110,u227,-110,u228,-110,u227.5,-110,u228.5,-110,u227,-108,u228,-109,u226.5,-105,u227.5,-110
Sat Mar 23 2024,Phoenix Suns,131,San Antonio Spurs,106,o228,-110,o231.5,-110,o231.5,-110,o231.5,-115,o231.5,-110,o232,-110,o231.5,-110,o231.5,-110,u228,-110,u231.5,-110,u231.5,-110,u231.5,-105,u231.5,-110,u232,-110,u231.5,-110,u231.5,-110
Sat Mar 23 2024,Toronto Raptors,109,Washington Wizards,112,o231,-110,o232.5,-110,o232.5,-110,o230.5,-115,o232.5,-108,o232.5,-110,o231.5,-110,o232.5,-110,u231,-110,u232.5,-110,u232.5,-110,u230.5,-105,u232.5,-112,u232.5,-110,u231.5,-110,u232.5,-110
Sat Mar 23 2024,Denver Nuggets,114,Portland Trail Blazers,111,o216.5,-110,o210,-110,o210.5,-110,o209.5,-115,o209.5,-112,o210,-113,o210.5,-110,o210.5,-110,u216.5,-110,u210,-110,u210.5,-110,u209.5,-105,u209.5,-108,u210,-108,u210.5,-110,u210.5,-110
Sun Mar 24 2024,New Orleans Pelicans,114,Detroit Pistons,101,o220,-110,o218,-110,o218,-112,o213.5,-110,o218,-110,o217.5,-109,o218.5,-110,o218,-112,u220,-110,u218,-110,u218,-108,u213.5,-110,u218,-110,u217.5,-112,u218.5,-110,u218,-108
Sun Mar 24 2024,Philadelphia 76ers,121,Los Angeles Clippers,107,o216,-110,o216,-110,o216,-110,o214.5,-110,o215.5,-110,o215.5,-109,o216.5,-105,o216,-110,u216,-110,u216,-110,u216,-110,u214.5,-110,u215.5,-110,u215.5,-112,u216.5,-115,u216,-110
Sun Mar 24 2024,Cleveland Cavaliers,84,Miami Heat,121,o204,-110,o202.5,-110,o202.5,-112,o202.5,-115,o203,-110,o202,-113,o202.5,-115,o202.5,-112,u204,-110,u202.5,-110,u202.5,-108,u202.5,-105,u203,-110,u202,-108,u202.5,-105,u202.5,-108
Sun Mar 24 2024,Oklahoma City Thunder,93,Milwaukee Bucks,118,o232.5,-110,o233.5,-110,o233.5,-110,o233.5,-110,o233,-112,o234,-108,o232.5,-115,o233.5,-110,u232.5,-110,u233.5,-110,u233.5,-110,u233.5,-110,u233,-108,u234,-113,u232.5,-105,u233.5,-110
Sun Mar 24 2024,Golden State Warriors,110,Minnesota Timberwolves,114,o219.5,-110,o219.5,-110,o219.5,-110,o219.5,-110,o219.5,-110,o219.5,-113,o219.5,-115,o219.5,-110,u219.5,-110,u219.5,-110,u219.5,-110,u219.5,-110,u219.5,-110,u219.5,-108,u219.5,-105,u219.5,-110
Sun Mar 24 2024,Indiana Pacers,145,Los Angeles Lakers,150,o240,-110,o240,-110,o240,-110,o239.5,-110,o239,-112,o239.5,-112,o239.5,-115,o240,-110,u240,-110,u240,-110,u240,-110,u239.5,-110,u239,-108,u239.5,-109,u239.5,-105,u240,-110
Mon Mar 25 2024,Charlotte Hornets,92,Cleveland Cavaliers,115,o205,-110,o206,-110,o206,-108,o205.5,-115,o206.5,-110,o206,-110,o206,-112,o206.5,-110,o206,-108,u205,-110,u206,-110,u206,-112,u205.5,-105,u206.5,-110,u206,-110,u206,-109
Mon Mar 25 2024,Boston Celtics,118,Atlanta Hawks,120,o225.5,-110,o225,-110,o225,-110,o225.5,-105,o225.5,-110,o225,-112,o226,-108,o225.5,-110,o225,-110,u225.5,-110,u225,-110,u225,-110,u225.5,-115,u225.5,-110,u225,-108,u226,-113
Mon Mar 25 2024,Detroit Pistons,99,New York Knicks,124,o207.5,-110,o211.5,-110,o211,-112,o211.5,-110,o212.5,-105,o211.5,-112,o211.5,-110,o212.5,-105,o211,-112,u207.5,-110,u211.5,-110,u211,-108,u211.5,-110,u212.5,-115,u211.5,-108,u211.5,-110
Mon Mar 25 2024,Brooklyn Nets,96,Toronto Raptors,88,o216.5,-110,o217.5,-110,o218.5,-108,o217.5,-110,o217.5,-115,o218,-108,o218.5,-109,o217.5,-110,o218.5,-108,u216.5,-110,u217.5,-110,u218.5,-112,u217.5,-110,u217.5,-105,u218,-112,u218.5,-112
Mon Mar 25 2024,Washington Wizards,107,Chicago Bulls,105,o226,-110,o226.5,-110,o226,-110,o226.5,-110,o226.5,-110,o226.5,-110,o226,-113,o226.5,-110,o226,-110,u226,-110,u226.5,-110,u226,-110,u226.5,-110,u226.5,-110,u226.5,-110,u226,-108
Mon Mar 25 2024,Portland Trail Blazers,92,Houston Rockets,110,o216.5,-110,o224.5,-110,o224,-110,o224.5,-110,o225.5,-105,o224.5,-110,o224.5,-114,o222.5,-115,o224,-110,u216.5,-110,u224.5,-110,u224,-110,u224.5,-110,u225.5,-115,u224.5,-110,u224.5,-117
Mon Mar 25 2024,Phoenix Suns,102,San Antonio Spurs,104,o232.5,-110,o234.5,-110,o234.5,-112,o235.5,-105,o234.5,-110,o235,-108,o234.5,-110,o234.5,-110,o234.5,-112,u232.5,-110,u234.5,-110,u234.5,-108,u235.5,-115,u234.5,-110,u235,-112,u234.5,-110
Mon Mar 25 2024,Memphis Grizzlies,103,Denver Nuggets,128,o214.5,-110,o215,-110,o214.5,-108,o214.5,-110,o214.5,-105,o214.5,-112,o214.5,-113,o215.5,-110,o214.5,-108,u214.5,-110,u215,-110,u214.5,-112,u214.5,-110,u214.5,-115,u214.5,-108,u214.5,-118
Mon Mar 25 2024,Dallas Mavericks,115,Utah Jazz,105,o234.5,-110,o238.5,-110,o238.5,-110,o239.5,-105,o238.5,-115,o238.5,-112,o238.5,-110,o238.5,-115,o238.5,-110,u234.5,-110,u238.5,-110,u238.5,-110,u239.5,-115,u238.5,-105,u238.5,-108,u238.5,-110
Mon Mar 25 2024,Philadelphia 76ers,96,Sacramento Kings,108,o222,-110,o220,-110,o219.5,-112,o219.5,-115,o220.5,-105,o220,-112,o220.5,-110,o219.5,-115,o219.5,-112,u222,-110,u220,-110,u219.5,-108,u219.5,-105,u220.5,-115,u220,-108,u220.5,-110
Mon Mar 25 2024,Indiana Pacers,133,Los Angeles Clippers,116,o234,-110,o235,-110,o236.5,-110,o235.5,-110,o234.5,-115,o235.5,-108,o235,-110,o234.5,-115,o236.5,-110,u234,-110,u235,-110,u236.5,-110,u235.5,-110,u234.5,-105,u235.5,-112,u235,-110
Tue Mar 26 2024,Golden State Warriors,113,Miami Heat,92,o218,-110,o217,-110,o217,-110,o217.5,-105,o216.5,-110,o217,-110,o216,-118,o216.5,-115,o217,-110,u218,-110,u217,-110,u217,-110,u217.5,-115,u216.5,-110,u217,-110,u216,-113
Tue Mar 26 2024,Los Angeles Lakers,128,Milwaukee Bucks,124,o233.5,-110,o234.5,-110,o234.5,-110,o242.5,+190,o234.5,-115,o234,-112,o234,-109,o234.5,-115,o234.5,-110,u233.5,-110,u234.5,-110,u234.5,-110,u242.5,-250,u234.5,-105,u234,-108,u234,-112
Tue Mar 26 2024,Oklahoma City Thunder,119,New Orleans Pelicans,112,o226.5,-110,o223,-110,o223.5,-110,o223.5,-105,o222.5,-115,o223,-112,o223,-112,o222.5,-115,o223.5,-110,u226.5,-110,u223,-110,u223.5,-110,u223.5,-115,u222.5,-105,u223,-108,u223,-109
Tue Mar 26 2024,Dallas Mavericks,132,Sacramento Kings,96,o236,-110,o232,-110,o233.5,-112,o232.5,-110,o233.5,-110,o233,-110,o233.5,-109,o233.5,-110,o233.5,-112,u236,-110,u232,-110,u233.5,-108,u232.5,-110,u233.5,-110,u233,-110,u233.5,-112
Wed Mar 27 2024,Cleveland Cavaliers,111,Charlotte Hornets,118,o207.5,-110,o207.5,-110,o208,-110,o207.5,-110,o207.5,-110,o207,-110,o207,-108,o207.5,-110,o208,-110,u207.5,-110,u207.5,-110,u208,-110,u207.5,-110,u207.5,-110,u207,-110,u207,-113
Wed Mar 27 2024,Golden State Warriors,101,Orlando Magic,93,o217.5,-110,o218,-110,o218,-112,o218.5,-110,o217.5,-115,o218.5,-108,o217.5,-113,o217.5,-110,o218,-112,u217.5,-110,u218,-110,u218,-108,u218.5,-110,u217.5,-105,u218.5,-112,u217.5,-108
Wed Mar 27 2024,Brooklyn Nets,122,Washington Wizards,119,o225.5,-110,o221,-110,o220.5,-110,o220.5,-110,o221.5,-110,o220.5,-112,o221.5,-108,o221.5,-110,o220.5,-110,u225.5,-110,u221,-110,u220.5,-110,u220.5,-110,u221.5,-110,u220.5,-108,u221.5,-113
Wed Mar 27 2024,Portland Trail Blazers,106,Atlanta Hawks,120,o212.5,-110,o220,-110,o219.5,-108,o220.5,-105,o219.5,-110,o219.5,-108,o219,-108,o219.5,-110,o219.5,-108,u212.5,-110,u220,-110,u219.5,-112,u220.5,-115,u219.5,-110,u219.5,-112,u219,-113
Wed Mar 27 2024,Los Angeles Clippers,108,Philadelphia 76ers,107,o218.5,-110,o214.5,-110,o214.5,-112,o214.5,-110,o214.5,-105,o214.5,-110,o214.5,-112,o213.5,-115,o214.5,-112,u218.5,-110,u214.5,-110,u214.5,-108,u214.5,-110,u214.5,-115,u214.5,-110,u214.5,-109
Wed Mar 27 2024,New York Knicks,145,Toronto Raptors,101,o212,-110,o211.5,-110,o211.5,-110,o211.5,-110,o211.5,-115,o211.5,-110,o211.5,-110,o211.5,-115,o211.5,-110,u212,-110,u211.5,-110,u211.5,-110,u211.5,-110,u211.5,-105,u211.5,-110,u211.5,-110
Wed Mar 27 2024,Indiana Pacers,99,Chicago Bulls,125,o232.5,-110,o235,-110,o235,-108,o234.5,-115,o234.5,-110,o234.5,-110,o234.5,-109,o234.5,-110,o235,-108,u232.5,-110,u235,-110,u235,-112,u234.5,-105,u234.5,-110,u234.5,-110,u234.5,-112
Wed Mar 27 2024,Los Angeles Lakers,136,Memphis Grizzlies,124,o217,-112,o225,-110,o225.5,-110,o225.5,-110,o224.5,-110,o225.5,-108,o225.5,-114,o225.5,-115,o225.5,-110,u217,-110,u225,-110,u225.5,-118,u225.5,-110,u224.5,-110,u225.5,-112,u225.5,-117
Wed Mar 27 2024,Detroit Pistons,91,Minnesota Timberwolves,106,o211,-110,o215.5,-110,o215.5,-108,o216.5,-110,o216.5,even,o215.5,-105,o215.5,-108,o216.5,-110,o215.5,-108,u211,-110,u215.5,-110,u215.5,-112,u216.5,-110,u216.5,-120,u215.5,-115,u215.5,-113
Wed Mar 27 2024,Houston Rockets,132,Oklahoma City Thunder,126,o229.5,-110,o225.5,-110,o225.5,-112,o225.5,-110,o225.5,-115,o226,-110,o226.5,-110,o225.5,-115,o225.5,-112,u229.5,-110,u225.5,-110,u225.5,-108,u225.5,-110,u225.5,-105,u226,-110,u226.5,-110
Wed Mar 27 2024,San Antonio Spurs,118,Utah Jazz,111,o230.5,-110,o228.5,-110,o228,-110,o228.5,-110,o228.5,-110,o228,-112,o228.5,-108,o228.5,-110,o228,-110,u230.5,-110,u228.5,-110,u228,-110,u228.5,-110,u228.5,-110,u228,-108,u228.5,-113
Wed Mar 27 2024,Phoenix Suns,104,Denver Nuggets,97,o226.5,-110,o229.5,-110,o229.5,-112,o230.5,-105,o228.5,-110,o229,-115,o228.5,-108,o228.5,-110,o229.5,-112,u226.5,-110,u229.5,-110,u229.5,-108,u230.5,-115,u228.5,-110,u229,-105,u228.5,-113
Thu Mar 28 2024,Boston Celtics,122,Atlanta Hawks,123,o226.5,-110,o228.5,-110,o228.5,-108,o227.5,-120,o228.5,-110,o228.5,-108,o229,-109,o228.5,-110,o228.5,-108,u226.5,-110,u228.5,-110,u228.5,-112,u227.5,-110,u228.5,-110,u228.5,-112,u229,-112
Thu Mar 28 2024,Milwaukee Bucks,100,New Orleans Pelicans,107,o223.5,-110,o226.5,-110,o226,-112,o226.5,-110,o225.5,-115,o226,-110,o226,-113,o225.5,-115,o226,-112,u223.5,-110,u226.5,-110,u226,-108,u226.5,-110,u225.5,-105,u226,-110,u226,-108
Fri Mar 29 2024,Golden State Warriors,115,Charlotte Hornets,97,o217,-110,o219,-110,o219.5,-112,o218.5,-115,o219.5,-110,o219.5,-110,o219,-108,o219.5,-110,o219.5,-112,u217,-110,u219,-110,u219.5,-108,u218.5,-105,u219.5,-110,u219.5,-110,u219,-113
Fri Mar 29 2024,Los Angeles Lakers,90,Indiana Pacers,109,o240,-110,o244.5,-110,o245.5,-108,o243.5,-115,o243.5,-110,o244.5,-110,o245,-113,o243.5,-110,o245.5,-108,u240,-110,u244.5,-110,u245.5,-112,u243.5,-105,u243.5,-110,u244.5,-110,u245,-108
Fri Mar 29 2024,Los Angeles Clippers,100,Orlando Magic,97,o210.5,-110,o212,-110,o212.5,-110,o212.5,-110,o212.5,-110,o212.5,-108,o213.5,-115,o212.5,-110,o212.5,-110,u210.5,-110,u212,-110,u212.5,-110,u212.5,-110,u212.5,-110,u212.5,-112,u213.5,-115
Fri Mar 29 2024,Detroit Pistons,96,Washington Wizards,87,o229.5,-110,o229.5,-110,o230,-110,o229.5,-115,o229.5,-105,o229.5,-110,o229.5,-113,o228.5,-115,o230,-110,u229.5,-110,u229.5,-110,u230,-110,u229.5,-105,u229.5,-115,u229.5,-110,u229.5,-108
Fri Mar 29 2024,Chicago Bulls,108,Brooklyn Nets,125,o216,-110,o215,-110,o214.5,-110,o214.5,-110,o214.5,-115,o215,-108,o214,-112,o214.5,-115,o214.5,-110,u216,-110,u215,-110,u214.5,-110,u214.5,-110,u214.5,-105,u215,-112,u214,-109
Fri Mar 29 2024,Philadelphia 76ers,114,Cleveland Cavaliers,117,o210,-110,o212,-110,o212.5,-112,o212.5,-110,o211.5,-110,o212,-110,o212,-108,o211.5,-110,o212.5,-112,u210,-110,u212,-110,u212.5,-110,u212.5,-110,u211.5,-110,u212,-110,u212,-113
Fri Mar 29 2024,Portland Trail Blazers,82,Miami Heat,142,o206.5,-110,o208.5,-110,o208.5,-108,o208.5,-105,o208.5,-115,o208.5,-110,o208.5,-113,o208.5,-115,o208.5,-108,u206.5,-110,u208.5,-110,u208.5,-112,u208.5,-115,u208.5,-105,u208.5,-110,u208.5,-108
Fri Mar 29 2024,Phoenix Suns,103,Oklahoma City Thunder,128,o231.5,-110,o228,-110,o228,-108,o227.5,-115,o228.5,-110,o228,-110,o227.5,-109,o228.5,-110,o228,-108,u231.5,-110,u228,-110,u228,-112,u227.5,-105,u228.5,-110,u228,-110,u227.5,-112
Fri Mar 29 2024,New York Knicks,126,San Antonio Spurs,130,o216.5,-110,o214,-110,o213.5,-114,o214.5,-105,o214.5,-110,o214,-112,o214,-118,o214.5,-110,o213.5,-114,u216.5,-110,u214,-110,u213.5,-106,u214.5,-115,u214.5,-110,u214,-108,u214,-113
Fri Mar 29 2024,Minnesota Timberwolves,111,Denver Nuggets,98,o215,-110,o210,-110,o209.5,-110,o210.5,-105,o210.5,-110,o210,-108,o210.5,-113,o210.5,-110,o209.5,-110,u215,-110,u210,-110,u209.5,-110,u210.5,-115,u210.5,-110,u210,-112,u210.5,-108
Fri Mar 29 2024,Houston Rockets,101,Utah Jazz,100,o227,-110,o230,-110,o231.5,-110,o229.5,-115,o227.5,-110,o230,-112,o230.5,-109,o227.5,-110,o231.5,-110,u227,-110,u230,-110,u231.5,-110,u229.5,-105,u227.5,-110,u230,-108,u230.5,-112
Fri Mar 29 2024,Dallas Mavericks,107,Sacramento Kings,103,o229,-110,o232.5,-110,o232,-108,o232.5,-110,o232.5,-110,o232.5,-108,o232.5,-108,o232.5,-110,o232,-108,u229,-110,u232.5,-110,u232,-112,u232.5,-110,u232.5,-110,u232.5,-112,u232.5,-113
Sat Mar 30 2024,Boston Celtics,104,New Orleans Pelicans,92,o225.5,-110,o223.5,-110,o223.5,-110,o223.5,-110,o223.5,-110,o223.5,-112,o223,-112,o223.5,-110,o223.5,-110,u225.5,-110,u223.5,-110,u223.5,-110,u223.5,-110,u223.5,-110,u223.5,-108,u223,-109
Sat Mar 30 2024,Memphis Grizzlies,88,Orlando Magic,118,o208.5,-110,o209.5,-110,o209,-110,o209.5,-110,o207.5,-115,o209.5,-110,o209.5,-110,o207.5,-115,o209,-110,u208.5,-110,u209.5,-110,u209,-110,u209.5,-110,u207.5,-105,u209.5,-110,u209.5,-110
Sat Mar 30 2024,Milwaukee Bucks,122,Atlanta Hawks,113,o226.5,-110,o221.5,-110,o222.5,-110,o221.5,-115,o222.5,-110,o222.5,-112,o222.5,-109,o222.5,-115,o222.5,-110,u226.5,-110,u221.5,-110,u222.5,-110,u221.5,-105,u222.5,-110,u222.5,-108,u222.5,-112
Sun Mar 31 2024,Cleveland Cavaliers,101,Denver Nuggets,130,o211,-110,o218,-110,o217.5,-110,o218.5,-105,o217.5,-105,o218,-108,o217.5,-114,o217.5,-115,o217.5,-110,u211,-110,u218,-110,u217.5,-110,u218.5,-115,u217.5,-115,u218,-112,u217.5,-117
Sun Mar 31 2024,Los Angeles Lakers,116,Brooklyn Nets,104,o222,-110,o225,-110,o225.5,-110,o225.5,-110,o225.5,-105,o224.5,-112,o225,-110,o224.5,-115,o225.5,-110,u222,-110,u225,-110,u225.5,-110,u225.5,-110,u225.5,-115,u224.5,-108,u225,-110
Sun Mar 31 2024,Los Angeles Clippers,130,Charlotte Hornets,118,o215,-110,o216.5,-110,o216,-110,o216.5,-110,o215.5,-110,o216,-110,o215.5,-109,o215.5,-110,o216,-110,u215,-110,u216.5,-110,u216,-110,u216.5,-110,u215.5,-110,u216,-110,u215.5,-112
Sun Mar 31 2024,Philadelphia 76ers,135,Toronto Raptors,120,o218.5,-110,o214,-110,o214.5,-110,o214.5,-115,o214.5,-110,o214.5,-108,o214.5,-109,o214.5,-110,o214.5,-110,u218.5,-110,u214,-110,u214.5,-110,u214.5,-105,u214.5,-110,u214.5,-112,u214.5,-112
Sun Mar 31 2024,Miami Heat,119,Washington Wizards,107,o214.5,-110,o213.5,-110,o214,-110,o213.5,-115,o213.5,-110,o214,-112,o213.5,-112,o213.5,-110,o214,-110,u214.5,-110,u213.5,-110,u214,-110,u213.5,-105,u213.5,-110,u214,-108,u213.5,-109
Sun Mar 31 2024,Dallas Mavericks,125,Houston Rockets,107,o230,-110,o229,-110,o229.5,-110,o229.5,-105,o228.5,-105,o229.5,-108,o229.5,-115,o227.5,-115,o229.5,-110,u230,-110,u229,-110,u229.5,-110,u229.5,-115,u228.5,-115,u229.5,-112,u229.5,-115
Sun Mar 31 2024,Chicago Bulls,109,Minnesota Timberwolves,101,o219.5,-110,o212,-110,o211.5,-112,o212.5,-110,o213.5,-110,o212.5,-112,o212.5,-117,o213.5,-110,o211.5,-112,u219.5,-110,u212,-110,u211.5,-108,u212.5,-110,u213.5,-110,u212.5,-108,u212.5,-114
Sun Mar 31 2024,Oklahoma City Thunder,113,New York Knicks,112,o217.5,-110,o219,-110,o220,-110,o219.5,-110,o218.5,-110,o218.5,-110,o217.5,-110,o218.5,-110,o220,-110,u217.5,-110,u219,-110,u220,-110,u219.5,-110,u218.5,-110,u218.5,-110,u217.5,-110
Sun Mar 31 2024,Golden State Warriors,117,San Antonio Spurs,113,o226,-110,o228.5,-110,o228,-112,o228.5,-110,o228.5,-115,o228,-110,o228.5,-109,o228.5,-115,o228,-112,u226,-110,u228.5,-110,u228,-108,u228.5,-110,u228.5,-105,u228,-110,u228.5,-112
Sun Mar 31 2024,Utah Jazz,106,Sacramento Kings,127,o225,-110,o220.5,-110,o220.5,-110,o220.5,-110,o219.5,-115,o220.5,-110,o220.5,-113,o219.5,-115,o220.5,-110,u225,-110,u220.5,-110,u220.5,-110,u220.5,-110,u219.5,-105,u220.5,-110,u220.5,-108
Mon Apr 1 2024,Boston Celtics,118,Charlotte Hornets,104,o219.5,-110,o219.5,-110,o219.5,-128,o219.5,-110,o219.5,-110,o219,-110,o218.5,-112,o218.5,-115,o219.5,-128,u219.5,-110,u219.5,-110,u219.5,+102,u219.5,-110,u219.5,-110,u219,-110,u218.5,-109
Mon Apr 1 2024,Memphis Grizzlies,110,Detroit Pistons,108,o214.5,-110,o216,-110,o216,-112,o215.5,-115,o215.5,-115,o216,-110,o216.5,-108,o215.5,-115,o216,-112,u214.5,-110,u216,-110,u216,-108,u215.5,-105,u215.5,-105,u216,-110,u216.5,-112
Mon Apr 1 2024,Brooklyn Nets,111,Indiana Pacers,133,o229.5,-110,o227.5,-110,o227.5,-108,o227.5,-110,o227.5,-115,o227.5,-110,o227.5,-112,o227.5,-115,o227.5,-108,u229.5,-110,u227.5,-110,u227.5,-112,u227.5,-110,u227.5,-105,u227.5,-110,u227.5,-109
Mon Apr 1 2024,Portland Trail Blazers,103,Orlando Magic,104,o208.5,-110,o210.5,-110,o210.5,-108,o210.5,-110,o210.5,-115,o210.5,-112,o211,-109,o210.5,-115,o210.5,-108,u208.5,-110,u210.5,-110,u210.5,-112,u210.5,-110,u210.5,-105,u210.5,-108,u211,-112
Mon Apr 1 2024,Atlanta Hawks,113,Chicago Bulls,101,o223.5,-112,o221,-110,o221,-108,o221.5,-105,o221.5,-110,o221,-112,o221,-110,o221.5,-110,o221,-108,u223.5,-108,u221,-110,u221,-112,u221.5,-115,u221.5,-110,u221,-108,u221,-110
Mon Apr 1 2024,Phoenix Suns,124,New Orleans Pelicans,111,o225.5,-110,o222,-110,o222.5,-108,o222.5,-110,o222.5,-115,o222,-112,o223,-113,o222.5,-115,o222.5,-108,u225.5,-110,u222,-110,u222.5,-112,u222.5,-110,u222.5,-105,u222,-108,u223,-118
Tue Apr 2 2024,Los Angeles Lakers,128,Toronto Raptors,111,o230,-110,o236.5,-110,o236.5,-112,o236.5,-110,o235.5,-105,o236.5,-110,o235.5,-110,o234.5,-115,o236.5,-112,u230,-110,u236.5,-110,u236.5,-108,u236.5,-110,u235.5,-115,u236.5,-110,u235.5,-110
Tue Apr 2 2024,Milwaukee Bucks,113,Washington Wizards,117,o231,-110,o226,-110,o225.5,-110,o226.5,-105,o225.5,-110,o225.5,-110,o225.5,-115,o225.5,-110,o225.5,-110,u231,-110,u226,-110,u225.5,-110,u226.5,-115,u225.5,-110,u225.5,-110,u225.5,-115
Tue Apr 2 2024,New York Knicks,99,Miami Heat,109,o206.5,-110,o205.5,-110,o205.5,-110,o205.5,-115,o205.5,-110,o205.5,-112,o205.5,-108,o205.5,-110,o205.5,-110,u206.5,-110,u205.5,-110,u205.5,-110,u205.5,-105,u205.5,-110,u205.5,-108,u205.5,-113
Tue Apr 2 2024,Oklahoma City Thunder,105,Philadelphia 76ers,109,o224.5,-108,o219.5,-110,o219.5,-110,o219.5,-110,o219.5,-110,o219,-110,o219,-117,o219.5,-110,o219.5,-110,u224.5,-112,u219.5,-110,u219.5,-110,u219.5,-110,u219.5,-110,u219,-110,u219,-114
Tue Apr 2 2024,Houston Rockets,106,Minnesota Timberwolves,113,o216.5,-110,o214.5,-110,o214,-110,o213.5,-115,o214.5,-110,o214,-108,o214.5,-109,o214.5,-110,o214,-110,u216.5,-110,u214.5,-110,u214,-110,u213.5,-105,u214.5,-110,u214,-112,u214.5,-112
Tue Apr 2 2024,San Antonio Spurs,105,Denver Nuggets,110,o222.5,-110,o223.5,-110,o223.5,-110,o223.5,-110,o223.5,-110,o223.5,-112,o223,-110,o223.5,-110,o223.5,-110,u222.5,-110,u223.5,-110,u223.5,-110,u223.5,-110,u223.5,-110,u223.5,-108,u223,-110
Tue Apr 2 2024,Cleveland Cavaliers,129,Utah Jazz,113,o211.5,-110,o217.5,-110,o218,-112,o218.5,-110,o217.5,-110,o218,-110,o217.5,-110,o217.5,-110,o218,-112,u211.5,-110,u217.5,-110,u218,-108,u218.5,-110,u217.5,-110,u218,-110,u217.5,-110
Tue Apr 2 2024,Dallas Mavericks,100,Golden State Warriors,104,o234,-110,o232,-110,o231.5,-108,o231.5,-110,o231.5,-115,o232,-115,o232,-112,o231.5,-115,o231.5,-108,u234,-110,u232,-110,u231.5,-112,u231.5,-110,u231.5,-105,u232,-105,u232,-109
Tue Apr 2 2024,Los Angeles Clippers,95,Sacramento Kings,109,o221.5,-110,o222,-110,o222,-110,o222.5,-115,o222.5,-115,o222.5,-108,o221.5,-113,o222.5,-115,o222,-110,u221.5,-110,u222,-110,u222,-110,u222.5,-105,u222.5,-105,u222.5,-112,u221.5,-108
Wed Apr 3 2024,Portland Trail Blazers,89,Charlotte Hornets,86,o213,-110,o212,-110,o211.5,-112,o212.5,-105,o212.5,-105,o211.5,-118,o212,-114,o211.5,-115,o211.5,-112,u213,-110,u212,-110,u211.5,-108,u212.5,-115,u212.5,-115,u211.5,-102,u212,-117
Wed Apr 3 2024,Los Angeles Lakers,125,Washington Wizards,120,o234,-110,o237.5,-110,o237,-110,o237.5,-110,o236.5,-110,o237,-108,o236.5,-112,o236.5,-110,o237,-110,u234,-110,u237.5,-110,u237,-110,u237.5,-110,u236.5,-110,u237,-112,u236.5,-109
Wed Apr 3 2024,Detroit Pistons,113,Atlanta Hawks,121,o222,-110,o223,-110,o223,-110,o222.5,-115,o223.5,-110,o224,-105,o223.5,-109,o223.5,-110,o223,-110,u222,-110,u223,-110,u223,-110,u222.5,-105,u223.5,-110,u224,-115,u223.5,-112
Wed Apr 3 2024,Oklahoma City Thunder,100,Boston Celtics,135,o227.5,-110,o229,-110,o228.5,-108,o228.5,-115,o229.5,-110,o229,-105,o228.5,-118,o229.5,-110,o228.5,-108,u227.5,-110,u229,-110,u228.5,-112,u228.5,-105,u229.5,-110,u229,-115,u228.5,-113
Wed Apr 3 2024,Indiana Pacers,111,Brooklyn Nets,115,o230.5,-110,o233,-110,o233,-110,o233.5,-110,o232.5,-110,o233,-110,o233,-113,o232.5,-110,o233,-110,u230.5,-110,u233,-110,u233,-110,u233.5,-110,u232.5,-110,u233,-110,u233,-108
Wed Apr 3 2024,Memphis Grizzlies,111,Milwaukee Bucks,101,o223.5,-110,o217.5,-110,o218,-110,o217.5,-110,o218.5,-110,o217.5,-112,o217.5,-110,o218.5,-110,o218,-110,u223.5,-110,u217.5,-110,u218,-110,u217.5,-110,u218.5,-110,u217.5,-108,u217.5,-110
Wed Apr 3 2024,Toronto Raptors,85,Minnesota Timberwolves,133,o215.5,-110,o213.5,-110,o213.5,-110,o213.5,-110,o213.5,-110,o213.5,-112,o214,-110,o213.5,-110,o213.5,-110,u215.5,-110,u213.5,-110,u213.5,-110,u213.5,-110,u213.5,-110,u213.5,-108,u214,-110
Wed Apr 3 2024,Orlando Magic,117,New Orleans Pelicans,108,o209,-110,o208,-110,o208,-110,o208.5,-110,o207.5,-110,o208,-108,o208.5,-108,o207.5,-110,o208,-110,u209,-110,u208,-110,u208,-110,u208.5,-110,u207.5,-110,u208,-112,u208.5,-113
Wed Apr 3 2024,Cleveland Cavaliers,101,Phoenix Suns,122,o225.5,-110,o226.5,-110,o226,-112,o226.5,-110,o226.5,-110,o226.5,-105,o226.5,-110,o226.5,-110,o226,-112,u225.5,-110,u226.5,-110,u226,-108,u226.5,-110,u226.5,-110,u226.5,-115,u226.5,-110
Thu Apr 4 2024,Atlanta Hawks,95,Dallas Mavericks,109,o231,-112,o227.5,-110,o228,-110,o227.5,-110,o227.5,-110,o227.5,-110,o227.5,-113,o227.5,-110,o228,-110,u231,-108,u227.5,-110,u228,-110,u227.5,-110,u227.5,-110,u227.5,-110,u227.5,-108
Thu Apr 4 2024,Philadelphia 76ers,109,Miami Heat,105,o210.5,-108,o211.5,-110,o212.5,-110,o211.5,-110,o211.5,-110,o211.5,-108,o211,-113,o211.5,-110,o212.5,-110,u210.5,-112,u211.5,-110,u212.5,-110,u211.5,-110,u211.5,-110,u211.5,-112,u211,-108
Thu Apr 4 2024,Sacramento Kings,109,New York Knicks,120,o215.5,-110,o212.5,-110,o212.5,-110,o221.5,+220,o212.5,-110,o212,-110,o212,-113,o212.5,-110,o212.5,-110,u215.5,-110,u212.5,-110,u212.5,-110,u221.5,-275,u212.5,-110,u212,-110,u212,-108
Thu Apr 4 2024,Golden State Warriors,133,Houston Rockets,110,o228,-110,o228,-110,o227.5,-110,o227.5,-115,o227.5,-110,o227,-110,o227.5,-113,o227.5,-110,o227.5,-110,u228,-110,u228,-110,u227.5,-110,u227.5,-105,u227.5,-110,u227,-110,u227.5,-118
Thu Apr 4 2024,Denver Nuggets,100,Los Angeles Clippers,102,o218,-108,o220.5,-110,o219.5,-112,o220.5,-110,o220.5,-110,o220.5,-108,o220.5,-113,o220.5,-110,o219.5,-112,u218,-112,u220.5,-110,u219.5,-108,u220.5,-110,u220.5,-110,u220.5,-112,u220.5,-108
Fri Apr 5 2024,Orlando Magic,115,Charlotte Hornets,124,o202.5,-110,o207,-110,o207,-108,o207.5,-105,o206.5,-110,o207,-108,o206.5,-115,o206.5,-110,o207,-108,u202.5,-110,u207,-110,u207,-112,u207.5,-115,u206.5,-110,u207,-112,u206.5,-115
Fri Apr 5 2024,Oklahoma City Thunder,112,Indiana Pacers,126,o236.5,-110,o234.5,-110,o234.5,-112,o234.5,-105,o235.5,-105,o234.5,-108,o235.5,-112,o234.5,-115,o234.5,-112,u236.5,-110,u234.5,-110,u234.5,-108,u234.5,-115,u235.5,-115,u234.5,-112,u235.5,-109
Fri Apr 5 2024,Portland Trail Blazers,108,Washington Wizards,102,o220.5,-110,o224.5,-110,o225,-110,o224.5,-115,o224.5,-110,o225,-112,o225,-108,o224.5,-110,o225,-110,u220.5,-110,u224.5,-110,u225,-110,u224.5,-105,u224.5,-110,u225,-108,u225,-113
Fri Apr 5 2024,Sacramento Kings,100,Boston Celtics,101,o224.5,-110,o226,-110,o226,-108,o225.5,-115,o225.5,-110,o225.5,-110,o225,-108,o225.5,-110,o226,-108,u224.5,-110,u226,-110,u226,-112,u225.5,-105,u225.5,-110,u225.5,-110,u225,-113
Fri Apr 5 2024,New York Knicks,100,Chicago Bulls,108,o210.5,-110,o211.5,-110,o211,-110,o211.5,-110,o210.5,-115,o212.5,-110,o213,-114,o210.5,-115,o211,-110,u210.5,-110,u211.5,-110,u211,-110,u211.5,-110,u210.5,-105,u212.5,-110,u213,-117
Fri Apr 5 2024,Miami Heat,119,Houston Rockets,104,o214,-110,o217.5,-110,o217.5,-110,o217.5,-110,o216.5,-110,o218,-108,o217,-113,o216.5,-110,o217.5,-110,u214,-110,u217.5,-110,u217.5,-110,u217.5,-110,u216.5,-110,u218,-112,u217,-108
Fri Apr 5 2024,Detroit Pistons,90,Memphis Grizzlies,108,o211,-110,o213,-110,o213.5,-112,o213.5,-105,o213.5,-110,o213.5,-108,o213,-110,o213.5,-110,o213.5,-112,u211,-110,u213,-110,u213.5,-108,u213.5,-115,u213.5,-110,u213.5,-112,u213,-110
Fri Apr 5 2024,Toronto Raptors,117,Milwaukee Bucks,111,o224.5,-110,o233,-110,o233,-110,o233.5,-105,o233.5,-105,o233,-110,o232,-108,o232.5,-115,o233,-110,u224.5,-110,u233,-110,u233,-110,u233.5,-115,u233.5,-115,u233,-110,u232,-113
Fri Apr 5 2024,San Antonio Spurs,111,New Orleans Pelicans,109,o221.5,-110,o218.5,-110,o218.5,-110,o219.5,-105,o218.5,-115,o218.5,-112,o219,-109,o218.5,-110,o218.5,-110,u221.5,-110,u218.5,-110,u218.5,-110,u219.5,-115,u218.5,-105,u218.5,-108,u219,-112
Fri Apr 5 2024,Golden State Warriors,106,Dallas Mavericks,108,o229,-110,o224,-110,o224,-110,o224.5,-110,o223.5,-115,o224,-110,o223,-112,o223.5,-110,o224,-110,u229,-110,u224,-110,u224,-110,u224.5,-110,u223.5,-105,u224,-110,u223,-109
Fri Apr 5 2024,Minnesota Timberwolves,87,Phoenix Suns,97,o220,-110,o216.5,-110,o216,-110,o216.5,-110,o216.5,-110,o216.5,-108,o216.5,-112,o216.5,-110,o216,-110,u220,-110,u216.5,-110,u216,-110,u216.5,-110,u216.5,-110,u216.5,-112,u216.5,-109
Fri Apr 5 2024,Utah Jazz,102,Los Angeles Clippers,131,o224.5,-110,o224,-110,o224.5,-110,o224.5,-105,o224.5,-110,o224.5,-110,o223.5,-112,o224.5,-110,o224.5,-110,u224.5,-110,u224,-110,u224.5,-110,u224.5,-115,u224.5,-110,u224.5,-110,u223.5,-109
Sat Apr 6 2024,Cleveland Cavaliers,97,Los Angeles Lakers,116,o227.5,-110,o230,-110,o230,-110,o230.5,-105,o230.5,-105,o230,-108,o229.5,-112,o229.5,-115,o230,-110,u227.5,-110,u230,-110,u230,-110,u230.5,-115,u230.5,-115,u230,-112,u229.5,-109
Sat Apr 6 2024,Detroit Pistons,103,Brooklyn Nets,113,o215.5,-110,o216,-110,o216,-110,o215.5,-115,o215.5,-110,o215.5,-110,o215.5,-109,o215.5,-110,o216,-110,u215.5,-110,u216,-110,u216,-110,u215.5,-105,u215.5,-110,u215.5,-110,u215.5,-112
Sat Apr 6 2024,Philadelphia 76ers,116,Memphis Grizzlies,96,o208.5,-110,o214,-110,o214.5,-110,o213.5,-115,o213.5,-115,o213.5,-112,o213,-113,o213.5,-115,o214.5,-110,u208.5,-110,u214,-110,u214.5,-110,u213.5,-105,u213.5,-105,u213.5,-108,u213,-108
Sat Apr 6 2024,Atlanta Hawks,110,Denver Nuggets,142,o221.5,-110,o224,-110,o225,-110,o224.5,-110,o222.5,-115,o224,-112,o223,-113,o222.5,-115,o225,-110,u221.5,-110,u224,-110,u225,-110,u224.5,-110,u222.5,-105,u224,-108,u223,-108
Sun Apr 7 2024,Houston Rockets,136,Dallas Mavericks,147,o228,-110,o227,-110,o227.5,-110,o227.5,-110,o227.5,-110,o227,-112,o227,-109,o227.5,-110,o227.5,-110,u228,-110,u227,-110,u227.5,-110,u227.5,-110,u227.5,-110,u227,-108,u227,-112
Sun Apr 7 2024,Cleveland Cavaliers,118,Los Angeles Clippers,120,o218.5,-110,o217,-110,o217,-110,o216.5,-115,o217.5,-105,o217,-112,o217.5,-109,o216.5,-115,o217,-110,u218.5,-110,u217,-110,u217,-110,u216.5,-105,u217.5,-115,u217,-108,u217.5,-112
Sun Apr 7 2024,Miami Heat,115,Indiana Pacers,117,o229.5,-110,o228,-110,o228,-110,o228.5,-110,o228.5,-105,o228,-112,o228.5,-113,o227.5,-115,o228,-110,u229.5,-110,u228,-110,u228,-110,u228.5,-110,u228.5,-115,u228,-108,u228.5,-108
Sun Apr 7 2024,Portland Trail Blazers,107,Boston Celtics,124,o219.5,-110,o216.5,-110,o216,-110,o216.5,-110,o216.5,-110,o216.5,-110,o215.5,-109,o216.5,-110,o216,-110,u219.5,-110,u216.5,-110,u216,-110,u216.5,-110,u216.5,-110,u216.5,-110,u215.5,-112
Sun Apr 7 2024,Oklahoma City Thunder,121,Charlotte Hornets,118,o214.5,-110,o218.5,-110,o218,-110,o218.5,-110,o218.5,-105,o218,-110,o218.5,-110,o217.5,-115,o218,-110,u214.5,-110,u218.5,-110,u218,-110,u218.5,-110,u218.5,-115,u218,-110,u218.5,-110
Sun Apr 7 2024,Chicago Bulls,98,Orlando Magic,113,o210,-110,o211.5,-110,o212,-110,o212.5,-110,o211.5,-110,o212,-110,o212,-110,o211.5,-110,o212,-110,u210,-110,u211.5,-110,u212,-110,u212.5,-110,u211.5,-110,u212,-110,u212,-110
Sun Apr 7 2024,New Orleans Pelicans,113,Phoenix Suns,105,o223.5,-110,o221,-110,o222,-110,o221.5,-110,o221.5,-105,o222,-108,o221,-112,o221.5,-110,o222,-110,u223.5,-110,u221,-110,u222,-110,u221.5,-110,u221.5,-115,u222,-112,u221,-109
Sun Apr 7 2024,Washington Wizards,122,Toronto Raptors,130,o225.5,-110,o235,-110,o235,-112,o235.5,-110,o235.5,-110,o235,-110,o234,-110,o235.5,-110,o235,-112,u225.5,-110,u235,-110,u235,-108,u235.5,-110,u235.5,-110,u235,-110,u234,-110
Sun Apr 7 2024,New York Knicks,122,Milwaukee Bucks,109,o220,-110,o220.5,-110,o220.5,-110,o221.5,even,o220.5,-115,o220.5,-108,o219,-113,o220.5,-115,o220.5,-110,u220,-110,u220.5,-110,u220.5,-110,u221.5,-120,u220.5,-105,u220.5,-112,u219,-108
Sun Apr 7 2024,Philadelphia 76ers,133,San Antonio Spurs,126,o232.5,-112,o226.5,-110,o226,-112,o225.5,-110,o225.5,-105,o226,-110,o226,-113,o224.5,-115,o226,-112,u232.5,-108,u226.5,-110,u226,-108,u225.5,-110,u225.5,-115,u226,-110,u226,-108
Sun Apr 7 2024,Sacramento Kings,107,Brooklyn Nets,77,o222,-110,o218,-110,o217.5,-110,o218.5,-105,o217.5,-110,o217,-112,o217,-110,o216.5,-115,o217.5,-110,u222,-110,u218,-110,u217.5,-110,u218.5,-115,u217.5,-110,u217,-108,u217,-110
Sun Apr 7 2024,Utah Jazz,110,Golden State Warriors,118,o238.5,-110,o225,-110,o225.5,-112,o225.5,-110,o224.5,-110,o225.5,-110,o226,-115,o225.5,-110,o225.5,-112,u238.5,-110,u225,-110,u225.5,-108,u225.5,-110,u224.5,-110,u225.5,-110,u226,-115
Sun Apr 7 2024,Minnesota Timberwolves,127,Los Angeles Lakers,117,o225.5,-110,o218,-110,o218,-110,o217.5,-115,o218.5,-110,o218,-110,o218,-108,o218.5,-110,o218,-110,u225.5,-110,u218,-110,u218,-110,u217.5,-105,u218.5,-110,u218,-110,u218,-113
Tue Apr 9 2024,Dallas Mavericks,130,Charlotte Hornets,104,o219.5,-110,o224,-110,o224,-115,o223.5,-115,o225.5,-110,o224.5,-108,o223.5,-112,o225.5,-110,o224,-115,u219.5,-110,u224,-110,u224,-113,u223.5,-105,u225.5,-110,u224.5,-112,u223.5,-109
Tue Apr 9 2024,Detroit Pistons,102,Philadelphia 76ers,120,o220,-110,o220.5,-110,o220.5,-108,o219.5,-115,o221.5,-115,o220.5,-105,o221.5,-113,o221.5,-115,o220.5,-108,u220,-110,u220.5,-110,u220.5,-112,u219.5,-105,u221.5,-105,u220.5,-115,u221.5,-108
Tue Apr 9 2024,Indiana Pacers,140,Toronto Raptors,123,o239.5,-110,o240.5,-110,o240,-110,o240.5,-110,o240.5,-110,o240,-112,o240.5,-113,o240.5,-110,o240,-110,u239.5,-110,u240.5,-110,u240,-110,u240.5,-110,u240.5,-110,u240,-108,u240.5,-108
Tue Apr 9 2024,Miami Heat,117,Atlanta Hawks,111,o221.5,-110,o217.5,-110,o217,-112,o217.5,-110,o217.5,-110,o217.5,-112,o218.5,-109,o217.5,-110,o217,-112,u221.5,-110,u217.5,-110,u217,-108,u217.5,-110,u217.5,-110,u217.5,-108,u218.5,-112
Tue Apr 9 2024,Boston Celtics,91,Milwaukee Bucks,104,o226.5,-110,o230.5,-110,o231,-110,o231.5,-105,o231.5,-105,o231,-108,o230.5,-113,o230.5,-115,o231,-110,u226.5,-110,u230.5,-110,u231,-110,u231.5,-115,u231.5,-115,u231,-112,u230.5,-108
Tue Apr 9 2024,New York Knicks,128,Chicago Bulls,117,o211.5,-110,o212.5,-110,o212.5,-110,o212.5,-110,o213.5,-105,o212.5,-112,o213,-114,o212.5,-115,o212.5,-110,u211.5,-110,u212.5,-110,u212.5,-110,u212.5,-110,u213.5,-115,u212.5,-108,u213,-117
Tue Apr 9 2024,Orlando Magic,106,Houston Rockets,118,o211,-110,o216,-110,o216.5,-110,o215.5,-115,o215.5,-110,o216.5,-108,o215.5,-112,o215.5,-110,o216.5,-110,u211,-110,u216,-110,u216.5,-110,u215.5,-105,u215.5,-110,u216.5,-112,u215.5,-109
Tue Apr 9 2024,San Antonio Spurs,102,Memphis Grizzlies,87,o215.5,-108,o217.5,-110,o217,-110,o217.5,-110,o218.5,-105,o217,-110,o216,-109,o217.5,-115,o217,-110,u215.5,-112,u217.5,-110,u217,-110,u217.5,-110,u218.5,-115,u217,-110,u216,-112
Tue Apr 9 2024,Washington Wizards,121,Minnesota Timberwolves,130,o222.5,-110,o223,-110,o223,-112,o223.5,-110,o223.5,-110,o223,-112,o224,-109,o223.5,-110,o223,-112,u222.5,-110,u223,-110,u223,-108,u223.5,-110,u223.5,-110,u223,-108,u224,-112
Tue Apr 9 2024,Sacramento Kings,105,Oklahoma City Thunder,112,o228,-110,o227.5,-110,o227.5,-110,o227.5,-110,o227.5,-110,o227.5,-108,o227.5,-109,o227.5,-110,o227.5,-110,u228,-110,u227.5,-110,u227.5,-110,u227.5,-110,u227.5,-110,u227.5,-112,u227.5,-112
Tue Apr 9 2024,Denver Nuggets,111,Utah Jazz,95,o224.5,-110,o223.5,-110,o223.5,-112,o223.5,-110,o223.5,-115,o224,-108,o224,-112,o223.5,-115,o223.5,-112,u224.5,-110,u223.5,-110,u223.5,-108,u223.5,-110,u223.5,-105,u224,-112,u224,-109
Tue Apr 9 2024,Golden State Warriors,134,Los Angeles Lakers,120,o232.5,-108,o235.5,-110,o235.5,-112,o235.5,-110,o236.5,-110,o235.5,-112,o235,-113,o236.5,-110,o235.5,-112,u232.5,-112,u235.5,-110,u235.5,-108,u235.5,-110,u236.5,-110,u235.5,-108,u235,-108
Tue Apr 9 2024,Los Angeles Clippers,105,Phoenix Suns,92,o225.5,-110,o226.5,-110,o226.5,-108,o226.5,-110,o227.5,-110,o226.5,-108,o226.5,-112,o227.5,-110,o226.5,-108,u225.5,-110,u226.5,-110,u226.5,-112,u226.5,-110,u227.5,-110,u226.5,-112,u226.5,-109
Tue Apr 9 2024,New Orleans Pelicans,110,Portland Trail Blazers,100,o211,-110,o213.5,-110,o213.5,-110,o213.5,-115,o213.5,-110,o214,-110,o214,-112,o213.5,-110,o213.5,-110,u211,-110,u213.5,-110,u213.5,-110,u213.5,-105,u213.5,-110,u214,-110,u214,-109
Wed Apr 10 2024,Memphis Grizzlies,98,Cleveland Cavaliers,110,o208.5,-110,o213,-110,o213.5,-106,o212.5,-115,o213.5,-110,o213,-110,o221,-117,o212.5,-110,o213.5,-106,u208.5,-110,u213,-110,u213.5,-114,u212.5,-105,u213.5,-110,u213,-110,u221,-117
Wed Apr 10 2024,Charlotte Hornets,115,Atlanta Hawks,114,o217.5,-110,o227,-110,o227.5,-112,o227.5,-110,o227.5,-110,o227.5,-108,o236.5,-118,o227.5,-110,o227.5,-112,u217.5,-110,u227,-110,u227.5,-108,u227.5,-110,u227.5,-110,u227.5,-112,u236.5,-115
Wed Apr 10 2024,Toronto Raptors,102,Brooklyn Nets,106,o215.5,-110,o220.5,-110,o220.5,-110,o220.5,-110,o220.5,-110,o220.5,-112,o220.5,-110,o220.5,-110,o220.5,-110,u215.5,-110,u220.5,-110,u220.5,-110,u220.5,-110,u220.5,-110,u220.5,-108,u220.5,-110
Wed Apr 10 2024,Dallas Mavericks,111,Miami Heat,92,o219.5,-110,o218,-110,o218,-110,o218.5,-115,o218.5,-115,o218.5,-110,o224,-117,o218.5,-115,o218,-110,u219.5,-110,u218,-110,u218,-110,u218.5,-105,u218.5,-105,u218.5,-110,u224,-117
Wed Apr 10 2024,Orlando Magic,99,Milwaukee Bucks,117,o212.5,-110,o212.5,-110,o212,-110,o212.5,-115,o213.5,-105,o213,-108,o213.5,-110,o213,-110,o212,-110,u212.5,-110,u212.5,-110,u212,-110,u212.5,-105,u213.5,-115,u213,-112,u213.5,-110
Wed Apr 10 2024,San Antonio Spurs,89,Oklahoma City Thunder,127,o226,-110,o231,-110,o231,-108,o230.5,-110,o231.5,-105,o231,-110,o226,-117,o230.5,-110,o231,-108,u226,-110,u231,-110,u231,-112,u230.5,-110,u231.5,-115,u231,-110,u226,-117
Wed Apr 10 2024,Minnesota Timberwolves,107,Denver Nuggets,116,o213.5,-110,o215.5,-110,o215.5,-110,o215.5,-110,o215.5,-115,o215,-108,o213,-112,o215.5,-110,o215.5,-110,u213.5,-110,u215.5,-110,u215.5,-110,u215.5,-110,u215.5,-105,u215,-112,u213,-109
Wed Apr 10 2024,Phoenix Suns,124,Los Angeles Clippers,108,o226.5,-110,o220.5,-110,o220.5,-110,o220.5,-110,o220.5,-115,o220.5,-110,o220.5,-109,o220.5,-110,o220.5,-110,u226.5,-110,u220.5,-110,u220.5,-110,u220.5,-110,u220.5,-105,u220.5,-110,u220.5,-112
Thu Apr 11 2024,Chicago Bulls,127,Detroit Pistons,105,o217,-112,o220,-110,o220,-110,o219.5,-115,o217.5,-110,o220.5,-108,o220,-110,o220.5,-110,o220,-110,u217,-108,u220,-110,u220,-110,u219.5,-105,u217.5,-110,u220.5,-112,u220,-110
Thu Apr 11 2024,New York Knicks,118,Boston Celtics,109,o214,-112,o221,-110,o221.5,-108,o220.5,-115,o213.5,-115,o221.5,-108,o220.5,-112,o221.5,-115,o221.5,-108,u214,-108,u221,-110,u221.5,-112,u220.5,-105,u213.5,-105,u221.5,-112,u220.5,-109
Thu Apr 11 2024,Houston Rockets,121,Utah Jazz,124,o226,-110,o227,-110,o227,-112,o227.5,-110,o227.5,-105,o227,-110,o226.5,-110,o226.5,-115,o227,-112,u226,-110,u227,-110,u227,-108,u227.5,-110,u227.5,-115,u227,-110,u226.5,-110
Thu Apr 11 2024,Golden State Warriors,100,Portland Trail Blazers,92,o222.5,-110,o220,-110,o220.5,-108,o219.5,-110,o222.5,-110,o221,-108,o220,-110,o221.5,-110,o220.5,-108,u222.5,-110,u220,-110,u220.5,-112,u219.5,-110,u222.5,-110,u221,-112,u220,-110
Thu Apr 11 2024,New Orleans Pelicans,135,Sacramento Kings,123,o219,-110,o217.5,-110,o218,-110,o217.5,-110,o218.5,-110,o218,-110,o217.5,-108,o215.5,-110,o218,-110,u219,-110,u217.5,-110,u218,-110,u217.5,-110,u218.5,-110,u218,-110,u217.5,-113
Fri Apr 12 2024,Orlando Magic,113,Philadelphia 76ers,125,o211.5,-110,o214.5,-110,o215,-110,o214.5,-110,o215,-108,o215,-113,o215.5,-110,o215,-110,u211.5,-110,u214.5,-110,u215,-110,u214.5,-110,u215,-112,u215,-118,u215.5,-110,u215,-110
Fri Apr 12 2024,Chicago Bulls,129,Washington Wizards,127,o221.5,-110,o224,-110,o224.5,-110,o224.5,-110,o224.5,-108,o223,-110,o224.5,-110,o224.5,-110,u221.5,-110,u224,-110,u224.5,-110,u224.5,-110,u224.5,-112,u223,-110,u224.5,-110,u224.5,-110
Fri Apr 12 2024,Charlotte Hornets,98,Boston Celtics,131,o217,-110,o217.5,-110,o217.5,-110,o217.5,-110,o217.5,-112,o218,-112,o216.5,-115,o217.5,-110,u217,-110,u217.5,-110,u217.5,-110,u217.5,-110,u217.5,-108,u218,-109,u216.5,-105,u217.5,-110
Fri Apr 12 2024,Indiana Pacers,120,Cleveland Cavaliers,129,o233.5,-110,o231.5,-110,o232,-110,o232.5,-105,o232,-108,o231.5,-109,o232.5,-110,o232,-110,u233.5,-110,u231.5,-110,u232,-110,u232.5,-115,u232,-112,u231.5,-112,u232.5,-110,u232,-110
Fri Apr 12 2024,Brooklyn Nets,107,New York Knicks,111,o208.5,-110,o211.5,-110,o211.5,-110,o211.5,-110,o211.5,-110,o211.5,-110,o212.5,-110,o211.5,-110,u208.5,-110,u211.5,-110,u211.5,-110,u211.5,-110,u211.5,-110,u211.5,-110,u212.5,-110,u211.5,-110
Fri Apr 12 2024,Los Angeles Lakers,123,Memphis Grizzlies,120,o228,-110,o226,-110,o226,-110,o225.5,-115,o225.5,-112,o227,-108,o227.5,-110,o226,-110,u228,-110,u226,-110,u226,-110,u225.5,-105,u225.5,-108,u227,-113,u227.5,-110,u226,-110
Fri Apr 12 2024,Toronto Raptors,103,Miami Heat,125,o215,-110,o220,-110,o220,-110,o220.5,-110,o219.5,-110,o219,-110,o219.5,-115,o220,-110,u215,-110,u220,-110,u220,-110,u220.5,-110,u219.5,-110,u219,-110,u219.5,-105,u220,-110
Fri Apr 12 2024,Atlanta Hawks,106,Minnesota Timberwolves,109,o225.5,-110,o226.5,-110,o226.5,-110,o226.5,-115,o226.5,-110,o226.5,-110,o226.5,-110,o226.5,-110,u225.5,-110,u226.5,-110,u226.5,-110,u226.5,-105,u226.5,-110,u226.5,-110,u226.5,-110,u226.5,-110
Fri Apr 12 2024,Milwaukee Bucks,107,Oklahoma City Thunder,125,o225.5,-112,o224,-110,o223.5,-110,o223.5,-115,o224,-110,o224,-112,o223.5,-110,o223.5,-110,u225.5,-108,u224,-110,u223.5,-110,u223.5,-105,u224,-110,u224,-109,u223.5,-110,u223.5,-110
Fri Apr 12 2024,Denver Nuggets,120,San Antonio Spurs,121,o224,-110,o223,-110,o223.5,-108,o223.5,-105,o223,-110,o223.5,-113,o222.5,-110,o223.5,-108,u224,-110,u223,-110,u223.5,-112,u223.5,-115,u223,-110,u223.5,-108,u222.5,-110,u223.5,-112
Fri Apr 12 2024,Detroit Pistons,107,Dallas Mavericks,89,o218.5,-110,o217.5,-110,o217,-110,o217.5,-110,o218,-108,o217.5,-110,o217.5,-115,o217,-110,u218.5,-110,u217.5,-110,u217,-110,u217.5,-110,u218,-112,u217.5,-110,u217.5,-105,u217,-110
Fri Apr 12 2024,New Orleans Pelicans,114,Golden State Warriors,109,o220,-110,o223.5,-110,o223,-110,o223.5,-110,o223.5,-110,o222,-112,o222.5,-115,o223,-110,u220,-110,u223.5,-110,u223,-110,u223.5,-110,u223.5,-110,u222,-109,u222.5,-105,u223,-110
Fri Apr 12 2024,Houston Rockets,116,Portland Trail Blazers,107,o214.5,-110,o218,-110,o218,-110,o218.5,-110,o218.5,-110,o218.5,-109,o219.5,-110,o218,-110,u214.5,-110,u218,-110,u218,-110,u218.5,-110,u218.5,-110,u218.5,-112,u219.5,-110,u218,-110
Fri Apr 12 2024,Utah Jazz,110,Los Angeles Clippers,109,o223,-110,o225,-110,o225,-110,o224.5,-115,o224.5,-118,o224,-108,o224.5,-115,o225,-110,u223,-110,u225,-110,u225,-110,u224.5,-105,u224.5,-102,u224,-113,u224.5,-105,u225,-110
Fri Apr 12 2024,Phoenix Suns,108,Sacramento Kings,107,o224,-110,o226.5,-110,o227,-110,o227.5,-105,o226.5,-112,o226.5,-110,o225.5,-115,o227,-110,u224,-110,u226.5,-110,u227,-110,u227.5,-115,u226.5,-108,u226.5,-110,u225.5,-105,u227,-110
Sun Apr 14 2024,Washington Wizards,122,Boston Celtics,132,o223.5,-108,o229.5,-110,o229.5,-110,o229.5,-110,o228,-112,o230,-108,o229.5,-110,o229.5,-110,u223.5,-112,u229.5,-110,u229.5,-110,u229.5,-110,u228,-108,u230,-113,u229.5,-110,u229.5,-110
Sun Apr 14 2024,Charlotte Hornets,120,Cleveland Cavaliers,110,o205,-110,o209,-110,o208.5,-110,o208.5,-115,o209,-108,o210,-113,o208.5,-110,o208.5,-110,u205,-110,u209,-110,u208.5,-110,u208.5,-105,u209,-112,u210,-108,u208.5,-110,u208.5,-110
Sun Apr 14 2024,Atlanta Hawks,115,Indiana Pacers,157,o234.5,-110,o244.5,-110,o245,-110,o241.5,-110,o241,-112,o245,-109,o242.5,-115,o245,-110,u234.5,-110,u244.5,-110,u245,-110,u241.5,-110,u241,-108,u245,-112,u242.5,-105,u245,-110
Sun Apr 14 2024,Toronto Raptors,103,Miami Heat,118,o222,-110,o219.5,-110,o219,-110,o218.5,-110,o219,-112,o218.5,-109,o219.5,-110,o219,-110,u222,-110,u219.5,-110,u219,-110,u218.5,-110,u219,-108,u218.5,-112,u219.5,-110,u219,-110
Sun Apr 14 2024,Chicago Bulls,119,New York Knicks,120,o214.5,-110,o217.5,-110,o218,-110,o217.5,-120,o217.5,-108,o218.5,-110,o217.5,-115,o218,-110,u214.5,-110,u217.5,-110,u218,-110,u217.5,-110,u217.5,-112,u218.5,-110,u217.5,-105,u218,-110
Sun Apr 14 2024,Milwaukee Bucks,88,Orlando Magic,113,o214.5,-110,o215.5,-110,o216.5,-110,o216.5,-115,o215,-112,o215,-112,o216.5,-110,o216.5,-110,u214.5,-110,u215.5,-110,u216.5,-110,u216.5,-105,u215,-108,u215,-109,u216.5,-110,u216.5,-110
Sun Apr 14 2024,Brooklyn Nets,86,Philadelphia 76ers,107,o212.5,-110,o215,-110,o215,-110,o215.5,-110,o215,-112,o214,-112,o216.5,-105,o215,-110,u212.5,-110,u215,-110,u215,-110,u215.5,-110,u215,-108,u214,-109,u216.5,-115,u215,-110
Sun Apr 14 2024,Utah Jazz,116,Golden State Warriors,123,o222.5,-110,o224.5,-110,o224,-110,o224.5,-110,o224.5,-112,o224,-110,o221.5,-110,o224,-110,u222.5,-110,u224.5,-110,u224,-110,u224.5,-110,u224.5,-108,u224,-113,u221.5,-110,u224,-110
Sun Apr 14 2024,Houston Rockets,116,Los Angeles Clippers,105,o221,-110,o224,-110,o222.5,-110,o224.5,-105,o223.5,-110,o223.5,-113,o222.5,-110,o222.5,-110,u221,-110,u224,-110,u222.5,-110,u224.5,-115,u223.5,-110,u223.5,-110,u222.5,-110,u222.5,-110
Sun Apr 14 2024,Denver Nuggets,126,Memphis Grizzlies,111,o220,-110,o216.5,-110,o216.5,-110,o216.5,-110,o216,-110,o216.5,-110,o216.5,-110,o216.5,-110,u220,-110,u216.5,-110,u216.5,-110,u216.5,-110,u216,-110,u216.5,-110,u216.5,-110,u216.5,-110
Sun Apr 14 2024,Phoenix Suns,125,Minnesota Timberwolves,106,o216,-110,o217.5,-110,o216.5,-110,o216.5,-115,o216.5,-112,o216.5,-112,o216.5,-110,o216.5,-110,u216,-110,u217.5,-110,u216.5,-110,u216.5,-105,u216.5,-108,u216.5,-109,u216.5,-110,u216.5,-110
Sun Apr 14 2024,Los Angeles Lakers,124,New Orleans Pelicans,108,o229.5,-110,o231.5,-110,o231.5,-110,o232.5,-105,o231.5,-110,o232,-112,o230.5,-110,o231.5,-110,u229.5,-110,u231.5,-110,u231.5,-110,u232.5,-115,u231.5,-110,u232,-109,u230.5,-110,u231.5,-110
Sun Apr 14 2024,Dallas Mavericks,86,Oklahoma City Thunder,135,o226,-110,o227,-110,o225,-110,o224.5,-115,o226,-110,o226.5,-112,o225.5,-115,o225,-110,u226,-110,u227,-110,u225,-110,u224.5,-105,u226,-110,u226.5,-109,u225.5,-105,u225,-110
Sun Apr 14 2024,Portland Trail Blazers,82,Sacramento Kings,121,o211.5,-110,o215,-110,o214,-110,o214.5,-115,o214.5,-110,o215.5,-112,o214.5,-110,o214,-110,u211.5,-110,u215,-110,u214,-110,u214.5,-105,u214.5,-110,u215.5,-109,u214.5,-110,u214,-110
Sun Apr 14 2024,Detroit Pistons,95,San Antonio Spurs,123,o213.5,-110,o221,-110,o221.5,-110,o221.5,-110,o221,-112,o221,-112,o219.5,-110,o221.5,-110,u213.5,-110,u221,-110,u221.5,-110,u221.5,-110,u221,-108,u221,-109,u219.5,-110,u221.5,-110
Tue Apr 16 2024,Los Angeles Lakers,110,New Orleans Pelicans,106,N/A,o224.5,-110,o224.5,-110,o224.5,-110,o225.5,-105,o224.5,-110,o224.5,-118,o224.5,-110,o224.5,-110,N/A,u224.5,-110,u224.5,-110,u224.5,-110,u225.5,-115,u224.5,-110,u224.5,-113,u224.5,-110
Tue Apr 16 2024,Golden State Warriors,94,Sacramento Kings,118,N/A,o222,-110,o221,-110,o222.5,-110,o221.5,-110,o221.5,-110,o222.5,-109,o222.5,-115,o222.5,-110,N/A,u222,-110,u221,-110,u222.5,-110,u221.5,-110,u221.5,-110,u222.5,-112,u222.5,-105
Wed Apr 17 2024,Miami Heat,104,Philadelphia 76ers,105,o208.5,-110,o208,-110,o208.5,-110,o208.5,-110,o208,-112,o208,-112,o207.5,-110,o208.5,-110,u208.5,-110,u208,-110,u208.5,-110,u208.5,-110,u208,-108,u208,-109,u207.5,-110,u208.5,-110
Wed Apr 17 2024,Atlanta Hawks,116,Chicago Bulls,131,o219.5,-110,o222.5,-110,o222.5,-110,o222.5,-115,o222,-110,o222.5,-118,o222.5,-115,o222.5,-110,u219.5,-110,u222.5,-110,u222.5,-110,u222.5,-105,u222,-110,u222.5,-113,u222.5,-105,u222.5,-110
Fri Apr 19 2024,Chicago Bulls,91,Miami Heat,112,o209,-110,o207,-110,o207,-110,o207.5,-105,o207,-110,o207.5,-112,o207.5,-110,o207,-110,u209,-110,u207,-110,u207,-110,u207.5,-115,u207,-110,u207.5,-109,u207.5,-110,u207,-110
Fri Apr 19 2024,Sacramento Kings,98,New Orleans Pelicans,105,o226.5,-112,o211.5,-110,o211.5,-110,o210.5,-110,o211.5,-110,o213,-108,o212.5,-115,o211.5,-110,u226.5,-108,u211.5,-110,u211.5,-110,u210.5,-110,u211.5,-110,u213,-113,u212.5,-105,u211.5,-110
Sat Apr 20 2024,Orlando Magic,83,Cleveland Cavaliers,97,o207.5,-110,o206.5,-110,o206.5,-110,o205.5,-120,o206.5,-110,o206.5,-113,o206.5,-110,o206.5,-110,u207.5,-110,u206.5,-110,u206.5,-110,u205.5,even,u206.5,-110,u206.5,-118,u206.5,-110,u206.5,-110
Sat Apr 20 2024,Phoenix Suns,95,Minnesota Timberwolves,120,o214.5,-110,o213.5,-110,o213.5,-108,o203.5,-300,o214,-110,o213.5,-110,o213.5,-110,o213.5,-108,u214.5,-110,u213.5,-110,u213.5,-112,u203.5,+240,u214,-110,u213.5,-110,u213.5,-110,u213.5,-112
Sat Apr 20 2024,Philadelphia 76ers,104,New York Knicks,111,o206.5,-110,o208.5,-110,o208,-110,o208.5,-110,o208.5,-108,o208,-108,o208.5,-110,o208,-110,u206.5,-110,u208.5,-110,u208,-110,u208.5,-110,u208.5,-112,u208,-113,u208.5,-110,u208,-110
Sat Apr 20 2024,Los Angeles Lakers,103,Denver Nuggets,114,o220.5,-110,o227,-110,o227,-110,o226.5,-115,o227,-110,o227,-112,o227.5,-110,o227,-110,u220.5,-110,u227,-110,u227,-110,u226.5,-105,u227,-110,u227,-109,u227.5,-110,u227,-110
Sun Apr 21 2024,Miami Heat,94,Boston Celtics,114,o209,-110,o210.5,-110,o210,-112,o209.5,-110,o210.5,-110,o210,-112,o210.5,-110,o210,-112,u209,-110,u210.5,-110,u210,-108,u209.5,-110,u210.5,-110,u210,-109,u210.5,-110,u210,-108
Sun Apr 21 2024,Dallas Mavericks,97,Los Angeles Clippers,109,o226,-110,o220.5,-110,o221,-108,o211.5,-275,o226,-112,o220.5,-109,o221.5,-110,o221,-108,u226,-110,u220.5,-110,u221,-112,u211.5,+225,u226,-108,u220.5,-112,u221.5,-110,u221,-112
Sun Apr 21 2024,Indiana Pacers,94,Milwaukee Bucks,109,o237.5,-110,o230,-110,o230,-108,o230.5,-105,o230,-110,o230,-109,o230.5,-110,o230,-108,u237.5,-110,u230,-110,u230,-112,u230.5,-115,u230,-110,u230,-112,u230.5,-110,u230,-112
Sun Apr 21 2024,New Orleans Pelicans,92,Oklahoma City Thunder,94,o215.5,-110,o216.5,-110,o216.5,-110,o216.5,-110,o216,-110,o215.5,-112,o216.5,-115,o216.5,-110,u215.5,-110,u216.5,-110,u216.5,-110,u216.5,-110,u216,-110,u215.5,-109,u216.5,-105,u216.5,-110
Mon Apr 22 2024,Orlando Magic,86,Cleveland Cavaliers,96,o204.5,-108,o205.5,-110,o205.5,-108,o202.5,-110,o205.5,-110,o205,-110,o204.5,-118,o205.5,-110,o205.5,-108,u204.5,-112,u205.5,-110,u205.5,-112,u202.5,-110,u205.5,-110,u205,-110,u204.5,-113
Mon Apr 22 2024,Philadelphia 76ers,101,New York Knicks,104,o208.5,-110,o206,-110,o206.5,-110,o205.5,-115,o206.5,-110,o206,-110,o206,-114,o206.5,-115,o206.5,-110,u208.5,-110,u206,-110,u206.5,-110,u205.5,-105,u206.5,-110,u206,-110,u206,-117
Mon Apr 22 2024,Los Angeles Lakers,99,Denver Nuggets,101,o223.5,-110,o222.5,-110,o223.5,-110,o223.5,-105,o223.5,-110,o223,-110,o223.5,-117,o223.5,-110,o223.5,-110,u223.5,-110,u222.5,-110,u223.5,-110,u223.5,-115,u223.5,-110,u223,-110,u223.5,-114
Tue Apr 23 2024,Phoenix Suns,93,Minnesota Timberwolves,105,o213.5,-110,o211.5,-110,o211.5,-112,o211.5,-110,o211.5,-110,o211.5,-110,o211.5,-115,o211.5,-110,o211.5,-112,u213.5,-110,u211.5,-110,u211.5,-108,u211.5,-110,u211.5,-110,u211.5,-110,u211.5,-115
Tue Apr 23 2024,Indiana Pacers,125,Milwaukee Bucks,108,o225.5,-110,o223.5,-110,o223.5,-108,o223.5,-110,o223.5,-110,o223.5,-110,o223.5,-112,o223.5,-110,o223.5,-108,u225.5,-112,u223.5,-110,u223.5,-112,u223.5,-110,u223.5,-110,u223.5,-110,u223.5,-109
Tue Apr 23 2024,Dallas Mavericks,96,Los Angeles Clippers,93,o219.5,-110,o216,-110,o217,-110,o216.5,-110,o216.5,-110,o216.5,-110,o217,-117,o216.5,-110,o217,-110,u219.5,-110,u216,-110,u217,-110,u216.5,-110,u216.5,-110,u216.5,-110,u217,-114
Wed Apr 24 2024,Miami Heat,111,Boston Celtics,101,o206.5,-110,o205.5,-110,o219.5,-114,o205.5,-110,o205.5,-110,o205.5,-110,o205,-118,o205.5,-110,o219.5,-114,u206.5,-110,u205.5,-110,u219.5,-114,u205.5,-110,u205.5,-110,u205.5,-110,u205,-113
Wed Apr 24 2024,New Orleans Pelicans,92,Oklahoma City Thunder,124,o213.5,-110,o210.5,-110,o210.5,-110,o210.5,-110,o211.5,-110,o210.5,-110,o211.5,-110,o211.5,-110,o210.5,-110,u213.5,-110,u210.5,-110,u210.5,-110,u210.5,-110,u211.5,-110,u210.5,-110,u211.5,-110
Thu Apr 25 2024,Cleveland Cavaliers,83,Orlando Magic,121,o201,-110,o202,-110,o202,-110,o202.5,-105,o202.5,-110,o201.5,-110,o201.5,-110,o202.5,-110,o202,-110,u201,-110,u202,-110,u202,-110,u202.5,-115,u202.5,-110,u201.5,-110,u201.5,-110
Thu Apr 25 2024,New York Knicks,114,Philadelphia 76ers,125,o205.5,-110,o205.5,-110,o205,-110,o205.5,-110,o205.5,-105,o205,-110,o204.5,-112,o204.5,-115,o205,-110,u205.5,-110,u205.5,-110,u205,-110,u205.5,-110,u205.5,-115,u205,-110,u204.5,-109
Thu Apr 25 2024,Denver Nuggets,112,Los Angeles Lakers,105,o216.5,-110,o217.5,-110,o217.5,-110,o217.5,-110,o217.5,-110,o217,-110,o217.5,-110,o217.5,-110,o217.5,-110,u216.5,-110,u217.5,-110,u217.5,-110,u217.5,-110,u217.5,-110,u217,-110,u217.5,-110
Fri Apr 26 2024,Milwaukee Bucks,118,Indiana Pacers,121,o226,-110,o223,-110,o223,-112,o223.5,-105,o223.5,-110,o223,-110,o223,-117,o223.5,-110,o223,-112,u226,-112,u223,-110,u223,-108,u223.5,-115,u223.5,-110,u223,-110,u223,-114
Fri Apr 26 2024,Los Angeles Clippers,90,Dallas Mavericks,101,o212,-110,o214,-110,o213,-114,o213.5,-115,o213.5,-110,o214.5,-110,o214.5,-108,o213.5,-110,o213,-114,u212,-110,u214,-110,u213,-106,u213.5,-105,u213.5,-110,u214.5,-110,u214.5,-113
Fri Apr 26 2024,Minnesota Timberwolves,126,Phoenix Suns,109,o209.5,-110,o209,-110,o208.5,-112,o209.5,-105,o208.5,-105,o208.5,-110,o209,-115,o208.5,-110,o208.5,-112,u209.5,-110,u209,-110,u208.5,-108,u209.5,-115,u208.5,-115,u208.5,-110,u209,-115
Sat Apr 27 2024,Cleveland Cavaliers,89,Orlando Magic,112,N/A,o201.5,-110,o202.5,-112,o201.5,-115,o202.5,-115,o201.5,-110,o202,-113,o202.5,-115,o202.5,-112,N/A,u201.5,-110,u202.5,-108,u201.5,-105,u202.5,-105,u201.5,-110,u202,-108,u202.5,-105
Sat Apr 27 2024,Oklahoma City Thunder,106,New Orleans Pelicans,85,N/A,o210.5,-110,o210,-112,o209.5,-110,o209.5,-110,o209.5,-110,o211,-113,o209.5,-110,o210,-112,N/A,u210.5,-110,u210,-108,u209.5,-110,u209.5,-110,u209.5,-110,u211,-108,u209.5,-110
Sat Apr 27 2024,Boston Celtics,104,Miami Heat,84,N/A,o205,-110,o205.5,-110,o205.5,-115,o205.5,-105,o205,-110,o205,-113,o205.5,-110,o205.5,-110,N/A,u205,-110,u205.5,-110,u205.5,-105,u205.5,-115,u205,-110,u205,-108,u205.5,-110
Sat Apr 27 2024,Denver Nuggets,108,Los Angeles Lakers,119,N/A,o219.5,-110,o220,-110,o219.5,-115,o219.5,-115,o219.5,-110,o220,-112,o219.5,-115,o220,-110,N/A,u219.5,-110,u220,-110,u219.5,-105,u219.5,-105,u219.5,-110,u220,-109,u219.5,-105
Sun Apr 28 2024,New York Knicks,97,Philadelphia 76ers,92,N/A,o209,-110,o209,-110,o209.5,-105,o209.5,-110,o209,-110,o209,-110,o209.5,-110,o209,-110,N/A,u209,-110,u209,-110,u209.5,-115,u209.5,-110,u209,-110,u209,-110,u209.5,-110
Sun Apr 28 2024,Los Angeles Clippers,116,Dallas Mavericks,111,N/A,o209.5,-110,o209.5,-110,o209.5,-110,o209.5,-105,o209.5,-110,o209.5,-109,o209.5,-110,o209.5,-110,N/A,u209.5,-110,u209.5,-110,u209.5,-110,u209.5,-115,u209.5,-110,u209.5,-112,u209.5,-110
Sun Apr 28 2024,Milwaukee Bucks,113,Indiana Pacers,126,N/A,o214.5,-110,o214.5,-110,o214.5,-110,o214.5,-115,o214.5,-110,o215,-110,o215.5,-110,o214.5,-110,N/A,u214.5,-110,u214.5,-110,u214.5,-110,u214.5,-105,u214.5,-110,u215,-110,u215.5,-110
Sun Apr 28 2024,Minnesota Timberwolves,122,Phoenix Suns,116,N/A,o213,-110,o212.5,-110,o213.5,-105,o212.5,-110,o212.5,-110,o213,-108,o212.5,-110,o212.5,-110,N/A,u213,-110,u212.5,-110,u213.5,-115,u212.5,-110,u212.5,-110,u213,-113,u212.5,-110
Mon Apr 29 2024,Boston Celtics,102,Miami Heat,88,N/A,o204.5,-110,o204.5,-108,o205.5,-105,o205.5,-105,o205,-110,o204.5,-112,o205.5,-110,o204.5,-108,N/A,u204.5,-110,u204.5,-112,u205.5,-115,u205.5,-115,u205,-110,u204.5,-109,u205.5,-110
Mon Apr 29 2024,Oklahoma City Thunder,97,New Orleans Pelicans,89,N/A,o209,-110,o208.5,-112,o208.5,-115,o208.5,-110,o208.5,-110,o208.5,-109,o208.5,-110,o208.5,-112,N/A,u209,-110,u208.5,-108,u208.5,-105,u208.5,-110,u208.5,-110,u208.5,-112,u208.5,-110
Mon Apr 29 2024,Los Angeles Lakers,106,Denver Nuggets,108,N/A,o217.5,-110,o217.5,-110,o218.5,-105,o217.5,-105,o217.5,-110,o216.5,-108,o216.5,-115,o217.5,-110,N/A,u217.5,-110,u217.5,-110,u218.5,-115,u217.5,-115,u217.5,-110,u216.5,-113,u216.5,-105
Tue Apr 30 2024,Philadelphia 76ers,112,New York Knicks,106,N/A,o204,-110,o204,-112,o204.5,-110,o203.5,-115,o204,-110,o203.5,-112,o203.5,-115,o204,-112,N/A,u204,-110,u204,-108,u204.5,-110,u203.5,-105,u204,-110,u203.5,-109,u203.5,-105
Tue Apr 30 2024,Orlando Magic,103,Cleveland Cavaliers,104,N/A,o203,-110,o203.5,-110,o203.5,-110,o203.5,-105,o203,-110,o203,-108,o202.5,-115,o203.5,-110,N/A,u203,-110,u203.5,-110,u203.5,-110,u203.5,-115,u203,-110,u203,-113,u202.5,-105
Tue Apr 30 2024,Indiana Pacers,92,Milwaukee Bucks,115,N/A,o217.5,-110,o218,-108,o217.5,-110,o217.5,-115,o217.5,-110,o217.5,-112,o217.5,-115,o218,-108,N/A,u217.5,-110,u218,-112,u217.5,-110,u217.5,-105,u217.5,-110,u217.5,-109,u217.5,-105
Wed May 1 2024,Miami Heat,84,Boston Celtics,118,N/A,o201.5,-110,o201.5,-112,o201.5,-115,o201.5,-110,o201.5,-110,o201.5,-112,o201.5,-110,o201.5,-112,N/A,u201.5,-110,u201.5,-108,u201.5,-105,u201.5,-110,u201.5,-110,u201.5,-109,u201.5,-110
Wed May 1 2024,Dallas Mavericks,123,Los Angeles Clippers,93,N/A,o209,-110,o209,-108,o209.5,-105,o208.5,-110,o209,-110,o208,-113,o208.5,-110,o209,-108,N/A,u209,-110,u209,-112,u209.5,-115,u208.5,-110,u209,-110,u208,-108,u208.5,-110
Thu May 2 2024,Milwaukee Bucks,98,Indiana Pacers,120,o216,-110,o217,-110,o217,-108,o217.5,-110,o217.5,-105,o217,-110,o218,-108,o216.5,-115,o217,-108,u216,-110,u217,-110,u217,-112,u217.5,-110,u217.5,-115,u217,-110,u218,-113
Thu May 2 2024,New York Knicks,118,Philadelphia 76ers,115,o200.5,-110,o202,-110,o202,-112,o202.5,-110,o202.5,-110,o202,-110,o202.5,-109,o202.5,-110,o202,-112,u200.5,-110,u202,-110,u202,-108,u202.5,-110,u202.5,-110,u202,-110,u202.5,-112
Fri May 3 2024,Cleveland Cavaliers,96,Orlando Magic,103,o200,-110,o201,-110,o201,-110,o201.5,-105,o201.5,-110,o201,-110,o201,-114,o201.5,-110,o201,-110,u200,-110,u201,-110,u201,-110,u201.5,-115,u201.5,-110,u201,-110,u201,-117
Fri May 3 2024,Los Angeles Clippers,101,Dallas Mavericks,114,o207,-110,o209,-110,o209.5,-112,o209.5,-105,o209.5,-110,o208.5,-110,o209,-113,o209.5,-110,o209.5,-112,u207,-110,u209,-110,u209.5,-108,u209.5,-115,u209.5,-110,u208.5,-110,u209,-108
Sat May 4 2024,Minnesota Timberwolves,106,Denver Nuggets,99,o209,-110,o209.5,-110,o210,-108,o209.5,-110,o209.5,-115,o209.5,-110,o209.5,-109,o209.5,-115,o210,-108,u209,-110,u209.5,-110,u210,-112,u209.5,-110,u209.5,-105,u209.5,-110,u209.5,-112
Sun May 5 2024,Orlando Magic,94,Cleveland Cavaliers,106,o195.5,-110,o195.5,-110,o195.5,-113,o195.5,-110,o195.5,-110,o195,-110,o196,-115,o195.5,-110,o195.5,-113,u195.5,-110,u195.5,-110,u195.5,-115,u195.5,-110,u195.5,-110,u195,-110,u196,-115
Mon May 6 2024,Indiana Pacers,117,New York Knicks,121,o215,-110,o217,-110,o217,-108,o216.5,-110,o216.5,-115,o217,-115,o217.5,-108,o216.5,-115,o217,-108,u215,-110,u217,-110,u217,-112,u216.5,-110,u216.5,-105,u217,-105,u217.5,-113
Mon May 6 2024,Minnesota Timberwolves,106,Denver Nuggets,80,o207.5,-108,o209.5,-110,o210,-110,o210.5,-110,o209.5,-105,o209.5,-110,o209.5,-109,o208.5,-115,o210,-110,u207.5,-112,u209.5,-110,u210,-110,u210.5,-120,u209.5,-115,u209.5,-110,u209.5,-114
Tue May 7 2024,Cleveland Cavaliers,95,Boston Celtics,120,o208.5,-110,o211.5,-110,o211.5,-108,o211.5,-110,o211.5,-110,o211.5,-110,o211,-112,o211.5,-110,o211.5,-108,u208.5,-110,u211.5,-110,u211.5,-112,u211.5,-110,u211.5,-110,u211.5,-110,u211,-109
Tue May 7 2024,Dallas Mavericks,95,Oklahoma City Thunder,117,o215,-110,o219,-110,o219,-112,o218.5,-120,o218.5,-110,o219,-110,o218.5,-112,o218.5,-110,o219,-112,u215,-110,u219,-110,u219,-108,u218.5,-110,u218.5,-110,u219,-110,u218.5,-109
Wed May 8 2024,Indiana Pacers,121,New York Knicks,130,N/A,o218.5,-110,o219,-110,o218.5,-110,o218.5,-110,o218.5,-110,o218.5,-109,o218.5,-110,o219,-110,N/A,u218.5,-110,u219,-110,u218.5,-110,u218.5,-110,u218.5,-110,u218.5,-112,u218.5,-110
Thu May 9 2024,Cleveland Cavaliers,118,Boston Celtics,94,o212.5,-110,o212.5,-110,o212.5,-108,o212.5,-110,o212.5,-110,o212.5,-110,o212,-109,o212.5,-110,o212.5,-108,u212.5,-110,u212.5,-110,u212.5,-112,u212.5,-110,u212.5,-110,u212.5,-110,u212,-112
Thu May 9 2024,Dallas Mavericks,119,Oklahoma City Thunder,110,o220.5,-110,o217,-110,o217.5,-108,o217.5,-120,o217.5,-110,o217,-110,o217,-108,o217.5,-110,o217.5,-108,u220.5,-110,u217,-110,u217.5,-112,u217.5,-110,u217.5,-110,u217,-110,u217,-112
Fri May 10 2024,New York Knicks,106,Indiana Pacers,111,o225.5,-112,o220.5,-110,o220.5,-112,o220.5,-115,o220.5,-110,o221.5,-108,o221.5,-118,o220.5,-115,o220.5,-112,u225.5,-110,u220.5,-110,u220.5,-108,u220.5,-105,u220.5,-110,u221.5,-112,u221.5,-113
Fri May 10 2024,Denver Nuggets,117,Minnesota Timberwolves,90,o204.5,-110,o205.5,-110,o205.5,-112,o205.5,-115,o205.5,-110,o205,-110,o205,-109,o205.5,-110,o205.5,-112,u204.5,-110,u205.5,-110,u205.5,-108,u205.5,-105,u205.5,-110,u205,-110,u205,-112
Sat May 11 2024,Oklahoma City Thunder,101,Dallas Mavericks,105,o219.5,-110,o217.5,-110,o217,-108,o208.5,-250,o217.5,-105,o217.5,-108,o217.5,-112,o217.5,-110,o217,-108,u219.5,-110,u217.5,-110,u217,-112,u208.5,+200,u217.5,-115,u217.5,-112,u217.5,-109
Sat May 11 2024,Boston Celtics,106,Cleveland Cavaliers,93,o210.5,-110,o211,-110,o211,-110,o210.5,-115,o210.5,-115,o211,-110,o211,-110,o210.5,-110,o211,-110,u210.5,-110,u211,-110,u211,-110,u210.5,-105,u210.5,-105,u211,-110,u211,-110
Sun May 12 2024,New York Knicks,89,Indiana Pacers,121,N/A,o219.5,-110,o219,-108,o219.5,-110,o219.5,-105,o219.5,-110,o219.5,-113,o219.5,-110,o219,-108,N/A,u219.5,-110,u219,-112,u219.5,-110,u219.5,-115,u219.5,-110,u219.5,-108,u219.5,-110
Sun May 12 2024,Denver Nuggets,115,Minnesota Timberwolves,107,N/A,o205.5,-110,o205,-112,o205.5,-110,o204.5,-115,o205,-110,o205,-117,o204.5,-115,o205,-112,N/A,u205.5,-110,u205,-108,u205.5,-110,u204.5,-105,u205,-110,u205,-114,u204.5,-105
Mon May 13 2024,Boston Celtics,109,Cleveland Cavaliers,102,o208.5,-110,o204,-110,o204.5,-110,o204.5,-105,o203.5,-115,o204,-110,o204,-109,o203.5,-115,o204.5,-110,u208.5,-110,u204,-110,u204.5,-110,u204.5,-115,u203.5,-105,u204,-110,u204,-112
Mon May 13 2024,Oklahoma City Thunder,100,Dallas Mavericks,96,o217,-112,o215,-110,o215,-110,o215.5,-110,o215.5,-110,o214.5,-110,o214.5,-110,o215.5,-110,o215,-110,u217,-108,u215,-110,u215,-110,u215.5,-110,u215.5,-110,u214.5,-110,u214.5,-110
Tue May 14 2024,Indiana Pacers,91,New York Knicks,121,o217.5,-110,o218,-110,o218,-110,o215.5,-110,o217.5,-110,o218,-110,o218,-109,o217.5,-110,o218,-110,u217.5,-110,u218,-110,u218,-110,u215.5,-110,u217.5,-110,u218,-110,u218,-112
Tue May 14 2024,Minnesota Timberwolves,97,Denver Nuggets,112,o207,-108,o204.5,-110,o204.5,-108,o205.5,-110,o204.5,-110,o205,-110,o206,-109,o204.5,-110,o204.5,-108,u207,-112,u204.5,-110,u204.5,-112,u205.5,-110,u204.5,-110,u205,-110,u206,-112
Wed May 15 2024,Cleveland Cavaliers,98,Boston Celtics,113,o206.5,-108,o205,-110,o205,-108,o205.5,-110,o205.5,-110,o206,-110,o205,-113,o205.5,-110,o205,-108,u206.5,-112,u205,-110,u205,-112,u205.5,-110,u205.5,-110,u206,-110,u205,-108
Wed May 15 2024,Dallas Mavericks,104,Oklahoma City Thunder,92,o215,-108,o213,-110,o213.5,-110,o213.5,-110,o212.5,-110,o213,-110,o213,-108,o212.5,-110,o213.5,-110,u215,-112,u213,-110,u213.5,-110,u213.5,-110,u212.5,-110,u213,-110,u213,-113
Thu May 16 2024,Denver Nuggets,70,Minnesota Timberwolves,115,o205,-110,o205.5,-110,o205,-112,o212.5,+180,o204.5,-115,o205.5,-110,o205.5,-109,o204.5,-115,o205,-112,u205,-110,u205.5,-110,u205,-108,u212.5,-225,u204.5,-105,u205.5,-110,u205.5,-112
Fri May 17 2024,New York Knicks,103,Indiana Pacers,116,o217,-110,o215.5,-110,o216,-112,o215.5,-115,o215.5,-110,o216,-110,o215.5,-112,o215.5,-110,o216,-112,u217,-110,u215.5,-110,u216,-108,u215.5,-105,u215.5,-110,u216,-110,u215.5,-109
Sat May 18 2024,Oklahoma City Thunder,116,Dallas Mavericks,117,o210.5,-110,o208.5,-110,o209,-110,o208.5,-110,o208.5,-110,o208.5,-110,o208.5,-110,o208.5,-110,o209,-110,u210.5,-110,u208.5,-110,u209,-110,u208.5,-110,u208.5,-110,u208.5,-110,u208.5,-110
Sun May 19 2024,Indiana Pacers,130,New York Knicks,109,N/A,o206.5,-110,o207,-110,o206.5,-115,o207.5,-105,o207,-110,o206.5,-113,o206.5,-115,o207,-110,N/A,u206.5,-110,u207,-110,u206.5,-105,u207.5,-115,u207,-110,u206.5,-108,u206.5,-105
Sun May 19 2024,Minnesota Timberwolves,98,Denver Nuggets,90,N/A,o201.5,-110,o201,-112,o201.5,-105,o201.5,-110,o200.5,-110,o201.5,-110,o201.5,-110,o201,-112,N/A,u201.5,-110,u201,-108,u201.5,-115,u201.5,-110,u200.5,-110,u201.5,-110,u201.5,-110
Tue May 21 2024,Indiana Pacers,128,Boston Celtics,133,o219,-110,o223,-110,o223,-106,o222.5,-115,o223.5,-105,o223,-110,o222.5,-113,o222.5,-115,o223,-106,u219,-110,u223,-110,u223,-114,u222.5,-105,u223.5,-115,u223,-110,u222.5,-108
Wed May 22 2024,Dallas Mavericks,108,Minnesota Timberwolves,105,o206.5,-110,o207,-110,o207,-110,o206.5,-115,o206.5,-115,o206.5,-110,o206.5,-108,o206.5,-115,o207,-110,u206.5,-110,u207,-110,u207,-110,u206.5,-105,u206.5,-105,u206.5,-110,u206.5,-113
Thu May 23 2024,Indiana Pacers,110,Boston Celtics,126,o226.5,-110,o225,-110,o224.5,-110,o224.5,-115,o225.5,-110,o225,-110,o225.5,-115,o225.5,-110,o224.5,-110,u226.5,-110,u225,-110,u224.5,-110,u224.5,-105,u225.5,-110,u225,-110,u225.5,-115
Fri May 24 2024,Dallas Mavericks,109,Minnesota Timberwolves,108,o208.5,-110,o207,-110,o207,-108,o208.5,-105,o207.5,-105,o207,-110,o207.5,-109,o206.5,-115,o207,-108,u208.5,-110,u207,-110,u207,-112,u208.5,-115,u207.5,-115,u207,-110,u207.5,-112
Sat May 25 2024,Boston Celtics,114,Indiana Pacers,111,o222.5,-110,o220.5,-110,o220.5,-110,o220.5,-110,o220.5,-110,o220.5,-110,o221,-108,o220.5,-110,o220.5,-110,u222.5,-110,u220.5,-110,u220.5,-110,u220.5,-110,u220.5,-110,u220.5,-110,u221,-113
Sun May 26 2024,Minnesota Timberwolves,107,Dallas Mavericks,116,o208.5,-110,o207.5,-110,o207.5,-110,o208.5,-110,o207.5,-110,o207.5,-110,o208,-115,o207.5,-110,o207.5,-110,u208.5,-110,u207.5,-110,u207.5,-110,u208.5,-120,u207.5,-110,u207.5,-110,u208,-115
Mon May 27 2024,Boston Celtics,105,Indiana Pacers,102,o222.5,-110,o222.5,-110,o222.5,-110,o222.5,-110,o222.5,-105,o222.5,-110,o222,-113,o221.5,-115,o222.5,-110,u222.5,-110,u222.5,-110,u222.5,-110,u222.5,-110,u222.5,-115,u222.5,-110,u222,-108
Tue May 28 2024,Minnesota Timberwolves,105,Dallas Mavericks,100,o209.5,-110,o211,-110,o211,-110,o212.5,-110,o211.5,-110,o211.5,-110,o211.5,-110,o211.5,-110,o211,-110,u209.5,-110,u211,-110,u211,-110,u212.5,-120,u211.5,-110,u211.5,-110,u211.5,-110
Thu May 30 2024,Dallas Mavericks,124,Minnesota Timberwolves,103,o208.5,-110,o209,-110,o209,-110,o209.5,-110,o209.5,-110,o209.5,-112,o209.5,-110,o209.5,-110,o209,-110,u208.5,-110,u209,-110,u209,-110,u209.5,-110,u209.5,-110,u209.5,-108,u209.5,-110
